cmpdname,nist_id,boiling_point_kelvin,n_measurements,status
Dinitrochlorobenzene,C97007,588.2,1,found
2-Hydroxyglutaric acid,,,0,not_found
Tartronic acid,C80693,,0,no_boiling_point
2-Oxoglutaric acid,C328507,,0,no_boiling_point
2-Oxobutanoic acid,C600180,,0,no_boiling_point
2-Phosphoglyceric acid,,,0,not_found
2-Oxoadipic acid,C3184358,,0,no_boiling_point
2-Isopropylmalic acid,,,0,not_found
3-Hydroxyanthranilic Acid,C548936,,0,no_boiling_point
3-Oxoadipic acid,,,0,not_found
Acetoacetic acid,C541504,,0,no_boiling_point
3-Mercaptopyruvic acid,,,0,not_found
3-Hydroxybenzyl alcohol,C620246,,0,no_boiling_point
3-Pyridineacetic acid,,,0,not_found
3-Sulfinylpyruvic acid,,,0,not_found
3-Ureidopropionic acid,,,0,not_found
3-Pyridinebutanoic acid,,,0,not_found
4-Aminobutanal,,,0,not_found
Gamma-Aminobutyric Acid,,,0,not_found
4-Hydroxybenzyl alcohol,C623052,,0,no_boiling_point
4-Hydroxybenzoic acid,C99967,,0,no_boiling_point
Aminolevulinic Acid,,,0,not_found
5-Aminovaleric acid,C660888,,0,no_boiling_point
Acetamide,C60355,494.4,6,found
Adipic Acid,C124049,,0,no_boiling_point
Allantoic acid,,,0,not_found
Aminoacetone,,,0,not_found
Anthranilic acid,C118923,,0,no_boiling_point
Arsenic Acid,,,0,not_found
Carbamic Acid,,,0,not_found
Aminooxyacetic Acid,,,0,not_found
Catechol,C120809,518.8,4,found
Chlorohydroquinone,C615678,536.2,1,found
Aconitic acid,,,0,not_found
Citric Acid,,,0,not_found
Salicylic Acid,C69727,,0,no_boiling_point
3-Methylcatechol,C488175,514.2,1,found
Digallic Acid,,,0,not_found
Phloroglucinol,C108736,,0,no_boiling_point
Gallic Acid,C149917,,0,no_boiling_point
Pimelic acid,C111160,,0,no_boiling_point
2-Nitropropane,C79469,393.5,3,found
p-Aminophenol,C123308,,0,no_boiling_point
Phosphorous acid,C10294561,,0,no_boiling_point
DL-Aspartic acid,C617458,,0,no_boiling_point
Oxoamide,,,0,not_found
3-Hydroxybutyric acid,C300856,,0,no_boiling_point
m-Chlorohippuric acid,,,0,not_found
1-Methylnicotinamide,,,0,not_found
Hippuric Acid,C495692,,0,no_boiling_point
2-Aminohexanedioic acid,,,0,not_found
Methylmalonic acid,C516052,,0,no_boiling_point
4-Guanidinobutyric acid,,,0,not_found
4-Imidazolone,,,0,not_found
2-Methylcitric acid,,,0,not_found
Malic Acid,C6915157,,0,no_boiling_point
2-Phosphoglycolic Acid,,,0,not_found
Cyanic acid,C420053,,0,no_boiling_point
Arsenous acid,,,0,not_found
Phosphonoacetic acid,C4408780,,0,no_boiling_point
Aminocaproic acid,C60322,,0,no_boiling_point
Tetrahydroxyadipic acid,C526998,,0,no_boiling_point
Hexuronic Acid,,,0,not_found
DL-Glutamic acid,C617652,,0,no_boiling_point
Lactic Acid,,,0,not_found
Dihydroorotic acid,,,0,not_found
Dihydrolipoamide,,,0,not_found
Dihydroxyacetone,C96264,,0,no_boiling_point
Dopamine,C51616,,0,no_boiling_point
Monoethanolamine,,,0,not_found
Formamide,C75127,,0,no_boiling_point
2-Butenedioic acid,,,0,not_found
Glutaric acid,C110941,,0,no_boiling_point
Glyceric acid,,,0,not_found
Glycerophosphoric acid,,,0,not_found
Glycolic Acid,C79141,,0,no_boiling_point
Glyoxylic acid,C298124,,0,no_boiling_point
Glycocyamine,,,0,not_found
Carbonic Acid,,,0,not_found
Histamine,C51456,,0,no_boiling_point
Histidinol,,,0,not_found
Homogentisic acid,,,0,not_found
Hydroquinone,C123319,558.2,2,found
Hydroxylamine,C7803498,,0,no_boiling_point
Hydroxymethylbilane,,,0,not_found
Iminoaspartic acid,,,0,not_found
Itaconic acid,C97654,,0,no_boiling_point
Pipecolic acid,C4043872,,0,no_boiling_point
Lipoamide,C3206733,,0,no_boiling_point
Thioctic acid,,,0,not_found
Malonic acid,C141822,,0,no_boiling_point
DL-Tartaric acid,C133379,,0,no_boiling_point
Phytic acid,,,0,not_found
Inositol,,,0,not_found
N-Acetylhexosamine,,,0,not_found
Niacinamide,C98920,,0,no_boiling_point
Nicotinic acid,C59676,,0,no_boiling_point
Nitric Acid,C7697372,,0,no_boiling_point
Hydroxypyruvic acid,,,0,not_found
9-Octadecenoic acid,C2027476,,0,no_boiling_point
Orotic Acid,C65861,,0,no_boiling_point
Oxalacetic acid,C328427,,0,no_boiling_point
Oxalic Acid,,,0,not_found
Oxamic acid,C471476,,0,no_boiling_point
4-Aminobenzoic Acid,C150130,,0,no_boiling_point
4-Nitrophenol,C100027,552.2,1,found
Triphosphoric acid,,,0,not_found
Hexadecanal,C629801,,0,no_boiling_point
Palmitic Acid,C57103,612.15,1,found
DL-Pantolactone,C79505,,0,no_boiling_point
Phenylpyruvic acid,C156069,,0,no_boiling_point
Phosphoric Acid,C7664382,,0,no_boiling_point
Phthalic acid,C88993,,0,no_boiling_point
Picolinic acid,C98986,,0,no_boiling_point
Pyrophosphoric acid,C2466093,,0,no_boiling_point
Pyrroloquinoline quinone,,,0,not_found
Prephenic acid,,,0,not_found
Pyrazinamide,C98964,,0,no_boiling_point
Pyrazinoic Acid,C98975,,0,no_boiling_point
Pyridoxal,,,0,not_found
Pyridoxamine,C85870,,0,no_boiling_point
Pyrogallol,C87661,582.2,2,found
Pyruvic Acid,C127173,438.2,1,found
Quinolinic acid,,,0,not_found
S-Acetyldihydrolipoamide,,,0,not_found
Citramalic acid,,,0,not_found
Selenic acid,C7783086,,0,no_boiling_point
Selenious Acid,C7783008,,0,no_boiling_point
Phosphoroselenoic acid,,,0,not_found
Sulfurous Acid,,,0,not_found
Succinic Acid,C110156,,0,no_boiling_point
Sulfuric Acid,C7664939,,0,no_boiling_point
Thiamine,,,0,not_found
Tryptamine,C61541,,0,no_boiling_point
Tungstic acid,,,0,not_found
Uric Acid,C69932,,0,no_boiling_point
Isocitric acid,,,0,not_found
Ibotenic acid,,,0,not_found
Vanillylmandelic acid,,,0,not_found
Mandelic Acid,,,0,not_found
Atrolactic acid,C515300,,0,no_boiling_point
17-Octadecynoic acid,C34450185,,0,no_boiling_point
2-Fluoropalmitic acid,,,0,not_found
2-Hydroxymyristic acid,C2507553,,0,no_boiling_point
Pyrithione,,,0,not_found
Tenamfetamine,,,0,not_found
3-Aminobenzamide,C3544249,,0,no_boiling_point
Meglutol,,,0,not_found
3-Nitropropionic acid,,,0,not_found
3-Phosphonopropionic acid,,,0,not_found
4-Chlororesorcinol,C95885,,0,no_boiling_point
Homovanillic Acid,C306081,,0,no_boiling_point
5-Hydroxydecanoic acid,,,0,not_found
5-Methoxytryptamine,C608071,,0,no_boiling_point
7-Hydroxyflavanone,,,0,not_found
Docebenone,,,0,not_found
Acebutolol,C37517309,,0,no_boiling_point
Acetaminosalol,,,0,not_found
Acetarsol,,,0,not_found
Acetazolamide,C59665,,0,no_boiling_point
Acetohexamide,C968810,,0,no_boiling_point
Acetohydroxamic Acid,C546883,,0,no_boiling_point
Acexamic Acid,,,0,not_found
Afloqualone,,,0,not_found
Albuterol,,,0,not_found
Alendronic Acid,,,0,not_found
Alprenolol,C13655522,,0,no_boiling_point
Altretamine,C645056,,0,no_boiling_point
Ambroxol,C18683915,,0,no_boiling_point
Diatrizoic Acid,,,0,not_found
Aminohippuric acid,,,0,not_found
Amiodarone,,,0,not_found
Amobarbital,C57432,,0,no_boiling_point
Anisindione,C117373,,0,no_boiling_point
Acetovanillone,C498022,570.7,1,found
Aristolochic acid,,,0,not_found
Arotinolol,,,0,not_found
Atenolol,C29122687,,0,no_boiling_point
Aurintricarboxylic acid,,,0,not_found
Azelaic Acid,C123999,,0,no_boiling_point
Barbital,C57443,,0,no_boiling_point
Befunolol,,,0,not_found
Bentazone,C25057890,,0,no_boiling_point
Benzamide,,,0,not_found
Benzbromarone,,,0,not_found
Mellitic Acid,C517602,,0,no_boiling_point
Benzquinamide,C63127,,0,no_boiling_point
Betaxolol,,,0,not_found
Bethanechol,,,0,not_found
Bevantolol,,,0,not_found
Bicalutamide,C90357065,,0,no_boiling_point
Bisoprolol,C66722449,,0,no_boiling_point
Bithionol,C97187,,0,no_boiling_point
Bromisoval,C496673,,0,no_boiling_point
Bromperidol,C10457906,,0,no_boiling_point
Bronopol,C52517,,0,no_boiling_point
Bunitrolol,,,0,not_found
Bupranolol,,,0,not_found
Buspirone,C36505847,,0,no_boiling_point
Butabarbital,C125406,,0,no_boiling_point
Butalbital,,,0,not_found
Metrizoic acid,,,0,not_found
Spermidic acid,,,0,not_found
Carisoprodol,C78444,,0,no_boiling_point
Carpipramine,C5942950,,0,no_boiling_point
Carteolol,,,0,not_found
Carvedilol,,,0,not_found
Oracefal,,,0,not_found
Celiprolol,,,0,not_found
Cetyl Alcohol,,,0,not_found
Chlormezanone,C80773,,0,no_boiling_point
Chlorpropamide,C94202,,0,no_boiling_point
Chlorthalidone,C77361,,0,no_boiling_point
Cilostazol,,,0,not_found
Cimaterol,,,0,not_found
Clenbuterol,,,0,not_found
Clocapramine,,,0,not_found
Clofazimine,,,0,not_found
Clofibric Acid,C882097,,0,no_boiling_point
Clopamide,,,0,not_found
Clorazepic Acid,R17056,,0,no_boiling_point
Cyclophosphamide,C50180,,0,no_boiling_point
Cystamine,C51854,,0,no_boiling_point
Imidazole carboxamide,,,0,not_found
Dapsone,C80080,,0,no_boiling_point
Deferiprone,,,0,not_found
Deferoxamine,C70519,,0,no_boiling_point
Nonivamide,,,0,not_found
Celestone,C378449,,0,no_boiling_point
Dichlorophene,C97234,,0,no_boiling_point
Dichlorphenamide,C120978,,0,no_boiling_point
Pentetic Acid,C67436,,0,no_boiling_point
Diflunisal,C22494424,,0,no_boiling_point
Dimethadione,C695534,,0,no_boiling_point
Dipyrithione,,,0,not_found
Disopyramide,C3737095,,0,no_boiling_point
Domperidone,,,0,not_found
Droperidol,C548732,,0,no_boiling_point
Ethacrynic acid,,,0,not_found
Tibutol,,,0,not_found
Ethenzamide,C938738,,0,no_boiling_point
Ethoxzolamide,C452357,,0,no_boiling_point
Etidronic Acid,,,0,not_found
Exalamide,,,0,not_found
Fenoterol,,,0,not_found
Flopropione,C2295581,,0,no_boiling_point
Flufenamic acid,C530789,,0,no_boiling_point
Fluoromethalone,,,0,not_found
Flutamide,C13311847,,0,no_boiling_point
Formoterol,,,0,not_found
Fosfosal,Fosfosal,,0,no_boiling_point
Levofuraltadone,,,0,not_found
Furoxone,C67458,,0,no_boiling_point
Fusaric Acid,C536696,,0,no_boiling_point
Gossypol,,,0,not_found
Halazone,C80137,,0,no_boiling_point
Haloperidol,C52868,,0,no_boiling_point
Harmalol,,,0,not_found
Heptaminol,C372667,,0,no_boiling_point
Hexachlorophene,C70304,,0,no_boiling_point
Dihydrodiethylstilbestrol,,,0,not_found
Hexobarbital,C56291,,0,no_boiling_point
Hexylresorcinol,C136776,607.2,1,found
1-Methylhistamine,,,0,not_found
Hycanthone,,,0,not_found
4-Hydroxytolbutamide,,,0,not_found
L-Hyoscyamine,C101315,,0,no_boiling_point
Idebenone,,,0,not_found
Ifosfamide,,,0,not_found
Amrinone,,,0,not_found
Indapamide,,,0,not_found
Iodixanol,,,0,not_found
Iodoacetamide,C144489,,0,no_boiling_point
Iohexol,,,0,not_found
Iomeprol,,,0,not_found
Iopanoic Acid,C96833,,0,no_boiling_point
Iodipamide,,,0,not_found
Ioversol,,,0,not_found
Ioxaglic acid,,,0,not_found
3-Indolepropionic acid,C830966,,0,no_boiling_point
4-Piperidinecarboxamide,C39546322,,0,no_boiling_point
Isopropamide,C7492322,,0,no_boiling_point
Isoproterenol,C7683592,,0,no_boiling_point
Canditral,,,0,not_found
Juglone,C481390,,0,no_boiling_point
Kebuzone,,,0,not_found
Kojic acid,C501304,,0,no_boiling_point
Kynurenic acid,,,0,not_found
Labetalol,C36894696,,0,no_boiling_point
Lapachol,C84797,,0,no_boiling_point
beta-Lapachone,,,0,not_found
Loperamide,C53179116,,0,no_boiling_point
Mabuterol,,,0,not_found
Meclofenamic Acid,C644622,,0,no_boiling_point
Mefenamic Acid,C61687,,0,no_boiling_point
Mefexamide,,,0,not_found
Methylglucamine,C6284408,,0,no_boiling_point
Mesalamine,C89576,,0,no_boiling_point
Metaproterenol,,,0,not_found
Methapyrilene,C91805,,0,no_boiling_point
Metharbital,C50113,,0,no_boiling_point
Methazolamide,C554574,,0,no_boiling_point
Methocarbamol,C532036,,0,no_boiling_point
Pamine,,,0,not_found
Meticrane,,,0,not_found
Metoclopramide,C364625,,0,no_boiling_point
Metolazone,C17560519,,0,no_boiling_point
Metoprolol,,,0,not_found
Metyrapone,C54364,,0,no_boiling_point
Milrinone,,,0,not_found
Dibromdulcitol,,,0,not_found
Mitoxantrone,,,0,not_found
Moperone,C1050799,,0,no_boiling_point
Muscimol,,,0,not_found
N-phenylanthranilic acid,C91407,,0,no_boiling_point
Solgol,C42200339,,0,no_boiling_point
Nalidixic Acid,C389082,,0,no_boiling_point
Nefazodone,C83366669,,0,no_boiling_point
Nialamide,C51127,,0,no_boiling_point
Niceritrol,,,0,not_found
Niclosamide,C50657,,0,no_boiling_point
Nifenazone,C2139471,,0,no_boiling_point
Niflumic acid,C4394007,,0,no_boiling_point
Nilutamide,,,0,not_found
Nipecotic acid,,,0,not_found
Nordihydroguaiaretic acid,C500389,,0,no_boiling_point
Octopamine,,,0,not_found
Oxidopamine,,,0,not_found
Oxolinic Acid,C14698294,,0,no_boiling_point
Oxprenolol,C6452717,,0,no_boiling_point
Oxybenzone,C131577,,0,no_boiling_point
Oxyphenbutazone,C129204,,0,no_boiling_point
Oxyphencyclimine,C125531,,0,no_boiling_point
4-Aminosalicylic acid,C65496,,0,no_boiling_point
4-Nitrophenylacetic acid,,,0,not_found
Palmitoylethanolamide,C544310,,0,no_boiling_point
Pamidronic Acid,,,0,not_found
Panthenol,,,0,not_found
DL-Penicillamine,,,0,not_found
Pentobarbital,C76744,,0,no_boiling_point
Phenobarbital,C50066,,0,no_boiling_point
Phenylbutazone,C50339,,0,no_boiling_point
Phosalone,C2310170,,0,no_boiling_point
Picotamide,,,0,not_found
Pindolol,C13523869,,0,no_boiling_point
Pioglitazone,,,0,not_found
Pipamperone,C1893330,,0,no_boiling_point
Pipemidic Acid,C51940444,,0,no_boiling_point
Pirbuterol,,,0,not_found
Pirenperone,,,0,not_found
Piromidic acid,,,0,not_found
Nonaethylene glycol,C3386183,,0,no_boiling_point
Practolol,C6673354,,0,no_boiling_point
Primidone,C125337,,0,no_boiling_point
Probucol,,,0,not_found
Procainamide,C51069,,0,no_boiling_point
Procaterol,,,0,not_found
Propafenone,C54063535,,0,no_boiling_point
Propranolol,C525666,,0,no_boiling_point
Propyliodone,C587611,,0,no_boiling_point
Protokylol,C136709,,0,no_boiling_point
Pyrimethamine,C58140,,0,no_boiling_point
Pyrithyldione,C77043,,0,no_boiling_point
Raloxifene,,,0,not_found
Resorcinol,C108463,550.0,3,found
Risperidone,,,0,not_found
5'beta-Rotenone,,,0,not_found
Roxarsone,,,0,not_found
DL-Alaninol,,,0,not_found
Salicyl alcohol,C90017,,0,no_boiling_point
Salicylamide,C65452,,0,no_boiling_point
Salmeterol,,,0,not_found
Sebacic Acid,C111206,,0,no_boiling_point
Secobarbital,C76733,,0,no_boiling_point
Risedronic Acid,,,0,not_found
Sotalol,C3930209,,0,no_boiling_point
Spiperone,C749020,,0,no_boiling_point
Stearic Acid,C57114,634.2,2,found
Succinylacetone,,,0,not_found
Sulfabenzamide,C127719,,0,no_boiling_point
Sulfacetamide,C144809,,0,no_boiling_point
Sulfanilamide,C63741,,0,no_boiling_point
Sulfinpyrazone,C57965,,0,no_boiling_point
Sulforaphane,C4478937,,0,no_boiling_point
Sulfoxone,,,0,not_found
Suxibuzone,C27470515,,0,no_boiling_point
Tazarotene,,,0,not_found
Tetroquinone,C319891,,0,no_boiling_point
Thiodiglycol,C111488,,0,no_boiling_point
Thonzylamine,C91850,,0,no_boiling_point
Tiaprofenic Acid,,,0,not_found
Tilorone,,,0,not_found
Tolazamide,C1156190,,0,no_boiling_point
Tolbutamide,C64777,,0,no_boiling_point
Tranexamic acid,C1197188,,0,no_boiling_point
Trazodone,C19794935,,0,no_boiling_point
Triamterene,C396010,,0,no_boiling_point
Trifluperidol,C749133,,0,no_boiling_point
N-Methylnicotinic acid,C535831,,0,no_boiling_point
Trimethadione,C127480,,0,no_boiling_point
Trimethobenzamide,C138567,,0,no_boiling_point
Troglitazone,,,0,not_found
Tropicamide,C1508754,,0,no_boiling_point
2-Thenoyltrifluoroacetone,C326910,,0,no_boiling_point
Tyramine,C51672,,0,no_boiling_point
Tyropanic acid,,,0,not_found
Ulithiacyclamide,,,0,not_found
Urethane,C51796,458.4,2,found
Usnic acid,,,0,not_found
Vesnarinone,,,0,not_found
Pirinixic acid,,,0,not_found
Xanthurenic acid,,,0,not_found
Zonisamide,C68291974,,0,no_boiling_point
Zopiclone,C43200802,,0,no_boiling_point
Dexamethasone,C50022,,0,no_boiling_point
Corticosterone,C50226,,0,no_boiling_point
Hydrocortisone,C50237,,0,no_boiling_point
Prednisolone,C50248,,0,no_boiling_point
Estriol,C50271,,0,no_boiling_point
Estradiol,C50282,,0,no_boiling_point
Phentolamine,,,0,not_found
4-Methylsalicylic acid,C50851,,0,no_boiling_point
Triethylenemelamine,C51183,,0,no_boiling_point
2-Aminophenol,C95556,,0,no_boiling_point
Tiratricol,,,0,not_found
Carbachol,C51832,,0,no_boiling_point
Spironolactone,C52017,,0,no_boiling_point
Cyclobarbital,C52313,,0,no_boiling_point
Aldosterone,C52391,,0,no_boiling_point
Allobarbital,C52437,,0,no_boiling_point
Penicillamine,C52675,,0,no_boiling_point
Tetrahydrocortisol,,,0,not_found
Prednisone,C53032,,0,no_boiling_point
Tetrahydrocortisone,,,0,not_found
Paramethasone,,,0,not_found
Fluprednisolone,,,0,not_found
Oxandrolone,C53394,,0,no_boiling_point
Metaraminol,,,0,not_found
Pentetrazol,C54955,,0,no_boiling_point
Isonicotinic acid,C55221,,0,no_boiling_point
Sulfatropinol,,,0,not_found
Chloramphenicol,C56757,,0,no_boiling_point
Aspartic Acid,,,0,not_found
Glutamine,C56859,,0,no_boiling_point
Sulfamic acid,C5329146,,0,no_boiling_point
Ethinyl Estradiol,C57636,,0,no_boiling_point
Edetic Acid,C60004,,0,no_boiling_point
Veratramine,,,0,not_found
Methoxamine,C390283,,0,no_boiling_point
p-Toluenesulfonic acid,C104154,,0,no_boiling_point
Zoxazolamine,C61803,,0,no_boiling_point
4-Nitrobenzoic Acid,C62237,,0,no_boiling_point
Lipoic acid,C62464,,0,no_boiling_point
2-Aminoisobutyric acid,C62577,,0,no_boiling_point
5'-Cytidylic acid,,,0,not_found
Desoxycortone,C64857,,0,no_boiling_point
Egtazic Acid,,,0,not_found
Barbituric Acid,,,0,not_found
Dimethyl Sulfone,C67710,511.0,1,found
Triaziquone,C68768,,0,no_boiling_point
Benziodarone,,,0,not_found
Hydroxyprogesterone,C68962,,0,no_boiling_point
Mephenoxalone,C70075,,0,no_boiling_point
Dinitrofluorobenzene,C70348,,0,no_boiling_point
Mercaptosuccinic acid,C70495,,0,no_boiling_point
P-Toluenesulfonamide,C70553,,0,no_boiling_point
4'-Aminopropiophenone,C70699,,0,no_boiling_point
Quinethazone,C73494,,0,no_boiling_point
Nifenalol,,,0,not_found
Isocyanic acid,C75138,,0,no_boiling_point
Nitromethane,C75525,374.22,17,found
Methanesulfonic Acid,C75752,,0,no_boiling_point
Sulfonethylmethane,,,0,not_found
Dihydroxytartaric acid,,,0,not_found
Fluoxymesterone,C76437,,0,no_boiling_point
Cyclopentobarbital,C76686,,0,no_boiling_point
Probarbital,C76766,,0,no_boiling_point
Benzilic acid,C76937,,0,no_boiling_point
Aprobarbital,C77021,,0,no_boiling_point
Piperidione,,,0,not_found
Gibberellic acid,C77065,,0,no_boiling_point
Butethal,C77281,,0,no_boiling_point
Acedapsone,,,0,not_found
Carbromal,C77656,,0,no_boiling_point
Texanol,,,0,not_found
Divinyl sulfone,C77770,,0,no_boiling_point
3-Sulfolene,C77792,,0,no_boiling_point
Tromethamine,C77861,,0,no_boiling_point
Quinic acid,,,0,not_found
Trimethylolpropane,C77996,,0,no_boiling_point
Propionamide,C79050,495.3,5,found
Acrylamide,C79061,,0,no_boiling_point
Chloroacetamide,C79072,,0,no_boiling_point
Peracetic Acid,C79210,,0,no_boiling_point
Nitroethane,C79243,387.65,6,found
Methacrylamide,C79390,,0,no_boiling_point
Pantothenic Acid,,,0,not_found
2-Aminobutyric acid,,,0,not_found
Amsonic acid,,,0,not_found
Musk ketone,C81141,,0,no_boiling_point
Dehydrocholic acid,C81232,,0,no_boiling_point
Taurocholic acid,,,0,not_found
Indanthrene,,,0,not_found
Rhodamine,C81889,,0,no_boiling_point
1-Nitroanthraquinone,C82348,,0,no_boiling_point
1-Aminoanthraquinone,C82451,,0,no_boiling_point
Lysergic Acid,,,0,not_found
Diphacinone,C82666,,0,no_boiling_point
Quintozene,C82688,,0,no_boiling_point
Styphnic acid,C82713,,0,no_boiling_point
4-Pyridoxic acid,,,0,not_found
Pindone,C83261,,0,no_boiling_point
Valone,,,0,not_found
3-Methylsalicylic acid,C83409,,0,no_boiling_point
Methylprednisolone,C83432,,0,no_boiling_point
Rotenone,C83794,,0,no_boiling_point
Naphthionic acid,C84866,,0,no_boiling_point
Acetrizoic acid,C85369,,0,no_boiling_point
3-Nitrosalicylic acid,C85381,,0,no_boiling_point
2-Benzoylbenzoic acid,C85529,534.2,1,found
Benzestrol,,,0,not_found
Diethylthiambutene,C86146,,0,no_boiling_point
1-Nitronaphthalene,C86577,577.2,1,found
Badische acid,,,0,not_found
1-Naphthaleneacetamide,C86862,,0,no_boiling_point
Trichloroisocyanuric acid,C87901,,0,no_boiling_point
2-Furoic acid,,,0,not_found
2-Acetylthiophene,C88153,486.7,1,found
O-Toluenesulfonamide,C88197,,0,no_boiling_point
6-Chlorometanilic acid,,,0,not_found
2-Aminobenzamide,,,0,not_found
2-Nitrotoluene,C88722,495.45,7,found
2-Nitrophenol,C88755,490.4,3,found
Picric Acid,C88891,,0,no_boiling_point
Phthalamide,C88960,,0,no_boiling_point
Phthalamic acid,,,0,not_found
Pyromellitic Acid,C89054,,0,no_boiling_point
4-Sulfophthalic acid,,,0,not_found
4-Chlorophthalic acid,,,0,not_found
N-Acetylanthranilic acid,C89521,,0,no_boiling_point
5-Bromosalicylic acid,C89554,,0,no_boiling_point
5-Methylsalicylic acid,C89565,,0,no_boiling_point
Resacetophenone,C89849,,0,no_boiling_point
2-Phenylbutyramide,C90266,,0,no_boiling_point
Gluconolactone,C90802,,0,no_boiling_point
Thenyldiamine,C91792,,0,no_boiling_point
M-Tolyldiethanolamine,C91996,,0,no_boiling_point
Thianthrene,C92853,639.2,1,found
Homoveratric acid,C93403,,0,no_boiling_point
Piperonylic acid,C94531,,0,no_boiling_point
Ethohexadiol,C94962,517.2,2,found
o-PHENYLENEDIAMINE,C95545,530.15,3,found
Methylhydroquinone,,,0,not_found
Monothioglycerol,C96275,,0,no_boiling_point
Lactobionic acid,,,0,not_found
5-Nitrosalicylic acid,,,0,not_found
o-Aminoazotoluene,C97563,,0,no_boiling_point
Benzenearsonic acid,,,0,not_found
Benzenesulfonamide,C98102,,0,no_boiling_point
Benzenesulfonic Acid,C98113,,0,no_boiling_point
Oxarsanilic acid,,,0,not_found
3-Aminobenzenesulfonamide,C98180,,0,no_boiling_point
Arsanilic acid,C98500,,0,no_boiling_point
L-Pyroglutamic acid,C98793,,0,no_boiling_point
Nitrobenzene,C98953,483.9,25,found
3'-Aminoacetophenone,C99036,562.7,1,found
3-Aminobenzoic Acid,C99058,,0,no_boiling_point
3-Hydroxybenzoic acid,C99069,,0,no_boiling_point
3-Nitrotoluene,C99081,504.0,4,found
Chelidonic acid,,,0,not_found
Adrenalone,,,0,not_found
4-Aminoacetophenone,C99923,567.2,1,found
4-Nitrotoluene,C99990,511.65,7,found
p-Anisic acid,C100094,,0,no_boiling_point
4-Ethylnitrobenzene,C100129,518.7,1,found
4'-Nitroacetophenone,C100196,475.2,2,found
Terephthalic acid,C100210,,0,no_boiling_point
4-Nitrophenethyl alcohol,C100276,,0,no_boiling_point
Benzylsulfonic acid,,,0,not_found
Cyclamic acid,C100889,,0,no_boiling_point
N-Benzyldiethanolamine,,,0,not_found
Edetol,,,0,not_found
Triethanolamine,C102716,,0,no_boiling_point
N-Butyldiethanolamine,C102794,,0,no_boiling_point
3-Phenylpropanamide,C102932,,0,no_boiling_point
Boric Acid,C10043353,,0,no_boiling_point
2-Phenylacetamide,C103811,,0,no_boiling_point
4-Nitrosophenol,C104916,,0,no_boiling_point
N-Methyldiethanolamine,,,0,not_found
12-Hydroxystearic acid,C106149,,0,no_boiling_point
Quinhydrone,C106343,,0,no_boiling_point
p-Phenylenediamine,C106503,540.2,1,found
Isethionic Acid,,,0,not_found
Hexylene Glycol,C107415,471.2,4,found
Butylene Glycol,,,0,not_found
Cyanoacetamide,C107915,,0,no_boiling_point
1-Nitropropane,C108032,404.53,6,found
Malonamide,C108134,,0,no_boiling_point
m-Phenylenediamine,C108452,556.2,1,found
Melamine,C108781,,0,no_boiling_point
Cyanuric acid,,,0,not_found
2-Hydrazinoethanol,C109842,,0,no_boiling_point
Succinamide,C110145,,0,no_boiling_point
Diisopropanolamine,C110974,,0,no_boiling_point
Diglycolic acid,C110996,,0,no_boiling_point
Aminoethylethanolamine,,,0,not_found
Diethanolamine,C111422,544.2,1,found
Diethylene glycol,C111466,518.65,6,found
Octadecyltrichlorosilane,C112049,,0,no_boiling_point
Triethylene Glycol,C112276,551.5,6,found
Lethane,C112561,,0,no_boiling_point
Tetraethylene Glycol,C112607,601.2,2,found
1-Bromohexadecane,C112823,609.2,1,found
Behenic Acid,C112856,,0,no_boiling_point
1-Bromooctadecane,C112890,,0,no_boiling_point
Stearyl Alcohol,C112925,,0,no_boiling_point
Ergotamine,C113155,,0,no_boiling_point
Sulfonmethane,C115242,,0,no_boiling_point
Chlorendic Acid,C115286,,0,no_boiling_point
Mephobarbital,C115388,,0,no_boiling_point
Phenallymal,C115435,,0,no_boiling_point
Talbutal,C115446,,0,no_boiling_point
Paramethadione,C115673,,0,no_boiling_point
Tecnazene,C117180,577.2,1,found
2-Aminoanthraquinone,C117793,,0,no_boiling_point
Etryptamine,C2235907,,0,no_boiling_point
Maltol,C118718,,0,no_boiling_point
Trinitrotoluene,C118967,,0,no_boiling_point
5-Iodosalicylic acid,,,0,not_found
2-Nitrodiphenylamine,C119755,,0,no_boiling_point
Arsthinol,,,0,not_found
N-Phenyldiethanolamine,C120070,,0,no_boiling_point
Scoparone,C120081,,0,no_boiling_point
2-Naphthoxyacetic acid,C120230,,0,no_boiling_point
2-Imidazolidone,C120934,,0,no_boiling_point
Isoproterenone,,,0,not_found
Vanillic Acid,C121346,,0,no_boiling_point
Sulfanilic acid,C121573,,0,no_boiling_point
Carbarsone,,,0,not_found
3'-Nitroacetophenone,C121891,475.2,1,found
Isophthalic acid,,,0,not_found
3-Nitrobenzoic acid,C121926,,0,no_boiling_point
Isopropyldiethanolamine,C121937,,0,no_boiling_point
1-Hydroxyanthraquinone,C129431,,0,no_boiling_point
Pamoic acid,,,0,not_found
Kappadione,,,0,not_found
Dioxybenzone,C131533,,0,no_boiling_point
Dipicrylamine,C131737,,0,no_boiling_point
2-Iodohippuric acid,,,0,not_found
Quinosol,,,0,not_found
Oxythiamine,,,0,not_found
Shikimic acid,C138590,,0,no_boiling_point
Chelidamic Acid,,,0,not_found
Nitrilotriacetic acid,C139139,,0,no_boiling_point
N-Ethyldiethanolamine,C139877,522.2,1,found
Nithiamide,C140409,,0,no_boiling_point
Guanidine carboxamide,,,0,not_found
Lauric isopropanol amide,,,0,not_found
Iminodiacetic acid,C142734,,0,no_boiling_point
Ortal,C77305,,0,no_boiling_point
Methylarsonic acid,C124583,,0,no_boiling_point
Tiron free acid,,,0,not_found
Methohexital,C151837,,0,no_boiling_point
Sulfalene,,,0,not_found
Fluocortolone,,,0,not_found
5-Hydroxytryptophol,,,0,not_found
Cianidanol,,,0,not_found
3-Aminopropanol,C156876,461.0,2,found
alpha-Methyltryptamine,,,0,not_found
Piritramide,,,0,not_found
Dimercaptosuccinic Acid,,,0,not_found
5-Chlorosalicylic Acid,C321142,,0,no_boiling_point
Triflusal,,,0,not_found
Fenyramidol,C553695,,0,no_boiling_point
6-Aminonicotinamide,C329895,,0,no_boiling_point
Trifluoronitromethane,C335024,,0,no_boiling_point
Carbutamide,,,0,not_found
Galantamine,C357700,,0,no_boiling_point
Kynuramine,,,0,not_found
Cyanoacetic acid,C372098,,0,no_boiling_point
Betamethasone,C378449,,0,no_boiling_point
4-Hydroxyphenobarbital,C379340,,0,no_boiling_point
Cyanamide,C420042,,0,no_boiling_point
Fluorometholone,,,0,not_found
Lithocholic Acid,C434139,,0,no_boiling_point
Xanthinol,,,0,not_found
4-Methylcatechol,C452868,524.2,1,found
Hydantoic acid,,,0,not_found
Tribromonitromethane,C464108,,0,no_boiling_point
Flurenol,,,0,not_found
Ketobemidone,C469794,,0,no_boiling_point
Oxamide,C471465,,0,no_boiling_point
Enoxolone,,,0,not_found
Pinonic acid,,,0,not_found
Pinic acid,,,0,not_found
Chenodiol,,,0,not_found
Glycocholic acid,C475310,,0,no_boiling_point
Lucanthone,,,0,not_found
Dichloralphenazone,,,0,not_found
5-Nitrobarbituric acid,,,0,not_found
Chrysophanic acid,,,0,not_found
Menadiol,,,0,not_found
Diphenic acid,C482053,,0,no_boiling_point
Flavianic acid,C483841,,0,no_boiling_point
Salicyluric acid,C487547,,0,no_boiling_point
Kainic acid,,,0,not_found
3-Furoic acid,C488937,,0,no_boiling_point
Aspergillic acid,,,0,not_found
Thioxanthone,C492228,,0,no_boiling_point
Phenylpropanolamine,,,0,not_found
4-Chloromandelic acid,C492864,,0,no_boiling_point
Melarsoprol,,,0,not_found
N-Hydroxybenzamide,C495181,,0,no_boiling_point
Azoxybenzene,C495487,,0,no_boiling_point
Meconic acid,,,0,not_found
Methylsuccinic acid,C498215,380.65,1,found
Dipicolinic Acid,C499832,,0,no_boiling_point
Olivetol,C500663,,0,no_boiling_point
Oxanilic acid,C500721,,0,no_boiling_point
Indophenol,,,0,not_found
Tyrosol,C501940,,0,no_boiling_point
4-Hydroxybutanoic acid,C591811,,0,no_boiling_point
Malvalic acid,,,0,not_found
Orcinol,C504154,562.7,1,found
18-Pentatriacontanone,C504530,,0,no_boiling_point
10-Nonadecanone,C504574,,0,no_boiling_point
Dicyanamide,,,0,not_found
Methionol,C505102,,0,no_boiling_point
Suberic acid,C505486,,0,no_boiling_point
Tridecanedioic acid,C505522,,0,no_boiling_point
Hexadecanedioic acid,C505544,,0,no_boiling_point
Heptadecanoic acid,C506127,,0,no_boiling_point
Arachidic Acid,C506309,,0,no_boiling_point
Pentacosanoic acid,,,0,not_found
Hexacosanoic acid,C506467,,0,no_boiling_point
Octacosanoic acid,C506489,,0,no_boiling_point
Triacontanoic acid,C506503,,0,no_boiling_point
Oleanolic Acid,,,0,not_found
Tetranitromethane,C509148,399.2,1,found
Heptabarbital,C509864,,0,no_boiling_point
Dihydroergotamine,C511126,,0,no_boiling_point
2-Acetylbutyrolactone,C517237,,0,no_boiling_point
Trinitromethane,C517259,,0,no_boiling_point
Ambucetamide,C519880,,0,no_boiling_point
Florantyrone,,,0,not_found
Ethadione,,,0,not_found
Medroxyprogesterone,,,0,not_found
Androstenediol,,,0,not_found
Luminol,C521313,,0,no_boiling_point
Physcione,,,0,not_found
Dimethylthiambutene,C524845,,0,no_boiling_point
Gluconic Acid,C526954,,0,no_boiling_point
4-Methylorcinol,,,0,not_found
o-Toluamide,C527855,,0,no_boiling_point
Gallacetophenone,C528212,,0,no_boiling_point
Trimellitic acid,C528449,,0,no_boiling_point
Phthalonic acid,,,0,not_found
Syringic acid,C530574,,0,no_boiling_point
Sinapic acid,C530596,,0,no_boiling_point
Coixol,C532912,,0,no_boiling_point
Vanylglycol,,,0,not_found
P-Toluenesulfinic acid,,,0,not_found
Evernic Acid,,,0,not_found
Diphenylcarbazone,,,0,not_found
9-Heptadecanone,C540089,524.7,1,found
Butyramide,C541355,489.2,1,found
Isovaleramide,C541468,,0,no_boiling_point
3-Aminobutanoic acid,,,0,not_found
1-Iodohexadecane,C544774,,0,no_boiling_point
Propallylonal,C545937,,0,no_boiling_point
Sulfacarbamide,C547444,,0,no_boiling_point
o-Thymotic acid,,,0,not_found
6-Aminopenicillanic acid,,,0,not_found
2'-Aminoacetophenone,C551939,,0,no_boiling_point
2-Nitrobenzoic acid,C552169,,0,no_boiling_point
Paeonol,C552410,,0,no_boiling_point
Metabutethamine,R18062,,0,no_boiling_point
Butethamine,C2090893,,0,no_boiling_point
3-Nitrophenol,C554847,,0,no_boiling_point
Lignoceric Acid,C557595,,0,no_boiling_point
Bromotrinitromethane,C560952,,0,no_boiling_point
18-Hydroxycorticosterone,,,0,not_found
Monoacetyldapsone,C565208,,0,no_boiling_point
Metahexamide,,,0,not_found
2-Hydroxybutyric acid,,,0,not_found
Formestane,,,0,not_found
6-Methylsalicylic Acid,,,0,not_found
Acetomenaphthone,,,0,not_found
2'-Nitroacetophenone,C577593,,0,no_boiling_point
3-Hydroxyflavone,C577855,,0,no_boiling_point
Iodoalphionic Acid,,,0,not_found
2-Methoxybenzoic acid,C579759,,0,no_boiling_point
2-Nitronaphthalene,C581895,,0,no_boiling_point
3-Methoxybenzoic Acid,C586389,,0,no_boiling_point
4-Acetylbenzoic Acid,C586890,,0,no_boiling_point
m-Tyramine,,,0,not_found
3-Aminophenol,C591275,,0,no_boiling_point
Levulinic Acid,C123762,518.7,1,found
Acetoxyacetone,C592201,447.0,1,found
Ethanesulfonic acid,,,0,not_found
2-Hydroxyisobutyric acid,C594616,485.2,1,found
Dimethylmalonic acid,C595460,,0,no_boiling_point
Algestone,,,0,not_found
Dipropyl sulfone,C598038,542.0,1,found
2-Nitrobutane,C600248,412.8,1,found
Ethylmalonic acid,C601752,,0,no_boiling_point
2-Nitroresorcinol,C601898,,0,no_boiling_point
9-Nitroanthracene,C602608,,0,no_boiling_point
Anthragallol,,,0,not_found
5-Nitroacenaphthene,C602879,,0,no_boiling_point
2-Hydroxyanthraquinone,C605323,,0,no_boiling_point
3-Methyluric acid,,,0,not_found
2-Nitrofluorene,C607578,,0,no_boiling_point
2-Methylresorcinol,C608253,537.2,1,found
2-Nitrothiophene,C609405,497.7,1,found
O-Phenolsulfonic acid,,,0,not_found
2-Nitrobenzamide,C610151,590.2,1,found
4-Hydroxyphthalic acid,,,0,not_found
Benzoylformic acid,C611734,,0,no_boiling_point
2-Nitrobenzyl alcohol,C612259,543.2,1,found
2-Aminoacetophenone,,,0,not_found
2-Acetamidophenol,C614802,,0,no_boiling_point
Nitrosoethylurethane,,,0,not_found
n-Propylmalonic acid,C616626,,0,no_boiling_point
Benzylmalonic acid,C616751,,0,no_boiling_point
Chorismic acid,,,0,not_found
2-Methylglutaric acid,,,0,not_found
Benzenesulfinic acid,C618417,,0,no_boiling_point
4-Nitroanthranilic acid,C616795,,0,no_boiling_point
3-Formylbenzoic acid,C619216,,0,no_boiling_point
4-Chlorobenzamide,C619567,,0,no_boiling_point
4-Cyanobenzoic acid,C619658,,0,no_boiling_point
4-Formylbenzoic acid,C619669,,0,no_boiling_point
4-Hydrazinobenzoic acid,,,0,not_found
4-Nitrobenzamide,C619807,,0,no_boiling_point
4-Ethoxybenzoic acid,C619863,,0,no_boiling_point
Metacetamol,C621421,,0,no_boiling_point
3-Ethoxybenzoic acid,,,0,not_found
Methoxyacetic Acid,C625456,476.7,1,found
2-Nitroethanol,C625489,,0,no_boiling_point
Diacetamide,C625774,496.7,1,found
3-Methylglutaric acid,C626517,,0,no_boiling_point
3-Methyladipic acid,,,0,not_found
Pentanamide,C626971,,0,no_boiling_point
Ethoxyacetic acid,C627032,479.7,1,found
1-Nitrobutane,C627054,426.2,4,found
Hexanamide,,,0,not_found
3-Nitropentane,C551882,,0,no_boiling_point
Adipamide,C628944,,0,no_boiling_point
Dicaprylyl Ether,C629823,559.7,2,found
1-Iodooctadecane,C629936,656.2,1,found
Iodotrinitromethane,C630706,,0,no_boiling_point
2-Sulfobenzoic acid,,,0,not_found
Tetrachlorophthalic acid,,,0,not_found
Clopenthixol,,,0,not_found
4-Hydroxyisophthalic acid,,,0,not_found
Succinamic acid,,,0,not_found
Octadecanal,C638664,,0,no_boiling_point
Fluoroacetamide,C640197,,0,no_boiling_point
3-Nitrobenzamide,C645090,585.7,1,found
1-Nitrohexane,C646140,,0,no_boiling_point
Nonadecanoic acid,C646300,,0,no_boiling_point
Thozalinone,C655050,,0,no_boiling_point
Heptafluorobutyramide,,,0,not_found
Agaricic Acid,,,0,not_found
Tetracyanoethylene,C670542,496.2,1,found
Dodecanedioic acid,C693232,,0,no_boiling_point
10-Octadecenoic acid,,,0,not_found
Trimethylhydroquinone,C700130,,0,no_boiling_point
Diethadione,C702545,,0,no_boiling_point
5-Methoxytryptophol,,,0,not_found
6-Nitropiperonal,C712970,,0,no_boiling_point
Dimethylallobarbital,C722974,,0,no_boiling_point
Dimethylphenobarbital,C730665,,0,no_boiling_point
Sterculic acid,,,0,not_found
Benzobarbital,,,0,not_found
Pivalamide,C754109,485.2,1,found
4-Cyanophenol,C767000,,0,no_boiling_point
2-Nitropyrene,C789071,,0,no_boiling_point
Trimethylpyruvic acid,,,0,not_found
Tetradecanedioic acid,C821385,,0,no_boiling_point
4-Iodobenzenesulfonamide,,,0,not_found
Dimethoxane,,,0,not_found
Trithioacetone,C828262,,0,no_boiling_point
4-Methoxycinnamic acid,C830091,,0,no_boiling_point
4-Nitrodiphenylamine,C836306,,0,no_boiling_point
Methoprotryne,C841065,,0,no_boiling_point
3-Cyanophenol,C873621,,0,no_boiling_point
3-Hydroxypicolinic acid,C874248,,0,no_boiling_point
3-Nitrofluoranthene,C892217,,0,no_boiling_point
N-Methylolacrylamide,C924425,,0,no_boiling_point
omega-Aminoenantic acid,,,0,not_found
Octadecyl vinyl ether,C930029,,0,no_boiling_point
3-Methoxycatechol,C934009,,0,no_boiling_point
Benzothiazolone,C934349,,0,no_boiling_point
2-Phenoxypropionic acid,C940318,538.2,1,found
Diphenylsilanediol,C947422,,0,no_boiling_point
4-Nitrodiphenyl thioether,,,0,not_found
Oxolamine,C959148,,0,no_boiling_point
Testolactone,,,0,not_found
Canrenone,C976716,,0,no_boiling_point
Methylphosphonic acid,C993135,,0,no_boiling_point
Bromodinitromethane,,,0,not_found
Quinacridone,C1047161,,0,no_boiling_point
Dimethylsilanediol,,,0,not_found
Divinyl glycol,,,0,not_found
Ethambutol,,,0,not_found
Phenylhydroquinone,C1079216,,0,no_boiling_point
Vanillylidene acetone,,,0,not_found
Vanilpyruvic acid,,,0,not_found
Pyritinol,,,0,not_found
N-Nitrosodiethanolamine,,,0,not_found
Cetylsulfonic acid,,,0,not_found
Dodecanamide,C1120167,,0,no_boiling_point
Nitrocyclohexane,C1122607,,0,no_boiling_point
4-Aminobenzophenone,C1137413,,0,no_boiling_point
Butallylonal,C1142707,,0,no_boiling_point
Zolamine,C1155039,,0,no_boiling_point
6-Hydroxyhexanoic Acid,C1191259,,0,no_boiling_point
Citiolone,,,0,not_found
4-Aminophenylacetic acid,C1197553,,0,no_boiling_point
Tetrachlorocatechol,C1198556,,0,no_boiling_point
Sigmodal,C1216406,,0,no_boiling_point
Ethynodiol,,,0,not_found
Furazabol,C1239298,,0,no_boiling_point
Metasilicic acid,C7699414,,0,no_boiling_point
Tricarballylic acid,C99149,,0,no_boiling_point
Orthosilicic acid,,,0,not_found
Picolinamide,C1452773,,0,no_boiling_point
Isonicotinamide,C1453823,,0,no_boiling_point
Hexadecylbenzene,C1459092,,0,no_boiling_point
3-Acetylthiophene,C1468833,,0,no_boiling_point
Phloraspidinol,,,0,not_found
Phenylphosphonic Acid,C1571331,,0,no_boiling_point
4-Fluorophthalic acid,,,0,not_found
Vincamine,C1617909,,0,no_boiling_point
Metaxalone,C1665481,,0,no_boiling_point
Hexahydrophthalic acid,,,0,not_found
4-Hydroxyazobenzene,C1689823,,0,no_boiling_point
5-Methyltryptamine,C1821472,,0,no_boiling_point
Fluorotrinitromethane,C1840422,,0,no_boiling_point
Octabenzone,C1843056,,0,no_boiling_point
4-Nitrothiophenol,C1849361,,0,no_boiling_point
Undecanedioic Acid,C1852046,,0,no_boiling_point
3-Cyanobenzoic acid,C1877721,,0,no_boiling_point
3-Nitrophenylacetic acid,C1877732,,0,no_boiling_point
2-Thiopheneacetic acid,C1918770,,0,no_boiling_point
Tetrachlorophene,,,0,not_found
Tert-Butylhydroquinone,C1948330,,0,no_boiling_point
Methionine sulfoximine,,,0,not_found
Medronic Acid,,,0,not_found
Meldrum's acid,C2033241,,0,no_boiling_point
Benperidol,C2062842,,0,no_boiling_point
Hexamethylenediamine,C124094,477.7,1,found
Pentadecylbenzene,C2131182,,0,no_boiling_point
5-Carboxyvanillic acid,,,0,not_found
Flumethasone,,,0,not_found
Chlorthal,C2136790,,0,no_boiling_point
4-Chlorocatechol,C2138229,,0,no_boiling_point
4-Isopropylcatechol,,,0,not_found
Methiocarb sulfone,C2179251,,0,no_boiling_point
Mofebutazone,C2210631,,0,no_boiling_point
Asparagusic acid,C2224024,,0,no_boiling_point
Troclosene,,,0,not_found
Fenitrooxone,C2255176,,0,no_boiling_point
Dihydroconiferyl alcohol,C2305137,,0,no_boiling_point
4-Acetoxybenzoic acid,C2345348,,0,no_boiling_point
Heneicosanoic acid,C2363715,,0,no_boiling_point
Homovanillyl alcohol,C2380781,,0,no_boiling_point
L-Argininosuccinic acid,,,0,not_found
Captafol,C2425061,,0,no_boiling_point
11-Aminoundecanoic acid,,,0,not_found
Tricosanoic acid,C2433967,,0,no_boiling_point
Formebolone,,,0,not_found
Decyl ether,C2456282,,0,no_boiling_point
Chlorflurecol,,,0,not_found
Acetosyringone,C2478388,,0,no_boiling_point
4-Nitroazobenzene,C2491523,,0,no_boiling_point
4-Octyloxybenzoic acid,C2493847,,0,no_boiling_point
Demeton-S sulfone,C2496915,,0,no_boiling_point
Disulfoton sulfone,C2497065,,0,no_boiling_point
Guaiacylacetone,C2503460,,0,no_boiling_point
5-Ethylbarbituric acid,,,0,not_found
Proxibarbal,,,0,not_found
Phorate sulfone,C2588047,,0,no_boiling_point
Phoratoxon sulfone,C2588069,,0,no_boiling_point
Dobesilic acid,,,0,not_found
4-Nitrohippuric acid,,,0,not_found
Amylxanthane,,,0,not_found
3-Aminobenzophenone,C2835781,,0,no_boiling_point
Isophorone diamine,,,0,not_found
Diacetone acrylamide,C2873974,,0,no_boiling_point
1-Octadecanethiol,C2885009,,0,no_boiling_point
Squaric acid,C2892515,,0,no_boiling_point
4-Ethylresorcinol,C2896608,,0,no_boiling_point
1-Hexadecanethiol,C2917262,,0,no_boiling_point
2-Heptadecanone,C2922512,,0,no_boiling_point
Toliprolol,C2933940,,0,no_boiling_point
Diberal,,,0,not_found
4-Acetamidobutyric acid,C3025965,,0,no_boiling_point
s-Triaminotrinitrobenzene,C3058386,,0,no_boiling_point
2-fluoropropanedioic Acid,,,0,not_found
Methyl phenyl sulfone,C3112854,,0,no_boiling_point
4-Acetylbutyric acid,C3128061,547.7,1,found
Camphorsulfonic acid,,,0,not_found
Hydroxyhexamide,,,0,not_found
Methyl p-tolyl sulfone,C3185997,,0,no_boiling_point
2-Methoxyanthraquinone,,,0,not_found
Narcobarbital,C125553,,0,no_boiling_point
1-Chlorooctadecane,C3386332,621.2,1,found
Isomaltol,C3420595,,0,no_boiling_point
Dithiothreitol,C3483123,,0,no_boiling_point
1-Bromoheptadecane,C3508007,,0,no_boiling_point
Megestrol,,,0,not_found
Chloralodol,,,0,not_found
Menthoglycol,C3564985,,0,no_boiling_point
Metaterol,,,0,not_found
5-Sulfoanthranilic acid,,,0,not_found
2-Nitroanthracene,C3586694,,0,no_boiling_point
Phenoxyacetic acid,C122598,,0,no_boiling_point
Ecdysone,,,0,not_found
N-Butylbenzenesulfonamide,C3622842,,0,no_boiling_point
Reposal,C3625250,,0,no_boiling_point
Dotriacontanoic acid,C3625523,,0,no_boiling_point
4-Acetamidobenzoic acid,C556081,,0,no_boiling_point
Cetadiol,,,0,not_found
Furaneol,C3658773,,0,no_boiling_point
Methyl vinyl sulfone,C3680022,,0,no_boiling_point
Chlorophacinone,C3691358,,0,no_boiling_point
3-Phenoxybenzoic acid,,,0,not_found
Fenthion sulfone,C3761420,,0,no_boiling_point
Chloric acid,C7790934,,0,no_boiling_point
Anazolene,,,0,not_found
2-Nonynamide,C3910405,,0,no_boiling_point
2-Ethyloctanedioic acid,C3971333,,0,no_boiling_point
3-Chlorocatechol,,,0,not_found
Sulisobenzone,,,0,not_found
Dimethylnitramine,C4164287,460.2,1,found
Valnoctamide,C4171135,,0,no_boiling_point
Nonacosanoic acid,C4250388,,0,no_boiling_point
1-Bromoeicosane,C4276497,,0,no_boiling_point
Sulfisoxazole Diolamine,,,0,not_found
4-Methylphthalic acid,C4316238,,0,no_boiling_point
Beclomethasone,C4419390,,0,no_boiling_point
Butylboronic acid,C4426475,,0,no_boiling_point
Fructosamine,Fructosamine,,0,no_boiling_point
1-Cyclohexyloctadecane,,,0,not_found
Cytoxal alcohol,,,0,not_found
Cyclohexyldiethanolamine,,,0,not_found
N-Nitrosopipecolic acid,,,0,not_found
Dilauryl Ether,C4542578,,0,no_boiling_point
Fenalamide,C4551591,,0,no_boiling_point
6-Chloropicolinic acid,,,0,not_found
1-Chlorohexadecane,C4860031,595.2,1,found
Ethyl Maltol,C4940118,,0,no_boiling_point
Dexpropranolol,,,0,not_found
Buthionine sulfoximine,,,0,not_found
Cyclofenil diphenol,,,0,not_found
Piprotal,,,0,not_found
Octyldodecanol,C5333426,,0,no_boiling_point
2-Aminobenzyl alcohol,C5344901,548.2,1,found
2-Hydroxydecanoic Acid,C5393817,,0,no_boiling_point
Camphoric acid,,,0,not_found
1-Adamantanecarboxamide,C5511182,,0,no_boiling_point
1-Nitropyrene,C5522430,,0,no_boiling_point
Pentadecylcyclohexane,C6006957,,0,no_boiling_point
4-Oxononanoic acid,,,0,not_found
Aminopentamide,,,0,not_found
Octocrylene,,,0,not_found
4-Nitrobenzenesulfonamide,C6325935,,0,no_boiling_point
Dioctylnitrosamine,C6335973,,0,no_boiling_point
11-Cyclopentylheneicosane,C6703817,,0,no_boiling_point
2-Aminocyclohexanol,,,0,not_found
D-glutamic acid,C6893261,,0,no_boiling_point
1-Naphthohydroxamic acid,,,0,not_found
6-Nitrogramine,,,0,not_found
Tiadenol,,,0,not_found
3-Thiopheneacetic acid,C6964212,,0,no_boiling_point
Heptacosanoic acid,,,0,not_found
Bromonitrostyrene,,,0,not_found
Cyheptamide,C7199293,,0,no_boiling_point
Phenylethylmalonamide,C7206760,,0,no_boiling_point
Deterenol,,,0,not_found
Octanohydroxamic acid,,,0,not_found
Molindone,C7416344,,0,no_boiling_point
Lauric diethanolamine,,,0,not_found
6-Nitrochrysene,C7496028,,0,no_boiling_point
D-Galactosamine,,,0,not_found
Perchloric Acid,C7601903,,0,no_boiling_point
Fluorophosphoric acid,,,0,not_found
Trichloromelamine,,,0,not_found
Iodic acid,B8002537,,0,no_boiling_point
Peroxydisulfuric acid,,,0,not_found
Chromic acid,,,0,not_found
Pantothenamide,,,0,not_found
Bromic acid,,,0,not_found
Thiosulfuric acid,,,0,not_found
5-Hydroxydodecanoic acid,,,0,not_found
Nitrous Acid,C7782776,,0,no_boiling_point
Nitramide,,,0,not_found
Fluorosulfonic acid,C7789211,,0,no_boiling_point
Chlorosulfonic acid,C7790945,,0,no_boiling_point
Amatol,,,0,not_found
Ovral,,,0,not_found
Lignosulfonic acid,,,0,not_found
Triisopropanolamine,C122203,,0,no_boiling_point
Ozone,C10028156,161.3,1,found
Stanozolol,C10418038,,0,no_boiling_point
Orthoperiodic acid,C10450609,,0,no_boiling_point
Clodronic Acid,,,0,not_found
Ancymidol,C12771685,,0,no_boiling_point
Glucoheptonic acid,,,0,not_found
Reproterol,,,0,not_found
1-Nitrofluoranthene,C13177281,,0,no_boiling_point
2-Nitrofluoranthene,C13177292,,0,no_boiling_point
8-Nitrofluoranthene,C13177327,,0,no_boiling_point
Triglycidylglycerol,,,0,not_found
5-Hydroxypentanoic acid,,,0,not_found
Methylmelamine,,,0,not_found
Azapropazone,,,0,not_found
2-Propionylthiophene,C13679759,,0,no_boiling_point
Fenthion oxon sulfone,C14086352,,0,no_boiling_point
7-Oxooctanoic acid,,,0,not_found
Trachelanthamine,C14140182,,0,no_boiling_point
Tiletamine,C14176499,,0,no_boiling_point
Fensulfothion sulfone,C14255722,,0,no_boiling_point
3-Hydroxydecanoic acid,,,0,not_found
3-Hydroxyoctanoic acid,,,0,not_found
Phytanic Acid,,,0,not_found
7-Methyljuglone,,,0,not_found
2-Nitrophenethyl alcohol,C15121843,540.2,1,found
Estetrol,,,0,not_found
Thiamphenicol,,,0,not_found
Oxidronic Acid,,,0,not_found
Embutramide,,,0,not_found
2-Methylthioxanthone,,,0,not_found
Imolamine,C318230,,0,no_boiling_point
5-Hydroxytropolone,,,0,not_found
Iocetamic Acid,,,0,not_found
Pentamethylmelamine,,,0,not_found
Benzeneethanimidamide,,,0,not_found
Nitrosomethoxymethylamine,,,0,not_found
2-Nitrophenanthrene,C17024189,,0,no_boiling_point
N-Acetylglycinamide,C2620635,,0,no_boiling_point
Danazol,,,0,not_found
4-Bromocatechol,,,0,not_found
4-Hydroxydecanoic acid,,,0,not_found
4-Nitrobenzylamine,,,0,not_found
1-Phthalazinamine,,,0,not_found
Heptadecylcyclohexane,C19781738,,0,no_boiling_point
Razoxane,C21416671,,0,no_boiling_point
Capobenic acid,,,0,not_found
Butalamine,C22131357,,0,no_boiling_point
Tetraethylcystamine,,,0,not_found
Silvadene,C68359,,0,no_boiling_point
Flufenisal,Flufenisal,,0,no_boiling_point
Zingerone,,,0,not_found
Sulfoacetic acid,,,0,not_found
Thiodiglycolic acid,,,0,not_found
Octadecanamide,C124265,,0,no_boiling_point
Triamcinolone,C124947,,0,no_boiling_point
Sulfolane,C126330,561.2,2,found
Oxanamide,C126932,,0,no_boiling_point
Fludrocortisone,,,0,not_found
Diphenyl sulfone,C127639,,0,no_boiling_point
Ursodiol,,,0,not_found
Metipranolol,,,0,not_found
Glutamic Acid,,,0,not_found
Glucaric acid,,,0,not_found
Azoxymethane,C25843452,371.0,1,found
Fosamine,Fosamine,,0,no_boiling_point
Octhilinone,C26530201,,0,no_boiling_point
Triarimol,C26766278,,0,no_boiling_point
Timolol,C91524162,,0,no_boiling_point
2-Thiophenemethylamine,C27757853,,0,no_boiling_point
Dinitramine,C29091052,,0,no_boiling_point
Prodiamine,C29091212,,0,no_boiling_point
Toloxatone,,,0,not_found
Ioxitalamic Acid,,,0,not_found
5-Hydroxyoctanoic acid,,,0,not_found
Bitolterol,,,0,not_found
Morclofone,C31848018,,0,no_boiling_point
Fenamiphos sulfone,C31972448,,0,no_boiling_point
4-Ipomeanol,,,0,not_found
3-Hydroxynonanoic acid,,,0,not_found
Dobutamine,,,0,not_found
Zipeprol,C34758833,,0,no_boiling_point
3-Hydroxytropolone,,,0,not_found
Norsalsolinol,,,0,not_found
Carbuterol,,,0,not_found
Penbutolol,,,0,not_found
Iprodione,C36734197,,0,no_boiling_point
Perfluidone,C37924133,,0,no_boiling_point
Tolamolol,,,0,not_found
Fluorescamine,C38183129,,0,no_boiling_point
Hentriacontanoic acid,,,0,not_found
Ciclopirox Olamine,,,0,not_found
Nadolol,C42200339,,0,no_boiling_point
Chloroicosane,C42217027,,0,no_boiling_point
Levobunolol,,,0,not_found
Lonidamine,C50264692,,0,no_boiling_point
Isoprothiolane,C50512351,,0,no_boiling_point
Methylisothiazolinone,,,0,not_found
Hexazinone,C51235042,,0,no_boiling_point
Sparfosic Acid,,,0,not_found
Deoxynivalenol,C51481108,,0,no_boiling_point
Etoperidone,C57775221,,0,no_boiling_point
Diisopropanolnitrosamine,,,0,not_found
16-Iodohexadecanoic acid,,,0,not_found
3'-Adenylic acid,,,0,not_found
6-Benzoyl benzoxazolinone,,,0,not_found
Triadimenol,C55219653,,0,no_boiling_point
Muzolimine,C55294150,,0,no_boiling_point
4-Butoxybutanoic acid,,,0,not_found
Trinitronaphthalene,,,0,not_found
Phosphopantothenic acid,,,0,not_found
Terbufos sulfone,C56070167,,0,no_boiling_point
Medroxalol,,,0,not_found
Indacrinone,,,0,not_found
Diaziquone,,,0,not_found
Fenarimol,C60168889,,0,no_boiling_point
Nitroacetic acid,,,0,not_found
Lipoxal,,,0,not_found
Bopindolol,,,0,not_found
Cefoperazone,,,0,not_found
Lodoxamide,,,0,not_found
Ethylmethylthiambutene,C441612,,0,no_boiling_point
3-Methoxytropolone,,,0,not_found
Ethallobarbital,,,0,not_found
Isomebumal,,,0,not_found
3-Acetamidobenzoic acid,C587484,,0,no_boiling_point
1-Butanesulfonic acid,,,0,not_found
1-Octanesulfonic acid,,,0,not_found
Decylsulfonic acid,,,0,not_found
Homobaldrinal,C67910070,,0,no_boiling_point
1-Nitrophenanthrene,C17024178,,0,no_boiling_point
Piroctone Olamine,,,0,not_found
Avobenzone,C70356091,,0,no_boiling_point
Albendazole sulfone,,,0,not_found
Diclobutrazol,C75736333,,0,no_boiling_point
Enoximone,,,0,not_found
Bambuterol,,,0,not_found
Gepirone,,,0,not_found
Tucaresol,,,0,not_found
Mifepristone,C84371653,,0,no_boiling_point
Dopexamine,,,0,not_found
Mitoflaxone,,,0,not_found
Ractopamine,,,0,not_found
Lifibrol,,,0,not_found
Cyclodisone,,,0,not_found
2-Phenoxybutanoic acid,,,0,not_found
Esmolol,,,0,not_found
Piroxantrone,,,0,not_found
Adapalene,,,0,not_found
Levobetaxolol,,,0,not_found
Gadoteridol,,,0,not_found
Arbutamine,,,0,not_found
Ibandronic Acid,,,0,not_found
Ziprasidone,,,0,not_found
Tiludronic Acid,,,0,not_found
Trichloroacetamide,C594650,512.2,1,found
Dinitromethane,C625763,,0,no_boiling_point
Hexanitroethane,C918376,,0,no_boiling_point
Acid Violet 7 free acid,,,0,not_found
Dilinol acid,,,0,not_found
Stearyldiethanolamine,,,0,not_found
D-Lactic acid,,,0,not_found
Bezitramide,,,0,not_found
Methylsilanetriol,,,0,not_found
Brolamfetamine,C64638079,,0,no_boiling_point
Mefluidide-diolamine,,,0,not_found
Tritonal,,,0,not_found
Octol,,,0,not_found
4-Nitropyrene,C57835924,,0,no_boiling_point
Cetearyl alcohol,,,0,not_found
Cathinone,C71031157,,0,no_boiling_point
Tartrazine acid,,,0,not_found
Musk xylene,C81152,,0,no_boiling_point
Vanillyl alcohol,C498000,,0,no_boiling_point
tert-Butyldiethanolamine,C2160932,,0,no_boiling_point
Isothiocyanic acid,C3129906,,0,no_boiling_point
Clonitazene,,,0,not_found
Trichlorophene,C70304,,0,no_boiling_point
Disulfuric acid,,,0,not_found
Telluric acid,,,0,not_found
Styromal,,,0,not_found
1-Nitroadamantane,C7575828,,0,no_boiling_point
2-Nitroadamantane,C54564317,,0,no_boiling_point
1-Hyoscyamine,C101315,,0,no_boiling_point
Fenofibric Acid,,,0,not_found
Ursolic Acid,,,0,not_found
N-Methylnicotinamide,,,0,not_found
Betulinic Acid,,,0,not_found
Tuberculostearic acid,,,0,not_found
Medicagenic acid,,,0,not_found
4-Hydroxybenzamide,C619578,,0,no_boiling_point
Xanthotoxol,,,0,not_found
25-Hydroxycholesterol,,,0,not_found
Alizarin complexone,,,0,not_found
Peroxypropionic acid,C4212435,,0,no_boiling_point
Periodic acid,,,0,not_found
Gingko lactone,,,0,not_found
Peroxynitric acid,,,0,not_found
Oxiglutatione,,,0,not_found
Secoisolariciresinol,,,0,not_found
Diprogulic Acid,,,0,not_found
Taleranol,,,0,not_found
Exaprolol,R217868,,0,no_boiling_point
Iopamidol,,,0,not_found
4-Acetamidosalicylic acid,,,0,not_found
6beta-Hydroxytestosterone,,,0,not_found
Tetraiodothyroacetic acid,,,0,not_found
Tetrahydrocorticosterone,,,0,not_found
Tetrahydrodeoxycortisol,,,0,not_found
d-Camphorsulfonic acid,,,0,not_found
Terizidone,,,0,not_found
Oxaceprol,,,0,not_found
Performic Acid,,,0,not_found
8-Aminooctanoic acid,C1002579,,0,no_boiling_point
Cortivazol,,,0,not_found
Methylestradiol,C302761,,0,no_boiling_point
2-Methoxyestradiol,,,0,not_found
16-Ketoestradiol,,,0,not_found
6-Ketoestradiol,,,0,not_found
Phenolphthalol,C81925,,0,no_boiling_point
Violuric acid,C87398,,0,no_boiling_point
Tetrachlorohydroquinone,C87876,,0,no_boiling_point
Chloranilic acid,C87887,,0,no_boiling_point
2-Methylphloroglucinol,C88039,,0,no_boiling_point
Homophthalic acid,,,0,not_found
Salicylhydroxamic acid,,,0,not_found
Phenoldisulfonic acid,,,0,not_found
Nitarsone,,,0,not_found
Phenylboronic acid,,,0,not_found
5-Aminoisophthalic acid,,,0,not_found
1-Propanearsonic acid,,,0,not_found
Acetone semicarbazone,C110203,,0,no_boiling_point
Dioctadecylamine,C112992,,0,no_boiling_point
Moskene,C116665,,0,no_boiling_point
Rhodizonic acid,,,0,not_found
N-Methylanthranilic acid,C119686,,0,no_boiling_point
Parabanic acid,C120898,,0,no_boiling_point
3-Nitrobenzenesulfonamide,C121528,,0,no_boiling_point
Diphenolic acid,,,0,not_found
Chromotropic acid,,,0,not_found
Croceic acid,,,0,not_found
2-Ethoxybenzoic acid,C134112,,0,no_boiling_point
2-Benzoylthiophene,C135002,573.2,2,found
Musk tibetene,C145391,,0,no_boiling_point
Thiothiamine,,,0,not_found
2-Iodosobenzoic acid,,,0,not_found
Diazobenzenesulfonic acid,,,0,not_found
2-Oxooctanoic acid,,,0,not_found
Octafluoroadipic acid,,,0,not_found
3-Guanidinopropionic acid,,,0,not_found
Trifluoroacetamide,C354381,435.7,1,found
Pentafluoropropionamide,C354767,,0,no_boiling_point
Hexafluoroglutaric acid,C376738,,0,no_boiling_point
Perfluorosuccinic acid,,,0,not_found
Perfluorooctanamide,,,0,not_found
2-Fluorobenzamide,C445283,,0,no_boiling_point
Flavanthrone,,,0,not_found
Orsellinic acid,C480648,,0,no_boiling_point
Harmol,C487036,,0,no_boiling_point
5-Hydroxyflavone,C491781,,0,no_boiling_point
3-Pentadecylcatechol,,,0,not_found
Coumalic acid,C500050,,0,no_boiling_point
5-Heptylresorcinol,C500674,,0,no_boiling_point
3-Pentadecylphenol,C501246,,0,no_boiling_point
3-Hydroxypropionic acid,,,0,not_found
Dithiodiglycolic acid,,,0,not_found
Rotenolone,,,0,not_found
Diethylmalonic acid,C510203,,0,no_boiling_point
Opianic acid,,,0,not_found
4-Pentylresorcinol,C533244,,0,no_boiling_point
Acetonedicarboxylic acid,,,0,not_found
Taurocyamine,,,0,not_found
1-Hentriacontanol,,,0,not_found
Picrolonic acid,C550743,,0,no_boiling_point
Docosamethyldecasiloxane,,,0,not_found
Brallobarbital,C561864,,0,no_boiling_point
Bromonitromethane,C563702,,0,no_boiling_point
Isobutyramide,C563837,491.2,1,found
3-Aminosalicylic acid,C570230,,0,no_boiling_point
Buclosamide,,,0,not_found
2-Acetylbenzoic acid,C577560,,0,no_boiling_point
N-benzoylanthranilic acid,,,0,not_found
Nicotinuric acid,,,0,not_found
Bromohydroquinone,,,0,not_found
3-Nitrostyrene,C586390,,0,no_boiling_point
Allylarsonic acid,C590341,,0,no_boiling_point
17alpha-Estradiol,,,0,not_found
4-Methoxyestradiol,,,0,not_found
Butofilolol,,,0,not_found
Ethypicone,C467903,,0,no_boiling_point
Brinzolamide,,,0,not_found
Valdetamide,C512481,,0,no_boiling_point
Propacetamol,,,0,not_found
Drospirenone,,,0,not_found
Artemether,,,0,not_found
Trimegestone,,,0,not_found
Epiestriol,C547819,,0,no_boiling_point
Ethylmethylmalonic acid,,,0,not_found
Diethyl sulfone,C597353,,0,no_boiling_point
Dibutyl sulfone,C598049,,0,no_boiling_point
Glycinamide,C598414,,0,no_boiling_point
Glycolamide,C598425,,0,no_boiling_point
Ethyl phenyl sulfone,C599702,,0,no_boiling_point
Piloty's acid,C599713,,0,no_boiling_point
Isopropylmalonic acid,,,0,not_found
3-Nitrophthalic acid,C603112,,0,no_boiling_point
2-Nitromesitylene,C603714,528.2,1,found
Benzenehexol,,,0,not_found
2-Furamide,,,0,not_found
2-Chlorobenzamide,,,0,not_found
2-Hydroxynicotinic acid,C609712,,0,no_boiling_point
2-Ethylnitrobenzene,C612226,,0,no_boiling_point
7-Methyluric acid,,,0,not_found
5-Formylsalicylic acid,,,0,not_found
m-Toluamide,C618473,,0,no_boiling_point
3-Chlorobenzamide,C618484,,0,no_boiling_point
4-Nitrosalicylic acid,,,0,not_found
3-Nitrobenzyl alcohol,C619250,,0,no_boiling_point
4-Methylbenzamide,C619556,,0,no_boiling_point
4-Nitrobenzyl alcohol,C619738,,0,no_boiling_point
Dibenzyl sulfone,C620326,,0,no_boiling_point
2-Phenoxyacetamide,C621885,,0,no_boiling_point
4-Aminobenzyl alcohol,,,0,not_found
5-Oxodecanoic acid,,,0,not_found
Ethylthioacetic acid,,,0,not_found
Octanamide,C629016,,0,no_boiling_point
Hexadecanamide,C629549,,0,no_boiling_point
2-Nonadecanone,C629663,,0,no_boiling_point
2-Sulfamoylbenzoic acid,,,0,not_found
Rose Bengal Lactone,,,0,not_found
2-Aminoresorcinol,,,0,not_found
2-Ethylbutanedioic acid,C636486,,0,no_boiling_point
2-Thiophenemethanol,C636726,480.2,1,found
3-Pyridinesulfonic acid,,,0,not_found
4-Sulfobenzoic acid,,,0,not_found
Tetradecanamide,C638584,,0,no_boiling_point
Anhalamine,,,0,not_found
3-Methylhistamine,,,0,not_found
2-Aminooctanoic acid,C644906,,0,no_boiling_point
Clofenamide,,,0,not_found
N-Acetylhistamine,,,0,not_found
10-Oxoundecanoic acid,,,0,not_found
2-Bromoacetamide,C683578,,0,no_boiling_point
Leucinamide,,,0,not_found
1-Nitroheptane,C693390,,0,no_boiling_point
12-Aminododecanoic acid,,,0,not_found
4-Bromobenzamide,,,0,not_found
4-Bromobenzenesulfonamide,C701348,,0,no_boiling_point
5-Fluoroorotic acid,,,0,not_found
1-Methyluric acid,C708792,,0,no_boiling_point
8-Hydroxyoctanoic acid,C764896,,0,no_boiling_point
Tetrafluorohydroquinone,C771631,,0,no_boiling_point
Triacetylmethane,C815689,476.7,1,found
Cetyl vinyl ether,,,0,not_found
3-Nitrothiophene,C822844,498.2,1,found
2-Methoxyhydroquinone,C824464,,0,no_boiling_point
Octadecanedioic acid,C871705,,0,no_boiling_point
3-Methoxysalicylic acid,,,0,not_found
Pentafluoronitrobenzene,C880784,432.7,1,found
N-Methylolmethacrylamide,,,0,not_found
7-Formylheptanoic acid,,,0,not_found
2-Furanpropionic acid,C935137,,0,no_boiling_point
3-Chloroperbenzoic acid,C937144,,0,no_boiling_point
p-Chloroperbenzoic acid,,,0,not_found
p-Methoxyperbenzoic acid,,,0,not_found
4-Nitroperoxybenzoic acid,,,0,not_found
Morinamide,C952545,,0,no_boiling_point
9-Nitrophenanthrene,C954461,,0,no_boiling_point
Cyclohexylphosphonic acid,,,0,not_found
N-Acetyltryptamine,,,0,not_found
Trimethylolmelamine,,,0,not_found
5-Hydroxymaltol,C1073967,,0,no_boiling_point
Nonanamide,C1120076,,0,no_boiling_point
4-Ethylcatechol,C1124396,,0,no_boiling_point
4-Hexyloxybenzoic acid,C1142398,,0,no_boiling_point
4-Nitrobenzophenone,C1144747,,0,no_boiling_point
Vanillylamine,,,0,not_found
Bicinchoninic acid,,,0,not_found
Fencibutirol,,,0,not_found
Methscopolamine,,,0,not_found
Barbexaclone,,,0,not_found
Moprolol,C5741220,,0,no_boiling_point
Dicresulene,,,0,not_found
Nebivolol,,,0,not_found
Iloperidone,,,0,not_found
Dexrazoxane,,,0,not_found
Clobetasone,,,0,not_found
Masoprocol,,,0,not_found
Diflorasone,,,0,not_found
Endrisone,,,0,not_found
Heptadecanal,C629903,591.15,1,found
4-Fluorobenzamide,C824759,,0,no_boiling_point
Mexenone,,,0,not_found
5-Methoxyresorcinol,C2174643,,0,no_boiling_point
Mepiroxol,,,0,not_found
Naftazone,C15687373,,0,no_boiling_point
Mepindolol,,,0,not_found
Bufuralol,,,0,not_found
Carazolol,,,0,not_found
Loprodiol,C2209861,,0,no_boiling_point
Nixylic acid,,,0,not_found
Biclotymol,,,0,not_found
Indenolol,,,0,not_found
Oxymesterone,C145120,,0,no_boiling_point
Yohimbic Acid,,,0,not_found
Vinylbital,C2430491,,0,no_boiling_point
Tioxolone,C4991655,,0,no_boiling_point
Avarol,,,0,not_found
6-Hydroxyflavone,,,0,not_found
Magnolol,,,0,not_found
Methyl blue free acid,,,0,not_found
Blenoxane,,,0,not_found
Squalamine,,,0,not_found
Desethylhycanthone,,,0,not_found
Juncusol,,,0,not_found
Centazolone,,,0,not_found
3-Benzoylpropionic acid,,,0,not_found
4-Iodosalicylic acid,,,0,not_found
2-Thiophenesulfonamide,C6339873,,0,no_boiling_point
L-Cysteic acid,,,0,not_found
2-Aminobenzenesulfonamide,,,0,not_found
Phenylphosphinic acid,C1779482,,0,no_boiling_point
6-Hydroxynicotinic acid,C5006666,,0,no_boiling_point
2-Aminonicotinic acid,,,0,not_found
4-Butoxybenzoic acid,C1498960,,0,no_boiling_point
5-Aminoorotic acid,C7164434,,0,no_boiling_point
Lobaric Acid,,,0,not_found
2-Aminophenylarsonic acid,C2045003,,0,no_boiling_point
Xanthomicrol,,,0,not_found
Madecassic Acid,,,0,not_found
Panaxadiol,,,0,not_found
Bromosuccinic acid,,,0,not_found
Mandelamide,C4410315,,0,no_boiling_point
Panaxatriol,,,0,not_found
Neotenone,,,0,not_found
Homoeriodictyol,,,0,not_found
Isoneorautenol,,,0,not_found
Maslinic Acid,,,0,not_found
Flurprimidol,,,0,not_found
Paclobutrazol,C76738620,,0,no_boiling_point
Hydroxyaspergillic acid,,,0,not_found
Tetracyanoquinodimethane,,,0,not_found
2-Methyltriacontane,C1560721,,0,no_boiling_point
3-Aminopicolinic acid,,,0,not_found
4'-Cyanoacetophenone,C1443807,,0,no_boiling_point
Ethylphenylmalonic acid,,,0,not_found
Dipropylmalonic acid,,,0,not_found
10-Hydroxydecanoic Acid,C1679534,,0,no_boiling_point
Oxalyldihydroxamic acid,,,0,not_found
Styrylphosphonic acid,,,0,not_found
2-Nitroperbenzoic acid,,,0,not_found
Isophthalamide,C1740574,,0,no_boiling_point
2-Sulphopalmitic acid,,,0,not_found
Chloronitromethane,C1794849,395.65,2,found
2-Oxopentanoic acid,,,0,not_found
3-Chlorosalicylic acid,C1829329,,0,no_boiling_point
N-Methylsalicylamide,,,0,not_found
4-Methoxyphthalic acid,,,0,not_found
2-Hydroxyxanthone,,,0,not_found
1-Heptacosanol,C2004399,,0,no_boiling_point
Atovaquone,,,0,not_found
4-Cyclohexylresorcinol,C2138207,,0,no_boiling_point
Diacetoxydimethylsilane,C2182663,437.0,1,found
4-Methoxyisophthalic acid,,,0,not_found
4-Phenoxybenzoic acid,C2215772,,0,no_boiling_point
Propylbarbital,C2217085,,0,no_boiling_point
4-Methoxysalicylic acid,,,0,not_found
2-Phenoxybenzoic acid,C2243427,,0,no_boiling_point
1-Naphthalenecarboxamide,C2243814,,0,no_boiling_point
4-Benzylresorcinol,,,0,not_found
Decanamide,C2319291,,0,no_boiling_point
12-Oxotridecanoic acid,,,0,not_found
2-Isopropylhydroquinone,,,0,not_found
Methanediamine,,,0,not_found
Icosanal,C2400660,,0,no_boiling_point
Eicosanedioic Acid,C2424922,,0,no_boiling_point
2-Methoxybenzamide,C2439772,,0,no_boiling_point
3'-Acetoxyacetophenone,,,0,not_found
9-Oxononanoic acid,C2553175,,0,no_boiling_point
1-Nitrocyclohexene,C2562370,,0,no_boiling_point
Nitrocyclopentane,C2562381,453.2,1,found
Propionohydroxamic acid,,,0,not_found
5-Methoxysalicylic Acid,,,0,not_found
Phenylmalonic acid,,,0,not_found
Piperonylamine,C2620500,,0,no_boiling_point
Eicosamethylnonasiloxane,C2652133,,0,no_boiling_point
4-Styrenesulfonic acid,,,0,not_found
15-Nonacosanone,C2764730,,0,no_boiling_point
4-Aminobenzamide,C2835689,,0,no_boiling_point
2-Aminobenzophenone,C2835770,,0,no_boiling_point
2-Chloronicotinic acid,,,0,not_found
Decyltriethoxysilane,,,0,not_found
Terephthalamide,C3010820,,0,no_boiling_point
4-Cyanobenzamide,C3034342,,0,no_boiling_point
Docosanamide,C3061754,,0,no_boiling_point
Dodecyltrimethoxysilane,,,0,not_found
Benzyl phenyl sulfone,C3112887,,0,no_boiling_point
Benzyl methyl sulfone,C3112901,,0,no_boiling_point
4-Cyanobenzenesulfonamide,,,0,not_found
4-Hexanoylresorcinol,,,0,not_found
5-Pentadecylresorcinol,,,0,not_found
4-Nitroresorcinol,,,0,not_found
Butylphosphonic acid,,,0,not_found
11-Heneicosanol,C3381268,,0,no_boiling_point
Tetraisocyanatosilane,C3410773,,0,no_boiling_point
4-Methoxybenzamide,C3424939,568.2,1,found
Nitroethene,C500016671,,0,no_boiling_point
11-Hydroxyundecanoic acid,C3669805,,0,no_boiling_point
2-Nitrophenylacetic acid,C3740521,,0,no_boiling_point
Trichloroacrylamide,,,0,not_found
12-Oxododecanoic acid,,,0,not_found
Dicetyl Ether,,,0,not_found
Vinyltriacetoxysilane,,,0,not_found
3-Phenylglutaric acid,,,0,not_found
3-Isopropylglutaric acid,,,0,not_found
Methyltriacetoxysilane,C4253343,,0,no_boiling_point
Pentyl sulfone,,,0,not_found
Rosiglitazone,,,0,not_found
Hexanohydroxamic acid,C4312930,,0,no_boiling_point
N-Ethylnicotinamide,,,0,not_found
4-Oxooctanoic acid,,,0,not_found
Bromanilic acid,C4370596,,0,no_boiling_point
4-Butanoylresorcinol,,,0,not_found
1-Phenyloctadecane,C4445072,,0,no_boiling_point
5-Pyridoxolactone,,,0,not_found
Octylphosphonic acid,,,0,not_found
2-Nitropropene,,,0,not_found
Dimethylolpropionic acid,C4767037,,0,no_boiling_point
4-Ethoxyphenylacetic acid,C4919339,,0,no_boiling_point
Methylsulfonylacetone,,,0,not_found
4-Chlorosalicylic acid,,,0,not_found
Perfluorotrihexylamine,C432086,,0,no_boiling_point
12-Hydroxydodecanoic acid,C505953,,0,no_boiling_point
2-Acetoxypropanoic acid,C535171,,0,no_boiling_point
Ethyl methyl sulfone,,,0,not_found
2-Stearoylglycerol,C621614,,0,no_boiling_point
4-Diazoquinone,,,0,not_found
6-Chloronicotinic acid,C5326238,,0,no_boiling_point
2-Hydrazinobenzoic acid,,,0,not_found
2-Butanoylthiophene,C5333835,,0,no_boiling_point
N-Ethylbenzenesulfonamide,,,0,not_found
2-Thiopheneethanol,C5402551,,0,no_boiling_point
2-Nitrophenylarsonic acid,,,0,not_found
Dimyristyl Ether,,,0,not_found
4-Bromophenylboronic acid,,,0,not_found
2-Isopropylthioxanthone,C5495841,,0,no_boiling_point
9-Formylnonanoic acid,,,0,not_found
Decaethylene glycol,C5579668,,0,no_boiling_point
Apigenin trimethyl ether,,,0,not_found
11-Cyanoundecanoic acid,,,0,not_found
Tetradodecylstannane,C5827565,,0,no_boiling_point
Chlorotridodecylstannane,,,0,not_found
Acetoacetamide,C5977140,,0,no_boiling_point
L-Alaninol,,,0,not_found
d-Alaninol,C35320231,447.7,1,found
Cyclopropanecarboxamide,C6228735,,0,no_boiling_point
6-Chloronicotinamide,,,0,not_found
N-Acetylhomoveratrylamine,C6275292,,0,no_boiling_point
Dioctadecyl ether,C6297036,,0,no_boiling_point
5-Bromovanillic acid,,,0,not_found
5-Sulfoisophthalic acid,,,0,not_found
o-Nitrocumene,C6526723,,0,no_boiling_point
Tetraisothiocyanatosilane,C6544021,,0,no_boiling_point
Hexadecanophenone,C6697127,,0,no_boiling_point
Dodecaethylene glycol,U352127,,0,no_boiling_point
Undecaethylene glycol,C6809707,,0,no_boiling_point
Benzylphosphonic Acid,,,0,not_found
4-Bromophthalic acid,C6968281,,0,no_boiling_point
4-Pteridinamine,,,0,not_found
Vocol,,,0,not_found
3-Phenoxypropionic acid,C7170389,513.2,1,found
11-Phenoxyundecanoic acid,C7170447,,0,no_boiling_point
2-Octadecanone,C7373139,,0,no_boiling_point
Octadecyltriethoxysilane,C7399000,,0,no_boiling_point
2-Bromohexadecanoic acid,,,0,not_found
Nitrosylsulfuric acid,,,0,not_found
Molybdic acid,,,0,not_found
4-Ethoxysalicylic acid,,,0,not_found
Hydroxytyrosol,,,0,not_found
10-Aminodecanoic acid,,,0,not_found
5-Acetylsalicylic acid,,,0,not_found
L-Leucic acid,,,0,not_found
Perrhenic acid,,,0,not_found
Acetoxyacetic acid,C13831306,,0,no_boiling_point
Aminomethanesulfonic acid,C13881919,,0,no_boiling_point
Biotin sulfone,,,0,not_found
D-Aspartic acid,C1783966,,0,no_boiling_point
Ketorolac Tromethamine,,,0,not_found
1-Docosanamine,C14130064,,0,no_boiling_point
2-Octanamidoacetic acid,,,0,not_found
Thevinone,,,0,not_found
Heneicosanol,C15594908,,0,no_boiling_point
Hexanitrosobenzene,,,0,not_found
4-Pentyloxybenzoic acid,C15872410,,0,no_boiling_point
2-Pyridineacetic acid,,,0,not_found
Dihydrothevinone,,,0,not_found
Hexadecyltrimethoxysilane,,,0,not_found
Methional diethyl acetal,,,0,not_found
4-Keto stearic acid,,,0,not_found
5-Oxooctadecanoic acid,,,0,not_found
Dihexadecylamine,C16724633,,0,no_boiling_point
10-Nonadecanol,C16840849,,0,no_boiling_point
3-Methylheptacosane,C14167669,,0,no_boiling_point
2-Ethyloctadecanoic acid,C14276803,,0,no_boiling_point
2-Hexyldodecanol,,,0,not_found
Flusulfamide,,,0,not_found
Sulfentrazone,,,0,not_found
Thifluzamide,C130000407,,0,no_boiling_point
Stearoyllactic acid,,,0,not_found
p-Cyanocinnamic acid,,,0,not_found
Ritalinic acid,,,0,not_found
3-Hydroxymandelic acid,,,0,not_found
4-Hydroxyphenylacetamide,,,0,not_found
Hexathiepane,C17233715,,0,no_boiling_point
Dimyristylamine,,,0,not_found
Ethyltriacetoxysilane,,,0,not_found
Methanesulfinic acid,C17696730,,0,no_boiling_point
Hexapropyldisiloxane,,,0,not_found
3-Octadecanone,C18261922,,0,no_boiling_point
Fluorotrihexylstannane,,,0,not_found
N-Octadecylbenzylamine,,,0,not_found
N-Methylacetoacetamide,,,0,not_found
L-Methionine sulfoximine,,,0,not_found
3-Methyldotriacontane,C20129491,,0,no_boiling_point
dl-Codamine,,,0,not_found
Oryzanol,,,0,not_found
5-Benzyloxytryptamine,,,0,not_found
Pentadecyloxirane,,,0,not_found
Loganic Acid,,,0,not_found
Nonadecylcyclohexane,C22349037,,0,no_boiling_point
2-Acetylbenzothiophene,,,0,not_found
3-Bromobenzamide,C22726007,,0,no_boiling_point
Abnormal cannabidiol,,,0,not_found
Ditrimethylolpropane,,,0,not_found
4-Isopropylresorcinol,,,0,not_found
4-Dodecylresorcinol,C24305564,,0,no_boiling_point
D-Iditol,,,0,not_found
2-Acetoxypropanal,C22094231,,0,no_boiling_point
Tetrapropylene glycol,,,0,not_found
Sobrerol,C498715,,0,no_boiling_point
Equol,,,0,not_found
Nirvanol,C631072,,0,no_boiling_point
Fluocinolone,,,0,not_found
6-Phosphogluconic acid,,,0,not_found
Catalpol,,,0,not_found
Glycidamide,,,0,not_found
4-Hydroxypropranolol,,,0,not_found
Salsolinol,,,0,not_found
Cybutryne,,,0,not_found
Gliquidone,,,0,not_found
2-Methylhippuric acid,,,0,not_found
Hydroxyflutamide,,,0,not_found
Bitertanol,C55179312,,0,no_boiling_point
Nuarimol,C63284719,,0,no_boiling_point
Flutriafol,C76674210,,0,no_boiling_point
Diclopentezol,,,0,not_found
Sulcotrione,,,0,not_found
Difethialone,,,0,not_found
1-Hexadecylnaphthalene,C83240420,,0,no_boiling_point
cis-Nabilone,,,0,not_found
Ruberythric acid,,,0,not_found
DL-Homocysteic acid,,,0,not_found
1-Pentacosanol,C26040982,,0,no_boiling_point
Phenylacetylglutamine,,,0,not_found
Glucuronolactone,,,0,not_found
Pyridafol,,,0,not_found
6-Hydroxybentazone,,,0,not_found
Vestitol,,,0,not_found
Allotetrahydrocortisol,,,0,not_found
11-Hydroxyprogesterone,,,0,not_found
Uvaol,C545460,,0,no_boiling_point
Hyocholic Acid,,,0,not_found
21-Deoxycortisol,,,0,not_found
19-Aldoandrostenedione,,,0,not_found
L-Penicillamine,,,0,not_found
Nipecotamide,C4138265,,0,no_boiling_point
Podocarpic acid,,,0,not_found
Isohumulone,C25522967,,0,no_boiling_point
Panaxytriol,,,0,not_found
9-Eicosenoic acid,,,0,not_found
11-Ketoprogesterone,,,0,not_found
Isomaltitol,,,0,not_found
2-Hydroxyoctanoic acid,,,0,not_found
Panthenyl ethyl ether,,,0,not_found
Pregnenediol,,,0,not_found
3-Hydroxydodecanoic acid,,,0,not_found
Isoallolithocholic acid,,,0,not_found
Dehydrodeoxycholic acid,,,0,not_found
Paradol,C27113220,,0,no_boiling_point
Stearoyl glutamic acid,,,0,not_found
Tetratriacontanoic acid,C38232041,,0,no_boiling_point
D-Glucuronic Acid,,,0,not_found
9-Acridinecarboxylic acid,,,0,not_found
16-Hentriacontanone,C502738,,0,no_boiling_point
Benzopinacol,C464722,,0,no_boiling_point
12-Oxooctadecanoic acid,,,0,not_found
3-Nitrofluorene,C5397375,,0,no_boiling_point
2-Pyridinesulfonic acid,,,0,not_found
Benzylarsonic acid,,,0,not_found
2-Methyleneglutaric acid,,,0,not_found
2-Naphthaleneacetamide,,,0,not_found
Phenylsuccinic acid,C635518,,0,no_boiling_point
Enallylpropymal,C1861218,,0,no_boiling_point
3-Bromosulfolane,,,0,not_found
N-Benzoylaspartic acid,,,0,not_found
Benzylidenemalonic acid,C584452,,0,no_boiling_point
5-Bromoorotic acid,,,0,not_found
Thymohydroquinone,C2217609,,0,no_boiling_point
Quinacetol,,,0,not_found
4-Acetoxybenzyl alcohol,,,0,not_found
Dotriacontanol,C6624799,,0,no_boiling_point
Imidazoleacetic acid,,,0,not_found
Isopropyl sulfone,,,0,not_found
3-Chlorophthalic acid,,,0,not_found
Ala-Val,C3303455,,0,no_boiling_point
3-Nitrophenanthrene,R346080,,0,no_boiling_point
4-Hydroxybenzylamine,,,0,not_found
4-Methylhippuric acid,,,0,not_found
s-Hexylglutathione,,,0,not_found
Ethyl p-tolyl sulfone,,,0,not_found
2-Chloromandelic acid,,,0,not_found
2-Hydroxydodecanoic acid,C2984556,,0,no_boiling_point
2-Bromostearic acid,C142949,,0,no_boiling_point
p-Bromomandelic acid,,,0,not_found
2-Hydroxypentanoic acid,,,0,not_found
4-Fluoromandelic acid,C395335,,0,no_boiling_point
Aurantiol,,,0,not_found
2-Nonadecanol,C26533368,,0,no_boiling_point
3-Methoxybenzamide,C5813865,,0,no_boiling_point
6-Oxoheptanoic acid,C3128072,,0,no_boiling_point
3-Methylhippuric acid,,,0,not_found
Tetrathiafulvalene,C31366253,,0,no_boiling_point
26-Hydroxycholesterol,,,0,not_found
Lecanoric Acid,,,0,not_found
Tetrahydrophthalamic acid,,,0,not_found
2-Hydroxyhexanoic acid,,,0,not_found
Syringaresinol,,,0,not_found
Claussequinone,,,0,not_found
N-Methylmercaptoacetamide,C20938743,,0,no_boiling_point
Difenpiramide,,,0,not_found
Clomesone,,,0,not_found
Rapanone,,,0,not_found
Aminomalonic acid,,,0,not_found
Dehydroneotenone,,,0,not_found
Eupatoriochromene,R429224,,0,no_boiling_point
Serinamide,,,0,not_found
5-Fluoroanthranilic acid,,,0,not_found
Propynamide,C7341960,,0,no_boiling_point
3'-Uridylic acid,,,0,not_found
2'-Cytidylic acid,,,0,not_found
Eldoral,,,0,not_found
Peracitol,,,0,not_found
Erythrodiol,,,0,not_found
Allotetrahydrocortisone,,,0,not_found
Quillaic Acid,,,0,not_found
Apocholic Acid,,,0,not_found
11-Ketoetiocholanolone,C739275,,0,no_boiling_point
11-Ketoandrosterone,C1231829,,0,no_boiling_point
21-Deoxycortisone,,,0,not_found
Gestonorone,,,0,not_found
2-Decylbutanedioic acid,,,0,not_found
PPG-10 Oleyl ether,,,0,not_found
Euparone,C53947867,,0,no_boiling_point
Desethylamiodarone,,,0,not_found
Alfaxalone,,,0,not_found
S-Nitrosoglutathione,,,0,not_found
Eicosyl ethyl ether,U406366,,0,no_boiling_point
Ethyl octadecyl amine,R543107,,0,no_boiling_point
Dihydrojasmonic acid,,,0,not_found
4-Nitromethylamphetamine,,,0,not_found
Val-Val,C3918943,,0,no_boiling_point
7alpha-Hydroxycholesterol,,,0,not_found
22-Hydroxycholesterol,,,0,not_found
Fusarochromanone,,,0,not_found
2-Aminopropiophenone,,,0,not_found
3-Hydroxypentanoic acid,,,0,not_found
Lycopsamine,R178248,,0,no_boiling_point
Zearalanone,,,0,not_found
Cafestol,,,0,not_found
Madecassol,,,0,not_found
Tamibarotene,,,0,not_found
Losartan carboxylic acid,,,0,not_found
9-Methyluric acid,,,0,not_found
p-Ethoxybenzamide,,,0,not_found
Glucoheptonolactone,,,0,not_found
1-Ethoxytetradecane,,,0,not_found
Palmitylphenoxybenzene,,,0,not_found
Triisopropanol-amine,C122203,,0,no_boiling_point
3-Oxoglycyrrhetinic acid,,,0,not_found
2-Methyloctadecanoic acid,,,0,not_found
L-Prolinamide,,,0,not_found
4-Methoxymandelic acid,,,0,not_found
Etiocholenic acid,,,0,not_found
3-Oxoheptanoic acid,,,0,not_found
Ethyl triacontyl ether,U406371,,0,no_boiling_point
4-Hydroxypentanoic acid,,,0,not_found
Glycohyodeoxycholic acid,,,0,not_found
Precirol,,,0,not_found
Diclofenac Epolamine,,,0,not_found
5-Hydroxydopamine,,,0,not_found
Florfenicol,,,0,not_found
Higenamine,,,0,not_found
Cinnabarinic acid,,,0,not_found
Perboric acid,,,0,not_found
alpha-Hydroxymetoprolol,,,0,not_found
Triazene,C15056345,,0,no_boiling_point
Epomediol,,,0,not_found
Merulidial,,,0,not_found
Trichlamide,C70193214,,0,no_boiling_point
Diclofenac Diethylamine,,,0,not_found
Enterodiol,,,0,not_found
16alpha-Hydroxyestrone,,,0,not_found
Selenocystamine,,,0,not_found
Paliperidone,,,0,not_found
Glycolithocholic acid,,,0,not_found
S-Methylglutathione,,,0,not_found
Hemigossypol,,,0,not_found
Nitisinone,,,0,not_found
Perospirone,,,0,not_found
2-Methylhexadecanoic acid,,,0,not_found
o-Hexadecylphenol,,,0,not_found
Cyperaquinone,,,0,not_found
Hexanal dihexyl acetal,,,0,not_found
Asiatic Acid,,,0,not_found
Taurohyodeoxycholic acid,,,0,not_found
Matairesinol,,,0,not_found
Epoxyoleic acid,C24560983,,0,no_boiling_point
Dexsotalol,,,0,not_found
Reduced haloperidol,,,0,not_found
Kievitone,,,0,not_found
Cyasterone,,,0,not_found
Muricholic acid,,,0,not_found
l-Buthionine sulfoximine,,,0,not_found
Benzodrocortisone,,,0,not_found
5-Ethylpicolinic acid,,,0,not_found
Allitol,,,0,not_found
Pitofenone,,,0,not_found
Carglumic Acid,,,0,not_found
3'-Hydroxyamobarbital,C1421074,,0,no_boiling_point
2-Methoxyresorcinol,C29267672,,0,no_boiling_point
Taurodehydrocholic acid,,,0,not_found
20-Hydroxycholesterol,,,0,not_found
D-arabinonic acid,,,0,not_found
Zoxamide,R566833,,0,no_boiling_point
Ursocholic acid,,,0,not_found
Emodin anthrone,,,0,not_found
Celastrol,,,0,not_found
Dehydroacetic acid,C520456,543.2,1,found
3-Phenylsydnone,C120069,,0,no_boiling_point
Diazene,,,0,not_found
Difluorodisulfane,C13709358,,0,no_boiling_point
Peroxynitrous Acid,,,0,not_found
Dithiophosgene,,,0,not_found
2-Palmitoylglycerol,C23470000,,0,no_boiling_point
Methanesulfenic acid,C62965224,,0,no_boiling_point
p-Pentyloxynitrobenzene,C63469114,,0,no_boiling_point
3-Thiophenemethanol,C71637348,,0,no_boiling_point
Levalbuterol,,,0,not_found
CDP-Ethanolamine,,,0,not_found
Norketamine,R593385,,0,no_boiling_point
L-Topaquinone,,,0,not_found
27-Hydroxycholesterol,,,0,not_found
6alpha-Methylprednisone,,,0,not_found
Glutathione,,,0,not_found
Hypothiocyanous acid,,,0,not_found
2-Methylerythritol,,,0,not_found
6-Sialyllactosamine,,,0,not_found
N-nitrosonipecotic acid,,,0,not_found
27-Oxooctacosanoic acid,,,0,not_found
Repandiol,,,0,not_found
Isoflupredone,,,0,not_found
Isoursodeoxycholic acid,,,0,not_found
Homoursodeoxycholic acid,,,0,not_found
Phocaecholic acid,,,0,not_found
2-Hydroxydecanedioic acid,,,0,not_found
N-Depropylpropafenone,,,0,not_found
3-Oxooctanoic acid,,,0,not_found
Galactonic acid,,,0,not_found
Rufinamide,C106308445,,0,no_boiling_point
Panaxacol,,,0,not_found
Xylene cyanol,,,0,not_found
Dihydropanaxacol,,,0,not_found
Xanthoxylol,,,0,not_found
O-Demethyltramadol,,,0,not_found
Squamone,,,0,not_found
Dexpanthenol,C81130,,0,no_boiling_point
Arbidol,,,0,not_found
Safinamide,,,0,not_found
4-Hydroxyisovaleric acid,,,0,not_found
Isovalerylglutamic acid,,,0,not_found
Castasterone,R553436,,0,no_boiling_point
2-Bromohippuric acid,,,0,not_found
Lanthionine ketimine,,,0,not_found
3-Hydroxyvalproic acid,,,0,not_found
4-Hydroxyvalproic acid,,,0,not_found
N-Hydroxypentanamide,,,0,not_found
4-Hydroxynonanoic acid,,,0,not_found
Propanediol,,,0,not_found
Hexanediamine,,,0,not_found
Gyrophoric acid,,,0,not_found
Cystathionine ketimine,,,0,not_found
4-Androstenediol,,,0,not_found
Durohydroquinone,C527184,,0,no_boiling_point
Methyltartronic acid,C595982,,0,no_boiling_point
n-Propylnitramine,C627076,,0,no_boiling_point
Heptanamide,C628626,,0,no_boiling_point
1-Nitrooctane,B6000995,,0,no_boiling_point
Tartaramide,C6051305,,0,no_boiling_point
n-Heptylmalonic acid,C760543,,0,no_boiling_point
9-Aminononanoic acid,C1120123,,0,no_boiling_point
Difluorodinitromethane,C1185111,,0,no_boiling_point
4-Nitrodiphenylmethane,C1817772,,0,no_boiling_point
7-Hydroxyheptanoic acid,C3710427,,0,no_boiling_point
9-Hydroxynonanoic acid,C3788565,,0,no_boiling_point
3-Propylglutaric acid,C4165984,,0,no_boiling_point
Phenyl t-butyl sulfone,C4170723,,0,no_boiling_point
4-Propoxybenzoic acid,C5438197,,0,no_boiling_point
2-Nitrobenzenesulfonamide,C5455594,,0,no_boiling_point
Dipropionamide,C6050266,488.2,1,found
n-Hexadecylcyclopentane,C6812391,,0,no_boiling_point
N-Methyl hexadecanamide,C7388581,,0,no_boiling_point
Diphenyl disulfone,C10409060,,0,no_boiling_point
Glyceryl Capryl Ether,,,0,not_found
Pentathiolane,,,0,not_found
Peroxydecanoic acid,C14156106,,0,no_boiling_point
Isothiocyanatosilane,,,0,not_found
Allyl methyl sulfone,,,0,not_found
2-Methoxyacetamide,C16332062,,0,no_boiling_point
Hexaphenylmelamine,C18343403,,0,no_boiling_point
Tetradecaneperoxoic acid,C19816730,,0,no_boiling_point
Tetracyanomethane,,,0,not_found
Methyldinitramine,C25346058,,0,no_boiling_point
2-Octanoylthiophene,C30711412,,0,no_boiling_point
Peroxytridecanoic acid,C40915966,,0,no_boiling_point
Decanohydroxamic acid,,,0,not_found
Pro-val,C52899099,,0,no_boiling_point
Dicyanothioketene,C54856369,,0,no_boiling_point
2-Aminocyclopentanol,,,0,not_found
Trimethylsulfonylmethane,C67294819,,0,no_boiling_point
D-glutamine,,,0,not_found
Danielone,,,0,not_found
Hycanthone acid,,,0,not_found
L-Methioninamide,,,0,not_found
4-Nitrofluorene,R173189,,0,no_boiling_point
Hexanediol,,,0,not_found
Picolinohydroxamic acid,,,0,not_found
Questinol,,,0,not_found
Diquafosol,,,0,not_found
Nigerone,,,0,not_found
Allophanic acid,,,0,not_found
delta 5-Pregnenetriol,,,0,not_found
16-Oxoandrostenediol,,,0,not_found
gamma-Glutamylglutamine,,,0,not_found
2-Methylhexacosane,C1561020,,0,no_boiling_point
Phenylthiopropylamine,,,0,not_found
19-Hydroxytestosterone,,,0,not_found
2-Methylacetoacetic acid,,,0,not_found
Galactonolactone,,,0,not_found
4-Hydroxyhippuric acid,,,0,not_found
16-Fluoropalmitic acid,,,0,not_found
L-Quebrachitol,,,0,not_found
20alpha-Dihydrocortisone,,,0,not_found
N-Formylbenzamide,,,0,not_found
4-Pyridoxolactone,,,0,not_found
L-Tyrosinamide,,,0,not_found
D-Altritol,,,0,not_found
N-Methylglycinamide,,,0,not_found
3-Hydroxyhexanoic acid,,,0,not_found
3-Pyrazolidone,,,0,not_found
4-Aminocatechol,,,0,not_found
5-Hydroxypyrazinamide,,,0,not_found
13-Hydroxydocosanoic acid,,,0,not_found
3-Hydroxyhexanedioic acid,,,0,not_found
Carbetamide,C16118493,,0,no_boiling_point
Phosphorodithioic acid,,,0,not_found
Gulonic acid,,,0,not_found
2-Ethyladipic acid,,,0,not_found
Histidinal,,,0,not_found
Glucosyl steviol,,,0,not_found
2-Hydroxytricosanoic acid,,,0,not_found
16-Heptadecenoic acid,,,0,not_found
Chlorohexadienedioic acid,,,0,not_found
Amicarbazone,,,0,not_found
Gadodiamide,,,0,not_found
Bazedoxifene,,,0,not_found
Eucommiol,,,0,not_found
Hyoscyamine,C101315,,0,no_boiling_point
Glycosolone,,,0,not_found
Kolaflavanone,,,0,not_found
Sideritoflavone,,,0,not_found
Tricosanal,C72934022,,0,no_boiling_point
Heptacosanal,C72934033,,0,no_boiling_point
7-Acetyllycopsamine,R227815,,0,no_boiling_point
1-Tritriacontanol,,,0,not_found
Ketanserinol,,,0,not_found
Florfenicol amine,,,0,not_found
Tephrinone,,,0,not_found
Cyclokievitone,,,0,not_found
Barbigerone,,,0,not_found
Lactitol,,,0,not_found
Lubiprostone,,,0,not_found
Triphasiol,,,0,not_found
Isosativanone,,,0,not_found
4-Isopropylthioxanthone,,,0,not_found
Gadoteric acid,,,0,not_found
Avocadene,,,0,not_found
Norcholic acid,,,0,not_found
2-Methoxystypandrone,,,0,not_found
Ethylhexyl triazone,,,0,not_found
Yakkasterone,,,0,not_found
Westiellamide,,,0,not_found
2-Oxohexanoic acid,,,0,not_found
4-Guanidinobenzoic acid,,,0,not_found
Diallyl sulfone,,,0,not_found
Baldrinal,C18234463,,0,no_boiling_point
Epsilon-pyrromycinone,,,0,not_found
Welchol,,,0,not_found
Tricyclodecanedimethanol,,,0,not_found
Cirsiliol,,,0,not_found
Cryptotanshinone,,,0,not_found
Arsonic acid,,,0,not_found
2'-Hydroxymatteucinol,,,0,not_found
Cloponone,C15301505,,0,no_boiling_point
Argininic acid,,,0,not_found
3'-Ketohexobarbital,C427305,,0,no_boiling_point
Cortolone,,,0,not_found
Cellobiotol,,,0,not_found
O-Carbamoylhydroxylamine,,,0,not_found
Isohomovanillic acid,,,0,not_found
Cannabidiolic acid,,,0,not_found
Pentadecanedioic Acid,C1460180,,0,no_boiling_point
4-Hydroxytestosterone,,,0,not_found
Orotidylic acid,,,0,not_found
Allocholic acid,,,0,not_found
Vanillactic acid,,,0,not_found
5alpha-Cyprinol,,,0,not_found
Testololactone,,,0,not_found
Dihydrosterculic acid,C5711284,,0,no_boiling_point
Butylscopolamine,,,0,not_found
N-bromobenzenesulfonamide,,,0,not_found
D-ribosylnicotinic acid,,,0,not_found
Lunularic acid,,,0,not_found
Aleuritolic Acid,,,0,not_found
Homocysteinesulfinic acid,,,0,not_found
Myricanone,,,0,not_found
Ikshusterol,,,0,not_found
2'-Hydroxyflavone,,,0,not_found
Fukiic acid,Fukiic acid,,0,no_boiling_point
Dihydroguaiaretic Acid,,,0,not_found
Capsidiol,,,0,not_found
Palmitoyl glutamic acid,,,0,not_found
Oxfendazole sulfone,,,0,not_found
O-Demethylmetoprolol,,,0,not_found
Asterone,,,0,not_found
Lycopane,,,0,not_found
Dopamine quinone,,,0,not_found
Cortolonic acid,,,0,not_found
Cortolic acid,,,0,not_found
N-Desmethylzopiclone,R178491,,0,no_boiling_point
Tixocortol,,,0,not_found
Dihydrocitrinone,,,0,not_found
Sclareol,C515037,,0,no_boiling_point
Ascidiacyclamide,,,0,not_found
5-Hydroxyanthranilic acid,,,0,not_found
D-Pinitol,,,0,not_found
Isodeoxycholic acid,,,0,not_found
5-Hydroxykynurenamine,,,0,not_found
Dihydrocortisol,,,0,not_found
Isolithocholic Acid,,,0,not_found
Irisolone,,,0,not_found
Dehydrodieugenol,C4433083,,0,no_boiling_point
Proximadiol,C4666846,,0,no_boiling_point
L-histidinol,,,0,not_found
4'-Hydroxyflavanone,,,0,not_found
Scymnol,,,0,not_found
Dichloronitromethane,,,0,not_found
Butanediol,C110634,502.88,5,found
Tetramethylsebacamide,,,0,not_found
Anacardic acid,,,0,not_found
7-Hydroxyoctanoic acid,,,0,not_found
22R-hydroxycholesterol,,,0,not_found
Acrylamide bisacrylamide,,,0,not_found
Glutaramic acid,,,0,not_found
Tauromuricholic acid,,,0,not_found
Beta-Boswellic Acid,,,0,not_found
D-Threitol,,,0,not_found
11-Hydroxylauric acid,,,0,not_found
Ferric Maltol,,,0,not_found
S-Cysteinosuccinic acid,,,0,not_found
Tetramethylpimelamide,,,0,not_found
9-Anthramide,,,0,not_found
5-Hydroxyhexanoic acid,,,0,not_found
Chlobenthiazone,,,0,not_found
Grevillol,C5259018,,0,no_boiling_point
Oleyl oleamide,,,0,not_found
Dibromomalonamide,,,0,not_found
Docosahexenoic acid,,,0,not_found
Mesotrione,,,0,not_found
Dendrophenol,,,0,not_found
Nonadecanal,R71701,,0,no_boiling_point
4'-Aminoflavone,,,0,not_found
Propoxycarbazone,,,0,not_found
L-Homocysteic acid,,,0,not_found
Tembamide,,,0,not_found
Graveolone,,,0,not_found
Carbophenothion sulfone,C16662854,,0,no_boiling_point
Phomalone,,,0,not_found
Arzoxifene,,,0,not_found
1-Nitrofluorene,U360446,,0,no_boiling_point
Dihydropashanone,,,0,not_found
8-Methoxycirsilineol,,,0,not_found
Pentacosanal,,,0,not_found
Homochenodeoxycholic acid,,,0,not_found
Cyanazine acid,,,0,not_found
Tritriacontanoic acid,,,0,not_found
Ajugalactone,,,0,not_found
3-Hydroxyglutaric acid,,,0,not_found
2-Methylnonacosane,C1560754,,0,no_boiling_point
ent-Fisetinidol,,,0,not_found
Aceglutamide,,,0,not_found
Hemigossypolone,,,0,not_found
Catechin tetramethylether,,,0,not_found
Minquartynoic Acid,,,0,not_found
Aristolodione,,,0,not_found
Prohexadione,,,0,not_found
5-Methylheptadecane,,,0,not_found
Hydroxycitric acid,,,0,not_found
1-Tetratriacontanol,,,0,not_found
Botrydial,,,0,not_found
Amorpholone,,,0,not_found
Dihydroresveratrol,,,0,not_found
Dormatinol,,,0,not_found
7-Ketodeoxycholic acid,,,0,not_found
Naringenin 5-methyl ether,,,0,not_found
Ineketone,,,0,not_found
Spaglumic acid,,,0,not_found
2-Ethylhydracrylic acid,,,0,not_found
3-Methylpentacosane,C6902541,,0,no_boiling_point
16-Ketostearic acid,,,0,not_found
2-Hydroxyphytanic acid,,,0,not_found
Solidagenone,,,0,not_found
Marthasterone,,,0,not_found
S-Formylglutathione,,,0,not_found
Dihydrokanakugiol,,,0,not_found
Dexnebivolol,,,0,not_found
Nimbionol,,,0,not_found
Graphisquinone,,,0,not_found
3-Lauroxylauric acid,,,0,not_found
Hexestrol,C84162,,0,no_boiling_point
Norursodeoxycholic acid,,,0,not_found
Uralene,,,0,not_found
Mannosylamine,,,0,not_found
Caperatic acid,,,0,not_found
4-Aminotetrolic acid,,,0,not_found
alpha-Phocaecholic acid,,,0,not_found
Glucopyranosylamine,,,0,not_found
4-Hydroxyhexanoic acid,,,0,not_found
2-Hydroxydocosanoic acid,,,0,not_found
2-Hydroxyadipic acid,,,0,not_found
Isopropoxysilatrane,,,0,not_found
Nordeoxycholic acid,,,0,not_found
Isounonal,,,0,not_found
4-Methoxyestrone,,,0,not_found
N-Methylacetohexamide,,,0,not_found
Benzhydrylphosphonic Acid,,,0,not_found
Trichechol,,,0,not_found
Gadusol,,,0,not_found
27-Norcholestanehexol,,,0,not_found
Litebamine,,,0,not_found
Isopropylphosphonic acid,,,0,not_found
Shinflavanone,C157414034,,0,no_boiling_point
5-Acetylsalicylamide,,,0,not_found
Manniflavanone,,,0,not_found
N-Desmethyltramadol,,,0,not_found
1-Phenoxysilatrane,C3463227,,0,no_boiling_point
1-Methoxysilatrane,C4025803,,0,no_boiling_point
Phenyl isopropyl sulfone,,,0,not_found
6beta-Hydroxyprogesterone,,,0,not_found
2-Deoxystreptamine,,,0,not_found
Ethylphosphonic acid,,,0,not_found
Dronedarone,,,0,not_found
Famoxadone,,,0,not_found
Lurasidone,,,0,not_found
Ipomeamaronol,,,0,not_found
Diethylphenobarbital,C38024601,,0,no_boiling_point
Clenproperol,,,0,not_found
Hydroxymethylclenbuterol,,,0,not_found
Lacosamide,C175481364,,0,no_boiling_point
4-Nitrophenylacetone,C5332967,,0,no_boiling_point
Glucurolactone,,,0,not_found
Pregnanediol,C80922,,0,no_boiling_point
3-Acetylbenzoic acid,,,0,not_found
N-benzylstearamide,C5327457,,0,no_boiling_point
1-Nitropentane,C628057,445.7,1,found
1-Nitrodecane,C4609874,,0,no_boiling_point
Ethylarsonic acid,C507324,,0,no_boiling_point
Cholic Acid,C81254,,0,no_boiling_point
Erythritol,C149326,603.7,1,found
Deoxycholic Acid,,,0,not_found
Cortisone,C53065,,0,no_boiling_point
4-Aminopentanoic acid,,,0,not_found
5-Methylbenzimidazolone,,,0,not_found
Adrenosterone,C382456,,0,no_boiling_point
Alloevodionol,C484184,,0,no_boiling_point
N-Gluconyl ethanolamine,,,0,not_found
2-Aminoheptanoic acid,,,0,not_found
4'-Hydroxyflavone,C4143639,,0,no_boiling_point
Methandriol,C521108,,0,no_boiling_point
3-Sulfamoylbenzoic acid,,,0,not_found
11-Epicortisol,,,0,not_found
p-Nitrophenylurethane,C2621730,,0,no_boiling_point
Pentanediamide,,,0,not_found
4-Chloropicolinic Acid,,,0,not_found
Acetylandromedol,,,0,not_found
Behenolic acid,,,0,not_found
Dilinoleic acid,,,0,not_found
3-Bromopropanamide,,,0,not_found
10-Hydroxyundecanoic acid,,,0,not_found
2-Chloroisonicotinic acid,,,0,not_found
5-Hydroxymethylfurfural,C67470,,0,no_boiling_point
Furantetracarboxylic acid,,,0,not_found
Etocrylene,C5232995,,0,no_boiling_point
3-Nitrobenzenethiol,,,0,not_found
1-Nonacosanol,C6624766,,0,no_boiling_point
Epimestrol,,,0,not_found
Docosanedioic acid,,,0,not_found
1-Bromotetracosane,C6946243,,0,no_boiling_point
beta-Cortolone,,,0,not_found
Beta-Cortol,,,0,not_found
Cortol,C516381,,0,no_boiling_point
16-Ketoestrone,,,0,not_found
21-Hydroxypregnenolone,,,0,not_found
15-Hydroxytestosterone,,,0,not_found
2-Hydroxyestradiol,,,0,not_found
Medrysone,,,0,not_found
2-Nitrophenylurethane,C2621843,,0,no_boiling_point
21-Acetoxypregnenolone,,,0,not_found
Hydroxycitronellol,R185647,,0,no_boiling_point
4-Nitrodiazoaminobenzene,,,0,not_found
2-Aminotetradecanoic acid,,,0,not_found
Nonanediamide,,,0,not_found
Peroxylauric acid,C2388127,,0,no_boiling_point
Pregnanetriolone,,,0,not_found
Penilloic acid,,,0,not_found
4-Cinnolinol,,,0,not_found
5-Methylnicotinic acid,,,0,not_found
20alpha-Hydroxycortisol,,,0,not_found
Torquatone,C3567962,,0,no_boiling_point
Undecanamide,,,0,not_found
17-Epiestriol,,,0,not_found
Hydroxydione,,,0,not_found
Pentadecanophenone,C4669049,,0,no_boiling_point
2-Oxononanoic acid,,,0,not_found
2-Oxodecanoic acid,,,0,not_found
Formohydroxamic acid,,,0,not_found
1-Butanearsonic acid,C590727,,0,no_boiling_point
Sym-homopinic acid,,,0,not_found
Cyclotriveratrylene,,,0,not_found
Amalic acid,,,0,not_found
Flavacol,,,0,not_found
2-Aminoisonicotinic acid,,,0,not_found
2-Nitroacetamide,,,0,not_found
5-Oxooctanoic acid,,,0,not_found
Allylpyrocatechol,,,0,not_found
3-Aminooctanoic acid,,,0,not_found
1-Pentadecylnaphthalene,C55191634,,0,no_boiling_point
2-Nitronicotinic acid,,,0,not_found
Dehydrorotenone,,,0,not_found
2-Aminodecanoic acid,,,0,not_found
tert-Butylphosphonic acid,,,0,not_found
Hexylphosphonic acid,,,0,not_found
3-Heptadecylphenol,,,0,not_found
Octafluoroadipamide,,,0,not_found
Munduserone,,,0,not_found
Ferrugone,,,0,not_found
Cadabicilone,,,0,not_found
Cajanone,,,0,not_found
Lupene triol,,,0,not_found
Hormelic acid,,,0,not_found
Marasmic acid,,,0,not_found
Rocaglamide,,,0,not_found
2-Piperidinobenzamide,,,0,not_found
Calabaxanthone,,,0,not_found
3-Hydroxybenzamide,,,0,not_found
Cuneatin methyl ether,,,0,not_found
7-Methoxyflavonol,,,0,not_found
3-Fluorophthalic acid,C1583671,,0,no_boiling_point
Mesityl phenyl sulfone,C3112821,,0,no_boiling_point
Mesityl sulfone,C3112796,,0,no_boiling_point
Fuconic acid,Fuconic acid,,0,no_boiling_point
Dihydrocaffeic acid,,,0,not_found
2-Aminopropanamide,,,0,not_found
5-Aminonicotinic Acid,,,0,not_found
6-Keto stearic acid,,,0,not_found
10-Oxooctadecanoic acid,,,0,not_found
16-Hydroxy stearic acid,,,0,not_found
4-Methyloctadecanoic acid,,,0,not_found
Neorautane,,,0,not_found
Tetrahydroharmol,,,0,not_found
Desmosflavone,,,0,not_found
2-Octyl glyceryl ether,,,0,not_found
Secogorgosterol,,,0,not_found
Licoisoflavanone,,,0,not_found
Nostocyclamide,,,0,not_found
Maniladiol,,,0,not_found
Berbamine sulphate acid,,,0,not_found
2-Aminohexadecanoic acid,,,0,not_found
2-Aminooctadecanoic acid,,,0,not_found
3-Sulfopropanoic acid,,,0,not_found
N-hydroxybutanamide,,,0,not_found
Methylnitramine,,,0,not_found
Permanganic acid,,,0,not_found
Solaniol,C36519252,,0,no_boiling_point
Metastannic acid,,,0,not_found
Guanylmelamine,,,0,not_found
Grandiflorolic acid,,,0,not_found
Perulactone,,,0,not_found
Physalolactone,,,0,not_found
4-Morpholineacetic Acid,,,0,not_found
D-Glucosamine,,,0,not_found
D-Galacturonic Acid,,,0,not_found
L-Dihydroorotic acid,,,0,not_found
l-Pipecolic acid,,,0,not_found
Mevalonic acid,,,0,not_found
Formiminoglutamic acid,,,0,not_found
CDP-glycerol,,,0,not_found
L-arabinitol,C7643756,,0,no_boiling_point
N-Acetyllactosamine,,,0,not_found
Dopaquinone,,,0,not_found
2-Oxooctadecanoic acid,,,0,not_found
3-Dehydroquinic Acid,,,0,not_found
Dithioerythritol,,,0,not_found
L-Tryptophanamide,,,0,not_found
5-Aminopentanamide,,,0,not_found
Pantolactone,C599042,,0,no_boiling_point
L-Gulonolactone,,,0,not_found
Dithiane diol,,,0,not_found
S-Adenosylmethioninamine,,,0,not_found
Licodione,,,0,not_found
Testolic acid,,,0,not_found
Prostanoic acid,,,0,not_found
D-tartaric acid,,,0,not_found
3-Oxohexanoic acid,,,0,not_found
3-Oxopentanoic acid,,,0,not_found
D-Pyroglutamic acid,,,0,not_found
3-Oxododecanoic acid,,,0,not_found
Taurolithocholic acid,,,0,not_found
3-Dehydroshikimic acid,,,0,not_found
5-Acetamidopentanoic acid,,,0,not_found
5-Phosphoribosylamine,,,0,not_found
Guanidinosuccinic acid,,,0,not_found
5-Oxopentanoic acid,,,0,not_found
S-Lactoylglutathione,,,0,not_found
D-Mannosamine,,,0,not_found
11a-Hydroxyprogesterone,,,0,not_found
Adenylsuccinic acid,,,0,not_found
2-Hydroxyestrone,,,0,not_found
2-Methoxyestrone,C362083,,0,no_boiling_point
Melibiitol,,,0,not_found
Dehydroascorbic acid,,,0,not_found
Cortodoxone,,,0,not_found
Eriodictyol,,,0,not_found
6-Hydroxykynurenic acid,,,0,not_found
Leucocianidol,,,0,not_found
4-Acetamidobutanal,,,0,not_found
Isopyridoxal,,,0,not_found
Gibberellin A44 diacid,,,0,not_found
6-Oxohexanoic acid,,,0,not_found
Androstanediol,,,0,not_found
Miglitol,,,0,not_found
Mometasone,,,0,not_found
Perseitol,,,0,not_found
Haemanthamine,C1472760,,0,no_boiling_point
alpha-Elemolic acid,,,0,not_found
Sophoranone,,,0,not_found
Eurycomalactone,,,0,not_found
Inokosterone,,,0,not_found
Poststerone,,,0,not_found
Pterosterone,,,0,not_found
Pfaffic acid,,,0,not_found
Carnosol,,,0,not_found
Phorbol,,,0,not_found
Fisetinidol,,,0,not_found
Garbanzol,,,0,not_found
O-Methylodoratol,,,0,not_found
5'-Prenylhomoeriodictyol,,,0,not_found
Dasytrichone,,,0,not_found
Anhydroglycinol,,,0,not_found
Cajanol,,,0,not_found
Cornudentanone,,,0,not_found
Kigelinone,,,0,not_found
2-Hydroxychrysophanol,,,0,not_found
Gingerol,C23513146,,0,no_boiling_point
Millettone,,,0,not_found
Mucronulatol,,,0,not_found
Pachyrrhizone,,,0,not_found
Rotenonone,,,0,not_found
Sumatrol,,,0,not_found
alpha-Toxicarol,,,0,not_found
Podophyllotoxone,,,0,not_found
Mersalyl acid,,,0,not_found
Carfentrazone,,,0,not_found
Geniposidic Acid,,,0,not_found
Daunorubicinol,,,0,not_found
5-Aminopentanal,,,0,not_found
Eplerenone,,,0,not_found
Gadoversetamide,,,0,not_found
trans-Aconitic acid,C4023658,,0,no_boiling_point
Maleic Acid,C110167,,0,no_boiling_point
L-Tartaric acid,C87694,,0,no_boiling_point
Arachidonic Acid,C506321,,0,no_boiling_point
L-Alaninamide,,,0,not_found
Fumaric Acid,C110178,,0,no_boiling_point
Sciadonic acid,,,0,not_found
Resveratrol,C501360,,0,no_boiling_point
Valinamide,,,0,not_found
Oleic Acid,,,0,not_found
Ricinelaidic acid,,,0,not_found
Phenylalanine amide,,,0,not_found
L-Histidinamide,,,0,not_found
Ferulic acid,,,0,not_found
l-Threitol,C2319575,,0,no_boiling_point
Okadaic Acid,,,0,not_found
Mycophenolic Acid,,,0,not_found
5-Hydroxyferulic acid,,,0,not_found
Lpc-Ether,,,0,not_found
Adenylosuccinic acid,,,0,not_found
Asparaginamide,,,0,not_found
L-Phenylalaninol,,,0,not_found
meso-Tartaric acid,C147739,,0,no_boiling_point
Obeticholic Acid,,,0,not_found
Diethylstilbestrol,C56531,,0,no_boiling_point
3-Hydroxyhippuric Acid,,,0,not_found
Fuchsine acid,Fuchsine acid,,0,no_boiling_point
Sulfolithocholic acid,,,0,not_found
D-Glucamine,,,0,not_found
Steviol,,,0,not_found
Trimethylcolchicinic Acid,,,0,not_found
13-Oxotetradecanoic acid,,,0,not_found
6-Oxotetradecanoic acid,,,0,not_found
3-Oxotetradecanoic acid,,,0,not_found
Solganol,,,0,not_found
Halofuginone,,,0,not_found
beta-Artemether,C71963774,,0,no_boiling_point
Aureolic acid,,,0,not_found
7-Sulfocholic acid,,,0,not_found
1-Imidazolelactic acid,,,0,not_found
Phytanol,,,0,not_found
Euscaphic Acid,,,0,not_found
8-Prenylluteone,,,0,not_found
Mosloflavone,,,0,not_found
7Beta-Hydroxycholesterol,,,0,not_found
8-Prenyleriodictyol,,,0,not_found
Glabrene,,,0,not_found
3'-Dimethylallylkievitone,,,0,not_found
Egonol,,,0,not_found
Potamogetonol,,,0,not_found
2-Ethylicosanoic acid,,,0,not_found
Moronic Acid,,,0,not_found
Maltitol,,,0,not_found
Crinamine,,,0,not_found
Licocoumarone,,,0,not_found
Mukonal,,,0,not_found
Demethylcalabaxanthone,,,0,not_found
beta-Neuraminic acid,,,0,not_found
Dexol,,,0,not_found
10-Methylhenicosane,,,0,not_found
Larixol,C1438660,,0,no_boiling_point
Isothiocyanatoethene,,,0,not_found
Azoxyethane,,,0,not_found
Octamethylsilsesquioxane,,,0,not_found
9-Methylheptadecane,,,0,not_found
5-Methyltricosane,C22331095,,0,no_boiling_point
4-Methyldocosane,C25117300,,0,no_boiling_point
5-Methyloctadecane,,,0,not_found
5-Methylheneicosane,C25117377,,0,no_boiling_point
5-Methyldocosane,C25163524,,0,no_boiling_point
2-Hexanoylthiophene,C26447676,,0,no_boiling_point
Perfluoroeicosane,C37589574,,0,no_boiling_point
Tetronic acid,C4971566,,0,no_boiling_point
3-Methylhentriacontane,C4981991,,0,no_boiling_point
3-Cyanochromone,,,0,not_found
6-Methyldocosane,C55124817,,0,no_boiling_point
Diphenyltetradecane,,,0,not_found
Nealbarbital,C561831,,0,no_boiling_point
13-Methylheptatriacontane,C56987872,,0,no_boiling_point
15-Methylheptatriacontane,C56987883,,0,no_boiling_point
2-Methylhexanedioic acid,,,0,not_found
Etoxybamide,,,0,not_found
Dipyrone,C68893,,0,no_boiling_point
2-Docosanone,C77327118,,0,no_boiling_point
3-Heptadecanone,C84534292,,0,no_boiling_point
3-Heptadecanol,C84534305,,0,no_boiling_point
Perbenzoic acid,C93594,,0,no_boiling_point
1-Tributylsilyloxydecane,U279147,,0,no_boiling_point
1-Tripropylsilyloxydecane,U279121,,0,no_boiling_point
Trithiacyclohexene,R155032,,0,no_boiling_point
2-Thienylethylthiomethane,R156397,,0,no_boiling_point
Diheptyloxydimethylsilane,U334093,,0,no_boiling_point
Dihexyloxydiethylsilane,U363735,,0,no_boiling_point
Triheptyloxymethylsilane,R160826,,0,no_boiling_point
Trihexyloxyethylsilane,R160831,,0,no_boiling_point
Trihexyloxymethylsilane,R160846,,0,no_boiling_point
Tripentyloxyethylsilane,R160886,,0,no_boiling_point
Tripentyloxymethylsilane,R160891,,0,no_boiling_point
10-Methylpentacosane,R167634,,0,no_boiling_point
11-Methylpentacosane,C15689711,,0,no_boiling_point
12-Methylpentacosane,R167654,,0,no_boiling_point
13-Methylpentacosane,,,0,not_found
2-Methylpentacosane,C629878,,0,no_boiling_point
4-Methylpentacosane,R167763,,0,no_boiling_point
5-Methylpentacosane,R167778,,0,no_boiling_point
6-Methylpentacosane,R167783,,0,no_boiling_point
7-Methylpentacosane,R167798,,0,no_boiling_point
8-Methylpentacosane,R167812,,0,no_boiling_point
9-Methylpentacosane,R167852,,0,no_boiling_point
2-Acetylthietane,R169190,,0,no_boiling_point
10-Methyloctacosane,R179112,,0,no_boiling_point
11-Methyloctacosane,R179167,,0,no_boiling_point
11-Methyltritriacontane,R179172,,0,no_boiling_point
12-Methyltriacontane,R179187,,0,no_boiling_point
14-Methyloctacosane,R179192,,0,no_boiling_point
4-Methyloctacosane,R179345,,0,no_boiling_point
5-Methylheptacosane,R179365,,0,no_boiling_point
Meadowlactone,C110071675,,0,no_boiling_point
2-Ethylthienothiophene,R189238,,0,no_boiling_point
7-Methylnonacosane,R195283,,0,no_boiling_point
5-Methylhentriacontane,R203740,,0,no_boiling_point
5-Methylnonacosane,R203795,,0,no_boiling_point
2-Methyltetracosane,C1560787,,0,no_boiling_point
3-Methyldocosane,R47269,,0,no_boiling_point
3-Methyltetracosane,C65820522,,0,no_boiling_point
4-Methyleicosane,,,0,not_found
4-Methylheneicosane,,,0,not_found
4-Methyltetracosane,R48211,,0,no_boiling_point
4-Methyltricosane,R48261,,0,no_boiling_point
5-Methyleicosane,,,0,not_found
5-Methylnonadecane,,,0,not_found
5-Methyltetracosane,R48225,,0,no_boiling_point
5-Ethylhexadecane,R46762,,0,no_boiling_point
7-Methylheneicosane,,,0,not_found
6-Methylheptadecane,R47497,,0,no_boiling_point
8-Methyldocosane,,,0,not_found
10-Methyltetracosane,R47554,,0,no_boiling_point
9-Methyltricosane,R47568,,0,no_boiling_point
12-Methylhexacosane,R47590,,0,no_boiling_point
5-Ethyloctadecane,R47607,,0,no_boiling_point
12-Butyltricosane,R47867,,0,no_boiling_point
7-Methylnonadecane,R48118,,0,no_boiling_point
3-Methyltricosane,U131182,,0,no_boiling_point
7-Methyltricosane,R48289,,0,no_boiling_point
2-Heneicosanone,,,0,not_found
2-Tricosanone,R84922,,0,no_boiling_point
8-Methyloctadecane,,,0,not_found
11-Methyltricosane,C27538416,,0,no_boiling_point
Norpropoxypheneamide,U123368,,0,no_boiling_point
13-Methylhentriacontane,U131194,,0,no_boiling_point
15-Methyltritriacontane,U131203,,0,no_boiling_point
Trihexylsilyloxybenzene,U299092,,0,no_boiling_point
Trihexylsilyloxyethane,U300000,,0,no_boiling_point
Cyclobutaneoctol,,,0,not_found
1-Heptadecanethiol,C53193229,,0,no_boiling_point
4-Oxodecanoic acid,,,0,not_found
22-Tricosenoic Acid,,,0,not_found
delta-Thionodecalactone,,,0,not_found
1-Chlorodocosane,C42217038,,0,no_boiling_point
1-Chlorononadecane,C62016766,,0,no_boiling_point
3-Tritriacontanone,,,0,not_found
6-Methyltricosane,U131180,,0,no_boiling_point
11-Oxododecanoic acid,,,0,not_found
2-Dotriacontanone,,,0,not_found
2-Pentacosanone,,,0,not_found
2-Heptacosanone,,,0,not_found
2-Nonacosanone,,,0,not_found
2-Tritriacontanone,,,0,not_found
3-Eicosyne,C61886666,,0,no_boiling_point
2-Methoxydecanoic acid,,,0,not_found
Cohulupone,C1891345,,0,no_boiling_point
Tetracosanal,C57866087,,0,no_boiling_point
Carbophenoxon sulfone,C16662876,,0,no_boiling_point
2-Pentanoylthiophene,,,0,not_found
Emmolic acid,,,0,not_found
1-Piperidinetetrolic acid,,,0,not_found
3-Thiopheneboronic acid,,,0,not_found
Demethylvestitol,,,0,not_found
6-Quinazolinol,,,0,not_found
5-Cyanotropolone,,,0,not_found
2-Pteridinol,,,0,not_found
Isovestitol,,,0,not_found
Cyanomelamine,,,0,not_found
6-Methoxynicotinic acid,,,0,not_found
Tetrathiane,,,0,not_found
Sparassol,,,0,not_found
Leiocinol,,,0,not_found
3-Nitroisonicotinamide,,,0,not_found
T-2 toxin tetraol,C34114993,,0,no_boiling_point
Isomucronulatol,,,0,not_found
Tetracyanothiophene,,,0,not_found
4-Acetoxybenzophenone,C13031442,,0,no_boiling_point
Deethylametryne,,,0,not_found
Glaucamine,,,0,not_found
4-Iodohistamine,,,0,not_found
Tolfenamic acid,C13710195,,0,no_boiling_point
4-Hydroxyxanthone,,,0,not_found
2-Chlorothioxanthone,,,0,not_found
Acetylursolic acid,,,0,not_found
16-Bromohexadecanoic acid,,,0,not_found
Tomentosic acid,,,0,not_found
Desmethoxymatteucinol,,,0,not_found
Ovalitenone,,,0,not_found
Prexanthoperol,,,0,not_found
Derrustone,,,0,not_found
Tetramethylkaempferol,,,0,not_found
Fisetin tetramethyl ether,,,0,not_found
Scandinone,,,0,not_found
Carbenoxolone,,,0,not_found
Cefpiramide,,,0,not_found
Gastrol,,,0,not_found
Pongol methyl ether,,,0,not_found
Obyanamide,,,0,not_found
Jervinone,,,0,not_found
alpha-Boswellic acid,,,0,not_found
3-Oxoundecanoic acid,,,0,not_found
Tasiamide,,,0,not_found
Microfolione,,,0,not_found
Elaidic Acid,,,0,not_found
3'-Hydroxycinnamic acid,,,0,not_found
p-Coumaric acid,C7400080,,0,no_boiling_point
3-Methoxycinnamic acid,C6099043,,0,no_boiling_point
Sinapinic acid,C530596,,0,no_boiling_point
1-Nitropropene,,,0,not_found
Mesaconic acid,C498248,,0,no_boiling_point
Trihydroxychalcone,,,0,not_found
4-Nitrostilbene,,,0,not_found
Xanthohumol,,,0,not_found
Hamiltrone,,,0,not_found
Xanthoangelol,,,0,not_found
Ricinoleic acid,C141220,,0,no_boiling_point
cis-Aconitic acid,C585842,,0,no_boiling_point
Citraconic acid,,,0,not_found
Cocaethylene,C529384,,0,no_boiling_point
Cannabidiol,,,0,not_found
Haplamine,,,0,not_found
Trilostane,,,0,not_found
Canrenoic Acid,,,0,not_found
Polidocanol,,,0,not_found
Mitobronitol,,,0,not_found
Lactobacillic acid,,,0,not_found
Dithizone,,,0,not_found
Protionamide,C14222607,,0,no_boiling_point
Dienestrol,C84173,,0,no_boiling_point
Piceatannol,,,0,not_found
2-Mercaptonicotinic Acid,,,0,not_found
6-Thymol,,,0,not_found
Thiobenzamide,C2227794,,0,no_boiling_point
3-Nitrocinnamic acid,C555680,,0,no_boiling_point
cis-Diethylstilbestrol,,,0,not_found
Levdobutamine,,,0,not_found
Dehydrovomifoliol,,,0,not_found
Rhodotorulic acid,,,0,not_found
Caffeic Acid,C331395,,0,no_boiling_point
Pongamol,,,0,not_found
4-Ethoxycinnamic Acid,C2373797,,0,no_boiling_point
cis-Pinonic acid,C473723,,0,no_boiling_point
2-Methoxycinnamic acid,C6099032,,0,no_boiling_point
2-Nitrocinnamic acid,C612419,,0,no_boiling_point
4-Quinazolinethiol,,,0,not_found
Isoferulic acid,C537735,,0,no_boiling_point
3-Methylorsellinic acid,,,0,not_found
Feist'S acid,C499025,,0,no_boiling_point
Urocanic acid,,,0,not_found
4-Methoxythiobenzamide,,,0,not_found
4-Nitrocinnamic acid,C619896,,0,no_boiling_point
N-cyclooctylnicotinamide,,,0,not_found
Ursinoic acid,,,0,not_found
2-Benzyltryptamine,,,0,not_found
4-Chloronicotinic acid,,,0,not_found
4-Nitrobenzopyranone,,,0,not_found
Cinnamylidenemalonic acid,,,0,not_found
Cinnamoyl tryptamine,,,0,not_found
2-Benzoylnicotinic acid,,,0,not_found
trans-Sobrerol,C42370412,,0,no_boiling_point
trans-Thiothixene,,,0,not_found
Thiothixene,C5591457,,0,no_boiling_point
Eszopiclone,,,0,not_found
Durallone,,,0,not_found
Rubemamine,,,0,not_found
cis-Ferulic acid,,,0,not_found
cis-Resveratrol,,,0,not_found
Metiamide,,,0,not_found
cis-Coniferyl alcohol,,,0,not_found
Coniferyl Alcohol,C458355,,0,no_boiling_point
L-Cysteinesulfinic acid,,,0,not_found
cis-Caffeic acid,,,0,not_found
3-Methylglutaconic acid,,,0,not_found
n-Phenethylmaleamic acid,,,0,not_found
N-Acetylglucosamine,C7512176,,0,no_boiling_point
Chlorogenic Acid,,,0,not_found
3R-aminononanoic acid,,,0,not_found
2-Thiobarbituric acid,C504176,,0,no_boiling_point
4-Pyridinecarbothioamide,,,0,not_found
Thioacetamide,C62555,,0,no_boiling_point
Unithiol,,,0,not_found
Tetracosanedioic acid,,,0,not_found
Obovatin methyl ether,,,0,not_found
Dodecafluorosuberic acid,,,0,not_found
Perfluorosebacic acid,,,0,not_found
Thiosemicarbazone,C104063,,0,no_boiling_point
Taurodeoxycholic acid,,,0,not_found
alpha-Tocopherolquinone,,,0,not_found
3-Cyanobenzyl alcohol,,,0,not_found
cis-Epoxysuccinic acid,,,0,not_found
3-Hydrazinobenzoic acid,,,0,not_found
2-Phenoxynicotinamide,,,0,not_found
2-Phenoxyethanethioamide,,,0,not_found
4-Hydroxyheptanoic acid,,,0,not_found
2-Hydroxyheptanoic acid,,,0,not_found
Irenolone,,,0,not_found
Ethionamide,C536334,,0,no_boiling_point
3-Nitroisonicotinic acid,,,0,not_found
Bromoclenbuterol,,,0,not_found
2-Quinoxalinethiol,,,0,not_found
3-Hexadecylthiophene,U360375,,0,no_boiling_point
Tridecafluoroheptanamide,,,0,not_found
Mucochloric Acid,C87569,,0,no_boiling_point
Perfluoroazelaic acid,,,0,not_found
Perfluorotetracosane,C1766412,,0,no_boiling_point
Dithiooxamide,C79403,,0,no_boiling_point
Erythronic acid,,,0,not_found
Nonadecafluorodecanamide,,,0,not_found
2-Fluoromandelic acid,,,0,not_found
Coumestrol dimethyl ether,,,0,not_found
Sanaganone,,,0,not_found
3-Cyanobenzenesulfonamide,,,0,not_found
3-Nitrobenzanthrone,R565241,,0,no_boiling_point
Olivetolic Acid,,,0,not_found
Zeranol,C26538443,,0,no_boiling_point
Fusidic Acid,Fusidic Acid,,0,no_boiling_point
Artenimol,,,0,not_found
4-Nitrobenzothioamide,,,0,not_found
Ethylcarbamodithioic acid,,,0,not_found
Thiopental,C76755,,0,no_boiling_point
Phenylthiohydantoic acid,,,0,not_found
Ganodermanontriol,,,0,not_found
Carbamodithioic acid,,,0,not_found
Fursultiamine,,,0,not_found
Helvolic acid,,,0,not_found
4-Cinnolinethiol,,,0,not_found
8-Hydroxypinoresinol,,,0,not_found
1-Fluorohexadecane,C408388,,0,no_boiling_point
Jalapinolic acid,,,0,not_found
3-Ketoheptanedioic acid,,,0,not_found
Ethyl hexadecyl ether,U406364,,0,no_boiling_point
1-Ethoxyoctadecane,,,0,not_found
2-Anthracenesulfonic acid,,,0,not_found
Avocadyne,,,0,not_found
Trinonylphenol,,,0,not_found
Zingerol,R332833,,0,no_boiling_point
3-Methylhexadecanoic acid,,,0,not_found
Tetrahydrofurandiol,,,0,not_found
Icosanamide,C51360635,,0,no_boiling_point
Docosanal,C57402365,,0,no_boiling_point
Dibehenyl methylamine,,,0,not_found
Perfluoroeicosanoic acid,,,0,not_found
3-Hydroxydecanedioic acid,,,0,not_found
5-Thiazolecarboxamide,,,0,not_found
Phytantriol,,,0,not_found
Dicyclooctylhydroquinone,,,0,not_found
2-Acridinesulfonic acid,,,0,not_found
Tetraethylbarbituric acid,,,0,not_found
Cimbuterol,,,0,not_found
Thiamylal,C77270,,0,no_boiling_point
Methallatal,C115560,,0,no_boiling_point
Thialbarbital,C467367,,0,no_boiling_point
Methitural,C467436,,0,no_boiling_point
Buthalital,,,0,not_found
Thiobutabarbital,,,0,not_found
Aziprotryne,C4658280,,0,no_boiling_point
Cupriethylenediamine,,,0,not_found
Timiperone,,,0,not_found
Dinitropyrene,,,0,not_found
Hydroxyaspartic acid,,,0,not_found
Nicofetamide,,,0,not_found
Dithane,,,0,not_found
Vamorolone,,,0,not_found
Glycodeoxycholic Acid,,,0,not_found
Nemotinic acid,,,0,not_found
2-Iodohexadecanal,,,0,not_found
Bismerthiazol,,,0,not_found
Urochloralic acid,,,0,not_found
Galactaric acid,C526998,,0,no_boiling_point
Fospropofol,,,0,not_found
2-Acridinecarboxylic acid,,,0,not_found
Terphenyldiamine,,,0,not_found
Propaphos sulfone,R544675,,0,no_boiling_point
Pidobenzone,,,0,not_found
Hexaethoxyethane,,,0,not_found
Safingol,,,0,not_found
N-Butylveratramine,,,0,not_found
n-Pentylveratramine,,,0,not_found
Fipronil sulfone,,,0,not_found
Varanic acid,,,0,not_found
12-Ketolithocholic acid,,,0,not_found
Fentrazamide,,,0,not_found
Flucarbazone,,,0,not_found
Cannabinolic acid,,,0,not_found
Isohistamine,,,0,not_found
2-Oxophytanic acid,,,0,not_found
S-Methylpenicillamine,,,0,not_found
5C-aglycone,,,0,not_found
3-Hydroxyundecanoic acid,,,0,not_found
Ajulemic acid,,,0,not_found
Arformoterol,,,0,not_found
Leptospermone,C567759,,0,no_boiling_point
Heptadecanedioic acid,C2424900,,0,no_boiling_point
Mundoserone,,,0,not_found
9-Oxooctadecanoic acid,,,0,not_found
Sativol,,,0,not_found
Xylaric acid,,,0,not_found
Triacontanal,C22725639,,0,no_boiling_point
Octacosanal,C22725640,,0,no_boiling_point
12-Tricosanol,,,0,not_found
Hexacosanal,C26627850,,0,no_boiling_point
Brombuterol,,,0,not_found
Diethylsilanediol,,,0,not_found
Tauroselcholic Acid,,,0,not_found
Asterogenol,,,0,not_found
Octadecyl propyl ether,U406280,,0,no_boiling_point
Zilpaterol,,,0,not_found
Conferone,,,0,not_found
Perfamine,,,0,not_found
Cambinol,,,0,not_found
4beta-Hydroxycholesterol,,,0,not_found
5-Oxododecanoic acid,,,0,not_found
2-Phenoxybenzamide,,,0,not_found
Benzylsulfinic Acid,,,0,not_found
Ichthynone,,,0,not_found
Heptathiazocane,,,0,not_found
Cartorimine,,,0,not_found
Robustone methyl ether,,,0,not_found
4-Nitrocatechol,C3316094,,0,no_boiling_point
Scirpentriol,C2270419,,0,no_boiling_point
N-propyltetradecanamide,,,0,not_found
19-Methyleicosanoic acid,,,0,not_found
Durlettone,,,0,not_found
4-Oxohexanoic acid,,,0,not_found
Betulafolienetriol,,,0,not_found
Diallyldodecylamine,,,0,not_found
Epoxyoxophorone,,,0,not_found
Dehydrodihydrorotenone,,,0,not_found
beta-Toxicarol,,,0,not_found
4-Pyrimidinethiol,,,0,not_found
Dehydroabietamide,,,0,not_found
Isopto cetamide,C144809,,0,no_boiling_point
3-Oxotetracosanoic acid,,,0,not_found
Lycopersiconol,,,0,not_found
Aspartylglutamic acid,,,0,not_found
Hydroxypioglitazone,,,0,not_found
13-Oxooctadecanoic acid,,,0,not_found
Tridecanamide,,,0,not_found
Nonafluoropentanamide,,,0,not_found
N-undecyldodecanamide,,,0,not_found
Diglycylethylenediamine,,,0,not_found
Anhydrobrazilic acid,,,0,not_found
Irigenin trimethyl ether,,,0,not_found
Leucylglutamine,,,0,not_found
Sodium dicyanamide,,,0,not_found
Corossolone,,,0,not_found
Isoarachidic acid,,,0,not_found
Nitranilic acid,,,0,not_found
Gadopentetic acid,,,0,not_found
Reductone,,,0,not_found
beta-Elemolic acid,,,0,not_found
Mycosporine-serinol,,,0,not_found
2-Hexadecylthiophene,,,0,not_found
Trinitrophloroglucinol,,,0,not_found
9-Hydroxydecanoic acid,,,0,not_found
Mundulone,,,0,not_found
3-Propylmalic acid,,,0,not_found
Tolcapone,,,0,not_found
5-Oxoundecanoic acid,,,0,not_found
Picramic Acid,C96913,,0,no_boiling_point
Chromopyrazol,,,0,not_found
Myricardiol,,,0,not_found
Merbarone,,,0,not_found
10-Oxohexadecanoic acid,,,0,not_found
Eugenitol,,,0,not_found
Propyl pyrazole triol,,,0,not_found
5-Methoxydurmillone,,,0,not_found
N-decyltetradecanamide,,,0,not_found
Decahydrogambogic acid,,,0,not_found
13-Aminotridecanoic acid,,,0,not_found
4-Methoxypicolinamide,,,0,not_found
2-Hydroxyeicosanoic acid,,,0,not_found
Diallylsilandiol,,,0,not_found
Cinnamamide,C621794,,0,no_boiling_point
Querciturone,,,0,not_found
3-Aminohexanoic acid,,,0,not_found
Mesuol,,,0,not_found
Dinoprostone,,,0,not_found
Bergaptol,,,0,not_found
4-Maleylacetoacetic acid,,,0,not_found
4-Fumarylacetoacetic acid,,,0,not_found
Linoleic Acid,C60333,,0,no_boiling_point
Calcitriol,,,0,not_found
Vomifoliol,,,0,not_found
Undecaprenol,,,0,not_found
Glutaconic acid,,,0,not_found
3-Nitroacrylic acid,,,0,not_found
Sinapyl alcohol,,,0,not_found
2-Isopropylmaleic acid,,,0,not_found
p-Coumaryl alcohol,,,0,not_found
Hymecromone,C90335,,0,no_boiling_point
Phytonadiol,,,0,not_found
Neochlorogenic acid,,,0,not_found
Bovinic acid,,,0,not_found
Chryseriol,,,0,not_found
Furylfuramide,,,0,not_found
Phytoene,,,0,not_found
zeta-Carotene,,,0,not_found
Neurosporene,,,0,not_found
Beta-Zeacarotene,,,0,not_found
Coumarinic acid,,,0,not_found
Kaempferol,,,0,not_found
Abscisic acid,,,0,not_found
Rescinnamine,C24815245,,0,no_boiling_point
Naringenin chalcone,,,0,not_found
Clavulanic Acid,,,0,not_found
Oxymetholone,C434071,,0,no_boiling_point
Carboprost Tromethamine,,,0,not_found
Entacapone,,,0,not_found
Paricalcitol,,,0,not_found
Doxercalciferol,,,0,not_found
Erucic Acid,C112867,,0,no_boiling_point
Laetisaric acid,,,0,not_found
alpha-Licanic acid,,,0,not_found
Nervonic Acid,,,0,not_found
Petroselinic acid,C593395,,0,no_boiling_point
Vaccenic acid,C693721,,0,no_boiling_point
Dehydrosafynol,,,0,not_found
Falcarindiol,C55297875,,0,no_boiling_point
Jasmonic Acid,,,0,not_found
Hemanthamine,,,0,not_found
Hispidol,,,0,not_found
Isobavachalcone,,,0,not_found
Cephalocerone,,,0,not_found
Umbelliferone,C93356,,0,no_boiling_point
Zearalenone,C18695288,,0,no_boiling_point
Agathisflavone,,,0,not_found
Amentoflavone,,,0,not_found
Cupressuflavone,,,0,not_found
Geraldone,,,0,not_found
Euxanthone,,,0,not_found
Irisxanthone,,,0,not_found
6-Hydroxykaempferol,,,0,not_found
Pachypodol,,,0,not_found
Robustaflavone,,,0,not_found
Bowdichione,,,0,not_found
Coumestrol,,,0,not_found
Oxyresveratrol,,,0,not_found
4'-Prenyloxyresveratrol,,,0,not_found
4-Prenylresveratrol,,,0,not_found
5-Caffeoylshikimic acid,,,0,not_found
Chicoric acid,,,0,not_found
Irilone,,,0,not_found
Irisolidone,,,0,not_found
Rosmarinic acid,,,0,not_found
Shogaol,C555668,,0,no_boiling_point
Luteone,,,0,not_found
Orobol,,,0,not_found
Piscerythramine,,,0,not_found
Sojagol,,,0,not_found
Wedelolactone,,,0,not_found
Wighteone,,,0,not_found
Rutacridone,C17948333,,0,no_boiling_point
Bilobol,C22910867,,0,no_boiling_point
Ellagic Acid,,,0,not_found
Ginkgolic acid,,,0,not_found
Flupenthixol,C2709560,,0,no_boiling_point
Flupentixol,C2709560,,0,no_boiling_point
7-Hydroxyflavone,,,0,not_found
Ubidecarenone,C303980,,0,no_boiling_point
Galangin 3-methyl ether,,,0,not_found
Anandamide,,,0,not_found
N-Arachidonoyl dopamine,,,0,not_found
N-Oleoyldopamine,,,0,not_found
gamma-Oryzanol,,,0,not_found
Alfacalcidol,,,0,not_found
Falecalcitriol,,,0,not_found
Plaunotol,,,0,not_found
Domoic Acid,,,0,not_found
10-Nitrolinoleic acid,,,0,not_found
Adrenoyl-ethanolamine,,,0,not_found
2-Arachidonoylglycerol,,,0,not_found
Selachyl alcohol,,,0,not_found
Acotiamide,,,0,not_found
4-Hydroxyestradiol,,,0,not_found
11-Ketotestosterone,,,0,not_found
Misoprostol,,,0,not_found
Epoprostenol,,,0,not_found
Dinoprost Tromethamine,,,0,not_found
Linoelaidic Acid,C506218,,0,no_boiling_point
Ceroplastic acid,,,0,not_found
Hexatriacontanoic acid,,,0,not_found
Heptatriacontanoic acid,,,0,not_found
Octatriacontanoic acid,,,0,not_found
Hexatetracontanoic acid,,,0,not_found
18-Methyleicosanoic acid,,,0,not_found
20-Methyldocosanoic acid,,,0,not_found
22-Methyltricosanoic acid,,,0,not_found
Isomontanic acid,,,0,not_found
Neostearic acid,,,0,not_found
6-Methyloctadecanoic acid,,,0,not_found
2-Heptadecenoic acid,C20753893,,0,no_boiling_point
Octadecenoic acid,,,0,not_found
3-Octadecenoic acid,,,0,not_found
4-Octadecenoic acid,,,0,not_found
Petroselaidic acid,,,0,not_found
7Z-octadecenoic acid,,,0,not_found
7-Octadecenoic acid,,,0,not_found
8-Octadecenoic acid,,,0,not_found
12-Octadecenoic acid,,,0,not_found
17Z-octadecenoic acid,,,0,not_found
2-Nonadecenoic acid,,,0,not_found
Gadoleic Acid,,,0,not_found
Gondoic Acid,,,0,not_found
Cetoleic Acid,,,0,not_found
Brassidic Acid,C506332,,0,no_boiling_point
9-Hexacosenoic acid,,,0,not_found
Ximenic acid,,,0,not_found
19Z-octacosenoic acid,,,0,not_found
Lumequeic acid,,,0,not_found
23Z-dotriacontenoic acid,,,0,not_found
5-Hydroxyheptanoic acid,,,0,not_found
6-Hydroxyoctanoic acid,,,0,not_found
2-Hydroxynonanoic acid,,,0,not_found
7-Hydroxy pelargonic acid,,,0,not_found
2-Hydroxyundecanoic acid,,,0,not_found
4-Hydroxydodecanoic acid,,,0,not_found
2-Hydroxytridecanoic acid,,,0,not_found
14-Hydroxy stearic acid,,,0,not_found
15-Hydroxy stearic acid,,,0,not_found
17-Hydroxystearic acid,,,0,not_found
3-Hydroxyicosanoic acid,,,0,not_found
20-Hydroxyicosanoic acid,,,0,not_found
3-Hydroxydocosanoic acid,,,0,not_found
22-Hydroxydocosanoic acid,,,0,not_found
Ipurolic acid,,,0,not_found
Digitoxic acid,,,0,not_found
Ambrettolic acid,,,0,not_found
Coriolic acid,,,0,not_found
alpha-Artemisic acid,,,0,not_found
alpha-Kamlolenic acid,,,0,not_found
beta-Kamlolenic acid,,,0,not_found
2-Oxoheptanoic acid,,,0,not_found
4-Oxoheptanoic acid,,,0,not_found
5-Oxononanoic acid,,,0,not_found
6-Oxononanoic acid,,,0,not_found
3-Oxodecanoic acid,,,0,not_found
6-Oxodecanoic acid,,,0,not_found
4-Oxoundecanoic acid,,,0,not_found
9-Oxoundecanoic acid,,,0,not_found
4-Oxododecanoic acid,,,0,not_found
2-Keto tridecanoic acid,,,0,not_found
10-Oxotridecanoic acid,,,0,not_found
4-Keto myristic acid,,,0,not_found
10-Keto myristic acid,,,0,not_found
2-Keto palmitic acid,,,0,not_found
3-Oxohexadecanoic acid,,,0,not_found
4-Oxohexadecanoic acid,,,0,not_found
5-Oxohexadecanoic acid,,,0,not_found
7-Keto palmitic acid,,,0,not_found
8-Oxohexadecanoic acid,,,0,not_found
9-Oxohexadecanoic acid,,,0,not_found
11-Oxohexadecanoic acid,,,0,not_found
9-Keto margaric acid,,,0,not_found
3-Oxooctadecanoic acid,,,0,not_found
Traumatic Acid,,,0,not_found
Prostaglandin E1 alcohol,,,0,not_found
PGF2alpha methyl ether,,,0,not_found
PGF2alpha dimethyl amide,,,0,not_found
Bimatoprost Acid,,,0,not_found
Gummiferol,,,0,not_found
9-Octadecenal,C5090415,,0,no_boiling_point
11-Octadecenal,,,0,not_found
15-Tetracosenal,,,0,not_found
Oleamide,C301020,,0,no_boiling_point
Arachidonamide,,,0,not_found
N-amyl arachidohoyl amine,,,0,not_found
Linoleoyl ethanolamide,,,0,not_found
n-Oleoylethanolamine,,,0,not_found
alpha-Methyl anandamide,,,0,not_found
C20 Dihydroceramide,,,0,not_found
Calcifediol,,,0,not_found
Tacalcitol,,,0,not_found
trans-Calcitriol,,,0,not_found
1beta-Calcitriol,,,0,not_found
Secalciferol,,,0,not_found
Allolithocholic acid,,,0,not_found
Hyodeoxycholic Acid,,,0,not_found
Murideoxycholic acid,,,0,not_found
Isohyodeoxycholic acid,,,0,not_found
Allochenodeoxycholic acid,,,0,not_found
Allodeoxycholic acid,,,0,not_found
Vulpecholic acid,,,0,not_found
omega-Muricholic acid,,,0,not_found
alpha-Muricholic acid,,,0,not_found
beta-Muricholic acid,,,0,not_found
Haemulcholic acid,,,0,not_found
Avicholic acid,,,0,not_found
Bitocholic acid,,,0,not_found
1beta-Hydroxycholic acid,,,0,not_found
Dehydrolithocholic acid,,,0,not_found
3-Oxocholic acid,,,0,not_found
Lithocholenic acid,,,0,not_found
Petromyzonol,,,0,not_found
Cygnocholic acid,,,0,not_found
5alpha-Dermophol,,,0,not_found
5beta-Dermophol,,,0,not_found
Myxinol,,,0,not_found
Bufol,,,0,not_found
Chimaerol,,,0,not_found
5beta-Cyprinol,,,0,not_found
Mitolactol,,,0,not_found
Nivalenol,,,0,not_found
Chlorofumaric acid,,,0,not_found
Oleyl alcohol,C143282,,0,no_boiling_point
Brisoral,,,0,not_found
Chlormadinone,C302227,,0,no_boiling_point
Cyproterone,,,0,not_found
Dorzolamide,,,0,not_found
Hydromorphone,C466999,,0,no_boiling_point
Meprednisone,,,0,not_found
Nabilone,C51022710,,0,no_boiling_point
Nalmefene,C55096269,,0,no_boiling_point
Naloxone,,,0,not_found
Oxycodone,C76426,,0,no_boiling_point
Oxymorphone,C76415,,0,no_boiling_point
Phytonadione,C84800,,0,no_boiling_point
Vinbarbital,C125428,,0,no_boiling_point
alpha-Zearalenol,,,0,not_found
Seocalcitol,,,0,not_found
Lexacalcitol,,,0,not_found
Calcipotriene,,,0,not_found
Lysophosphatidylglycerol,,,0,not_found
Becocalcidiol,,,0,not_found
Alclometasone,,,0,not_found
Clobetasol,,,0,not_found
Clocortolone,,,0,not_found
Desoximetasone,,,0,not_found
Fluticasone,Fluticasone,,0,no_boiling_point
Halobetasol,,,0,not_found
Unoprostone,,,0,not_found
11-Dehydrocorticosterone,,,0,not_found
Rimexolone,,,0,not_found
Onapristone,,,0,not_found
Zuclopenthixol,C53772831,,0,no_boiling_point
7-Methylhexadecanoic acid,,,0,not_found
8-Methylhexadecanoic acid,,,0,not_found
9-Methyloctadecanoic acid,,,0,not_found
21-Methyldocosanoic acid,,,0,not_found
2Z-heptadecenoic acid,,,0,not_found
7Z-heptadecenoic acid,,,0,not_found
8E-heptadecenoic acid,,,0,not_found
9E-heptadecenoic acid,,,0,not_found
15Z-octadecenoic acid,,,0,not_found
16Z-octadecenoic acid,,,0,not_found
17-Octadecenoic acid,,,0,not_found
3Z-octadecenoic acid,,,0,not_found
4Z-octadecenoic acid,,,0,not_found
5Z-Octadecenoic acid,,,0,not_found
Octadecadienoic acid,,,0,not_found
Sebaleic acid,,,0,not_found
10E-nonadecenoic acid,,,0,not_found
7Z-nonadecenoic acid,,,0,not_found
Paullinic acid,,,0,not_found
15-Eicosenoic acid,,,0,not_found
15Z-eicosenoic acid,,,0,not_found
5E-eicosenoic acid,,,0,not_found
5Z-eicosenoic acid,,,0,not_found
8Z-eicosenoic acid,,,0,not_found
Mead acid,,,0,not_found
Juniperonic acid,,,0,not_found
12Z-heneicosenoic acid,,,0,not_found
15-Docosenoic acid,,,0,not_found
15Z-docosenoic acid,,,0,not_found
19Z-docosenoic acid,,,0,not_found
Docosatrienoic Acid,,,0,not_found
14E-tricosenoic acid,,,0,not_found
14Z-tricosenoic acid,,,0,not_found
16Z-tricosenoic acid,,,0,not_found
17Z-tricosenoic acid,,,0,not_found
18Z-tricosenoic acid,,,0,not_found
16Z-pentacosenoic acid,,,0,not_found
17Z-pentacosenoic acid,,,0,not_found
18Z-pentacosenoic acid,,,0,not_found
19Z-pentacosenoic acid,,,0,not_found
17-Hexacosenoic acid,,,0,not_found
9Z-hexacosenoic acid,,,0,not_found
20Z-heptacosenoic acid,,,0,not_found
21Z-octacosenoic acid,,,0,not_found
23Z-octacosenoic acid,,,0,not_found
9Z-octacosenoic acid,,,0,not_found
3-Heptadecenoic acid,,,0,not_found
7-Heptadecenoic acid,,,0,not_found
16-Heptadecynoic acid,,,0,not_found
18-Nonadecynoic acid,,,0,not_found
16-Octadecynoic acid,C34450174,,0,no_boiling_point
7-Hydroxydodecanoic acid,,,0,not_found
3-Hydroxytridecanoic acid,,,0,not_found
17-Hydroxyoleic acid,,,0,not_found
18-Hydroxyoleic acid,,,0,not_found
2-Hydroxynervonic acid,,,0,not_found
6-Hydroxyheptanoic acid,,,0,not_found
4-Hydroxyoctanoic acid,,,0,not_found
8-Hydroxynonanoic acid,,,0,not_found
Lesquerolic acid,,,0,not_found
Isanolic acid,,,0,not_found
Convolvulinolic acid,,,0,not_found
7-Oxodecanoic acid,,,0,not_found
2-Oxoundecanoic acid,,,0,not_found
2-Oxododecanoic acid,,,0,not_found
2-Oxotetradecanoic acid,,,0,not_found
15-Oxohexadecanoic acid,,,0,not_found
16-Oxoheptadecanoic acid,,,0,not_found
11-Oxooctadecanoic acid,,,0,not_found
10-Oxononadecanoic acid,,,0,not_found
18-Oxononadecanoic acid,,,0,not_found
3-Oxoicosanoic acid,,,0,not_found
3-Oxodocosanoic acid,,,0,not_found
8-Oxononanoic acid,,,0,not_found
18-Bromooctadecanoic acid,,,0,not_found
2-Iodohexadecanoic acid,,,0,not_found
12-Aminooctadecanoic acid,,,0,not_found
3S-aminodecanoic acid,,,0,not_found
2R-Aminohexadecanoic acid,,,0,not_found
2S-aminohexadecanoic acid,,,0,not_found
2R-aminotridecanoic acid,,,0,not_found
Uralenol,,,0,not_found
2-Pentanoylbenzoic acid,C550378,,0,no_boiling_point
Thevetiaflavone,,,0,not_found
Cannabigerol,C2808335,,0,no_boiling_point
5Z-Caffeoylquinic acid,,,0,not_found
Curcolone,,,0,not_found
Curcumadiol,,,0,not_found
Agathadienediol,C1857245,,0,no_boiling_point
Pinostrobin chalcone,C18956155,,0,no_boiling_point
Dolineone,,,0,not_found
Erosone,,,0,not_found
Eugenone,,,0,not_found
Scutigeral,,,0,not_found
Fumarprotocetraric Acid,,,0,not_found
Lupiwighteone,,,0,not_found
Xanthotoxol geranyl ether,,,0,not_found
Glabrone,,,0,not_found
Deoxoglycyrrhetol,,,0,not_found
Glycyrrhisoflavanone,,,0,not_found
Glypallichalcone,,,0,not_found
Gravacridonediol,,,0,not_found
Hemerocallone,,,0,not_found
Aloesol,,,0,not_found
12a-Hydroxypachyrrhizone,,,0,not_found
Hydroxytanshinone,,,0,not_found
Daphnoretin methyl ether,,,0,not_found
Isoeugenitol,,,0,not_found
Isokurarinone,,,0,not_found
Isolicoflavonol,,,0,not_found
Isoneobavachalcone,,,0,not_found
8-Prenylkaempferol,,,0,not_found
Jaranol,C3301493,,0,no_boiling_point
Kuraridinol,,,0,not_found
Licoricone,,,0,not_found
Malaccol,,,0,not_found
Anofinic acid,,,0,not_found
Medicagol,,,0,not_found
Melafolone,,,0,not_found
Citrusal,,,0,not_found
Sappanchalcone,,,0,not_found
Cassiachromone,,,0,not_found
Kaempferol 5-methyl ether,,,0,not_found
O-Methylpongamol,,,0,not_found
6-Methyltritriacontane,R505754,,0,no_boiling_point
Moralbanone,,,0,not_found
Neobavachalcone,,,0,not_found
Neobavaisoflavone,,,0,not_found
Glycyrol,,,0,not_found
Neouralenol,,,0,not_found
Nervogenic acid,,,0,not_found
14-Octacosanol,C138967029,,0,no_boiling_point
Osthenol,,,0,not_found
11-Oxotriacontanoic acid,,,0,not_found
Pendulone,,,0,not_found
Pratol,,,0,not_found
Psoralenol,,,0,not_found
Simulansamide,,,0,not_found
Sophoradochromene,,,0,not_found
Suberenone,,,0,not_found
Bavachromanol,,,0,not_found
Bavachromene,,,0,not_found
Tetrahydrobungeanool,,,0,not_found
Torachrysone,,,0,not_found
Toralactone,,,0,not_found
Triacontanedioic acid,,,0,not_found
Furazolidone,C67458,,0,no_boiling_point
Fluvoxamine,C54739183,,0,no_boiling_point
Mevalonolactone,,,0,not_found
Mullilam diol,,,0,not_found
Mitoguazone,,,0,not_found
Berberal,,,0,not_found
3-Hexenedioic acid,,,0,not_found
Beyerol,,,0,not_found
10-Demethylsqualene,R615257,,0,no_boiling_point
2-Hexacosene,,,0,not_found
2-Tetracosene,,,0,not_found
Elaidamide,C4303702,,0,no_boiling_point
Cambogic acid,,,0,not_found
Diamide,,,0,not_found
Erucyl alcohol,,,0,not_found
Dehydrozingerone,C1080122,,0,no_boiling_point
Crotonamide,,,0,not_found
2E-octenedioic acid,,,0,not_found
Muconic Acid,,,0,not_found
Asperdiol,,,0,not_found
Alternariol,,,0,not_found
Naltrexone,C16590413,,0,no_boiling_point
Butorphanol,,,0,not_found
Methylnaltrexone,,,0,not_found
Disodium ceftriaxone,,,0,not_found
Visudyne,,,0,not_found
1-Hydroxylinalool,,,0,not_found
4-Chlorocinnamamide,,,0,not_found
9-Nonadecene,C31035071,,0,no_boiling_point
Gadoleyl alcohol,,,0,not_found
5-Octadecene,,,0,not_found
Crotarbital,C1952676,,0,no_boiling_point
Erucamide,C112845,,0,no_boiling_point
2-Linoleoylglycerol,,,0,not_found
Lycopersene,,,0,not_found
Spheroidenone,,,0,not_found
14E-Octadecenal,,,0,not_found
13-Octadecenal,,,0,not_found
Crotetamide,C6168769,,0,no_boiling_point
Aldicarb sulfone,C1646884,,0,no_boiling_point
Cropropamide,C633476,,0,no_boiling_point
3-Nitrochalcone,C614482,,0,no_boiling_point
cis-Pentenedioic acid,,,0,not_found
Piperic acid,,,0,not_found
Oleic diethanolamide,C93834,,0,no_boiling_point
3-Indoleacrylic acid,,,0,not_found
Suberenol,,,0,not_found
1-Hydroxyxanthone,C719415,,0,no_boiling_point
7-Hydroxyisoflavone,,,0,not_found
4-Nitrochalcone,,,0,not_found
6-Methoxykaempferol,,,0,not_found
Nitiducol,,,0,not_found
Hydroxywighteone,,,0,not_found
Dehydrodiisoeugenol,,,0,not_found
Warangalone,,,0,not_found
Pentadesmaxanthone,,,0,not_found
Penicillic acid,,,0,not_found
Gossypetin 3-methyl ether,,,0,not_found
Nitrofurazone,C59870,,0,no_boiling_point
3-Acetyldeoxynivalenol,,,0,not_found
Betuletol,,,0,not_found
Morphinone,,,0,not_found
20-Hydroxyecdysone,,,0,not_found
3-Dehydroecdysone,,,0,not_found
L-threonic acid,,,0,not_found
3-Acetamidopropanal,,,0,not_found
D-Tagaturonic acid,,,0,not_found
Ribonic acid,,,0,not_found
Gadelaidic acid,,,0,not_found
Aldosterone hemiacetal,,,0,not_found
Fumarylacetic acid,,,0,not_found
3-Isopropylmalic acid,,,0,not_found
Azodicarbonamide,,,0,not_found
2-Octadecenal,,,0,not_found
Hydromorphinol,,,0,not_found
Diazodinitrophenol,,,0,not_found
Dodecenylsuccinic acid,,,0,not_found
D-Chicoric acid,,,0,not_found
Artelastochromene,,,0,not_found
Solanesol,,,0,not_found
Ceftriaxone,,,0,not_found
Norbinaltorphimine,,,0,not_found
Piscidanone,,,0,not_found
Licoflavonol,,,0,not_found
Morusinol,,,0,not_found
Geraldol,,,0,not_found
Fremontone,Fremontone,,0,no_boiling_point
Glisoflavone,,,0,not_found
Trifoliol,,,0,not_found
Mycochromone,,,0,not_found
Wairol,,,0,not_found
Norophthalamic acid,,,0,not_found
Noroxycodone,C57664967,,0,no_boiling_point
Demethylwedelolactone,,,0,not_found
Alpinumisoflavone,,,0,not_found
Tricetin 4'-methyl ether,,,0,not_found
Araneosol,,,0,not_found
Dehydrotoxicarol,,,0,not_found
Aureol,,,0,not_found
6-Alpha Naloxol,,,0,not_found
Isowighteone,,,0,not_found
9-Hydroxycalabaxanthone,,,0,not_found
12-Hydroxyjasmonic acid,,,0,not_found
Lysophosphatidic acid,,,0,not_found
Adrenic acid,,,0,not_found
Docosapentaenoic Acid,,,0,not_found
Noroxymorphone,,,0,not_found
S-Neoral,,,0,not_found
Benzil monohydrazone,C5344887,,0,no_boiling_point
Virodhamine,,,0,not_found
Docosyloxirane,,,0,not_found
Flavasperone,Flavasperone,,0,no_boiling_point
Lucernol,,,0,not_found
Caldarchaeol,,,0,not_found
Irigenol,,,0,not_found
Derrubone,,,0,not_found
Apaziquone,,,0,not_found
Isobavachromene,,,0,not_found
4-Acetamidochalcone,,,0,not_found
Rubone,,,0,not_found
Masticadienonic acid,,,0,not_found
Triacetylresveratrol,,,0,not_found
Obtusaquinone,,,0,not_found
2-Pentenamide,,,0,not_found
Robustone,,,0,not_found
2-Octenedioic acid,,,0,not_found
Flubenzimine,C37893020,,0,no_boiling_point
12-Aminolauramide,,,0,not_found
Gadobutrol,,,0,not_found
9-Heneicosene,,,0,not_found
Glucocaffeic acid,,,0,not_found
Apotoxicarol,,,0,not_found
4-Hydroxycrotonic acid,,,0,not_found
Coronaric acid,,,0,not_found
Pashanone,,,0,not_found
Sorbamide,,,0,not_found
Methanandamide,,,0,not_found
Radicicol,,,0,not_found
Hexabutyldistannane,,,0,not_found
Fosetyl-al,,,0,not_found
7-Tricosene,R282090,,0,no_boiling_point
4-Decenedioic acid,,,0,not_found
6alpha-Hydroxycholestanol,,,0,not_found
Spheroidene,,,0,not_found
9-Tricosene,C27519024,573.2,1,found
Maxacalcitol,,,0,not_found
2-Isonitrosoacetophenone,,,0,not_found
Isonitrosoacetone,,,0,not_found
Aminomethanol,,,0,not_found
Amino musk ketone,,,0,not_found
1-Cyclopentylicosane,C22331380,,0,no_boiling_point
10-Methyldocosane,,,0,not_found
11-Methyldocosane,,,0,not_found
12-Methylheptacosane,,,0,not_found
13-Methylhexacosane,R213975,,0,no_boiling_point
12-Methyloctacosane,R214052,,0,no_boiling_point
13-Methyloctacosane,R214067,,0,no_boiling_point
12-Methyltetracosane,R214101,,0,no_boiling_point
12-Methyltricosane,,,0,not_found
2-Nitrobenzopyranone,,,0,not_found
2-Thiapentanal,R226416,,0,no_boiling_point
10-Cyclohexylnonadecane,U357255,,0,no_boiling_point
2-Cyclohexylnonadecane,U357249,,0,no_boiling_point
3-Cyclohexylnonadecane,U357250,,0,no_boiling_point
4-Cyclohexylnonadecane,U357251,,0,no_boiling_point
5-Cyclohexylnonadecane,R228521,,0,no_boiling_point
6-Cyclohexylnonadecane,U357253,,0,no_boiling_point
7-Cyclohexylnonadecane,U357254,,0,no_boiling_point
trans-Ascaridolglycol,,,0,not_found
Dihydromaltol,,,0,not_found
7-Methylheptacosane,R238489,,0,no_boiling_point
12-Ethyltricosane,,,0,not_found
12-Heptyltricosane,R248203,,0,no_boiling_point
12-Hexyltricosane,R248218,,0,no_boiling_point
12-Octyltricosane,R248223,,0,no_boiling_point
12-Pentyltricosane,R248238,,0,no_boiling_point
12-Propyltricosane,,,0,not_found
3-Methylhexacosane,C65820566,,0,no_boiling_point
15-Methylhentriacontane,R261528,,0,no_boiling_point
10-Methylhexacosane,R261746,,0,no_boiling_point
11-Methylhexacosane,R261800,,0,no_boiling_point
11-Methyltetracosane,R261815,,0,no_boiling_point
6-Methylnonadecane,R262170,,0,no_boiling_point
14-Methylhentriecontane,R263242,,0,no_boiling_point
5-Ethylhentriacontane,R269473,,0,no_boiling_point
5-Ethylheptacosane,R269488,,0,no_boiling_point
5-Ethylnonacosane,R269493,,0,no_boiling_point
5-Ethylpentacosane,R269502,,0,no_boiling_point
5-Ethyltritriacontane,R269517,,0,no_boiling_point
11-Methylpentatriacontane,R271966,,0,no_boiling_point
12-Methyltetratriacontane,R272003,,0,no_boiling_point
13-Methyldotriacontane,R272127,,0,no_boiling_point
14-Methyltetratriacontane,R272147,,0,no_boiling_point
15-Methylnonacosane,,,0,not_found
3-Methyloctacosane,C65820588,,0,no_boiling_point
7-Methylhentriacontane,R272716,,0,no_boiling_point
7-Methyltriacontane,R272736,,0,no_boiling_point
8-Methyltriacontane,R272761,,0,no_boiling_point
9-Methylhentriacontane,R272830,,0,no_boiling_point
9-Methylheptatriacontane,R272845,,0,no_boiling_point
9-Methylnonacosane,R272850,,0,no_boiling_point
9-Methylheptacosane,R272865,,0,no_boiling_point
13-Methylnonatriacontane,R280103,,0,no_boiling_point
15-Methylnonatriacontane,R280118,,0,no_boiling_point
17-Methylhentetracontane,R280123,,0,no_boiling_point
17-Methylnonatriacontane,R280138,,0,no_boiling_point
19-Methylhentetracontane,R280143,,0,no_boiling_point
19-Methylnonatriacontane,R280158,,0,no_boiling_point
21-Methylhentetracontane,R280163,,0,no_boiling_point
7-Docosene,R282025,,0,no_boiling_point
7-Heneicosene,R282030,,0,no_boiling_point
7-Hentriacontene,R282045,,0,no_boiling_point
7-Heptacosene,R282050,,0,no_boiling_point
7-Nonacosene,R282065,,0,no_boiling_point
7-Nonadecene,R282070,,0,no_boiling_point
7-Pentacosene,R282085,,0,no_boiling_point
9-Hentriacontene,R282109,,0,no_boiling_point
9-Heptacosene,R282114,,0,no_boiling_point
9-Nonacosene,R282129,,0,no_boiling_point
9-Octacosene,R282134,,0,no_boiling_point
9-Pentacosene,R282149,,0,no_boiling_point
9-Tetracosene,R282154,,0,no_boiling_point
9-Triacontene,R282169,,0,no_boiling_point
4-Methyltriacontane,R272543,,0,no_boiling_point
8-Hydroxy geraniol,R287406,,0,no_boiling_point
16-Methyldotriacontane,R300217,,0,no_boiling_point
16-Methyltetratriacontane,R300237,,0,no_boiling_point
17-Methyltetratriacontane,R300257,,0,no_boiling_point
3-Methylpentatriacontane,,,0,not_found
19-Methylheptatriacontane,R261602,,0,no_boiling_point
Pentamethoxy-acetophenone,,,0,not_found
2-Hydroxyisodavanone,R89516,,0,no_boiling_point
1-Hydroxyneomenthol,R95836,,0,no_boiling_point
4-Hydroxycarvomenthol,R95854,,0,no_boiling_point
4-Hydroxyisocarvomenthol,R95868,,0,no_boiling_point
4-Hydroxymenthol,R95872,,0,no_boiling_point
4-Hydroxyneomenthol,R95911,,0,no_boiling_point
alpha-Estradiol,,,0,not_found
Methylazoxymethanol,,,0,not_found
Simethicone,,,0,not_found
Bongkrekic acid,,,0,not_found
Icone,,,0,not_found
n-Oleyldiethanolamine,,,0,not_found
Linoleamide,,,0,not_found
Prostalene,,,0,not_found
Cobamamide,,,0,not_found
Stearyl erucamide,,,0,not_found
Oleyl palmitamide,,,0,not_found
Hesperidin methylchalcone,,,0,not_found
Rehmannic acid,,,0,not_found
2-Chlorofumaric acid,,,0,not_found
Phytofluene,,,0,not_found
4-Oxoretinoic acid,,,0,not_found
Beta-Zearalenol,,,0,not_found
Triapenthenol,,,0,not_found
Seselidiol,,,0,not_found
4-Hydroxyretinoic acid,,,0,not_found
N-Linoleoyldopamine,,,0,not_found
Tetracosahexaenoic acid,,,0,not_found
Eicosadienoic acid,,,0,not_found
Tetracosenoic acid,,,0,not_found
Tetracosatetraenoic acid,,,0,not_found
28-Deacetylbelamcandal,,,0,not_found
Caftaric Acid,,,0,not_found
Rhodoquinone,,,0,not_found
Calderol,,,0,not_found
Osbond acid,,,0,not_found
alpha-Zeacarotene,,,0,not_found
Colnelenic acid,,,0,not_found
Colneleic acid,,,0,not_found
Luprostiol,,,0,not_found
Drixoral,,,0,not_found
Traversianal,,,0,not_found
Kanakugiol,,,0,not_found
2E-Decenedioic acid,,,0,not_found
Safynol,,,0,not_found
Hydroxyphytofluene,,,0,not_found
Graphenone,,,0,not_found
Tuberonic acid,,,0,not_found
Glutamic acid linoleamide,,,0,not_found
Ixabepilone,,,0,not_found
Calcitetrol,,,0,not_found
Vernolic acid,,,0,not_found
Cannabigerolic acid,,,0,not_found
Orizanol,,,0,not_found
Deoxyhumulone,,,0,not_found
Bavachalcone,,,0,not_found
Metrafenone,,,0,not_found
Scopalamine,,,0,not_found
Diisooctylhydroquinone,,,0,not_found
Isorotenone,,,0,not_found
19-Hydroxycholesterol,,,0,not_found
3-Nitropropanal,,,0,not_found
Isosafrole glycol,,,0,not_found
Pinocembrin chalcone,,,0,not_found
Sorgoleone,,,0,not_found
Bakuchalcone,,,0,not_found
Noladin ether,,,0,not_found
Hydroxyvalerenic acid,,,0,not_found
L-arabinonic acid,,,0,not_found
Khayanthone,,,0,not_found
Gedunol,,,0,not_found
alpha-DIHYDROGEDUNOL,,,0,not_found
Retusin 7-Methyl Ether,,,0,not_found
Arthonioic acid,,,0,not_found
Dehydropachyrrhizone,,,0,not_found
Milldurone,,,0,not_found
6beta-Hydroxycortisol,,,0,not_found
D-idaric acid,,,0,not_found
8-Hydroxycarapinic acid,,,0,not_found
Chukrasin methyl ether,,,0,not_found
Ubidecareneone,,,0,not_found
Garcinolic acid,,,0,not_found
Oleoyl glutamic acid,,,0,not_found
Dantrolene,,,0,not_found
Inecalcitol,,,0,not_found
Tephrone,,,0,not_found
Orungal,,,0,not_found
Teroxirone,,,0,not_found
Eldecalcitol,,,0,not_found
Vilazodone,,,0,not_found
Indacaterol,,,0,not_found
Anisodamine,,,0,not_found
L-Ribonic acid,,,0,not_found
Gly-val,C1963219,,0,no_boiling_point
Lysylglutamic acid,,,0,not_found
Threonylglutamine,,,0,not_found
Ophthalmic acid,,,0,not_found
Ser-Val,,,0,not_found
Thr-Val,,,0,not_found
His-Val,,,0,not_found
Serylglutamic acid,,,0,not_found
Dehydromillettone,,,0,not_found
Isoestradiol,,,0,not_found
Bergaptol geranyl ether,,,0,not_found
Aleuritic Acid,C533879,,0,no_boiling_point
Phe-Val,C3918909,,0,no_boiling_point
3-Bromohexadecanoic acid,,,0,not_found
9-Octacosenoic acid,,,0,not_found
Heneicosanedioic acid,,,0,not_found
Tricosanedioic acid,,,0,not_found
Hexacosanedioic acid,,,0,not_found
2S-hydroxyadipic acid,,,0,not_found
8E-Heptadecenedioic acid,,,0,not_found
Dioleoylphosphatidic acid,,,0,not_found
Ercalcitriol,,,0,not_found
Calcitroic acid,,,0,not_found
24R-Calcipotriol,,,0,not_found
24-Fluorocalcitriol,,,0,not_found
Dhbh-calcitriol,,,0,not_found
Bisnorcholic acid,,,0,not_found
Furaltadone,,,0,not_found
10-Hydroxystearic acid,,,0,not_found
Tenofovir Alafenamide,,,0,not_found
2-Hydroxyoleic Acid,,,0,not_found
Alfadolone,,,0,not_found
Katonic Acid,,,0,not_found
N-desmethyl loperamide,,,0,not_found
Pentol,,,0,not_found
Iscotrizinol,,,0,not_found
Butaneperoxoic Acid,,,0,not_found
5-Androstenetriol,,,0,not_found
16-Dehydroepicalcitriol,,,0,not_found
Desmethylrocaglamide,,,0,not_found
Metaflumizone,,,0,not_found
Budiodarone,,,0,not_found
Palmitoleoyl Ethanolamide,,,0,not_found
Pentapropylene glycol,C21482122,,0,no_boiling_point
Capryloyl Salicylic Acid,,,0,not_found
N-butyltetradecanamide,C41328727,,0,no_boiling_point
O-Desmethyltramadol,,,0,not_found
Fisetin 3-methyl ether,,,0,not_found
Levonebivolol,,,0,not_found
Halometasone,,,0,not_found
Tauroursodeoxycholic acid,,,0,not_found
Drometrizole trisiloxane,,,0,not_found
Gambogic Acid,,,0,not_found
Pinellic acid,,,0,not_found
Palmitoyl Serinol,,,0,not_found
Isostearyl Glyceryl Ether,,,0,not_found
Loteprednol,,,0,not_found
Guibourtinidol,,,0,not_found
Carajuflavone,,,0,not_found
Gomphrenol,,,0,not_found
Cetyl Dimethylbutyl Ether,,,0,not_found
Epirosmanol,,,0,not_found
Balaglitazone,,,0,not_found
Naringin Dihydrochalcone,,,0,not_found
18b-Glycyrrhetic acid,,,0,not_found
Histidylglutamine,,,0,not_found
11-Eicosenol,,,0,not_found
Rosmaridiphenol,,,0,not_found
Melengestrol,,,0,not_found
Triacetoxyscirpenol,,,0,not_found
Tetrahydrogambogic Acid,,,0,not_found
Protopanaxadiol,,,0,not_found
Neomenthoglycol,,,0,not_found
Dehydrochorismic acid,,,0,not_found
Dodecyl octyl ether,,,0,not_found
Santal,,,0,not_found
Sophoflavescenol,,,0,not_found
Norchenodeoxycholic acid,,,0,not_found
Topilutamide,,,0,not_found
Fipronil amide,,,0,not_found
Melphalan flufenamide,,,0,not_found
Acetylenediol,,,0,not_found
Apional,,,0,not_found
Phenylbutyrylglutamine,,,0,not_found
Malyngic acid,,,0,not_found
Ecalcidene,,,0,not_found
Ubiquinol,,,0,not_found
alpha-Hyodeoxycholic acid,,,0,not_found
Nornalmefene,,,0,not_found
4-Hydroxyestrone,,,0,not_found
Syzygiol,,,0,not_found
Murrayanol,,,0,not_found
Linoleic diethanolamide,,,0,not_found
Sarothranol,,,0,not_found
Phaffiaol,,,0,not_found
Katononic acid,,,0,not_found
Atrovirinone,,,0,not_found
Herbertenediol,,,0,not_found
Glicophenone,,,0,not_found
N-Stearoyldopamine,,,0,not_found
Denticulaflavonol,,,0,not_found
Piscidic Acid,,,0,not_found
Nortanshinone,,,0,not_found
6-Hydroxy Bexarotene,,,0,not_found
Odyssic acid,,,0,not_found
Methylliderone,,,0,not_found
3'-Deoxydryopteric acid,,,0,not_found
Hydroxychlorobactene,,,0,not_found
Flutemetamol,,,0,not_found
Jaeschkeanadiol,R424209,,0,no_boiling_point
Difluoromalonic acid,,,0,not_found
Solriamfetol,,,0,not_found
cis-Sinapyl alcohol,,,0,not_found
Arendal,,,0,not_found
O-Acetylgalanthamine,,,0,not_found
Bisphenylhexamethicone,,,0,not_found
Nonaprene,,,0,not_found
Glutamylglutamine,,,0,not_found
2-Acetylnicotinic acid,,,0,not_found
Cerevisterol,,,0,not_found
Vilanterol,,,0,not_found
Intal,,,0,not_found
Isobergaptol,,,0,not_found
Fosfomycin Tromethamine,,,0,not_found
Paecilaminol,,,0,not_found
Carminic acid,,,0,not_found
Trifluoroperacetic acid,,,0,not_found
Palovarotene,,,0,not_found
Peroxyoctanoic acid,,,0,not_found
1-Hexylglycerol,,,0,not_found
Cyclocommunol,,,0,not_found
Thysanone,,,0,not_found
Triclabendazole sulfone,,,0,not_found
Atrovirisidone,,,0,not_found
Cycloartobiloxanthone,,,0,not_found
Norhydromorphone,,,0,not_found
Glicoricone,,,0,not_found
Cedrediprenone,,,0,not_found
Clausenal,,,0,not_found
Infectocaryone,,,0,not_found
Meciadanol,,,0,not_found
15-Acetyldeoxynivalenol,,,0,not_found
Demethoxyegonol,,,0,not_found
Fenamidone,C161326347,,0,no_boiling_point
Amorphaquinone,,,0,not_found
Semimyrtucommulone,,,0,not_found
Nakitriol,,,0,not_found
Secoclausenamide,,,0,not_found
Hellebrigenol,,,0,not_found
Derriflavanone,,,0,not_found
3-Epikatonic Acid,,,0,not_found
Gigantetrocinone,,,0,not_found
4-Chlorophenylmaleic acid,,,0,not_found
Carpachromene,,,0,not_found
Garcinoic acid,,,0,not_found
Fulvestrant sulfone,,,0,not_found
Obtusaquinol,,,0,not_found
Codeigene,,,0,not_found
Bempedoic Acid,,,0,not_found
Petalopurpurenol,,,0,not_found
Isosophoranone,,,0,not_found
Leridol,,,0,not_found
Dysidenamide,,,0,not_found
Haliclonyne,,,0,not_found
Debromogrenadadiene,,,0,not_found
6beta-Hydroxyarjunic acid,,,0,not_found
Kasumigamide,,,0,not_found
7S-Methylheptadecane,,,0,not_found
Geranioloxyalatum flavone,,,0,not_found
Remirol,,,0,not_found
Lepidiumsesterterpenol,,,0,not_found
3'-Methoxyrocaglamide,,,0,not_found
Zanthoxyl flavone,,,0,not_found
Guisinol,,,0,not_found
Macrophominol,,,0,not_found
Enterolactone,,,0,not_found
Hamilcone,,,0,not_found
Climacostol,,,0,not_found
17-Hydroxylinolenic acid,,,0,not_found
Commendamide,,,0,not_found
Prenostodione,,,0,not_found
Scabequinone,,,0,not_found
3'-Hydroxyrocaglamide,,,0,not_found
Nitrotridecane,R518691,,0,no_boiling_point
Grenadadiene,,,0,not_found
Isocyclokirilodiol,,,0,not_found
Uncaric acid,,,0,not_found
Laureth-3 carboxylic acid,,,0,not_found
Chlorotricyanomethane,,,0,not_found
Botryococcene,,,0,not_found
Arachidonyl alcohol,,,0,not_found
Sterehirsutinal,,,0,not_found
Bourgeanic acid,,,0,not_found
Prolycopene,,,0,not_found
Wodeshiol,,,0,not_found
Gb5 Ceramide,,,0,not_found
2-Acetoxybenzophenone,,,0,not_found
7Z-Heneicosene,,,0,not_found
Isopongaflavone,,,0,not_found
Decaprenol,,,0,not_found
4-Deoxythreonic acid,,,0,not_found
Deprodone,,,0,not_found
Dimethoxydisulfane,,,0,not_found
Pentalenic acid,,,0,not_found
25-Deoxyecdysone,,,0,not_found
Sterehirsutinol,,,0,not_found
9-Hydroxymyristic acid,,,0,not_found
Pyroglutamylglutamine,,,0,not_found
1-Iodoheptadecane,C26825832,,0,no_boiling_point
Mesquitol,,,0,not_found
Semiglabrinol,,,0,not_found
Grandinol,,,0,not_found
Lyngbic acid,,,0,not_found
Butyl tetradecyl ether,U406404,,0,no_boiling_point
Zoanthusterone,,,0,not_found
Thiobutyrolactone,,,0,not_found
2-chlorohexadecanoic Acid,,,0,not_found
5alpha-Hydroxycholesterol,,,0,not_found
Cis-Corossolone,,,0,not_found
Desmodol,,,0,not_found
Edulane,,,0,not_found
Licoleafol,,,0,not_found
Dinorursodeoxycholic acid,,,0,not_found
6-Deoxoteasterone,,,0,not_found
9S-Methylnonadecane,,,0,not_found
Phenylethyl resorcinol,,,0,not_found
Treprostinil Diolamine,,,0,not_found
Bicyclopyrone,,,0,not_found
Lodoxamide Tromethamine,,,0,not_found
Flubendiamide,,,0,not_found
Nocardiolactone,,,0,not_found
Puerarone,,,0,not_found
Guamamide,,,0,not_found
Bancroftinone,,,0,not_found
3-bromophthalic Acid,,,0,not_found
1-Androstenediol,,,0,not_found
Topramezone,,,0,not_found
4-Methylhexacosane,R248550,,0,no_boiling_point
Milleyanaflavone,,,0,not_found
Sexithiophene,B8024752,,0,no_boiling_point
Glabone,,,0,not_found
16|A-hydroxyandrosterone,,,0,not_found
11Z-Eicosenal,,,0,not_found
Rac-Lyngbic Acid,,,0,not_found
Dryopteric acid,,,0,not_found
Elocalcitol,,,0,not_found
Decafluoro-glutaramide,C32822529,,0,no_boiling_point
Enigmol,,,0,not_found
Undecaneperoxoic acid,,,0,not_found
Roccellic acid,,,0,not_found
Barbamide,,,0,not_found
Dihydromorelloflavone,,,0,not_found
Daumone,,,0,not_found
Hydroxyanigorufone,,,0,not_found
8-Hydroxynerol,,,0,not_found
Bacteriohopanetetrol,,,0,not_found
Fenpyrazamine,,,0,not_found
Laxichalcone,,,0,not_found
Olodaterol,,,0,not_found
Diabutal,,,0,not_found
Trifarotene,,,0,not_found
Fluensulfone,,,0,not_found
Cannabinodiol,,,0,not_found
Pyroxasulfone,,,0,not_found
Tembotrione,,,0,not_found
Larsucosterol,,,0,not_found
Jensenone,R301785,,0,no_boiling_point
Lisdexamfetamine,,,0,not_found
Sedaxane,,,0,not_found
9Z-Docosene,,,0,not_found
Cyprosulfamide,,,0,not_found
Pentoxazone,,,0,not_found
Salvinolone,,,0,not_found
Candelabrone,,,0,not_found
Galactinol,,,0,not_found
6-Prenyleriodictyol,,,0,not_found
6-Deoxyclitoracetal,,,0,not_found
Clascoterone,,,0,not_found
Cedreprenone,,,0,not_found
Dodecanoylphloroglucinol,,,0,not_found
Ethyl tetradecyl amine,,,0,not_found
Odoriflavene,,,0,not_found
Isotrinervidiol,,,0,not_found
Nisinic acid,,,0,not_found
Fluprednidene,,,0,not_found
2'-Prenyleriodictyol,,,0,not_found
Oscillol,,,0,not_found
Erythronilic acid,,,0,not_found
Temozolomide acid,,,0,not_found
Sesquixanthydrol,,,0,not_found
3-Epioleanolic acid,,,0,not_found
6-Ketoestriol,,,0,not_found
Voacamine,,,0,not_found
Taurohyocholic acid,,,0,not_found
Diflucortolone,,,0,not_found
Zolpidem Carboxylic Acid,,,0,not_found
Wainunuamide,,,0,not_found
Scopolamine,C51343,,0,no_boiling_point
Dihydrophaseic acid,,,0,not_found
Epi-dihydrophaseic acid,,,0,not_found
Elephantorrhizol,,,0,not_found
Helikrausichalcone,,,0,not_found
Desmethylisoxanthohumol,,,0,not_found
Heneicosapentaenoic acid,,,0,not_found
N-Desmethyl Rosiglitazone,,,0,not_found
Nitroacetylene,,,0,not_found
Dimethyl glutamic acid,,,0,not_found
Heneicosanal,C51227328,,0,no_boiling_point
Lynenic acid,,,0,not_found
Nubigenol,,,0,not_found
1-Butanesulfinic acid,,,0,not_found
Actinioerythrol,,,0,not_found
Alfalone,,,0,not_found
14E-tetracosenoic acid,,,0,not_found
18alpha-Glycyrrhetic acid,,,0,not_found
Trichloronitroethylene,,,0,not_found
2-Thiothinone,,,0,not_found
2-Methylnicotinamide,,,0,not_found
Norscopolamine,R421804,,0,no_boiling_point
Nitrooxymethyl-benzene,,,0,not_found
2-Hexadecylnaphthalene,C2657434,,0,no_boiling_point
1-Nitroazulene,,,0,not_found
Bombiprenone,,,0,not_found
Capsorubone,,,0,not_found
Isothankunic acid,,,0,not_found
Chandalone,,,0,not_found
Combretol,,,0,not_found
beta-Allocortol,,,0,not_found
alpha-Allocortol,,,0,not_found
beta-Allocortolone,,,0,not_found
alpha-Allocortolone,,,0,not_found
Corycavamine,,,0,not_found
Corynomycolic acid,,,0,not_found
Kessyl glycol,,,0,not_found
Lemmasterone,,,0,not_found
Kanjone,,,0,not_found
Comanic Acid,,,0,not_found
Acacic Acid,,,0,not_found
Amitenone,,,0,not_found
Anziaic acid,,,0,not_found
Angophorol,,,0,not_found
Durmillone,,,0,not_found
Trametenolic acid,,,0,not_found
Gibberic acid,,,0,not_found
ent-Epifisetinidol,,,0,not_found
Glycoursodeoxycholic acid,,,0,not_found
Hulupinic Acid,,,0,not_found
Rhababerone,,,0,not_found
Isophloionolic acid,,,0,not_found
Limocitrol,,,0,not_found
Munetone,,,0,not_found
Okenone,,,0,not_found
Phloionic acid,,,0,not_found
Piscerythrone,,,0,not_found
Tumulosic Acid,,,0,not_found
Pomonic acid,,,0,not_found
Ptaeroxylol,,,0,not_found
Queretaroic acid,,,0,not_found
Robinetinidol,,,0,not_found
Rubiginol,,,0,not_found
Rubrosterone,,,0,not_found
Tomentosolic acid,,,0,not_found
Sideridiol,,,0,not_found
Ucriol,,,0,not_found
3-Methylsuberic acid,,,0,not_found
Taurallocholic acid,,,0,not_found
Linusic acid,,,0,not_found
Sedanonic acid,,,0,not_found
Osmundalactone,,,0,not_found
3-Methylthiazolidinone,,,0,not_found
Sterculynic acid,,,0,not_found
Tasmanone,C22595524,,0,no_boiling_point
Tyromycic acid,,,0,not_found
cis-Zearalenone,,,0,not_found
1-Nitrononane,,,0,not_found
4-Iodomandelic acid,,,0,not_found
1-Chlorotetracosane,,,0,not_found
Hexanitrobenzene,T999904620,,0,no_boiling_point
11-Docosene,R406850,,0,no_boiling_point
2-Butenohydroxyamic acid,,,0,not_found
Difluoronitromethane,C1493056,,0,no_boiling_point
Nonadecanedioic acid,,,0,not_found
10Z-Nonadecenal,,,0,not_found
1-Iodotriacontane,,,0,not_found
Orientalone,,,0,not_found
Dimethyl aspartic acid,,,0,not_found
Pongaglabol,,,0,not_found
Cannabicyclohexanol,,,0,not_found
Halopredone,,,0,not_found
6-Ethylnicotinamide,,,0,not_found
Thiadone,,,0,not_found
5alpha-Dihydrocortisol,,,0,not_found
Hexapropylene glycol,C52794806,,0,no_boiling_point
Heptapropylene glycol,,,0,not_found
Trapanal,,,0,not_found
Hexadecyl isopropyl ether,U406341,,0,no_boiling_point
19-Oxotestosterone,,,0,not_found
Nitrocyclopropane,,,0,not_found
Tetradecyldiethanolamine,,,0,not_found
Isochavicinic acid,,,0,not_found
Deethylterbutryne,,,0,not_found
2-Chlorooctadecanoic acid,,,0,not_found
4-Deoxyerythronic acid,,,0,not_found
Lumequic acid,,,0,not_found
Cardol triene,,,0,not_found
Randaiol,,,0,not_found
Auraptenol,C51559354,,0,no_boiling_point
13Z-Heptacosene,,,0,not_found
13-Nonacosene,R528064,,0,no_boiling_point
13Z-Nonacosene,,,0,not_found
Typhasterol,,,0,not_found
Teasterone,,,0,not_found
Nitropentadecane,R518686,,0,no_boiling_point
10Z-Heneicosene,,,0,not_found
p-Tolylphosphonous acid,,,0,not_found
Ulipristal,,,0,not_found
Methyl octadecyne,,,0,not_found
3-Acetoxystearic acid,,,0,not_found
2-Eicosanone,C29703524,,0,no_boiling_point
Diisononyl Ether,,,0,not_found
Chloronitroacetamide,,,0,not_found
Fluorochloronitromethane,,,0,not_found
4-Deoxyphysalolactone,,,0,not_found
9Z-docosenoic acid,,,0,not_found
11-Sulfoundecanoic acid,,,0,not_found
Preulicyclamide,,,0,not_found
Neosolaniol,C36519252,,0,no_boiling_point
Fontonamide,,,0,not_found
Nonacosanedioic acid,,,0,not_found
Trimethylsilyldulcitol,,,0,not_found
1-Hentetracontene,,,0,not_found
Dacryhainansterone,,,0,not_found
Protofarrerol,,,0,not_found
Irisresorcinol,,,0,not_found
2-Pentadecylphenol,T999925018,,0,no_boiling_point
Dolichosterone,,,0,not_found
6-Deoxodolichosterone,,,0,not_found
6-Deoxocastasterone,,,0,not_found
6-Deoxohomodolichosterone,,,0,not_found
Isononanamide,R319187,,0,no_boiling_point
12a-Hydroxydolineone,,,0,not_found
Sativanone,,,0,not_found
9-Docosene,,,0,not_found
10Z-Tricosene,,,0,not_found
Linoleic isopropanolamide,,,0,not_found
Ganodermadiol,,,0,not_found
2-Deoxyecdysone,,,0,not_found
Alkhanol,,,0,not_found
Benzoylmalic acid,,,0,not_found
Glycodehydrocholic acid,,,0,not_found
Mirificoumestan glycol,,,0,not_found
Luteolin 5-methyl ether,,,0,not_found
28-Norcastasterone,,,0,not_found
Vaccelenic acid,,,0,not_found
Homocholic acid,,,0,not_found
1-Methoxyoctadecane,,,0,not_found
Isopropyl octadecyl ether,U406342,,0,no_boiling_point
11Z-heptadecenoic acid,,,0,not_found
Ovalichalcone,,,0,not_found
Karanjachromene,,,0,not_found
Pongachromene,,,0,not_found
6-Methoxyeriodictyol,,,0,not_found
Arjunone,,,0,not_found
Toxicarolisoflavone,,,0,not_found
Sagatal,,,0,not_found
Dihydrosuberenol,,,0,not_found
Fluoronitroacetamide,,,0,not_found
Arteanoflavone,,,0,not_found
p-Dinitromethyltoluene,,,0,not_found
Unguinol,,,0,not_found
Gravelliferone,,,0,not_found
Cynaratriol,,,0,not_found
7-Oxotyphasterol,,,0,not_found
O-Acetyldysidamide,,,0,not_found
9Z-Pentacosene,,,0,not_found
Acaciabiuronic acid,,,0,not_found
Saringosterol,R215560,,0,no_boiling_point
Atalantoflavone,,,0,not_found
Racemoflavone,,,0,not_found
Hipposterol,,,0,not_found
17Z-Tetracosenoic acid,,,0,not_found
19E-tetradocosenoic acid,,,0,not_found
23-Hydroxyphysalolactone,,,0,not_found
Citflavanone,,,0,not_found
5Z-hexacosenoic acid,,,0,not_found
19Z-hexacosenoic acid,,,0,not_found
Licoflavanone,,,0,not_found
Hapalindole A-formamide,,,0,not_found
Hapalindole J-formamide,,,0,not_found
N-Linolenoyldopamine,,,0,not_found
Isoderrone,,,0,not_found
Cyclomillinol,,,0,not_found
Sanshodiol,,,0,not_found
Artobilichromene,,,0,not_found
3E-Eicosenoic acid,,,0,not_found
2-Methylheptacosane,C1561008,,0,no_boiling_point
9-Methyloctacosane,,,0,not_found
Helihumulone,,,0,not_found
Dinorhyodeoxycholic acid,,,0,not_found
Volubinol,,,0,not_found
9Z-Eicosene,,,0,not_found
3'-Hydroxystanozolol,,,0,not_found
16beta-Hydroxystanozolol,,,0,not_found
Triazamate acid,,,0,not_found
Xanthogalenol,,,0,not_found
2beta-Hydroxytestosterone,,,0,not_found
Norlithocholic acid,,,0,not_found
Dechlorofontonamide,,,0,not_found
Dinitrobutane,,,0,not_found
3-Glucogallic acid,,,0,not_found
3-Dehydroteasterone,,,0,not_found
Narceinone,,,0,not_found
7Z-Tricosene,,,0,not_found
11-Nonacosene,R528019,,0,no_boiling_point
Neolinderatone,,,0,not_found
Lesterone,,,0,not_found
Turkesterone,,,0,not_found
Hallacridone,,,0,not_found
2-Chlorohexadecanol,,,0,not_found
Ganodermatriol,,,0,not_found
7-Oxododecanoic acid,,,0,not_found
7-Oxotetradecanoic acid,,,0,not_found
Dihydromalyngic acid,,,0,not_found
9-Hydroxynerolidol,R432354,,0,no_boiling_point
12a-Hydroxymunduserone,,,0,not_found
Dihydrostemonal,,,0,not_found
6-Acetyldihydrostemonal,,,0,not_found
6-Hydroxysumatrol,,,0,not_found
Villinol,,,0,not_found
12Z-eicosenoic acid,,,0,not_found
Isomarasmone,,,0,not_found
Dihydromarasmone,,,0,not_found
3-Ethylheptadecane,R415399,,0,no_boiling_point
Behenoyl diethanolamide,,,0,not_found
5-Nonylresorcinol,,,0,not_found
Echinoisosophoranone,,,0,not_found
Nimbaflavone,,,0,not_found
Acidissiminol,,,0,not_found
Iriskumaonin methyl ether,,,0,not_found
10Z-Eicosenoic acid,,,0,not_found
14-Eicosenoic acid,,,0,not_found
Irisolone methyl ether,,,0,not_found
Diplacone,,,0,not_found
8-Heptadecenal,,,0,not_found
3-Methyltriacontane,C72227011,,0,no_boiling_point
Perfluorohexanamide,,,0,not_found
Homodolichosterone,,,0,not_found
Quinestradol,,,0,not_found
Valafolone,,,0,not_found
Zedoarondiol,,,0,not_found
Isozedoarondiol,,,0,not_found
Terbufos oxon sulfone,,,0,not_found
2-Triacontanone,,,0,not_found
Derrone,,,0,not_found
Villosinol,,,0,not_found
Erythynone,,,0,not_found
Tephrosol,,,0,not_found
Tryptophylaspartic acid,,,0,not_found
Preferrugone,,,0,not_found
Predurmillone,,,0,not_found
Prebarbigerone,,,0,not_found
Dehydrodalpanol,,,0,not_found
Linderatone,,,0,not_found
Gravacridonol,,,0,not_found
Cycloartomunoxanthone,,,0,not_found
2-Methylhentriacontane,C1720123,,0,no_boiling_point
Decyl octyl ether,U406383,,0,no_boiling_point
Butyl dodecyl ether,,,0,not_found
5-Acetylfurfural,,,0,not_found
1H-Triazirene,,,0,not_found
Licofuranone,,,0,not_found
Ethylsuberenol,,,0,not_found
Sodium thiobutabarbital,,,0,not_found
4-Sulfinobenzoic acid,,,0,not_found
Sophoronol,,,0,not_found
1-Nonadecyne,C26186016,,0,no_boiling_point
4-Benzylcatechol,,,0,not_found
Inophyllolide chromanol,,,0,not_found
Pseudosemiglabrinol,,,0,not_found
Shidasterone,,,0,not_found
Heterophylol,,,0,not_found
Taxisterone,,,0,not_found
Leridal chalcone,,,0,not_found
Tetracosanamide,,,0,not_found
Chlorobactane,,,0,not_found
Beta-isorenieratane,,,0,not_found
Cathasterone,,,0,not_found
22S-hydroxycampesterol,,,0,not_found
Tamaridone,,,0,not_found
Erucoylacetone,,,0,not_found
Nervonoylacetone,C305805383,,0,no_boiling_point
Crassichalcone,,,0,not_found
Palmitamidohexadecanediol,,,0,not_found
5-Hydroxydrospirenone,,,0,not_found
Adlupone,,,0,not_found
Isolysergic acid,,,0,not_found
Isomasticadienonic acid,,,0,not_found
3-Epimasticadienolic acid,,,0,not_found
Gypsogenic acid,,,0,not_found
10-Hydroxypalmitic acid,,,0,not_found
Diacetoxyscirpenol,C2270408,,0,no_boiling_point
Clovanediol,C2649641,,0,no_boiling_point
Prinzone,,,0,not_found
Acetylstearoylmethane,C6136885,,0,no_boiling_point
7'-Hydroxyabscisic acid,,,0,not_found
N-Methyltolbutamide,,,0,not_found
Artomunoxanthone,,,0,not_found
Artomunoxanthentrione,,,0,not_found
Hoslundal,,,0,not_found
Derrichalcone,,,0,not_found
Homolithocholic acid,,,0,not_found
5'-Prenyllicodione,,,0,not_found
9-Methyltetracosane,,,0,not_found
Pentaborane,C19624227,,0,no_boiling_point
F8426-cinnamic acid,F8426-cinnamic acid,,0,no_boiling_point
Agglomerone,R323374,,0,no_boiling_point
Flavesone,,,0,not_found
Acetochlor oxanilic acid,,,0,not_found
14E-octadecenoic acid,,,0,not_found
Usujirene,,,0,not_found
Agrandol,,,0,not_found
Laurentinol,,,0,not_found
Isochandalone,,,0,not_found
N-Thiocyanogenphenylene,,,0,not_found
15-Hentriacontene,R528099,,0,no_boiling_point
Dianhydrogalactitol,C23261203,,0,no_boiling_point
2-Dehydroecdysone,,,0,not_found
Enzalutamide,,,0,not_found
1-Octylglycerol,,,0,not_found
Fujikinetin methyl ether,,,0,not_found
5-Sulfopentanoic acid,,,0,not_found
Cimigenol,,,0,not_found
Ginnol,,,0,not_found
Pectenolone,,,0,not_found
4-Ketomyxol,,,0,not_found
Demethylspheroidene,,,0,not_found
Bacteriorubixanthinal,,,0,not_found
Hydroxyspheroidene,,,0,not_found
Hydroxyspheroidenone,,,0,not_found
Demethylspheroidenone,,,0,not_found
Myxol,,,0,not_found
Deoxymyxol,,,0,not_found
Micromonal,,,0,not_found
OH-Demethylspheroidene,,,0,not_found
OH-Demethylspheroidenone,,,0,not_found
Dormatinone,,,0,not_found
6-Deoxocathasterone,,,0,not_found
6-Deoxotyphasterol,,,0,not_found
6alpha-Hydroxycampestanol,,,0,not_found
Tomatidinol,,,0,not_found
Petasiphenone,,,0,not_found
9-Fluorocortisone,,,0,not_found
Fortical,,,0,not_found
Trasylol,,,0,not_found
Tannic Acid,B6006372,,0,no_boiling_point
Ceruletide Diethylamine,,,0,not_found
Phosphomolybdic acid,,,0,not_found
Gadopiclenol,,,0,not_found
Caprospinol,,,0,not_found
11a-ACETOXYPROGESTERONE,,,0,not_found
Acetoxytrioctylstannane,,,0,not_found
Hexaoctyldistannathiane,,,0,not_found
Thimerosal,,,0,not_found
Isosojagol,,,0,not_found
Flupyradifurone,,,0,not_found
Dihydroceramide,,,0,not_found
Cobiprostone,,,0,not_found
gamma-Linoleoyl dopamine,,,0,not_found
8-Acetoxylinalool,R340344,,0,no_boiling_point
Mukeic acid,,,0,not_found
Nonyl octyl ether,T999920717,,0,no_boiling_point
Butyl docosyl ether,U406408,,0,no_boiling_point
1-Fluoroheptadecane,C1545171,,0,no_boiling_point
4-Ethoxypicolinic acid,,,0,not_found
Octacosanamide,,,0,not_found
Gadobenic Acid,,,0,not_found
Asn-Val,,,0,not_found
Cysteinyl-glutamine,,,0,not_found
Tryptophylglutamine,,,0,not_found
Hexacosanamide,,,0,not_found
2-Methylpentatriacontane,,,0,not_found
15-Nonacosanol,,,0,not_found
Peroxyacrylic acid,,,0,not_found
beta-Glycyrrhetic acid,,,0,not_found
Myristoyl Glutamic Acid,,,0,not_found
17-Methylpentatriacontane,R261593,,0,no_boiling_point
Dipalmitoylglycerol,,,0,not_found
2-Hydroxyhexadecanal,,,0,not_found
Formylnaphthoic acid,,,0,not_found
Hexadecyl propyl ether,U406279,,0,no_boiling_point
Indolylbutyric acid,,,0,not_found
PPG-3 Myristyl ether,,,0,not_found
Flumioxazin-mono amide,,,0,not_found
Thiolanediol,,,0,not_found
Tyrosylglutamine,,,0,not_found
Dodecyl heptyl ether,U406392,,0,no_boiling_point
Decyl heptyl ether,U406391,,0,no_boiling_point
Dodecyl pentyl ether,U406416,,0,no_boiling_point
Dinitrochloronaphthalene,,,0,not_found
p-Nitrophenylphenol,,,0,not_found
Propyl tetradecyl ether,U406278,,0,no_boiling_point
Tyrosylglutamic acid,,,0,not_found
Dimethyl-oxaloacetic acid,,,0,not_found
Hfpo pentamer acid,,,0,not_found
Butyl octadecyl ether,U406406,,0,no_boiling_point
Butyl hexadecyl ether,U406405,,0,no_boiling_point
Dichlorisone,,,0,not_found
Helenynolic acid,,,0,not_found
Prednylidene,,,0,not_found
Rhodopinol,,,0,not_found
Rhodopinal,,,0,not_found
beta-Carotenone,,,0,not_found
Oxabolone,,,0,not_found
Thiencarbazone,,,0,not_found
Codamine,,,0,not_found
Metrizamide,,,0,not_found
Difenoconazole-alcohol,,,0,not_found
7-Eicosynoic acid,,,0,not_found
14-Methylpentadecanamide,,,0,not_found
Docosyl propyl ether,U406282,,0,no_boiling_point
2-Butyltetradecanoic acid,C22890206,,0,no_boiling_point
7C-Aglycone,,,0,not_found
13-Hydroxyhexacosane,,,0,not_found
Octyl tetradecyl ether,,,0,not_found
Ash acid,,,0,not_found
Heptyl tetradecyl ether,U406393,,0,no_boiling_point
Heptyl octadecyl ether,U406395,,0,no_boiling_point
Eicosyl heptyl ether,U406396,,0,no_boiling_point
Methyl tetracosyl ether,U406296,,0,no_boiling_point
Thiopyrandione,,,0,not_found
Quasiprotopanaxatriol,,,0,not_found
Hexacosyl methyl ether,U406297,,0,no_boiling_point
2-Icosyne,,,0,not_found
Aminopentol,,,0,not_found
6alpha-Hydroxyestrone,,,0,not_found
Jasmine ketolactone,,,0,not_found
5beta-Dihydroaldosterone,,,0,not_found
11-Keto fuidic Acid,,,0,not_found
11-Keto Fusidic Acid,,,0,not_found
4-Sulfobutanoic acid,,,0,not_found
Solerol,,,0,not_found
Benzoquinoneacetic acid,,,0,not_found
Iminobenzoquinone,,,0,not_found
3-Acetamidobutanal,,,0,not_found
2-Butanoylbenzoic acid,,,0,not_found
R. ruber mycolic acid,,,0,not_found
1-Cyclopentylpentadecane,,,0,not_found
Muldamine,,,0,not_found
Protobassic acid,,,0,not_found
Gravacridonetriol,,,0,not_found
Licoriphenone,,,0,not_found
Azaspiracid,,,0,not_found
Cedrelone,,,0,not_found
Anthothecol,,,0,not_found
Circinamide,,,0,not_found
14Z-octadecenoic acid,,,0,not_found
Herbasterol,,,0,not_found
Methyllucidone,,,0,not_found
Uvarinol,,,0,not_found
Karanjonol,,,0,not_found
Orotinichalcone,,,0,not_found
Capsanthone,,,0,not_found
11Z-tetracosenoic acid,,,0,not_found
11Z-hexacosenoic acid,,,0,not_found
11Z-octacosenoic acid,,,0,not_found
5Z-pentacosenoic acid,,,0,not_found
23Z-triacontenoic acid,,,0,not_found
Preulithiacyclamide,,,0,not_found
Dithiirane,,,0,not_found
3-Aminophenylboric acid,,,0,not_found
3-Sulfinobenzoic acid,,,0,not_found
5-Pentacosene,R406890,,0,no_boiling_point
Perfluorodocosanoic acid,,,0,not_found
Nonapropylene glycol,,,0,not_found
Octapropylene glycol,,,0,not_found
Aspartylglutamine,,,0,not_found
8E-Heneicosene,,,0,not_found
11-Pentacosene,R406870,,0,no_boiling_point
10-Pentacosene,R527992,,0,no_boiling_point
10-Heptacosene,R527987,,0,no_boiling_point
10-Docosene,R406830,,0,no_boiling_point
12-Heptacosene,R528039,,0,no_boiling_point
5-Tricosene,R406909,,0,no_boiling_point
10-Methyldotriacontane,C58349830,,0,no_boiling_point
10-Methylheptacosane,,,0,not_found
9-Heptacosyne,,,0,not_found
5-Ethylheptadecane,U360429,,0,no_boiling_point
9-Methyldocosane,,,0,not_found
4-Methylnonacosane,,,0,not_found
8-Methylhexacosane,,,0,not_found
3-Ethylnonadecane,R415408,,0,no_boiling_point
4-Methylheptacosane,,,0,not_found
9-Methylhexacosane,,,0,not_found
6-Methyloctacosane,R530646,,0,no_boiling_point
8-Methyltetracosane,R404745,,0,no_boiling_point
5-Ethylnonadecane,U360431,,0,no_boiling_point
5-Ethyltricosane,R415720,,0,no_boiling_point
6-Methylhexacosane,R530631,,0,no_boiling_point
8-Methyloctacosane,R404730,,0,no_boiling_point
5-Methyloctacosane,,,0,not_found
14-Methylheptacosane,R505170,,0,no_boiling_point
9-Pentacosyne,,,0,not_found
11-Methylheneicosane,R505110,,0,no_boiling_point
5-Ethylhenicosane,R415686,,0,no_boiling_point
9-Methylheneicosane,R539445,,0,no_boiling_point
6beta-Hydroxyestrone,,,0,not_found
Fertaric acid,Fertaric acid,,0,no_boiling_point
32-Hydroxylanosterol,,,0,not_found
Rosiridol,,,0,not_found
3-Hydroxysuberic acid,,,0,not_found
12-Methoxyeicosanoic acid,,,0,not_found
Cetyl octyl ether,,,0,not_found
Dehydropinifolic acid,,,0,not_found
Dermarone,,,0,not_found
C36 Dimer acid,,,0,not_found
Triptone,,,0,not_found
16Beta-Hydroxyestrone,,,0,not_found
25-Hydroxyergocalciferol,,,0,not_found
Isoleucylglutamine,,,0,not_found
Methionylglutamine,,,0,not_found
Pecipamide,,,0,not_found
Triazole acetic acid,,,0,not_found
3-Aminoxybutyric acid,,,0,not_found
Pyriofenone,,,0,not_found
3alpha-Corosolic acid,,,0,not_found
Madasiatic acid,,,0,not_found
o-Aminophenylboric acid,,,0,not_found
Prolylglutamine,,,0,not_found
n-Phenylsulfanilamide,,,0,not_found
Artemidiol,,,0,not_found
5'-Prenylxanthohumol,,,0,not_found
Lespeol,,,0,not_found
Met-val,C14486136,,0,no_boiling_point
Methylpteridinone,,,0,not_found
n-Allyliminodiacetic acid,,,0,not_found
Iododinitromethane,,,0,not_found
gamma-Dinitrobutyric acid,,,0,not_found
3-Trinitropropane,,,0,not_found
Iriediol,,,0,not_found
6Z-nonadecenoic acid,,,0,not_found
9-Ketooctacosanoic acid,,,0,not_found
Endothal,C145733,,0,no_boiling_point
D-Pantothenamide,,,0,not_found
Atractylic Acid,,,0,not_found
cis-Umbellic acid,,,0,not_found
Lescol,,,0,not_found
Sotradecol,,,0,not_found
1-Hexanesulfonic acid,,,0,not_found
H acid,,,0,not_found
Sodium methylsilanetriol,,,0,not_found
Tranxene,,,0,not_found
Etherolenic acid,,,0,not_found
15alpha-Hydroxycholestene,,,0,not_found
3Z-dodecenedioic acid,,,0,not_found
Pentalenolactone,,,0,not_found
Trichamide,,,0,not_found
Alogliptin/pioglitazone,,,0,not_found
Violanone,,,0,not_found
10-Nitrooleic acid,,,0,not_found
Pravachol,,,0,not_found
Apalutamide,,,0,not_found
Desferal,,,0,not_found
6-Methylprednisolone,,,0,not_found
Dapagliflozin Propanediol,,,0,not_found
L-Altruronic acid,,,0,not_found
Triphendiol,,,0,not_found
11-Oxopalmitelaidic acid,,,0,not_found
Esaxerenone,,,0,not_found
Porrigenic acid,,,0,not_found
Hexamollamide,,,0,not_found
Tetrahydroxysqualene,,,0,not_found
Unonal,,,0,not_found
Evenamide,,,0,not_found
Silicotungstic acid,,,0,not_found
6Alpha-Noroxymorphol,,,0,not_found
N-Didesmethyl Loperamide,,,0,not_found
N-formylmaleamic acid,,,0,not_found
Ceplene,,,0,not_found
4-Deoxycohumulone,,,0,not_found
Gadoxetic acid,,,0,not_found
Ioforminol,,,0,not_found
Cobinamide,,,0,not_found
Etheroleic acid,,,0,not_found
Eulophiol,,,0,not_found
3-Oxohexacosanoic acid,,,0,not_found
epi-Maslinic acid,,,0,not_found
Viscosol,,,0,not_found
20-HETE Ethanolamide,,,0,not_found
Piperenone,,,0,not_found
2-Chlorohexadecanal,,,0,not_found
Isocaldarchaeol,,,0,not_found
Calditoglycerocaldachaeol,,,0,not_found
Anthyllisone,,,0,not_found
Glabrachalcone,,,0,not_found
Kurzichalcolactone,,,0,not_found
Helichromanochalcone,,,0,not_found
Epoxyobovatachalcone,,,0,not_found
Linderachalcone,,,0,not_found
Neolinderachalcone,,,0,not_found
Sericone,,,0,not_found
Tinosporinone,,,0,not_found
Milletenone,,,0,not_found
Peltochalcone,,,0,not_found
Mopachalcone,,,0,not_found
Tepanone,,,0,not_found
Odoratol,,,0,not_found
Helilupolone,,,0,not_found
Grenoblone,,,0,not_found
4-Hydroxyglenoblone,,,0,not_found
Rengasin trimethyl ether,,,0,not_found
Aervanone,,,0,not_found
Sophoranochromene,,,0,not_found
Ovalichromene,,,0,not_found
Isouvarinol,,,0,not_found
Emoroidenone,,,0,not_found
Epoxycandidone,,,0,not_found
Leridal,,,0,not_found
Lupinenol,,,0,not_found
Hydroxysophoranone,,,0,not_found
Cajaflavanone,,,0,not_found
Burttinone,,,0,not_found
Velloeriodictyol,,,0,not_found
Fleminone,,,0,not_found
Cerasinone,,,0,not_found
Isoglabrachromene,,,0,not_found
Agamanone,,,0,not_found
Flowerone,,,0,not_found
8-Methoxyeriodictyol,,,0,not_found
Mosloflavanone,,,0,not_found
Coprinol,,,0,not_found
Tintinnadiol,,,0,not_found
Pubescenol,,,0,not_found
Spatol,,,0,not_found
Tetrahydrosqualene,,,0,not_found
Monocyclic botryococcane,,,0,not_found
Ananasic acid,,,0,not_found
Ribosylhopane,,,0,not_found
Apoptone,,,0,not_found
Deoxyribonucleic acid,,,0,not_found
Ligandrol,,,0,not_found
Urushiol,,,0,not_found
Octonal,,,0,not_found
8-Methoxycoumestrol,,,0,not_found
Benzgalantamine,,,0,not_found
Alchornoic acid,,,0,not_found
9Z-Heptadecenal,,,0,not_found
9Z-Nonadecenal,,,0,not_found
Broussinol,,,0,not_found
Shanciol,,,0,not_found
Ent-Robinetinidol,,,0,not_found
Pyranochromene,,,0,not_found
Nordurlettone,,,0,not_found
Corylinal,,,0,not_found
Lunatone,,,0,not_found
Piscidone,,,0,not_found
Cajaisoflavone,,,0,not_found
Robustigenin methyl ether,,,0,not_found
Isoaurmillone,,,0,not_found
Aurmillone,,,0,not_found
Neoraunone,,,0,not_found
Ambonone,,,0,not_found
Erosenone,,,0,not_found
5-Deoxykievitol,,,0,not_found
3'-Methoxyisosativanone,,,0,not_found
Kievitol,,,0,not_found
Isosophoronol,,,0,not_found
Parvisoflavanone,,,0,not_found
Isomillettone,,,0,not_found
Myriconol,,,0,not_found
Sermundone,,,0,not_found
Villosone,,,0,not_found
12a-Methoxydolineone,,,0,not_found
12alpha-Hydroxyerosone,,,0,not_found
Neobanone,,,0,not_found
12a-Hydroxyisomillettone,,,0,not_found
12a-Methoxyrotenone,,,0,not_found
Dalbinol,,,0,not_found
Villol,,,0,not_found
Elliptinol,,,0,not_found
Rotenol,,,0,not_found
Dehydrodolineone,,,0,not_found
Stemonone,,,0,not_found
Stemonal,,,0,not_found
Stemonacetal,,,0,not_found
Repenone,,,0,not_found
Repenol,,,0,not_found
Neodunol,,,0,not_found
Ficifolinol,,,0,not_found
Ambonane,,,0,not_found
Neorautanol,,,0,not_found
Neoraucarpanol,,,0,not_found
Neorautenanol,,,0,not_found
Edulenanol,,,0,not_found
Edulenol,,,0,not_found
Neobanol,,,0,not_found
4-Deoxybryaquinone,,,0,not_found
Bryaquinone,,,0,not_found
Neovestitol,,,0,not_found
Mucroquinone,,,0,not_found
Ambanol,,,0,not_found
Neorauflavene,,,0,not_found
Sepiol,,,0,not_found
Phaseol,,,0,not_found
Puerarol,,,0,not_found
Repensol,,,0,not_found
Kuhlmanniquinol,,,0,not_found
Kuhlmannene,,,0,not_found
Calophyllic acid,,,0,not_found
Pongone,,,0,not_found
Glabratephrinol,,,0,not_found
Isopongachromene,,,0,not_found
Multijuginol,,,0,not_found
Tamadone,,,0,not_found
Cyclochampedol,,,0,not_found
Santoflavone,,,0,not_found
Citrusinol,,,0,not_found
Dumosol,,,0,not_found
Alluaudiol,,,0,not_found
Aliarin 4'-methyl ether,,,0,not_found
Candidol,,,0,not_found
Platanin 3-methyl ether,,,0,not_found
Robustin methyl ether,,,0,not_found
Neoraufurane,,,0,not_found
18-Oxocortisol,,,0,not_found
Tauroursocholic acid,,,0,not_found
Clavulactone,,,0,not_found
Alloathyriol,,,0,not_found
Salaspermic Acid,,,0,not_found
Dabinol,,,0,not_found
Scytoscalarol,,,0,not_found
Methoxy mycolic acid,,,0,not_found
Keto mycolic acid,,,0,not_found
Alpha-mycolic acid,,,0,not_found
Phenolic phthiocerol,,,0,not_found
O-Demethylforbexanthone,,,0,not_found
Margaritene,,,0,not_found
Molassamide,,,0,not_found
Methylone,C186028795,,0,no_boiling_point
Avenoleic acid,,,0,not_found
Ferrioxamine,,,0,not_found
Vatiquinone,,,0,not_found
Clencyclohexerol,,,0,not_found
Bisebromoamide,,,0,not_found
Carriebowmide Sulfone,,,0,not_found
Artobiloxanthone,,,0,not_found
Fostemsavir Tromethamine,,,0,not_found
Eucapsitrione,,,0,not_found
6-Icosynoic Acid,,,0,not_found
Acetylmorphone,,,0,not_found
N-Benzyloleamide,,,0,not_found
1'-Deoxyabscisic acid,,,0,not_found
Pitiprolamide,,,0,not_found
6-Hydroxytropinone,C5932536,,0,no_boiling_point
2-Butoxypropionic acid,C14620872,,0,no_boiling_point
Fulgidic acid,,,0,not_found
Norbisebromoamide,,,0,not_found
12Z-nonadecenoic acid,,,0,not_found
7Z-eicosenoic acid,,,0,not_found
11Z-nonadecenoic acid,,,0,not_found
12Z-heptadecenoic acid,,,0,not_found
13Z-nonadecenoic acid,,,0,not_found
7Z-heneicosenoic acid,,,0,not_found
7Z-docosenoic acid,,,0,not_found
16Z-nonadecenoic acid,,,0,not_found
Axillarenic acid,,,0,not_found
N-arachidonoyl glutamine,,,0,not_found
N-palmitoyl glutamine,,,0,not_found
N-Oleoyl glutamine,,,0,not_found
N-stearoyl glutamine,,,0,not_found
Phytanal,,,0,not_found
Alhpa-tocopheronic acid,,,0,not_found
Alhpa-tocopheronolactone,,,0,not_found
15alpha-Hydroxycholestane,,,0,not_found
22S-hydroxysitosterol,,,0,not_found
Aragusteroketal,,,0,not_found
Avideoxycholic acid,,,0,not_found
Ceftolozane,,,0,not_found
Cervonoyl ethanolamide,,,0,not_found
Pisonivanone,,,0,not_found
Thiopalmyrone,,,0,not_found
Palmyrrolinone,,,0,not_found
Gentacycol,,,0,not_found
4beta-Hydroxystanozolol,,,0,not_found
7a-Hydroxytestosterone,,,0,not_found
3'-Sialyllactosamine,,,0,not_found
Aflatoxin B1 dialcohol,,,0,not_found
PGF2a ethanolamide,,,0,not_found
15-Methylpentatriacontane,R261573,,0,no_boiling_point
6beta-Hydroxycortisone,,,0,not_found
Dipalmitoylethanolamine,,,0,not_found
Methyl triacontyl ether,U406299,,0,no_boiling_point
17-Methylheptatriacontane,R261588,,0,no_boiling_point
14-Octacosanone,C31815028,,0,no_boiling_point
1-Thiosorbitol,,,0,not_found
9-Methyltriacontane,R494981,,0,no_boiling_point
n-Myristoyl glutamine,,,0,not_found
2-Chlorooctadecanal,,,0,not_found
29-Oxotriacontanoic acid,,,0,not_found
13-Methyltriacontane,R494961,,0,no_boiling_point
1Beta-hydroxytestosterone,,,0,not_found
Polycaprolactone Triol,,,0,not_found
15-Methyldotriacontane,R538917,,0,no_boiling_point
Phenylacetylacetoneimine,,,0,not_found
Eicosyl methyl ether,U406294,,0,no_boiling_point
15-Methyltriacontane,R530453,,0,no_boiling_point
Hexadecyl nonyl ether,U406377,,0,no_boiling_point
Hexadecyl pentyl ether,U406418,,0,no_boiling_point
18-Methylhexatriacontane,R337665,,0,no_boiling_point
Methyl octacosyl ether,U406298,,0,no_boiling_point
7-Pentacosanone,,,0,not_found
Guanylhydrazone,,,0,not_found
Solu-Medrol,,,0,not_found
Ascorbic Acid,C50817,,0,no_boiling_point
Erythorbic Acid,,,0,not_found
Dicumarol,C66762,,0,no_boiling_point
Acenocoumarol,C152727,,0,no_boiling_point
Robustic Acid,,,0,not_found
Dihydroxymaleic acid,,,0,not_found
Tenuazonic acid,,,0,not_found
Bromadiolone,,,0,not_found
Deganol,,,0,not_found
L-Tenuazonic acid,,,0,not_found
Lonchocarpic acid,,,0,not_found
Zanthobisquinolone,,,0,not_found
D-ascorbic acid,,,0,not_found
Helipyrone,,,0,not_found
Gerberinol,,,0,not_found
Xerocomic acid,,,0,not_found
Lepidissipyrone,,,0,not_found
8-Prenyllepidissipyrone,,,0,not_found
F8426-propionic acid,F8426-propionic acid,,0,no_boiling_point
Octylsulfanylformic acid,,,0,not_found
Benjaminamide,,,0,not_found
Statrol,,,0,not_found
Butylone,C802575117,,0,no_boiling_point
Isooctadecenoic acid,,,0,not_found
Selanylphosphonic acid,,,0,not_found
Palmitoleamide,,,0,not_found
10Z-Pentacosene,,,0,not_found
11Z-Hentriacontene,,,0,not_found
11Z-Heptacosene,,,0,not_found
11Z-Nonacosene,,,0,not_found
11Z-Pentacosene,,,0,not_found
12Z-Heptacosene,,,0,not_found
12Z-Nonacosene,,,0,not_found
5Z-Pentacosene,,,0,not_found
5Z-Tricosene,,,0,not_found
7Z-Docosene,,,0,not_found
7Z-Hentriacontene,,,0,not_found
7Z-Heptacosene,,,0,not_found
7Z-Nonacosene,,,0,not_found
7Z-Tetracosene,,,0,not_found
8Z-Hexacosene,,,0,not_found
9Z-Hentriacontene,,,0,not_found
9Z-Heptatriacontene,,,0,not_found
9Z-Hexacosene,,,0,not_found
9Z-Pentatriacontene,,,0,not_found
9Z-Tetracosene,,,0,not_found
9Z-Tritriacontene,,,0,not_found
11-Methyldotriacontane,R528148,,0,no_boiling_point
11-Methyltriacontane,R494941,,0,no_boiling_point
12-Methylhentriacontane,,,0,not_found
13-Methylpentatriacontane,R261568,,0,no_boiling_point
13-Methyltetratriacontane,R390542,,0,no_boiling_point
15-Methylhentetracontane,,,0,not_found
15-Methyltetratriacontane,R390557,,0,no_boiling_point
5-Methyldotriacontane,R530626,,0,no_boiling_point
7-Methyldotriacontane,R530666,,0,no_boiling_point
Naloxegol,,,0,not_found
16-Methylhentriacontane,,,0,not_found
4-Aminophenylboric acid,,,0,not_found
3'-Hydroxythiamylal,,,0,not_found
Cocinic acid,,,0,not_found
Ethylone,,,0,not_found
Gln-Val,,,0,not_found
Hapalocyclamide,,,0,not_found
N-Ethylpentylone,,,0,not_found
Eutylone,,,0,not_found
Epoxyconiferyl Alcohol,,,0,not_found
Diabolic acid,,,0,not_found
Oryzarol,,,0,not_found
Isobutyl tetradecyl ether,U406327,,0,no_boiling_point
Isobutyl octadecyl ether,U406329,,0,no_boiling_point
Isobutyl hexadecyl ether,U406328,,0,no_boiling_point
Docosyl isopropyl ether,U406344,,0,no_boiling_point
Verniceic acid,,,0,not_found
Finerenone,Finerenone,,0,no_boiling_point
Pentylone,C698963778,,0,no_boiling_point
Hydroxyprolyl-Glutamine,,,0,not_found
Azoxystrobin acid,,,0,not_found
n-Ethylveratramine,,,0,not_found
n-Propylveratramine,,,0,not_found
Lateriticone,R323354,,0,no_boiling_point
Darolutamide,,,0,not_found
Dihomocholic acid,,,0,not_found
Oxathiine amide sulfone,,,0,not_found
Bifenazate-diazene,,,0,not_found
THPI Diol,,,0,not_found
3'-Aminoflavone,,,0,not_found
Aspirin and oxycodone,,,0,not_found
Secodemethylclausenamide,,,0,not_found
Dinordeoxycholic acid,,,0,not_found
Norhyodeoxycholic acid,,,0,not_found
Crystamine,,,0,not_found
Actinidic Acid,,,0,not_found
Leucisterol,,,0,not_found
Fenpropimorphic acid,,,0,not_found
Melledonal,,,0,not_found
Arnamiol,,,0,not_found
11-Heptadecenoic acid,,,0,not_found
12-Methylhexatriacontane,,,0,not_found
4-Methylhentriacontane,R505472,,0,no_boiling_point
10-Methyltetratriacontane,R337398,,0,no_boiling_point
4-Methyltritriacontane,R505487,,0,no_boiling_point
15-Hentriacontanol,,,0,not_found
Glycohyocholic acid,,,0,not_found
11-Oxooctacosanoic acid,,,0,not_found
13-Tetracosenoic acid,,,0,not_found
2-Hexacosanone,,,0,not_found
11-Methylnonatriacontane,,,0,not_found
11-Methyltetratriacontane,R390537,,0,no_boiling_point
Dorsteniol,,,0,not_found
Fenquinotrione,,,0,not_found
Nostocionone,,,0,not_found
Keto meromycolic acid,,,0,not_found
Dierucic Acid,,,0,not_found
Vitravene,,,0,not_found
Tafluprost ethyl amide,,,0,not_found
7-Hydroxy Bexarotene,,,0,not_found
Xylene sulfonic acid,,,0,not_found
Omaveloxolone,,,0,not_found
Nematoic acid,,,0,not_found
Fenprostalene,,,0,not_found
Stigmastentriol,,,0,not_found
Murrayenol,,,0,not_found
Anhydrocinnzeylanol,,,0,not_found
Co-Artemether,,,0,not_found
Byrsonic acid,,,0,not_found
Auricolic acid,,,0,not_found
Carissic acid,,,0,not_found
Micromeric acid,,,0,not_found
Camellenodiol,,,0,not_found
Oxycodegol,,,0,not_found
Azukisapogenol,,,0,not_found
Solanocardinol,,,0,not_found
Amasterol,,,0,not_found
Isomargaritene,,,0,not_found
3-Deoxyryanodol,,,0,not_found
Gadermandiol,,,0,not_found
3-Keto Fusidic Acid,,,0,not_found
Coconut oil fatty acid,,,0,not_found
PEG-3 oleamine,,,0,not_found
Cefiderocol,,,0,not_found
N-Acetyldjenkolic acid,,,0,not_found
2-Acetoxytricosanoic acid,,,0,not_found
Pectachol,,,0,not_found
Ambolic acid,,,0,not_found
Ambonic acid,,,0,not_found
Spiroxamine-aminodiol,,,0,not_found
Triazole lactic acid,,,0,not_found
O-methyloxime hexadecanal,R213702,,0,no_boiling_point
Lycoperdic acid,,,0,not_found
Auberganol,,,0,not_found
Reticulatamone,,,0,not_found
Reticulatamol,,,0,not_found
3-Nonadecylphenol,,,0,not_found
20-Fluoroeicosanoic acid,,,0,not_found
Apodophyllone,R301765,,0,no_boiling_point
Docosyl ethyl ether,U406367,,0,no_boiling_point
2-Tetracosanone,,,0,not_found
14-Nonacosanone,C34394111,,0,no_boiling_point
Propyl triacontyl ether,U406286,,0,no_boiling_point
Grewinol,,,0,not_found
Deoxygadusol,,,0,not_found
3-Methyltetratriacontane,,,0,not_found
18-Methylpentatriacontane,,,0,not_found
Cajaquinone,,,0,not_found
13-Methylhexatriacontane,R337630,,0,no_boiling_point
15-Methylhexatriacontane,R337645,,0,no_boiling_point
17-Methylhexatriacontane,R337650,,0,no_boiling_point
8-Methyltritriacontane,R530686,,0,no_boiling_point
Stenocereol,,,0,not_found
5-Heptacosylresorcinol,,,0,not_found
5-Nonacosylresorcinol,,,0,not_found
12-Hentriacontanone,C16329854,,0,no_boiling_point
Thiacloprid-amide,,,0,not_found
Butyl eicosyl ether,U406407,,0,no_boiling_point
Rurioctocog alfa pegol,,,0,not_found
Zuranolone,,,0,not_found
Calcium aspartic acid,,,0,not_found
Eicosyl nonyl ether,U406378,,0,no_boiling_point
Butyl octacosyl ether,U406411,,0,no_boiling_point
Nonyl tetracosyl ether,U406380,,0,no_boiling_point
Octyl tetracosyl ether,U406390,,0,no_boiling_point
Pentyl octadecyl ether,U406419,,0,no_boiling_point
Docosyl octyl ether,U406389,,0,no_boiling_point
Docosyl nonyl ether,U406379,,0,no_boiling_point
Butyl tetracosyl ether,U406409,,0,no_boiling_point
Docosyl pentyl ether,U406421,,0,no_boiling_point
Nonyl octacosyl ether,U406382,,0,no_boiling_point
Eicosyl octyl ether,U406388,,0,no_boiling_point
Octacosyl pentyl ether,U406424,,0,no_boiling_point
Ethyl tetracosyl ether,U406368,,0,no_boiling_point
Nonyl tetradecyl ether,U406376,,0,no_boiling_point
Eicosyl pentyl ether,U406420,,0,no_boiling_point
Octadecyl octyl ether,U406387,,0,no_boiling_point
Octacosyl propyl ether,U406285,,0,no_boiling_point
Ethyl octacosyl ether,U406370,,0,no_boiling_point
Pentyl tetracosyl ether,U406422,,0,no_boiling_point
Dodecyl nonyl ether,U406375,,0,no_boiling_point
Dioleoylethanolamine,,,0,not_found
3'-Hydroxythiopental,,,0,not_found
Pentyl tetradecyl ether,U406417,,0,no_boiling_point
18-Hydroxylinoleic acid,,,0,not_found
Decapropylene glycol,,,0,not_found
Clupadonic acid,,,0,not_found
Methoxyspheroidenone,,,0,not_found
Dihomotaxoleic acid,,,0,not_found
Docosyl isobutyl ether,U406331,,0,no_boiling_point
Trigallic Acid,,,0,not_found
14c-Glycocholic acid,,,0,not_found
Macaene,,,0,not_found
Hexacosyl propyl ether,U406284,,0,no_boiling_point
Ethyl hexacosyl ether,U406369,,0,no_boiling_point
16-Methyltritriacontane,R530577,,0,no_boiling_point
Eicosyl propyl ether,U406281,,0,no_boiling_point
Propyl tetracosyl ether,U406283,,0,no_boiling_point
Butyl triacontyl ether,U406412,,0,no_boiling_point
Eicosyl isopropyl ether,U406343,,0,no_boiling_point
Isopropyl hexacosyl ether,U406346,,0,no_boiling_point
Isopropyl octacosyl ether,U406347,,0,no_boiling_point
Dotriacontyl propyl ether,U406287,,0,no_boiling_point
Heptyl hexadecyl ether,U406394,,0,no_boiling_point
Docosyl heptyl ether,U406397,,0,no_boiling_point
Heptyl tetracosyl ether,U406398,,0,no_boiling_point
Heptyl hexacosyl ether,U406399,,0,no_boiling_point
Heptyl octacosyl ether,U406400,,0,no_boiling_point
Heptyl triacontyl ether,U406401,,0,no_boiling_point
Eicosyl isobutyl ether,U406330,,0,no_boiling_point
Isobutyl tetracosyl ether,U406332,,0,no_boiling_point
Hexacosyl isobutyl ether,U406333,,0,no_boiling_point
Isobutyl octacosyl ether,U406334,,0,no_boiling_point
Isobutyl triacontyl ether,U406335,,0,no_boiling_point
Hexacosyl nonyl ether,U406381,,0,no_boiling_point
Butyl hexacosyl ether,U406410,,0,no_boiling_point
Dotriacontyl methyl ether,U406300,,0,no_boiling_point
Dotriacontyl ethyl ether,U406372,,0,no_boiling_point
Butyl dotriacontyl ether,U406413,,0,no_boiling_point
Hexacosyl pentyl ether,U406423,,0,no_boiling_point
Pentyl triacontyl ether,U406425,,0,no_boiling_point
Cubebinone,C101751717,,0,no_boiling_point
11-Hentriacontanone,C1201402847,,0,no_boiling_point
alpha-Chenopodiol,,,0,not_found
Acetylgynuramine,R178095,,0,no_boiling_point
Gynuramine,R178199,,0,no_boiling_point
3-Hydroxyisodavanone,R226649,,0,no_boiling_point
7-Diacetyllycopsamine,R227895,,0,no_boiling_point
Isocalamenediol,C25330216,,0,no_boiling_point
3'-Hydroxycyclobarbital,,,0,not_found
3'-Hydroxysecobarbital,,,0,not_found
Isotorquatone,R301770,,0,no_boiling_point
gamma-Ponalactone,,,0,not_found
Febutol,R38939,,0,no_boiling_point
Cedrane diol,R396817,,0,no_boiling_point
11-Heptacosene,R406865,,0,no_boiling_point
6-Hydroxyacetoxytropane,R421735,,0,no_boiling_point
6-Tigloyloxyhyoscyamine,R421740,,0,no_boiling_point
Epi-cryptomeridiol,R435640,,0,no_boiling_point
11-Methylsqualene,R435922,,0,no_boiling_point
Me-dihydrophaseic acid,R487428,,0,no_boiling_point
2-Methylpropiovanillone,R490845,,0,no_boiling_point
6-Methylhentriacontane,R505749,,0,no_boiling_point
7-Tigloyllacopsamine,R516531,,0,no_boiling_point
11-Hentriacontene,R528004,,0,no_boiling_point
13-Hentriacontene,R528059,,0,no_boiling_point
13-Tritriacontene,R528079,,0,no_boiling_point
15-Tritriacontene,R528108,,0,no_boiling_point
16-Tritriacontene,R528113,,0,no_boiling_point
14-Methyltritriacontane,R530562,,0,no_boiling_point
Thiometon sulfone,,,0,not_found
Simetryn sylfone,R543776,,0,no_boiling_point
10-Octylhenicosane,,,0,not_found
Desethylretusamine,R590282,,0,no_boiling_point
Grahamine,R590297,,0,no_boiling_point
13-Heptatricosene,R608467,,0,no_boiling_point
14-Heptatricosene,R608487,,0,no_boiling_point
15-Heptatricosene,R608521,,0,no_boiling_point
16-Heptatricosene,R608541,,0,no_boiling_point
9-Heptatricosene,R608596,,0,no_boiling_point
Illidol,R617817,,0,no_boiling_point
T-2 Tetrol,,,0,not_found
Demeton thiono sulfone,,,0,not_found
Deoxyadlupulone,,,0,not_found
21-Hydroxyeplerenone,,,0,not_found
Metatartaric acid,,,0,not_found
Thudichumic acid,,,0,not_found
14Z-docosenoic acid,,,0,not_found
N-palmitoleyl glutamine,,,0,not_found
Lipofectamine,,,0,not_found
Dihomolithocholic acid,,,0,not_found
Dihomodeoxycholic acid,,,0,not_found
Dinorlithocholic acid,,,0,not_found
18Z-heptacosenoic acid,,,0,not_found
22Z-Hentriacontenoic acid,,,0,not_found
Isonigerone,,,0,not_found
Carindone,,,0,not_found
Isoaurasperone,,,0,not_found
Cheritamine,,,0,not_found
Mantillamide,,,0,not_found
Sagittariol,,,0,not_found
11-Methylgerberinol,,,0,not_found
Autumnalamide,,,0,not_found
Stenosporic acid,,,0,not_found
17-Hydroxylinoleic acid,,,0,not_found
10-Hydroxylinoleic acid,,,0,not_found
Phlomic acid,,,0,not_found
Fredricksonic acid,,,0,not_found
N-benzyltetracosanamide,,,0,not_found
HWG 1608-pentanoic acid,,,0,not_found
5-Methylethylone,,,0,not_found
Perfluorotriheptyl amine,,,0,not_found
Homodeoxycholic acid,,,0,not_found
Dinorhyocholic acid,,,0,not_found
Norhyocholic acid,,,0,not_found
Homohyocholic acid,,,0,not_found
Dihomohyocholic acid,,,0,not_found
Homohyodeoxycholic acid,,,0,not_found
Dihomohyodeoxycholic acid,,,0,not_found
Dinormurideoxycholic acid,,,0,not_found
Normurideoxycholic acid,,,0,not_found
Homomurideoxycholic acid,,,0,not_found
Dinoravicholic acid,,,0,not_found
Noravicholic acid,,,0,not_found
Homoavicholic acid,,,0,not_found
Dihomoavicholic acid,,,0,not_found
PEG-3 oleamide,,,0,not_found
Cetyl dimethicone,,,0,not_found
Cetyl PEG-8 Dimethicone,,,0,not_found
Lauryl PEG-8 Dimethicone,,,0,not_found
Kurahyne,,,0,not_found
Aurantiumal,,,0,not_found
Microseiramide,,,0,not_found
Bromoanaindolone,,,0,not_found
Gadopentetic-acid,,,0,not_found
Sorbityl Furfural,,,0,not_found
Silicomolybdic acid,,,0,not_found
Dendrotrifidic acid,,,0,not_found
5-Hexatriacontanone,,,0,not_found
Acrocarpunilactone,,,0,not_found
Actinomiaolone,,,0,not_found
alpha-Hyocholic acid,,,0,not_found
3'-Methoxyfukiic acid,,,0,not_found
Adhumulinic acid,,,0,not_found
10-Acetoxytoxol,,,0,not_found
Neodactylifric acid,,,0,not_found
8-Methoxygravelliferone,,,0,not_found
Artoflavanone,,,0,not_found
Dihydrowyerone,,,0,not_found
Rosmic acid,,,0,not_found
Absindiol,,,0,not_found
Flazine methyl ether,,,0,not_found
Gravolenic acid,,,0,not_found
Hydroxyisoergosterol,,,0,not_found
Cyclostenol,,,0,not_found
Liquoric acid,,,0,not_found
Marminal,,,0,not_found
Crispanone,,,0,not_found
Isomasticadienonalic acid,,,0,not_found
Camelledionol,,,0,not_found
Nomilinic acid,,,0,not_found
Armillane,,,0,not_found
Muricatenol,,,0,not_found
Hovenolactone,,,0,not_found
3alpha-Hydroxyoreadone,,,0,not_found
Mangiferadiol,,,0,not_found
Nigellic acid,,,0,not_found
Amlaic acid,,,0,not_found
Albigenic acid,,,0,not_found
Rubinic acid,,,0,not_found
Ursololactone,,,0,not_found
Marasmal,,,0,not_found
Quassinol,,,0,not_found
Isoachifolidiene,,,0,not_found
Crispane,,,0,not_found
Glypallidifloric acid,,,0,not_found
Coriandrinonediol,,,0,not_found
Capsorubinidione,,,0,not_found
Wyerol,,,0,not_found
Syringin methyl ether,,,0,not_found
Isoamericanol,,,0,not_found
Raphanusamide,,,0,not_found
Italidipyrone,,,0,not_found
Hispolone,,,0,not_found
Setariol,,,0,not_found
Farnesic acid,Farnesic acid,,0,no_boiling_point
Bolekolic acid,,,0,not_found
9Z-Tricosenoic acid,,,0,not_found
21Z-Hexacosenoic acid,,,0,not_found
5Z-Nonadecenoic acid,,,0,not_found
14Z-Hexacosenoic acid,,,0,not_found
6Z-Eicosenoic acid,,,0,not_found
16Z-eicosenoic acid,,,0,not_found
Lanoceric acid,,,0,not_found
Ventosic acid,,,0,not_found
Oxoceromelissic acid,,,0,not_found
Ketochaulmoogric acid,,,0,not_found
Strophanthus acid,,,0,not_found
Chrysobalanic acid,,,0,not_found
Dihomopinolenic acid,,,0,not_found
Eranthic acid,,,0,not_found
Cryptomaldamide,,,0,not_found
Allantoin Panthenol,,,0,not_found
Olive acid,,,0,not_found
Caldoramide,,,0,not_found
Nebraskanic acid,,,0,not_found
vitamin E-tpgs amine,,,0,not_found
Levomefolic acid,,,0,not_found
Dihydrofolic acid,,,0,not_found
Inosinic Acid,,,0,not_found
Folic Acid,C59303,,0,no_boiling_point
Oxypurinol,,,0,not_found
Allopurinol,C315300,,0,no_boiling_point
Colazal,,,0,not_found
Dimethirimol,,,0,not_found
Ethirimol,C23947606,,0,no_boiling_point
Tetrahydrofolic acid,,,0,not_found
Eltrombopag olamine,,,0,not_found
Hydroxystilbamide,,,0,not_found
5-Quinazolinol,,,0,not_found
Thelephoric acid,,,0,not_found
Bemotrizinol,,,0,not_found
Apabetalone,,,0,not_found
Acetil acid,,,0,not_found
Pemetrexed ditromethamine,,,0,not_found
Sethoxydim sulfone,,,0,not_found
Opicapone,,,0,not_found
7-Quinazolinol,,,0,not_found
5-Cinnolinol,,,0,not_found
Fefol,,,0,not_found
Clethodim Sulfone,,,0,not_found
Heptaglutamyl folic acid,,,0,not_found
Myrsinone,,,0,not_found
Blighinone,,,0,not_found
Clethodim-sulfone,,,0,not_found
Wuhanic acid,,,0,not_found
13-Methoxyeicosanoic acid,,,0,not_found
Triazole pyruvic acid,,,0,not_found
Mycosporine glutaminol,,,0,not_found
Parguerene,,,0,not_found
Mitsoamide,,,0,not_found
Odoamide,,,0,not_found
Aspergisidone,,,0,not_found
Talarosterone,,,0,not_found
Puna'auic acid,,,0,not_found
Croissamide,,,0,not_found
Floridamide,,,0,not_found
BH 479-13 deschloro acid,,,0,not_found
SZX 0722-carboxylic acid,,,0,not_found
Pencycuron-ketone,,,0,not_found
F8426-dicarboxylic acid,,,0,not_found
Lenacil-Sulfuric acid,,,0,not_found
BAJ 2740-enol,,,0,not_found
Isogibberellic acid,,,0,not_found
BF 480 alcohol,,,0,not_found
Spiroxamine-acid,,,0,not_found
Aglycone,,,0,not_found
Triazolyl-glycerine acid,,,0,not_found
Butyric diacid,,,0,not_found
Triazolinone-carboxamide,,,0,not_found
Mabuniamide,,,0,not_found
Kyanamide,,,0,not_found
Amantamide,,,0,not_found
Maedamide,,,0,not_found
Tricholactone,,,0,not_found
Sphaerocyclamide,,,0,not_found
Dermateic acid,,,0,not_found
Nisitrol,,,0,not_found
Palytoxin carboxylic acid,,,0,not_found
Scytodecamide,,,0,not_found
Anaenoic acid,,,0,not_found
Ikoamide,,,0,not_found
Hectoramide,,,0,not_found
Odobromoamide,,,0,not_found
Deoxykasumigamide,,,0,not_found
Nostopyrrolidonamide,,,0,not_found
Pembamide,,,0,not_found
Capecchic acid,,,0,not_found
Bergstromic acid,,,0,not_found
Motobamide,,,0,not_found
Stigolone,,,0,not_found
Aplysiadione,,,0,not_found
Dysideapyrrolidone,,,0,not_found
Aplysiaenal,,,0,not_found
Spironostoic acid,,,0,not_found
Beru'amide,,,0,not_found
Caciqueamide,,,0,not_found
Nostovalerolactone,,,0,not_found
Dehydronostovalerolactone,,,0,not_found
Foigeic acid,Foigeic acid,,0,no_boiling_point
Neonatic acid,,,0,not_found
Matereic acid,,,0,not_found
Patroneic acid,,,0,not_found
Lavoisieric acid,,,0,not_found
Orbonaic acid,,,0,not_found
Samuelssonic acid,,,0,not_found
Vaneic acid,,,0,not_found
Yamanakanic acid,,,0,not_found
Coreynic acid,,,0,not_found
Bukeic acid,,,0,not_found
Progigneic acid,,,0,not_found
Nativitatic acid,,,0,not_found
Prenateic acid,,,0,not_found
Feteic acid,,,0,not_found
Erythrosine alumane,,,0,not_found
Lingaoamide,,,0,not_found
Graphilane,,,0,not_found
Cladamide,,,0,not_found
Terminaliamide,,,0,not_found
Uniflorsterone,,,0,not_found
Glutinosterone,,,0,not_found
Petromyzestrosterol,,,0,not_found
beta-Cortolonic acid,,,0,not_found
8Z-nonadecenoic acid,,,0,not_found
20E-tetracosenoic acid,,,0,not_found
15Z-heneicosenoic acid,,,0,not_found
14Z-tetracosenoic acid,,,0,not_found
Cudlmanic acid,,,0,not_found
Cvackaic acid,,,0,not_found
Urbanic acid,,,0,not_found
Vojiroic acid,,,0,not_found
Sarekensane,,,0,not_found
Kancollosterone,,,0,not_found
Vernoglabrosterol,,,0,not_found
18E-tetradocosenoic acid,,,0,not_found
1-Juniperoyl glycerol,,,0,not_found
22-Hydroxyclerosterol,,,0,not_found
2-Juniperoyl glycerol,,,0,not_found
Abronione,,,0,not_found
Acaulesterone,,,0,not_found
15-Methylheptadecanamide,,,0,not_found
Bathoristerone,,,0,not_found
Callyspongendiol,,,0,not_found
Ceratoxanthone,,,0,not_found
Forsskamide,,,0,not_found
Heterophynone,,,0,not_found
Implexaflavone,,,0,not_found
Juniperoyl ethanolamide,,,0,not_found
Leucocholic Acid,,,0,not_found
Lycopenal,,,0,not_found
Mboudiexanthone,,,0,not_found
Mutanamide,,,0,not_found
Nuciferoic Acid,,,0,not_found
Polyneuric acid,,,0,not_found
Poprunellelactone,,,0,not_found
Rehmagluamide,,,0,not_found
Rhombifoliamide,,,0,not_found
Saxosterol,,,0,not_found
Tetradehydrolycopenal,,,0,not_found
Tucupentol,,,0,not_found
Turneroic acid,,,0,not_found
Uncariursanic acid,,,0,not_found
Welwitschianic acid,,,0,not_found
Zenkersterone,,,0,not_found
Stromectol,,,0,not_found
Hennaminal,,,0,not_found
4-Deoxygudasol,,,0,not_found
Triproamide,,,0,not_found
Hennamide,,,0,not_found
