strategy,seed,experiment,row,boiling_point,in_spec,hits,cmpdname
random,0,1,1056,616.26,False,0,(Z)-9-Tetradecen-1-ol
random,0,2,1017,387.13,False,0,(E)-2-Methylhept-3-ene
random,0,3,791,449.15,False,0,"2,2,4,4,5-Pentamethylhexane"
random,0,4,635,459.15,True,1,5-Methyldecane
random,0,5,335,379.65,False,1,3-Butyn-2-ol
random,0,6,51,459.35,True,2,2-Ethylhexan-1-ol
random,0,7,20,169.35,False,2,Ethylene
random,0,8,383,360.15,False,2,4-Methyl-1-hexene
random,0,9,219,420.15,False,2,5-Methyl-3-hexanol
random,0,10,93,506.15,False,2,"1,1'-Oxydi-2-propanol"
random,0,11,796,479.94,False,2,6-Methyl-6-hepten-4-yn-3-ol
random,0,12,640,393.65,False,2,2-Methyl-3-buten-1-ol
random,0,13,339,405.15,False,2,"2,4-Dimethylheptane"
random,0,14,388,357.15,False,2,3-Ethyl-1-pentene
random,0,15,1062,547.62,False,2,trans-2-Undecen-1-ol
random,0,16,1013,370.15,False,2,(Z)-3-Methyl-2-hexene
random,0,17,629,413.35,False,2,"2,2,3,3-Tetramethylpentane"
random,0,18,812,357.15,False,2,Propargylamine
random,0,19,1141,458.15,True,3,4-Tert-butyl-2-methylheptane
random,0,20,759,479.15,False,3,"2,4-Hexanediol"
random,0,21,840,471.15,True,4,"2,5-Dimethyldecane"
random,0,22,1020,378.55,False,4,"cis-2,2-Dimethyl-3-hexene"
random,0,23,346,426.15,False,4,3-Methyl-2-hexanol
random,0,24,1168,473.15,False,4,"3-Ethyl-3,4-dimethyloctane"
random,0,25,698,400.64,False,4,"2,6-Octadiyne"
random,0,26,911,389.7,False,4,"2,5-Dimethyl-1,4-hexadiene"
random,0,27,953,694.45,False,4,Squalene
random,0,28,218,407.0,False,4,3-Hexanol
random,0,29,1059,411.15,False,4,cis-2-Penten-1-ol
random,0,30,42,438.2,False,4,"N,N,N',N'-Tetramethyl-1,3-butanediamine"
random,0,31,374,357.15,False,4,"2,3-Dimethyl-1-pentene"
random,0,32,597,370.15,False,4,3-Octyn-1-ol
random,0,33,526,507.15,False,4,"2-Methyl-2-propylpropane-1,3-diol"
random,0,34,503,452.15,False,4,"2,3,7-Trimethyloctane"
random,0,35,101,394.45,False,4,1-Octene
random,0,36,836,439.15,False,4,"2,2,3,3,4-Pentamethylpentane"
random,0,37,808,453.15,True,5,2-Methyl-1-heptanol
random,0,38,769,453.22759,True,6,4-Methyl-4-octanol
random,0,39,656,429.15,False,6,"2,2-Dimethyl-3-hexanol"
random,0,40,319,446.15,False,6,"3,6-Dimethyl-3-heptanol"
random,0,41,1003,387.15,False,6,4-Methyl-2-heptene
random,0,42,1224,445.15,False,6,"2,5,5-Trimethyloctane"
random,0,43,472,438.76616,False,6,"2,2,4-Trimethyl-1-pentanol"
random,0,44,1190,470.15,True,7,"3,5-Diethyloctane"
random,0,45,859,429.65,False,7,"2,3,4-Trimethyl-3-pentanol"
random,0,46,720,433.23942,False,7,"3,3-Dimethyloctane"
random,0,47,482,446.55,False,7,trans-2-Decene
random,0,48,1093,638.04,False,7,cis-2-Methyl-7-octadecene
random,0,49,167,389.15,False,7,"2,3,4-Trimethyl-2-pentene"
random,0,50,902,391.2,False,7,5-Methyl-3-heptyne
random,0,51,524,498.95,False,7,"2-Ethyl-2-methyl-1,3-propanediol"
random,0,52,1113,454.15,True,8,"3,4,5-Trimethyloctane"
random,0,53,602,435.15,False,8,"3,4-Dimethyloctane"
random,0,54,896,377.0,False,8,"3,4,4-Trimethylpent-1-ene"
random,0,55,90,407.85,False,8,2-Ethoxyethanol
random,0,56,898,528.92,False,8,4-Tetradecyne
random,0,57,709,671.15,False,8,Trinonylamine
random,0,58,739,430.15,False,8,"2,5-Dimethyloctane"
random,0,59,312,570.15,False,8,2-Methylhexadecane
random,0,60,400,459.15,True,9,6-Methylhept-5-en-2-ol
random,0,61,1112,470.15,True,10,"5,5-Dimethyldecane"
random,0,62,324,538.15,False,10,2-Tridecanol
random,0,63,892,442.59,False,10,"3-Ethyl-2,3,4-trimethylpentane"
random,0,64,407,386.15,False,10,6-Methyl-1-heptene
random,0,65,279,440.15,False,10,2-Methylnonane
random,0,66,497,445.15,False,10,5-Methyl-2-heptanol
random,0,67,982,440.15,False,10,"3,3-Dimethylpentan-1-ol"
random,0,68,1039,409.68,False,10,trans-3-Nonene
random,0,69,293,395.35,False,10,"2,2,4,4-Tetramethylpentane"
random,0,70,394,451.65,False,10,2-Octanol
random,0,71,835,384.35,False,10,"2,4-Dimethyl-1-hexene"
random,0,72,418,503.15,False,10,"3,4-Diethyl-3,4-hexanediol"
random,0,73,1078,381.0,False,10,"3-Methyl-2,4-hexadiene"
random,0,74,184,379.95,False,10,"2,2-Dimethylhexane"
random,0,75,713,419.6563,False,10,"2,4,6-Trimethylheptane"
random,0,76,957,371.15,False,10,trans-2-Heptene
random,0,77,707,380.35,False,10,"4,4-Dimethyl-1-hexene"
random,0,78,64,327.15,False,10,Allylamine
random,0,79,281,311.15,False,10,"3,3-Dimethyl-1-Butyne"
random,0,80,504,416.25,False,10,3-Ethylheptane
random,0,81,1126,382.4,False,10,"4-Methylhepta-1,6-diene"
random,0,82,722,433.65,False,10,4-Propyl-3-heptene
random,0,83,775,528.92,False,10,7-Tetradecyne
random,0,84,1132,454.15,True,11,"4-Ethyl-3,5-dimethylheptane"
random,0,85,369,433.15,False,11,"4,4-Dimethyl-1-pentanol"
random,0,86,1177,457.15,True,12,"2,2,3,3,4-Pentamethylhexane"
random,0,87,59,272.65,False,12,Butane
random,0,88,793,439.15,False,12,"2,2,5,5-Tetramethylheptane"
random,0,89,130,509.15,False,12,Dihexylamine
random,0,90,452,415.15,False,12,"3-Ethyl-2,3-dimethylpentane"
random,0,91,1196,459.15,True,13,"3,4-Diethyl-3-methylhexane"
random,0,92,240,399.35,False,13,1-Octyne
random,0,93,547,553.15,False,13,1-Pentadecyne
random,0,94,510,498.55,False,13,"2,6,8-Trimethyl-4-nonanol"
random,0,95,587,357.15,False,13,Tris(2-methylallyl)amine
random,0,96,1188,455.15,True,14,3-Ethyl-6-methyloctane
random,0,97,752,432.32942,False,14,2-Nonyne
random,0,98,1243,467.15,True,15,"2,3-Dimethyl-4-propylheptane"
random,0,99,434,445.35,False,15,3-Methyl-1-hexanol
random,0,100,771,518.15,False,15,2-Tridecyne
random,0,101,521,356.15,False,15,Tetramethylallene
random,0,102,280,444.15,False,15,1-Decene
random,0,103,616,703.15,False,15,1-Octacosene
random,0,104,505,417.15,False,15,"N,N-Diethylethylenediamine"
random,0,105,657,424.15,False,15,"3,5-Dimethyl-3-hexanol"
random,0,106,888,428.93767,False,15,"2,3,4,5-Tetramethylhexane"
random,0,107,936,451.15,False,15,"2,5,6-Trimethyloctane"
random,0,108,1156,471.15,True,16,5-Ethyl-5-methylnonane
random,0,109,1166,459.9,True,17,"3,3-Diethylheptane"
random,0,110,918,472.15,True,18,"3,4,5,6-Tetramethyloctane"
random,0,111,1157,450.15,False,18,"5,5-Dimethylnonane"
random,0,112,1249,460.65,True,19,"2,2,4,4-Tetramethyl-3-hexanol"
random,0,113,832,474.15,False,19,"5,6-Dimethyldecane"
random,0,114,1089,501.2,False,19,trans-4-Tridecene
random,0,115,1211,468.15,True,20,2-Ethyl-4-methylhexan-1-ol
random,0,116,1222,457.75,True,21,"2,6-Dimethyl-4-propylheptane"
random,0,117,178,392.05,False,21,3-Methylheptane
random,0,118,1028,383.48,False,21,"1,6-Octadiene"
random,0,119,441,421.45,False,21,"2,2,4-Trimethylheptane"
random,0,120,1195,544.15,False,21,3-Pentadecyne
random,0,121,399,521.55,False,21,"3-Methyl-1,5-pentanediol"
random,0,122,468,452.15,False,21,"3,5-Dimethyl-4-heptanol"
random,0,123,274,408.35,False,21,"2,5-Dimethyl-2,4-hexadiene"
random,0,124,590,359.45,False,21,2-Ethyl-3-methylbut-1-ene
random,0,125,1019,369.15,False,21,trans-3-Heptene
random,0,126,321,393.15,False,21,2-Ethyl-1-hexene
random,0,127,666,383.45,False,21,3-Ethylhex-1-ene
random,0,128,1147,448.15,False,21,"2,3,5,6-Tetramethylheptane"
random,0,129,1210,450.15,False,21,3-Methyl-4-isopropylheptane
random,0,130,528,387.15,False,21,3-Methyl-3-buten-2-ol
random,0,131,217,440.15,False,21,"2,2-Diethoxyethanol"
random,0,132,47,480.15,False,21,Tributylamine
random,0,133,856,448.0,False,21,"2,3-Dimethylnonane"
random,0,134,1008,524.08,False,21,3-Tetradecene
random,0,135,909,433.26,False,21,"3-Ethyl-2,4-dimethylhexane"
random,0,136,942,559.15,False,21,3-Hexadecyne
random,0,137,376,432.15,False,21,N-Methyldibutylamine
random,0,138,110,502.15,False,21,1-Decanol
random,0,139,17,356.65,False,21,"N,N,N',N'-Tetramethylmethanediamine"
random,0,140,887,435.31525,False,21,"2,3,4,4-Tetramethylhexane"
random,0,141,1046,418.15,False,21,cis-4-Nonene
random,0,142,772,356.98,False,21,Propen-2-ol
random,0,143,80,388.65,False,21,N-Methylethylenediamine
random,0,144,609,426.65,False,21,2-Methylheptan-3-ol
random,0,145,323,504.15,False,21,2-Undecanol
random,0,146,692,392.7,False,21,2-Methyl-4-penten-2-ol
random,0,147,1205,473.15,False,21,"3,3-Diethyl-2,4-dimethylhexane"
random,0,148,532,433.15,False,21,3-Ethyl-3-hexanol
random,0,149,1085,371.8,False,21,"cis-2,5-Dimethyl-3-hexene"
random,0,150,169,396.15,False,21,3-Pentanol
mw_heuristic,0,1,1056,616.26,False,0,(Z)-9-Tetradecen-1-ol
mw_heuristic,0,2,1017,387.13,False,0,(E)-2-Methylhept-3-ene
mw_heuristic,0,3,791,449.15,False,0,"2,2,4,4,5-Pentamethylhexane"
mw_heuristic,0,4,635,459.15,True,1,5-Methyldecane
mw_heuristic,0,5,335,379.65,False,1,3-Butyn-2-ol
mw_heuristic,0,6,51,459.35,True,2,2-Ethylhexan-1-ol
mw_heuristic,0,7,20,169.35,False,2,Ethylene
mw_heuristic,0,8,383,360.15,False,2,4-Methyl-1-hexene
mw_heuristic,0,9,219,420.15,False,2,5-Methyl-3-hexanol
mw_heuristic,0,10,93,506.15,False,2,"1,1'-Oxydi-2-propanol"
mw_heuristic,0,11,122,631.0,False,2,Pentaerythritol
mw_heuristic,0,12,471,444.15,False,2,Myrcene
mw_heuristic,0,13,1081,461.15,True,3,"2,6-Dimethyl-2,4,6-octatriene"
mw_heuristic,0,14,1083,440.64,False,3,"(E,Z)-2,6-Dimethylocta-2,4,6-triene"
mw_heuristic,0,15,58,443.15,False,3,"1,2,6-Hexanetriol"
mw_heuristic,0,16,8,467.85,True,4,1-Octanol
mw_heuristic,0,17,91,417.15,False,4,"N,N,N',N'-Tetramethyl-1,3-propanediamine"
mw_heuristic,0,18,177,448.15,False,4,4-Octanol
mw_heuristic,0,19,180,457.15,True,5,3-Octanol
mw_heuristic,0,20,203,439.15,False,5,3-Methyl-3-heptanol
mw_heuristic,0,21,217,440.15,False,5,"2,2-Diethoxyethanol"
mw_heuristic,0,22,121,517.15,False,5,"2,2-Diethyl-1,3-propanediol"
mw_heuristic,0,23,242,535.15,False,5,"1,7-Heptanediol"
mw_heuristic,0,24,408,445.15,False,5,1-Butoxy-2-propanol
mw_heuristic,0,25,526,507.15,False,5,"2-Methyl-2-propylpropane-1,3-diol"
mw_heuristic,0,26,50,445.15,False,5,2-Ethylhexylamine
mw_heuristic,0,27,92,412.75,False,5,Diisobutylamine
mw_heuristic,0,28,106,451.75,False,5,Octylamine
mw_heuristic,0,29,107,435.15,False,5,Dibutylamine
mw_heuristic,0,30,398,409.15,False,5,Diethylbutylamine
mw_heuristic,0,31,569,363.15,False,5,"1,2-Heptanediol"
mw_heuristic,0,32,628,417.15,False,5,1-Tert-butoxy-2-propanol
mw_heuristic,0,33,903,458.15,True,6,2-(Pentyloxy)ethanol
mw_heuristic,0,34,226,446.15,False,6,2-Methyl-2-heptanol
mw_heuristic,0,35,347,445.56825,False,6,"2,2-Dimethyl-1-hexanol"
mw_heuristic,0,36,46,423.15,False,6,Triallylamine
mw_heuristic,0,37,276,447.15,False,6,1-Decyne
mw_heuristic,0,38,322,437.15,False,6,"1,9-Decadiene"
mw_heuristic,0,39,330,451.15,False,6,5-Decyne
mw_heuristic,0,40,348,437.4,False,6,4-Decyne
mw_heuristic,0,41,500,506.02,False,6,"3,6-Nonadien-1-ol"
mw_heuristic,0,42,683,376.4,False,6,Non-3-yn-1-ol
mw_heuristic,0,43,280,444.15,False,6,1-Decene
mw_heuristic,0,44,391,436.15,False,6,"2,6-Dimethyl-2-octene"
mw_heuristic,0,45,428,442.75,False,6,5-Decene
mw_heuristic,0,46,126,479.15,False,6,"2,5-Dimethyl-3-hexyne-2,5-diol"
mw_heuristic,0,47,625,466.65,True,7,1-Nonen-3-ol
mw_heuristic,0,48,279,440.15,False,7,2-Methylnonane
mw_heuristic,0,49,295,410.15,False,7,"2,2,5,5-Tetramethylhexane"
mw_heuristic,0,50,297,433.15,False,7,"2,7-Dimethyloctane"
mw_heuristic,0,51,45,426.15,False,7,Tripropylamine
mw_heuristic,0,52,331,471.15,True,8,Nonylamine
mw_heuristic,0,53,334,445.15,False,8,"N,N-Dimethylheptylamine"
mw_heuristic,0,54,376,432.15,False,8,N-Methyldibutylamine
mw_heuristic,0,55,563,351.65,False,8,n-Methyloctan-1-amine
mw_heuristic,0,56,83,506.15,False,8,"2,5-Dimethyl-2,5-hexanediol"
mw_heuristic,0,57,109,481.15,False,8,2-(Hexyloxy)ethanol
mw_heuristic,0,58,133,503.25,False,8,"2,2,4-Trimethyl-1,3-pentanediol"
mw_heuristic,0,59,537,418.15,False,8,"1,8-Octanediol"
mw_heuristic,0,60,572,370.65,False,8,Tris(2-aminoethyl)amine
mw_heuristic,0,61,997,460.44,True,9,"(E,E,Z)-Undeca-1,3,5,8-tetraene"
mw_heuristic,0,62,54,505.15,False,9,"N,N-Bis(3-aminopropyl)methylamine"
mw_heuristic,0,63,42,438.2,False,9,"N,N,N',N'-Tetramethyl-1,3-butanediamine"
mw_heuristic,0,64,123,394.15,False,9,"N,N-Diisopropylethylenediamine"
mw_heuristic,0,65,518,327.65,False,9,"N,N,N'-Triethylethylenediamine"
mw_heuristic,0,66,1076,456.28,True,10,"1,3,5-Undecatriene"
mw_heuristic,0,67,39,653.15,False,10,Xylitol
mw_heuristic,0,68,668,514.75,False,10,"3,7-Dimethylocta-1,5,7-trien-3-ol"
mw_heuristic,0,69,1072,514.75,False,10,Hotrienol
mw_heuristic,0,70,559,469.15,True,11,1-Undecyne
mw_heuristic,0,71,520,441.15,False,11,"N,N,N',N'-Tetramethyl-1,4-butanediamine"
mw_heuristic,0,72,221,467.9,True,12,3-Nonanol
mw_heuristic,0,73,239,466.65,True,13,2-Nonanol
mw_heuristic,0,74,319,446.15,False,13,"3,6-Dimethyl-3-heptanol"
mw_heuristic,0,75,351,479.15,False,13,Isononyl alcohol
mw_heuristic,0,76,379,466.15,True,14,"3,5,5-Trimethyl-1-hexanol"
mw_heuristic,0,77,409,462.15,True,15,3-Methyl-3-octanol
mw_heuristic,0,78,412,465.65,True,16,4-Nonanol
mw_heuristic,0,79,467,448.15,False,16,"2,6-Dimethyl-3-heptanol"
mw_heuristic,0,80,468,452.15,False,16,"3,5-Dimethyl-4-heptanol"
mw_heuristic,0,81,533,452.15,False,16,4-Ethyl-4-heptanol
mw_heuristic,0,82,594,443.15,False,16,"2,6-Dimethyl-2-heptanol"
mw_heuristic,0,83,646,443.15,False,16,"2,2,3-Trimethylhexan-3-ol"
mw_heuristic,0,84,658,454.65,True,17,2-Methyl-3-octanol
mw_heuristic,0,85,669,465.4,True,18,4-Methyl-2-propylpentan-1-ol
mw_heuristic,0,86,735,439.15,False,18,"2,2,4,4-Tetramethylpentan-3-ol"
mw_heuristic,0,87,769,453.22759,True,19,4-Methyl-4-octanol
mw_heuristic,0,88,811,451.05,False,19,"3-Ethyl-2,4-dimethylpentan-3-ol"
mw_heuristic,0,89,864,479.15,False,19,6-Methyloctan-1-ol
mw_heuristic,0,90,905,438.65,False,19,"3,4,4-Trimethylhexan-3-ol"
mw_heuristic,0,91,906,444.86543,False,19,"2,4,4-Trimethyl-3-hexanol"
mw_heuristic,0,92,978,447.15,False,19,"3-Ethyl-2,2-dimethyl-3-pentanol"
mw_heuristic,0,93,981,453.15,True,20,3-Methyl-4-octanol
mw_heuristic,0,94,1108,447.15,False,20,"2,2-Dimethyl-4-heptanol"
mw_heuristic,0,95,1178,452.15,False,20,"2,3,4-Trimethylhexan-3-ol"
mw_heuristic,0,96,1211,468.15,True,21,2-Ethyl-4-methylhexan-1-ol
mw_heuristic,0,97,306,426.15,False,21,"2,5,5-Trimethylheptane"
mw_heuristic,0,98,325,447.25,False,21,Decane
mw_heuristic,0,99,337,431.15,False,21,"2,6-Dimethyloctane"
mw_heuristic,0,100,387,413.06493,False,21,"2,3,6-Trimethylheptane"
mw_heuristic,0,101,712,471.09534,True,22,5-Undecyne
mw_heuristic,0,102,734,462.0,True,23,"1,10-Undecadiene"
mw_heuristic,0,103,786,479.15,False,23,2-Undecyne
mw_heuristic,0,104,787,473.15,False,23,3-Undecyne
mw_heuristic,0,105,788,471.65,True,24,4-Undecyne
mw_heuristic,0,106,1216,457.05,True,25,"3,3-Dimethylnon-4-yne"
mw_heuristic,0,107,411,441.15,False,25,3-Methylnonane
mw_heuristic,0,108,423,437.15,False,25,"2,3-Dimethyloctane"
mw_heuristic,0,109,424,430.15,False,25,"3,3,5-Trimethylheptane"
mw_heuristic,0,110,436,432.86,False,25,5-Ethyl-2-methylheptane
mw_heuristic,0,111,967,502.15,False,25,Nerol
mw_heuristic,0,112,278,465.85,True,26,1-Undecene
mw_heuristic,0,113,696,455.44,True,27,Undec-4-ene
mw_heuristic,0,114,699,465.45,True,28,5-Undecene
mw_heuristic,0,115,825,463.85,True,29,2-Methyl-1-decene
mw_heuristic,0,116,1021,466.15,True,30,(E)-4-Undecene
mw_heuristic,0,117,437,433.15,False,30,"2,2,3,3-Tetramethylhexane"
mw_heuristic,0,118,441,421.45,False,30,"2,2,4-Trimethylheptane"
mw_heuristic,0,119,443,437.15,False,30,5-Methylnonane
mw_heuristic,0,120,454,421.05,False,30,"2,2,4,5-Tetramethylhexane"
mw_heuristic,0,121,57,497.15,False,30,(-)-Citronellol
mw_heuristic,0,122,1001,524.74,False,30,(E)-3-Decenol
mw_heuristic,0,123,1061,524.74,False,30,2-Decen-1-ol
mw_heuristic,0,124,1092,524.74,False,30,Dec-4-en-1-ol
mw_heuristic,0,125,302,469.05,True,31,Undecane
mw_heuristic,0,126,456,439.15,False,31,4-Methylnonane
mw_heuristic,0,127,570,422.7,False,31,"2,4,4-Trimethylheptane"
mw_heuristic,0,128,584,438.15,False,31,3-Ethyloctane
mw_heuristic,0,129,599,427.15,False,31,"2,2-Dimethyloctane"
mw_heuristic,0,130,601,436.15,False,31,4-Ethyloctane
mw_heuristic,0,131,602,435.15,False,31,"3,4-Dimethyloctane"
mw_heuristic,0,132,603,433.95,False,31,"3,6-Dimethyloctane"
mw_heuristic,0,133,623,429.66,False,31,"2,4,5-Trimethylheptane"
mw_heuristic,0,134,624,435.65,False,31,"3,4,5-Trimethylheptane"
mw_heuristic,0,135,631,427.15,False,31,"2,4-Dimethyloctane"
mw_heuristic,0,136,360,461.15,True,32,4-Methyldecane
mw_heuristic,0,137,419,462.35,True,33,2-Methyldecane
mw_heuristic,0,138,457,452.15,False,33,"2,5-Dimethylnonane"
mw_heuristic,0,139,458,452.15,False,33,"2,6-Dimethylnonane"
mw_heuristic,0,140,459,457.15,True,34,"3,7-Dimethylnonane"
mw_heuristic,0,141,503,452.15,False,34,"2,3,7-Trimethyloctane"
mw_heuristic,0,142,606,455.15,True,35,"4,5-Dimethylnonane"
mw_heuristic,0,143,627,465.15,True,36,3-Methyldecane
mw_heuristic,0,144,676,453.15,True,37,"2,3,6-Trimethyloctane"
mw_heuristic,0,145,777,436.15,False,37,"2,2,6,6-Tetramethylheptane"
mw_heuristic,0,146,793,439.15,False,37,"2,2,5,5-Tetramethylheptane"
mw_heuristic,0,147,794,453.15,True,38,"3,3,5,5-Tetramethylheptane"
mw_heuristic,0,148,803,452.15,False,38,"2,2,3-Trimethyloctane"
mw_heuristic,0,149,804,450.15,False,38,"2,3,5-Trimethyloctane"
mw_heuristic,0,150,845,443.15834,False,38,"2,2,4-Trimethyloctane"
greedy_gp,0,1,1056,616.26,False,0,(Z)-9-Tetradecen-1-ol
greedy_gp,0,2,1017,387.13,False,0,(E)-2-Methylhept-3-ene
greedy_gp,0,3,791,449.15,False,0,"2,2,4,4,5-Pentamethylhexane"
greedy_gp,0,4,635,459.15,True,1,5-Methyldecane
greedy_gp,0,5,335,379.65,False,1,3-Butyn-2-ol
greedy_gp,0,6,51,459.35,True,2,2-Ethylhexan-1-ol
greedy_gp,0,7,20,169.35,False,2,Ethylene
greedy_gp,0,8,383,360.15,False,2,4-Methyl-1-hexene
greedy_gp,0,9,219,420.15,False,2,5-Methyl-3-hexanol
greedy_gp,0,10,93,506.15,False,2,"1,1'-Oxydi-2-propanol"
greedy_gp,0,11,852,478.15,False,2,"2,3-Hexanediol"
greedy_gp,0,12,1106,491.65,False,2,"4-Methylpentane-1,4-diol"
greedy_gp,0,13,302,469.05,True,3,Undecane
greedy_gp,0,14,663,506.65,False,3,"3,4-Hexanediol"
greedy_gp,0,15,511,487.65,False,3,"2-Methyl-1,3-pentanediol"
greedy_gp,0,16,627,465.15,True,4,3-Methyldecane
greedy_gp,0,17,360,461.15,True,5,4-Methyldecane
greedy_gp,0,18,419,462.35,True,6,2-Methyldecane
greedy_gp,0,19,932,461.15,True,7,3-Ethylnonane
greedy_gp,0,20,922,457.15,True,8,4-Ethylnonane
greedy_gp,0,21,129,490.15,False,8,Decylamine
greedy_gp,0,22,336,477.15,False,8,Dipentylamine
greedy_gp,0,23,984,480.15,False,8,Methylnonylamine
greedy_gp,0,24,1110,475.15,False,8,N-Ethyloctylamine
greedy_gp,0,25,630,493.15,False,8,"3-Methoxy-1,2-propanediol"
greedy_gp,0,26,1,455.15,True,9,"2,3-Butanediol"
greedy_gp,0,27,807,456.65,True,10,"meso-2,3-Butanediol"
greedy_gp,0,28,810,350.5,False,10,"(R,R)-2,3-butanediol"
greedy_gp,0,29,818,453.65,True,11,"(2S,3S)-butane-2,3-diol"
greedy_gp,0,30,170,469.1,True,12,"1,2-Butanediol"
greedy_gp,0,31,508,421.15,False,12,"3,5-Dimethyl-1-hexyn-3-ol"
greedy_gp,0,32,970,421.15,False,12,"(3S)-3,5-dimethylhex-1-yn-3-ol"
greedy_gp,0,33,907,815.65,False,12,Tritetracontane
greedy_gp,0,34,532,433.15,False,12,3-Ethyl-3-hexanol
greedy_gp,0,35,1076,456.28,True,13,"1,3,5-Undecatriene"
greedy_gp,0,36,825,463.85,True,14,2-Methyl-1-decene
greedy_gp,0,37,267,473.15,False,14,"2-Methyl-1,3-butanediol"
greedy_gp,0,38,331,471.15,True,15,Nonylamine
greedy_gp,0,39,177,448.15,False,15,4-Octanol
greedy_gp,0,40,350,438.15,False,15,"1,8-Nonadiyne"
greedy_gp,0,41,1205,473.15,False,15,"3,3-Diethyl-2,4-dimethylhexane"
greedy_gp,0,42,694,499.15,False,15,2-Dodecyne
greedy_gp,0,43,149,460.15,True,16,Diisoamylamine
greedy_gp,0,44,379,466.15,True,17,"3,5,5-Trimethyl-1-hexanol"
greedy_gp,0,45,683,376.4,False,17,Non-3-yn-1-ol
greedy_gp,0,46,1178,452.15,False,17,"2,3,4-Trimethylhexan-3-ol"
greedy_gp,0,47,906,444.86543,False,17,"2,4,4-Trimethyl-3-hexanol"
greedy_gp,0,48,479,411.29,False,17,"5,5-Dimethyl-3-heptyne"
greedy_gp,0,49,811,451.05,False,17,"3-Ethyl-2,4-dimethylpentan-3-ol"
greedy_gp,0,50,1245,469.15,True,18,"2,4,4,5,5-Pentamethylheptane"
greedy_gp,0,51,813,481.15,False,18,"3-Methyl-1,3-butanediol"
greedy_gp,0,52,8,467.85,True,19,1-Octanol
greedy_gp,0,53,1105,468.15,True,20,"2,3,4,5,6-Pentamethylheptane"
greedy_gp,0,54,1108,447.15,False,20,"2,2-Dimethyl-4-heptanol"
greedy_gp,0,55,1174,455.9,True,21,"2,2,6,6-Tetramethyloctane"
greedy_gp,0,56,477,480.15,False,21,Neopentyl glycol
greedy_gp,0,57,1241,457.15,True,22,"2,2,5,5-Tetramethyloctane"
greedy_gp,0,58,319,446.15,False,22,"3,6-Dimethyl-3-heptanol"
greedy_gp,0,59,1141,458.15,True,23,4-Tert-butyl-2-methylheptane
greedy_gp,0,60,468,452.15,False,23,"3,5-Dimethyl-4-heptanol"
greedy_gp,0,61,408,445.15,False,23,1-Butoxy-2-propanol
greedy_gp,0,62,478,528.15,False,23,"2,4,7,9-Tetramethyl-5-decyne-4,7-diol"
greedy_gp,0,63,559,469.15,True,24,1-Undecyne
greedy_gp,0,64,467,448.15,False,24,"2,6-Dimethyl-3-heptanol"
greedy_gp,0,65,594,443.15,False,24,"2,6-Dimethyl-2-heptanol"
greedy_gp,0,66,409,462.15,True,25,3-Methyl-3-octanol
greedy_gp,0,67,217,440.15,False,25,"2,2-Diethoxyethanol"
greedy_gp,0,68,1232,467.8,True,26,"3,4,5,5-Tetramethylhexan-3-ol"
greedy_gp,0,69,1249,460.65,True,27,"2,2,4,4-Tetramethyl-3-hexanol"
greedy_gp,0,70,769,453.22759,True,28,4-Methyl-4-octanol
greedy_gp,0,71,1183,457.0,True,29,"2,4,4,7-Tetramethyloctane"
greedy_gp,0,72,658,454.65,True,30,2-Methyl-3-octanol
greedy_gp,0,73,981,453.15,True,31,3-Methyl-4-octanol
greedy_gp,0,74,1204,479.15,False,31,"3,3-Diethyl-2,2,4-trimethylpentane"
greedy_gp,0,75,668,514.75,False,31,"3,7-Dimethylocta-1,5,7-trien-3-ol"
greedy_gp,0,76,647,448.15,False,31,"2-Methylbutane-2,3-diol"
greedy_gp,0,77,1211,468.15,True,32,2-Ethyl-4-methylhexan-1-ol
greedy_gp,0,78,1164,464.15,True,33,"2,2,4-Trimethylnonane"
greedy_gp,0,79,533,452.15,False,33,4-Ethyl-4-heptanol
greedy_gp,0,80,86,502.65,False,33,"1,4-Butanediol"
greedy_gp,0,81,30,447.15,False,33,Pinacol
greedy_gp,0,82,1221,463.15,True,34,"2,6,6-Trimethylnonane"
greedy_gp,0,83,669,465.4,True,35,4-Methyl-2-propylpentan-1-ol
greedy_gp,0,84,903,458.15,True,36,2-(Pentyloxy)ethanol
greedy_gp,0,85,142,487.85,False,36,"1,3-Propanediol"
greedy_gp,0,86,558,494.15,False,36,"2-Methyl-1,3-propanediol"
greedy_gp,0,87,1074,460.26,True,37,"Hepta-2,4-dien-1-ol"
greedy_gp,0,88,1022,478.54,False,37,3-Octen-2-OL
greedy_gp,0,89,1223,463.15,True,38,"2,5,5-Trimethylnonane"
greedy_gp,0,90,1154,459.4,True,39,"2,4,5,7-Tetramethyloctane"
greedy_gp,0,91,1070,448.15,False,39,2-Octen-4-ol
greedy_gp,0,92,997,460.44,True,40,"(E,E,Z)-Undeca-1,3,5,8-tetraene"
greedy_gp,0,93,916,472.15,True,41,"3,6-Dimethyl-3-ethyl-octane"
greedy_gp,0,94,974,447.15,False,41,(S)-1-Octen-3-ol
greedy_gp,0,95,1133,464.89743,True,42,"2,2,3,4-Tetramethylhexan-3-ol"
greedy_gp,0,96,1199,468.15,True,43,"2,2,3,3,5,5-Hexamethylhexane"
greedy_gp,0,97,677,460.65,True,44,"2,2,4,4,6-Pentamethylheptane"
greedy_gp,0,98,754,482.28,False,44,"2,9-Dimethyl-5-decyne"
greedy_gp,0,99,499,473.15,False,44,"2,2,3-Trimethylnonane"
greedy_gp,0,100,87,511.15,False,44,"2-Butyne-1,4-diol"
greedy_gp,0,101,704,409.64,False,44,"2,4,6-Octatriyne"
greedy_gp,0,102,1236,466.15,True,45,"2,2,3,3,6-Pentamethylheptane"
greedy_gp,0,103,795,462.9,True,46,"3,3,6,6-Tetramethyloctane"
greedy_gp,0,104,1240,459.15,True,47,"2,2,5,5,6-Pentamethylheptane"
greedy_gp,0,105,716,353.39,False,47,"1,3,5-Hexatriyne"
greedy_gp,0,106,481,431.55,False,47,"4-Methylhepta-1,6-dien-4-ol"
greedy_gp,0,107,734,462.0,True,48,"1,10-Undecadiene"
greedy_gp,0,108,1160,460.15,True,49,"4-Ethyl-2,2-dimethyloctane"
greedy_gp,0,109,438,451.15,False,49,"2,2,4,6,6-Pentamethylheptane"
greedy_gp,0,110,460,474.15,False,49,"2,2-Dimethyldecane"
greedy_gp,0,111,1187,464.15,True,50,4-Tert-butyloctane
greedy_gp,0,112,139,469.65,True,51,"3-Butene-1,2-diol"
greedy_gp,0,113,1136,464.15,True,52,"4-Ethyl-2,4-dimethyloctane"
greedy_gp,0,114,1233,452.15,False,52,3-Methyl-4-propylheptane
greedy_gp,0,115,661,478.65,False,52,"3,3-Dimethyl-1,2-butanediol"
greedy_gp,0,116,1218,462.15,True,53,"2,4-Dimethyl-4-propylheptane"
greedy_gp,0,117,1168,473.15,False,53,"3-Ethyl-3,4-dimethyloctane"
greedy_gp,0,118,918,472.15,True,54,"3,4,5,6-Tetramethyloctane"
greedy_gp,0,119,921,470.15,True,55,"3-Methyl, 3,5-diethyl, heptane"
greedy_gp,0,120,1135,476.15,False,55,"3,3-Dimethyldecane"
greedy_gp,0,121,1150,463.0,True,56,"2,5,8-Trimethylnonane"
greedy_gp,0,122,792,455.15,True,57,"2,4,6-Trimethyl-4-heptanol"
greedy_gp,0,123,523,459.00627,True,58,"2,2,7,7-Tetramethyloctane"
greedy_gp,0,124,1230,469.15,True,59,"3,3-Dimethyl-4-propylheptane"
greedy_gp,0,125,1182,453.15,True,60,4-Ethyl-5-methyloctane
greedy_gp,0,126,920,483.15,False,60,"3,4-Dimethyl-3,4-diethyl-hexane"
greedy_gp,0,127,1158,472.15,True,61,"4,4-Dimethyldecane"
greedy_gp,0,128,1228,471.15,True,62,"3,4-Dimethyl-4-propylheptane"
greedy_gp,0,129,1112,470.15,True,63,"5,5-Dimethyldecane"
greedy_gp,0,130,1207,476.15,False,63,"3,3-Diethyl-2-methylheptane"
greedy_gp,0,131,1116,467.15,True,64,"2,2,3,3,4,4-Hexamethylpentane"
greedy_gp,0,132,1192,452.15,False,64,"3,5-Diethylheptane"
greedy_gp,0,133,1114,459.15,True,65,"3-Ethyl-2,2,3,4-tetramethylpentane"
greedy_gp,0,134,278,465.85,True,66,1-Undecene
greedy_gp,0,135,696,455.44,True,67,Undec-4-ene
greedy_gp,0,136,1021,466.15,True,68,(E)-4-Undecene
greedy_gp,0,137,699,465.45,True,69,5-Undecene
greedy_gp,0,138,1203,460.15,True,70,"2,3,3,4,4-Pentamethylhexane"
greedy_gp,0,139,1115,462.15,True,71,"3,3-Diethyl-2,2-dimethylpentane"
greedy_gp,0,140,1206,462.15,True,72,"3,3-Diethyl-2,4-dimethylpentane"
greedy_gp,0,141,1177,457.15,True,73,"2,2,3,3,4-Pentamethylhexane"
greedy_gp,0,142,123,394.15,False,73,"N,N-Diisopropylethylenediamine"
greedy_gp,0,143,935,469.15,True,74,"3-Ethyl-2,7-dimethyloctane"
greedy_gp,0,144,1222,457.75,True,75,"2,6-Dimethyl-4-propylheptane"
greedy_gp,0,145,1208,459.15,True,76,"3,3-Diethyl-2-methylhexane"
greedy_gp,0,146,364,471.15,True,77,"1,1,4,7,7-Pentamethyldiethylenetriamine"
greedy_gp,0,147,1138,463.15,True,78,"4-Ethyl-2,6-dimethyloctane"
greedy_gp,0,148,919,473.15,False,78,"3,4,7-Trimethylnonane"
greedy_gp,0,149,1196,459.15,True,79,"3,4-Diethyl-3-methylhexane"
greedy_gp,0,150,1137,470.15,True,80,"3-Ethyl-2,6-dimethyloctane"
prob_in_spec,0,1,1056,616.26,False,0,(Z)-9-Tetradecen-1-ol
prob_in_spec,0,2,1017,387.13,False,0,(E)-2-Methylhept-3-ene
prob_in_spec,0,3,791,449.15,False,0,"2,2,4,4,5-Pentamethylhexane"
prob_in_spec,0,4,635,459.15,True,1,5-Methyldecane
prob_in_spec,0,5,335,379.65,False,1,3-Butyn-2-ol
prob_in_spec,0,6,51,459.35,True,2,2-Ethylhexan-1-ol
prob_in_spec,0,7,20,169.35,False,2,Ethylene
prob_in_spec,0,8,383,360.15,False,2,4-Methyl-1-hexene
prob_in_spec,0,9,219,420.15,False,2,5-Methyl-3-hexanol
prob_in_spec,0,10,93,506.15,False,2,"1,1'-Oxydi-2-propanol"
prob_in_spec,0,11,360,461.15,True,3,4-Methyldecane
prob_in_spec,0,12,627,465.15,True,4,3-Methyldecane
prob_in_spec,0,13,932,461.15,True,5,3-Ethylnonane
prob_in_spec,0,14,922,457.15,True,6,4-Ethylnonane
prob_in_spec,0,15,302,469.05,True,7,Undecane
prob_in_spec,0,16,1096,453.15,True,8,"2,7-Dimethylnonane"
prob_in_spec,0,17,458,452.15,False,8,"2,6-Dimethylnonane"
prob_in_spec,0,18,457,452.15,False,8,"2,5-Dimethylnonane"
prob_in_spec,0,19,913,451.15,False,8,"2,4-Dimethylnonane"
prob_in_spec,0,20,1097,456.15,True,9,"2,8-Dimethylnonane"
prob_in_spec,0,21,419,462.35,True,10,2-Methyldecane
prob_in_spec,0,22,1164,464.15,True,11,"2,2,4-Trimethylnonane"
prob_in_spec,0,23,499,473.15,False,11,"2,2,3-Trimethylnonane"
prob_in_spec,0,24,1160,460.15,True,12,"4-Ethyl-2,2-dimethyloctane"
prob_in_spec,0,25,1154,459.4,True,13,"2,4,5,7-Tetramethyloctane"
prob_in_spec,0,26,1223,463.15,True,14,"2,5,5-Trimethylnonane"
prob_in_spec,0,27,1138,463.15,True,15,"4-Ethyl-2,6-dimethyloctane"
prob_in_spec,0,28,1174,455.9,True,16,"2,2,6,6-Tetramethyloctane"
prob_in_spec,0,29,1220,463.15,True,17,"2,5-Dimethyl-4-propylheptane"
prob_in_spec,0,30,1240,459.15,True,18,"2,2,5,5,6-Pentamethylheptane"
prob_in_spec,0,31,1187,464.15,True,19,4-Tert-butyloctane
prob_in_spec,0,32,1136,464.15,True,20,"4-Ethyl-2,4-dimethyloctane"
prob_in_spec,0,33,1221,463.15,True,21,"2,6,6-Trimethylnonane"
prob_in_spec,0,34,1218,462.15,True,22,"2,4-Dimethyl-4-propylheptane"
prob_in_spec,0,35,1243,467.15,True,23,"2,3-Dimethyl-4-propylheptane"
prob_in_spec,0,36,795,462.9,True,24,"3,3,6,6-Tetramethyloctane"
prob_in_spec,0,37,1141,458.15,True,25,4-Tert-butyl-2-methylheptane
prob_in_spec,0,38,1222,457.75,True,26,"2,6-Dimethyl-4-propylheptane"
prob_in_spec,0,39,1236,466.15,True,27,"2,2,3,3,6-Pentamethylheptane"
prob_in_spec,0,40,916,472.15,True,28,"3,6-Dimethyl-3-ethyl-octane"
prob_in_spec,0,41,1172,454.15,True,29,"3,3,4,5-Tetramethylheptane"
prob_in_spec,0,42,1209,451.15,False,29,"3-Ethyl-2,4,4-trimethylhexane"
prob_in_spec,0,43,914,456.46543,True,30,"4,4-Diethylheptane"
prob_in_spec,0,44,1166,459.9,True,31,"3,3-Diethylheptane"
prob_in_spec,0,45,1146,458.15,True,32,"3,4,4,5-Tetramethylheptane"
prob_in_spec,0,46,1150,463.0,True,33,"2,5,8-Trimethylnonane"
prob_in_spec,0,47,1105,468.15,True,34,"2,3,4,5,6-Pentamethylheptane"
prob_in_spec,0,48,1227,457.15,True,35,"3,3,4,4-Tetramethylheptane"
prob_in_spec,0,49,1177,457.15,True,36,"2,2,3,3,4-Pentamethylhexane"
prob_in_spec,0,50,1203,460.15,True,37,"2,3,3,4,4-Pentamethylhexane"
prob_in_spec,0,51,1226,462.0,True,38,2-Methyl-5-propyloctane
prob_in_spec,0,52,1115,462.15,True,39,"3,3-Diethyl-2,2-dimethylpentane"
prob_in_spec,0,53,1199,468.15,True,40,"2,2,3,3,5,5-Hexamethylhexane"
prob_in_spec,0,54,1114,459.15,True,41,"3-Ethyl-2,2,3,4-tetramethylpentane"
prob_in_spec,0,55,1206,462.15,True,42,"3,3-Diethyl-2,4-dimethylpentane"
prob_in_spec,0,56,1116,467.15,True,43,"2,2,3,3,4,4-Hexamethylpentane"
prob_in_spec,0,57,935,469.15,True,44,"3-Ethyl-2,7-dimethyloctane"
prob_in_spec,0,58,1112,470.15,True,45,"5,5-Dimethyldecane"
prob_in_spec,0,59,1196,459.15,True,46,"3,4-Diethyl-3-methylhexane"
prob_in_spec,0,60,1208,459.15,True,47,"3,3-Diethyl-2-methylhexane"
prob_in_spec,0,61,856,448.0,False,47,"2,3-Dimethylnonane"
prob_in_spec,0,62,1119,458.15,True,48,"3,4-Dimethylnonane"
prob_in_spec,0,63,1229,469.15,True,49,"3,5-Dimethyl-4-propylheptane"
prob_in_spec,0,64,1230,469.15,True,50,"3,3-Dimethyl-4-propylheptane"
prob_in_spec,0,65,1245,469.15,True,51,"2,4,4,5,5-Pentamethylheptane"
prob_in_spec,0,66,1137,470.15,True,52,"3-Ethyl-2,6-dimethyloctane"
prob_in_spec,0,67,1241,457.15,True,53,"2,2,5,5-Tetramethyloctane"
prob_in_spec,0,68,278,465.85,True,54,1-Undecene
prob_in_spec,0,69,825,463.85,True,55,2-Methyl-1-decene
prob_in_spec,0,70,696,455.44,True,56,Undec-4-ene
prob_in_spec,0,71,734,462.0,True,57,"1,10-Undecadiene"
prob_in_spec,0,72,1021,466.15,True,58,(E)-4-Undecene
prob_in_spec,0,73,699,465.45,True,59,5-Undecene
prob_in_spec,0,74,1183,457.0,True,60,"2,4,4,7-Tetramethyloctane"
prob_in_spec,0,75,974,447.15,False,60,(S)-1-Octen-3-ol
prob_in_spec,0,76,177,448.15,False,60,4-Octanol
prob_in_spec,0,77,180,457.15,True,61,3-Octanol
prob_in_spec,0,78,670,457.15,True,62,4-Methyl-1-heptanol
prob_in_spec,0,79,822,459.15,True,63,3-Methyl-1-heptanol
prob_in_spec,0,80,394,451.65,False,63,2-Octanol
prob_in_spec,0,81,921,470.15,True,64,"3-Methyl, 3,5-diethyl, heptane"
prob_in_spec,0,82,918,472.15,True,65,"3,4,5,6-Tetramethyloctane"
prob_in_spec,0,83,1156,471.15,True,66,5-Ethyl-5-methylnonane
prob_in_spec,0,84,1190,470.15,True,67,"3,5-Diethyloctane"
prob_in_spec,0,85,831,466.15,True,68,"4,5-Diethyloctane"
prob_in_spec,0,86,924,471.15,True,69,"4,6-Dimethyldecane"
prob_in_spec,0,87,1158,472.15,True,70,"4,4-Dimethyldecane"
prob_in_spec,0,88,459,457.15,True,71,"3,7-Dimethylnonane"
prob_in_spec,0,89,1179,454.15,True,72,"2,3,3,4,5-Pentamethylhexane"
prob_in_spec,0,90,442,430.15,False,72,4-Methyl-3-heptanol
prob_in_spec,0,91,808,453.15,True,73,2-Methyl-1-heptanol
prob_in_spec,0,92,1117,456.27755,True,74,(S)-(+)-5-Methyl-1-heptanol
prob_in_spec,0,93,912,470.15,True,75,5-Propylnonane
prob_in_spec,0,94,830,472.15,True,76,4-Ethyl-5-methylnonane
prob_in_spec,0,95,1186,472.15,True,77,"3,4-Diethyloctane"
prob_in_spec,0,96,1237,459.15,True,78,"2,2,3,4,4-Pentamethylhexane"
prob_in_spec,0,97,1188,455.15,True,79,3-Ethyl-6-methyloctane
prob_in_spec,0,98,919,473.15,False,79,"3,4,7-Trimethylnonane"
prob_in_spec,0,99,990,442.65,False,79,3-Hepten-1-ol
prob_in_spec,0,100,491,456.1,True,80,Hept-2-en-1-ol
prob_in_spec,0,101,658,454.65,True,81,2-Methyl-3-octanol
prob_in_spec,0,102,853,484.15,False,81,"2,2-Dimethyl-1-octanol"
prob_in_spec,0,103,774,475.15,False,81,5-Methyl-5-nonanol
prob_in_spec,0,104,556,472.15,True,82,3-Ethyloctan-3-ol
prob_in_spec,0,105,650,484.15,False,82,Tetrahydrolavandulol
prob_in_spec,0,106,669,465.4,True,83,4-Methyl-2-propylpentan-1-ol
prob_in_spec,0,107,1211,468.15,True,84,2-Ethyl-4-methylhexan-1-ol
prob_in_spec,0,108,621,465.15,True,85,"4,7-Dimethyloctan-4-ol"
prob_in_spec,0,109,981,453.15,True,86,3-Methyl-4-octanol
prob_in_spec,0,110,1228,471.15,True,87,"3,4-Dimethyl-4-propylheptane"
prob_in_spec,0,111,1194,462.15,True,88,4-Isopropyl-4-heptanol
prob_in_spec,0,112,792,455.15,True,89,"2,4,6-Trimethyl-4-heptanol"
prob_in_spec,0,113,840,471.15,True,90,"2,5-Dimethyldecane"
prob_in_spec,0,114,1192,452.15,False,90,"3,5-Diethylheptane"
prob_in_spec,0,115,606,455.15,True,91,"4,5-Dimethylnonane"
prob_in_spec,0,116,460,474.15,False,91,"2,2-Dimethyldecane"
prob_in_spec,0,117,103,451.15,False,91,1-Heptanol
prob_in_spec,0,118,854,473.15,False,91,"2,4-Dimethyldecane"
prob_in_spec,0,119,732,471.15,True,92,"2,6-Dimethyldecane"
prob_in_spec,0,120,925,472.15,True,93,"4,7-Dimethyldecane"
prob_in_spec,0,121,523,459.00627,True,94,"2,2,7,7-Tetramethyloctane"
prob_in_spec,0,122,728,486.15,False,94,6-Dodecyne
prob_in_spec,0,123,755,483.16,False,94,5-Dodecyne
prob_in_spec,0,124,767,483.16,False,94,4-Dodecyne
prob_in_spec,0,125,727,492.55,False,94,3-Dodecyne
prob_in_spec,0,126,712,471.09534,True,95,5-Undecyne
prob_in_spec,0,127,788,471.65,True,96,4-Undecyne
prob_in_spec,0,128,787,473.15,False,96,3-Undecyne
prob_in_spec,0,129,786,479.15,False,96,2-Undecyne
prob_in_spec,0,130,754,482.28,False,96,"2,9-Dimethyl-5-decyne"
prob_in_spec,0,131,276,447.15,False,96,1-Decyne
prob_in_spec,0,132,560,457.75,True,97,2-Decyne
prob_in_spec,0,133,348,437.4,False,97,4-Decyne
prob_in_spec,0,134,330,451.15,False,97,5-Decyne
prob_in_spec,0,135,1216,457.05,True,98,"3,3-Dimethylnon-4-yne"
prob_in_spec,0,136,972,449.65,False,98,(S)-(+)-2-Octanol
prob_in_spec,0,137,317,423.35,False,98,1-Propoxy-2-propanol
prob_in_spec,0,138,98,433.69704,False,98,3-Ethoxy-1-propanol
prob_in_spec,0,139,1168,473.15,False,98,"3-Ethyl-3,4-dimethyloctane"
prob_in_spec,0,140,677,460.65,True,99,"2,2,4,4,6-Pentamethylheptane"
prob_in_spec,0,141,782,523.84,False,99,"4,5-Dipropyl-4-octene"
prob_in_spec,0,142,923,473.15,False,99,"3,5-Dimethyldecane"
prob_in_spec,0,143,1169,473.15,False,99,"4,4-Diethyloctane"
prob_in_spec,0,144,903,458.15,True,100,2-(Pentyloxy)ethanol
prob_in_spec,0,145,832,474.15,False,100,"5,6-Dimethyldecane"
prob_in_spec,0,146,325,447.25,False,100,Decane
prob_in_spec,0,147,438,451.15,False,100,"2,2,4,6,6-Pentamethylheptane"
prob_in_spec,0,148,1170,455.15,True,101,"3,6-Dimethylnonane"
prob_in_spec,0,149,1212,446.17573,False,101,"2,2,3,3,5-Pentamethylhexane"
prob_in_spec,0,150,8,467.85,True,102,1-Octanol
qlogei_target,0,1,1056,616.26,False,0,(Z)-9-Tetradecen-1-ol
qlogei_target,0,2,1017,387.13,False,0,(E)-2-Methylhept-3-ene
qlogei_target,0,3,791,449.15,False,0,"2,2,4,4,5-Pentamethylhexane"
qlogei_target,0,4,635,459.15,True,1,5-Methyldecane
qlogei_target,0,5,335,379.65,False,1,3-Butyn-2-ol
qlogei_target,0,6,51,459.35,True,2,2-Ethylhexan-1-ol
qlogei_target,0,7,20,169.35,False,2,Ethylene
qlogei_target,0,8,383,360.15,False,2,4-Methyl-1-hexene
qlogei_target,0,9,219,420.15,False,2,5-Methyl-3-hexanol
qlogei_target,0,10,93,506.15,False,2,"1,1'-Oxydi-2-propanol"
qlogei_target,0,11,360,461.15,True,3,4-Methyldecane
qlogei_target,0,12,670,457.15,True,4,4-Methyl-1-heptanol
qlogei_target,0,13,8,467.85,True,5,1-Octanol
qlogei_target,0,14,1182,453.15,True,6,4-Ethyl-5-methyloctane
qlogei_target,0,15,1097,456.15,True,7,"2,8-Dimethylnonane"
qlogei_target,0,16,302,469.05,True,8,Undecane
qlogei_target,0,17,394,451.65,False,8,2-Octanol
qlogei_target,0,18,419,462.35,True,9,2-Methyldecane
qlogei_target,0,19,180,457.15,True,10,3-Octanol
qlogei_target,0,20,1199,468.15,True,11,"2,2,3,3,5,5-Hexamethylhexane"
qlogei_target,0,21,922,457.15,True,12,4-Ethylnonane
qlogei_target,0,22,627,465.15,True,13,3-Methyldecane
qlogei_target,0,23,1245,469.15,True,14,"2,4,4,5,5-Pentamethylheptane"
qlogei_target,0,24,1022,478.54,False,14,3-Octen-2-OL
qlogei_target,0,25,920,483.15,False,14,"3,4-Dimethyl-3,4-diethyl-hexane"
qlogei_target,0,26,1236,466.15,True,15,"2,2,3,3,6-Pentamethylheptane"
qlogei_target,0,27,1240,459.15,True,16,"2,2,5,5,6-Pentamethylheptane"
qlogei_target,0,28,1206,462.15,True,17,"3,3-Diethyl-2,4-dimethylpentane"
qlogei_target,0,29,677,460.65,True,18,"2,2,4,4,6-Pentamethylheptane"
qlogei_target,0,30,1208,459.15,True,19,"3,3-Diethyl-2-methylhexane"
qlogei_target,0,31,795,462.9,True,20,"3,3,6,6-Tetramethyloctane"
qlogei_target,0,32,1183,457.0,True,21,"2,4,4,7-Tetramethyloctane"
qlogei_target,0,33,1115,462.15,True,22,"3,3-Diethyl-2,2-dimethylpentane"
qlogei_target,0,34,1203,460.15,True,23,"2,3,3,4,4-Pentamethylhexane"
qlogei_target,0,35,1241,457.15,True,24,"2,2,5,5-Tetramethyloctane"
qlogei_target,0,36,1114,459.15,True,25,"3-Ethyl-2,2,3,4-tetramethylpentane"
qlogei_target,0,37,1221,463.15,True,26,"2,6,6-Trimethylnonane"
qlogei_target,0,38,883,429.88033,False,26,"2,2,3,4-Tetramethylhexane"
qlogei_target,0,39,1223,463.15,True,27,"2,5,5-Trimethylnonane"
qlogei_target,0,40,1154,459.4,True,28,"2,4,5,7-Tetramethyloctane"
qlogei_target,0,41,935,469.15,True,29,"3-Ethyl-2,7-dimethyloctane"
qlogei_target,0,42,499,473.15,False,29,"2,2,3-Trimethylnonane"
qlogei_target,0,43,1138,463.15,True,30,"4-Ethyl-2,6-dimethyloctane"
qlogei_target,0,44,1222,457.75,True,31,"2,6-Dimethyl-4-propylheptane"
qlogei_target,0,45,680,507.15,False,31,1-Tridecyne
qlogei_target,0,46,932,461.15,True,32,3-Ethylnonane
qlogei_target,0,47,1141,458.15,True,33,4-Tert-butyl-2-methylheptane
qlogei_target,0,48,1220,463.15,True,34,"2,5-Dimethyl-4-propylheptane"
qlogei_target,0,49,1164,464.15,True,35,"2,2,4-Trimethylnonane"
qlogei_target,0,50,1136,464.15,True,36,"4-Ethyl-2,4-dimethyloctane"
qlogei_target,0,51,1187,464.15,True,37,4-Tert-butyloctane
qlogei_target,0,52,1218,462.15,True,38,"2,4-Dimethyl-4-propylheptane"
qlogei_target,0,53,837,432.15,False,38,"2,2,3,4,4-Pentamethylpentane"
qlogei_target,0,54,1174,455.9,True,39,"2,2,6,6-Tetramethyloctane"
qlogei_target,0,55,454,421.05,False,39,"2,2,4,5-Tetramethylhexane"
qlogei_target,0,56,786,479.15,False,39,2-Undecyne
qlogei_target,0,57,479,411.29,False,39,"5,5-Dimethyl-3-heptyne"
qlogei_target,0,58,549,408.65,False,39,"1,7-Octadiyne"
qlogei_target,0,59,400,459.15,True,40,6-Methylhept-5-en-2-ol
qlogei_target,0,60,32,393.15,False,40,3-Methyl-1-pentyn-3-ol
qlogei_target,0,61,1116,467.15,True,41,"2,2,3,3,4,4-Hexamethylpentane"
qlogei_target,0,62,409,462.15,True,42,3-Methyl-3-octanol
qlogei_target,0,63,1209,451.15,False,42,"3-Ethyl-2,4,4-trimethylhexane"
qlogei_target,0,64,1226,462.0,True,43,2-Methyl-5-propyloctane
qlogei_target,0,65,467,448.15,False,43,"2,6-Dimethyl-3-heptanol"
qlogei_target,0,66,769,453.22759,True,44,4-Methyl-4-octanol
qlogei_target,0,67,669,465.4,True,45,4-Methyl-2-propylpentan-1-ol
qlogei_target,0,68,309,504.15,False,45,2-(2-Ethylhexyloxy)ethanol
qlogei_target,0,69,1211,468.15,True,46,2-Ethyl-4-methylhexan-1-ol
qlogei_target,0,70,621,465.15,True,47,"4,7-Dimethyloctan-4-ol"
qlogei_target,0,71,1105,468.15,True,48,"2,3,4,5,6-Pentamethylheptane"
qlogei_target,0,72,1150,463.0,True,49,"2,5,8-Trimethylnonane"
qlogei_target,0,73,1243,467.15,True,50,"2,3-Dimethyl-4-propylheptane"
qlogei_target,0,74,918,472.15,True,51,"3,4,5,6-Tetramethyloctane"
qlogei_target,0,75,938,447.15,False,51,"2,2,3,5-Tetramethylheptane"
qlogei_target,0,76,506,438.15,False,51,3-(Diethylamino)propylamine
qlogei_target,0,77,348,437.4,False,51,4-Decyne
qlogei_target,0,78,994,310.05,False,51,cis-2-PENTENE
qlogei_target,0,79,675,375.65,False,51,n-Methylbutan-2-amine
qlogei_target,0,80,569,363.15,False,51,"1,2-Heptanediol"
qlogei_target,0,81,597,370.15,False,51,3-Octyn-1-ol
qlogei_target,0,82,417,574.15,False,51,1-Heptadecene
qlogei_target,0,83,483,501.2,False,51,2-Tridecene
qlogei_target,0,84,591,343.15,False,51,"3-Methylpenta-1,2-diene"
qlogei_target,0,85,1062,547.62,False,51,trans-2-Undecen-1-ol
qlogei_target,0,86,276,447.15,False,51,1-Decyne
qlogei_target,0,87,14,390.05,False,51,Ethylenediamine
qlogei_target,0,88,644,419.15,False,51,"2,4,4-Trimethyl-2-pentanol"
qlogei_target,0,89,126,479.15,False,51,"2,5-Dimethyl-3-hexyne-2,5-diol"
qlogei_target,0,90,992,349.89151,False,51,"cis-4,4-Dimethyl-2-pentene"
qlogei_target,0,91,1178,452.15,False,51,"2,3,4-Trimethylhexan-3-ol"
qlogei_target,0,92,665,402.15,False,51,4-Methyl-4-penten-2-ol
qlogei_target,0,93,825,463.85,True,52,2-Methyl-1-decene
qlogei_target,0,94,1113,454.15,True,53,"3,4,5-Trimethyloctane"
qlogei_target,0,95,209,415.15,False,53,"2,4-Dimethyl-3-pentanol"
qlogei_target,0,96,658,454.65,True,54,2-Methyl-3-octanol
qlogei_target,0,97,192,340.21,False,54,3-Hexene
qlogei_target,0,98,326,609.15,False,54,Heptadecylamine
qlogei_target,0,99,1026,432.56,False,54,cis-3-Decene
qlogei_target,0,100,475,420.05,False,54,1-Nonene
qlogei_target,0,101,685,397.65,False,54,Butylisopropylamine
qlogei_target,0,102,981,453.15,True,55,3-Methyl-4-octanol
qlogei_target,0,103,49,498.15,False,55,5-Ethyl-2-nonanol
qlogei_target,0,104,395,795.15,False,55,Tetracontane
qlogei_target,0,105,1079,606.15,False,55,Elaidyl alcohol
qlogei_target,0,106,940,488.15,False,55,"N,N-Dimethylnonylamine"
qlogei_target,0,107,248,591.15,False,55,1-Pentadecanol
qlogei_target,0,108,1135,476.15,False,55,"3,3-Dimethyldecane"
qlogei_target,0,109,298,467.15,True,56,Triisobutylamine
qlogei_target,0,110,1246,444.15,False,56,"2,4,4-Trimethyloctane"
qlogei_target,0,111,278,465.85,True,57,1-Undecene
qlogei_target,0,112,734,462.0,True,58,"1,10-Undecadiene"
qlogei_target,0,113,874,436.16,False,58,3-Ethyl-4-methylheptane
qlogei_target,0,114,603,433.95,False,58,"3,6-Dimethyloctane"
qlogei_target,0,115,858,557.15,False,58,2-Methyl-1-pentadecene
qlogei_target,0,116,782,523.84,False,58,"4,5-Dipropyl-4-octene"
qlogei_target,0,117,614,738.15,False,58,1-Dotriacontene
qlogei_target,0,118,1152,452.15,False,58,"3,4,6-Trimethyloctane"
qlogei_target,0,119,625,466.65,True,59,1-Nonen-3-ol
qlogei_target,0,120,413,392.25,False,59,2-Pentanol
qlogei_target,0,121,514,448.15,False,59,3-Methoxy-3-methylbutan-1-ol
qlogei_target,0,122,792,455.15,True,60,"2,4,6-Trimethyl-4-heptanol"
qlogei_target,0,123,1014,360.5,False,60,4-Methyl-2-hexene
qlogei_target,0,124,832,474.15,False,60,"5,6-Dimethyldecane"
qlogei_target,0,125,1144,447.15,False,60,"3,3,5-Trimethyloctane"
qlogei_target,0,126,662,393.15,False,60,"Octa-1,3,7-triene"
qlogei_target,0,127,24,289.75,False,60,Ethylamine
qlogei_target,0,128,322,437.15,False,60,"1,9-Decadiene"
qlogei_target,0,129,275,412.15,False,60,2-(Vinyloxy)ethanol
qlogei_target,0,130,925,472.15,True,61,"4,7-Dimethyldecane"
qlogei_target,0,131,133,503.25,False,61,"2,2,4-Trimethyl-1,3-pentanediol"
qlogei_target,0,132,114,614.65,False,61,Tetraethylenepentamine
qlogei_target,0,133,347,445.56825,False,61,"2,2-Dimethyl-1-hexanol"
qlogei_target,0,134,43,368.15,False,61,Triethylborane
qlogei_target,0,135,868,359.15,False,61,N-tert-Butylethylamine
qlogei_target,0,136,365,529.36,False,61,"3-Hexyne-2,5-diol"
qlogei_target,0,137,386,409.15,False,61,"2,2-Dimethyl-3-pentanol"
qlogei_target,0,138,481,431.55,False,61,"4-Methylhepta-1,6-dien-4-ol"
qlogei_target,0,139,748,430.94,False,61,Di-t-butylacetylene
qlogei_target,0,140,207,354.15,False,61,"1,2-Dimethylpropylamine"
qlogei_target,0,141,139,469.65,True,62,"3-Butene-1,2-diol"
qlogei_target,0,142,375,350.15,False,62,"3,3-Dimethyl-1-pentene"
qlogei_target,0,143,2,390.75,False,62,1-Butanol
qlogei_target,0,144,511,487.65,False,62,"2-Methyl-1,3-pentanediol"
qlogei_target,0,145,865,397.15,False,62,2-Methyl-n-propyl-1-propanamine
qlogei_target,0,146,628,417.15,False,62,1-Tert-butoxy-2-propanol
qlogei_target,0,147,313,554.75,False,62,2-Methylpentadecane
qlogei_target,0,148,402,557.15,False,62,2-Tetradecanol
qlogei_target,0,149,221,467.9,True,63,3-Nonanol
qlogei_target,0,150,749,386.65,False,63,"Hepta-1,3,5-triene"
random,1,1,390,341.0,False,0,2-Hexene
random,1,2,587,357.15,False,0,Tris(2-methylallyl)amine
random,1,3,1027,570.5,False,0,cis-7-Dodecen-1-ol
random,1,4,43,368.15,False,0,Triethylborane
random,1,5,1184,453.15,True,1,3-Ethyl-5-methyloctane
random,1,6,636,441.15,False,1,N-Heptylmethylamine
random,1,7,179,427.15972,False,1,3-Heptanol
random,1,8,939,409.15,False,1,N-Ethylpentylamine
random,1,9,1183,457.0,True,2,"2,4,4,7-Tetramethyloctane"
random,1,10,311,584.2,False,2,2-Methylheptadecane
random,1,11,639,418.15,False,2,4-Nonene
random,1,12,44,428.15,False,2,2-Ethyl-1-butanol
random,1,13,942,559.15,False,2,3-Hexadecyne
random,1,14,1188,455.15,True,3,3-Ethyl-6-methyloctane
random,1,15,590,359.45,False,3,2-Ethyl-3-methylbut-1-ene
random,1,16,388,357.15,False,3,3-Ethyl-1-pentene
random,1,17,527,427.15,False,3,3-Pentyn-1-ol
random,1,18,341,408.15,False,3,"2,5-Dimethylheptane"
random,1,19,1035,501.2,False,3,6-Tridecene
random,1,20,1083,440.64,False,3,"(E,Z)-2,6-Dimethylocta-2,4,6-triene"
random,1,21,33,300.98,False,3,Isopentane
random,1,22,1047,432.56,False,3,trans-4-Decene
random,1,23,107,435.15,False,3,Dibutylamine
random,1,24,938,447.15,False,3,"2,2,3,5-Tetramethylheptane"
random,1,25,1079,606.15,False,3,Elaidyl alcohol
random,1,26,378,423.95,False,3,1-Nonyne
random,1,27,156,359.15,False,3,"3,3-Dimethylpentane"
random,1,28,155,381.15,False,3,"2,3,3-Trimethyl-1-pentene"
random,1,29,980,419.15,False,3,2-Methyl-3-hexyn-2-ol
random,1,30,565,539.15,False,3,Diheptylamine
random,1,31,254,675.05,False,3,Pentacosane
random,1,32,628,417.15,False,3,1-Tert-butoxy-2-propanol
random,1,33,24,289.75,False,3,Ethylamine
random,1,34,1127,447.15,False,3,4-Tert-butylheptane
random,1,35,328,579.15,False,3,Pristane
random,1,36,932,461.15,True,4,3-Ethylnonane
random,1,37,146,342.15,False,4,"2,3-Dimethyl-1,3-butadiene"
random,1,38,1204,479.15,False,4,"3,3-Diethyl-2,2,4-trimethylpentane"
random,1,39,1225,447.15,False,4,2-Methyl-4-propylheptane
random,1,40,607,479.15,False,4,"2,3-Dimethyldecane"
random,1,41,901,507.15,False,4,"2,4-Dimethyldodecane"
random,1,42,1151,451.15,False,4,4-Methyl-4-propylheptane
random,1,43,203,439.15,False,4,3-Methyl-3-heptanol
random,1,44,347,445.56825,False,4,"2,2-Dimethyl-1-hexanol"
random,1,45,406,426.9,False,4,1-Hepten-3-OL
random,1,46,144,311.65,False,4,2-Methyl-2-butene
random,1,47,968,342.05,False,4,cis-2-Hexene
random,1,48,569,363.15,False,4,"1,2-Heptanediol"
random,1,49,777,436.15,False,4,"2,2,6,6-Tetramethylheptane"
random,1,50,530,450.15,False,4,"2-Methylpropane-1,2-diol"
random,1,51,664,438.15,False,4,3-Methyl-4-heptanol
random,1,52,1090,412.15,False,4,2-Methyloct-4-ene
random,1,53,533,452.15,False,4,4-Ethyl-4-heptanol
random,1,54,51,459.35,True,5,2-Ethylhexan-1-ol
random,1,55,892,442.59,False,5,"3-Ethyl-2,3,4-trimethylpentane"
random,1,56,798,331.73,False,5,trans-4-Methyl-2-pentene
random,1,57,1063,434.35,False,5,"3,5,5-Trimethyl-2-hexene"
random,1,58,269,344.35,False,5,1-Hexyne
random,1,59,958,426.0,False,5,(S)-(+)-3-Methyl-1-pentanol
random,1,60,742,392.86269,False,5,"2,3-Diethyl-1,3-butadiene"
random,1,61,838,433.96,False,5,4-Ethyl-4-methylheptane
random,1,62,637,429.0,False,5,"2,3,4-Trimethylheptane"
random,1,63,1228,471.15,True,6,"3,4-Dimethyl-4-propylheptane"
random,1,64,724,328.15,False,6,"1,3-Pentadiyne"
random,1,65,640,393.65,False,6,2-Methyl-3-buten-1-ol
random,1,66,947,444.45,False,6,trans-5-Decene
random,1,67,850,478.32,False,6,Dodec-4-ene
random,1,68,86,502.65,False,6,"1,4-Butanediol"
random,1,69,1018,369.15,False,6,cis-3-Heptene
random,1,70,983,450.15,False,6,"3-Ethyl-2,4,5-trimethylhexane"
random,1,71,444,392.15,False,6,2-Methyl-1-heptene
random,1,72,238,372.95,False,6,1-Heptyne
random,1,73,102,426.15,False,6,Heptylamine
random,1,74,595,594.15,False,6,N-Methylhexadecylamine
random,1,75,274,408.35,False,6,"2,5-Dimethyl-2,4-hexadiene"
random,1,76,769,453.22759,True,7,4-Methyl-4-octanol
random,1,77,387,413.06493,False,7,"2,3,6-Trimethylheptane"
random,1,78,586,423.15,False,7,2-Pentyn-1-ol
random,1,79,1094,479.64,False,7,"Butene-1,4-diol"
random,1,80,343,417.15,False,7,3-Methyloctane
random,1,81,511,487.65,False,7,"2-Methyl-1,3-pentanediol"
random,1,82,1043,447.35,False,7,cis-2-Decene
random,1,83,314,538.35,False,7,2-Methyltetradecane
random,1,84,1248,413.15,False,7,"3,5-Dimethyl-2,4-heptadiene"
random,1,85,893,434.15,False,7,2-Methyl-3-nonene
random,1,86,1053,478.32,False,7,cis-6-Dodecene
random,1,87,1003,387.15,False,7,4-Methyl-2-heptene
random,1,88,1220,463.15,True,8,"2,5-Dimethyl-4-propylheptane"
random,1,89,793,439.15,False,8,"2,2,5,5-Tetramethylheptane"
random,1,90,1205,473.15,False,8,"3,3-Diethyl-2,4-dimethylhexane"
random,1,91,1115,462.15,True,9,"3,3-Diethyl-2,2-dimethylpentane"
random,1,92,715,440.15,False,9,2-Methyl-1-nonene
random,1,93,428,442.75,False,9,5-Decene
random,1,94,521,356.15,False,9,Tetramethylallene
random,1,95,990,442.65,False,9,3-Hepten-1-ol
random,1,96,1029,730.0,False,9,11-Tricosene
random,1,97,558,494.15,False,9,"2-Methyl-1,3-propanediol"
random,1,98,831,466.15,True,10,"4,5-Diethyloctane"
random,1,99,1185,538.15,False,10,"2,3-Dimethyltridecane"
random,1,100,1145,443.15,False,10,"2,2,4,4-Tetramethylheptane"
random,1,101,1108,447.15,False,10,"2,2-Dimethyl-4-heptanol"
random,1,102,327,623.15,False,10,Octadecylamine
random,1,103,839,479.15,False,10,6-Methylundecane
random,1,104,951,350.15,False,10,"3-Methyl-1,3-pentadiene"
random,1,105,299,652.15,False,10,Trioctylamine
random,1,106,567,415.0,False,10,"2,6-Dimethyl-1-heptene"
random,1,107,201,401.45,False,10,"2,3,3-Trimethyl-2-butanol"
random,1,108,1023,501.2,False,10,cis-3-Tridecene
random,1,109,954,382.65,False,10,(R)-(+)-3-Butyn-2-ol
random,1,110,76,414.75,False,10,2-Isopropoxyethanol
random,1,111,219,420.15,False,10,5-Methyl-3-hexanol
random,1,112,694,499.15,False,10,2-Dodecyne
random,1,113,37,372.55,False,10,2-Butanol
random,1,114,916,472.15,True,11,"3,6-Dimethyl-3-ethyl-octane"
random,1,115,852,478.15,False,11,"2,3-Hexanediol"
random,1,116,130,509.15,False,11,Dihexylamine
random,1,117,322,437.15,False,11,"1,9-Decadiene"
random,1,118,753,424.15,False,11,"3,4-Dimethyl-3-hexanol"
random,1,119,515,315.0,False,11,"1,3-Pentadiene"
random,1,120,685,397.65,False,11,Butylisopropylamine
random,1,121,895,378.17949,False,11,"3,3,4-Trimethylpent-1-ene"
random,1,122,28,385.15,False,11,Neopentyl alcohol
random,1,123,196,589.15,False,11,Octadecane
random,1,124,808,453.15,True,12,2-Methyl-1-heptanol
random,1,125,623,429.66,False,12,"2,4,5-Trimethylheptane"
random,1,126,104,444.15,False,12,2-Butoxyethanol
random,1,127,780,391.2,False,12,6-Methyl-3-heptyne
random,1,128,332,562.15,False,12,Tetradecylamine
random,1,129,1007,593.56,False,12,"(Z,Z)-Heptadeca-1,8,11-triene"
random,1,130,423,437.15,False,12,"2,3-Dimethyloctane"
random,1,131,95,405.15,False,12,Hexylamine
random,1,132,298,467.15,True,13,Triisobutylamine
random,1,133,935,469.15,True,14,"3-Ethyl-2,7-dimethyloctane"
random,1,134,182,352.35,False,14,"2,2-Dimethylpentane"
random,1,135,1242,442.15,False,14,"2,2,5,6-Tetramethylheptane"
random,1,136,1148,429.73095,False,14,"2,2,3-Trimethylbutan-1-ol"
random,1,137,946,388.4,False,14,N-Methyldipropylamine
random,1,138,864,479.15,False,14,6-Methyloctan-1-ol
random,1,139,318,404.15,False,14,1-Ethoxy-2-propanol
random,1,140,215,398.15,False,14,2-Ethylbutylamine
random,1,141,708,424.15,False,14,"2,3-Dimethyl-2-hexanol"
random,1,142,821,477.15,False,14,"2,9-Dimethyldecane"
random,1,143,517,534.85,False,14,Trihexylamine
random,1,144,84,394.15,False,14,"N,N,N',N'-Tetramethylethylenediamine"
random,1,145,594,443.15,False,14,"2,6-Dimethyl-2-heptanol"
random,1,146,899,509.15,False,14,2-Methyl-3-undecanol
random,1,147,1046,418.15,False,14,cis-4-Nonene
random,1,148,707,380.35,False,14,"4,4-Dimethyl-1-hexene"
random,1,149,453,414.65,False,14,"2,3,3,4-Tetramethylpentane"
random,1,150,863,367.15,False,14,2-Methyl-3-hexyne
mw_heuristic,1,1,390,341.0,False,0,2-Hexene
mw_heuristic,1,2,587,357.15,False,0,Tris(2-methylallyl)amine
mw_heuristic,1,3,1027,570.5,False,0,cis-7-Dodecen-1-ol
mw_heuristic,1,4,43,368.15,False,0,Triethylborane
mw_heuristic,1,5,1184,453.15,True,1,3-Ethyl-5-methyloctane
mw_heuristic,1,6,636,441.15,False,1,N-Heptylmethylamine
mw_heuristic,1,7,179,427.15972,False,1,3-Heptanol
mw_heuristic,1,8,939,409.15,False,1,N-Ethylpentylamine
mw_heuristic,1,9,1183,457.0,True,2,"2,4,4,7-Tetramethyloctane"
mw_heuristic,1,10,311,584.2,False,2,2-Methylheptadecane
mw_heuristic,1,11,56,497.15,False,2,"3,7-Dimethyloctan-1-ol"
mw_heuristic,1,12,110,502.15,False,2,1-Decanol
mw_heuristic,1,13,301,484.18843,False,2,2-Decanol
mw_heuristic,1,14,338,487.15,False,2,4-Decanol
mw_heuristic,1,15,556,472.15,True,3,3-Ethyloctan-3-ol
mw_heuristic,1,16,39,653.15,False,3,Xylitol
mw_heuristic,1,17,668,514.75,False,3,"3,7-Dimethylocta-1,5,7-trien-3-ol"
mw_heuristic,1,18,1072,514.75,False,3,Hotrienol
mw_heuristic,1,19,559,469.15,True,4,1-Undecyne
mw_heuristic,1,20,712,471.09534,True,5,5-Undecyne
mw_heuristic,1,21,280,444.15,False,5,1-Decene
mw_heuristic,1,22,391,436.15,False,5,"2,6-Dimethyl-2-octene"
mw_heuristic,1,23,428,442.75,False,5,5-Decene
mw_heuristic,1,24,482,446.55,False,5,trans-2-Decene
mw_heuristic,1,25,700,431.4,False,5,"3,4-Diethyl-3-hexene"
mw_heuristic,1,26,221,467.9,True,6,3-Nonanol
mw_heuristic,1,27,239,466.65,True,7,2-Nonanol
mw_heuristic,1,28,319,446.15,False,7,"3,6-Dimethyl-3-heptanol"
mw_heuristic,1,29,351,479.15,False,7,Isononyl alcohol
mw_heuristic,1,30,379,466.15,True,8,"3,5,5-Trimethyl-1-hexanol"
mw_heuristic,1,31,45,426.15,False,8,Tripropylamine
mw_heuristic,1,32,331,471.15,True,9,Nonylamine
mw_heuristic,1,33,334,445.15,False,9,"N,N-Dimethylheptylamine"
mw_heuristic,1,34,376,432.15,False,9,N-Methyldibutylamine
mw_heuristic,1,35,563,351.65,False,9,n-Methyloctan-1-amine
mw_heuristic,1,36,997,460.44,True,10,"(E,E,Z)-Undeca-1,3,5,8-tetraene"
mw_heuristic,1,37,83,506.15,False,10,"2,5-Dimethyl-2,5-hexanediol"
mw_heuristic,1,38,109,481.15,False,10,2-(Hexyloxy)ethanol
mw_heuristic,1,39,133,503.25,False,10,"2,2,4-Trimethyl-1,3-pentanediol"
mw_heuristic,1,40,537,418.15,False,10,"1,8-Octanediol"
mw_heuristic,1,41,572,370.65,False,10,Tris(2-aminoethyl)amine
mw_heuristic,1,42,54,505.15,False,10,"N,N-Bis(3-aminopropyl)methylamine"
mw_heuristic,1,43,42,438.2,False,10,"N,N,N',N'-Tetramethyl-1,3-butanediamine"
mw_heuristic,1,44,123,394.15,False,10,"N,N-Diisopropylethylenediamine"
mw_heuristic,1,45,518,327.65,False,10,"N,N,N'-Triethylethylenediamine"
mw_heuristic,1,46,1076,456.28,True,11,"1,3,5-Undecatriene"
mw_heuristic,1,47,734,462.0,True,12,"1,10-Undecadiene"
mw_heuristic,1,48,786,479.15,False,12,2-Undecyne
mw_heuristic,1,49,787,473.15,False,12,3-Undecyne
mw_heuristic,1,50,788,471.65,True,13,4-Undecyne
mw_heuristic,1,51,1216,457.05,True,14,"3,3-Dimethylnon-4-yne"
mw_heuristic,1,52,967,502.15,False,14,Nerol
mw_heuristic,1,53,278,465.85,True,15,1-Undecene
mw_heuristic,1,54,696,455.44,True,16,Undec-4-ene
mw_heuristic,1,55,699,465.45,True,17,5-Undecene
mw_heuristic,1,56,825,463.85,True,18,2-Methyl-1-decene
mw_heuristic,1,57,1021,466.15,True,19,(E)-4-Undecene
mw_heuristic,1,58,520,441.15,False,19,"N,N,N',N'-Tetramethyl-1,4-butanediamine"
mw_heuristic,1,59,409,462.15,True,20,3-Methyl-3-octanol
mw_heuristic,1,60,412,465.65,True,21,4-Nonanol
mw_heuristic,1,61,467,448.15,False,21,"2,6-Dimethyl-3-heptanol"
mw_heuristic,1,62,468,452.15,False,21,"3,5-Dimethyl-4-heptanol"
mw_heuristic,1,63,533,452.15,False,21,4-Ethyl-4-heptanol
mw_heuristic,1,64,594,443.15,False,21,"2,6-Dimethyl-2-heptanol"
mw_heuristic,1,65,646,443.15,False,21,"2,2,3-Trimethylhexan-3-ol"
mw_heuristic,1,66,57,497.15,False,21,(-)-Citronellol
mw_heuristic,1,67,1001,524.74,False,21,(E)-3-Decenol
mw_heuristic,1,68,1061,524.74,False,21,2-Decen-1-ol
mw_heuristic,1,69,1092,524.74,False,21,Dec-4-en-1-ol
mw_heuristic,1,70,302,469.05,True,22,Undecane
mw_heuristic,1,71,658,454.65,True,23,2-Methyl-3-octanol
mw_heuristic,1,72,669,465.4,True,24,4-Methyl-2-propylpentan-1-ol
mw_heuristic,1,73,735,439.15,False,24,"2,2,4,4-Tetramethylpentan-3-ol"
mw_heuristic,1,74,769,453.22759,True,25,4-Methyl-4-octanol
mw_heuristic,1,75,811,451.05,False,25,"3-Ethyl-2,4-dimethylpentan-3-ol"
mw_heuristic,1,76,864,479.15,False,25,6-Methyloctan-1-ol
mw_heuristic,1,77,905,438.65,False,25,"3,4,4-Trimethylhexan-3-ol"
mw_heuristic,1,78,906,444.86543,False,25,"2,4,4-Trimethyl-3-hexanol"
mw_heuristic,1,79,978,447.15,False,25,"3-Ethyl-2,2-dimethyl-3-pentanol"
mw_heuristic,1,80,981,453.15,True,26,3-Methyl-4-octanol
mw_heuristic,1,81,1108,447.15,False,26,"2,2-Dimethyl-4-heptanol"
mw_heuristic,1,82,1178,452.15,False,26,"2,3,4-Trimethylhexan-3-ol"
mw_heuristic,1,83,1211,468.15,True,27,2-Ethyl-4-methylhexan-1-ol
mw_heuristic,1,84,279,440.15,False,27,2-Methylnonane
mw_heuristic,1,85,295,410.15,False,27,"2,2,5,5-Tetramethylhexane"
mw_heuristic,1,86,360,461.15,True,28,4-Methyldecane
mw_heuristic,1,87,419,462.35,True,29,2-Methyldecane
mw_heuristic,1,88,457,452.15,False,29,"2,5-Dimethylnonane"
mw_heuristic,1,89,458,452.15,False,29,"2,6-Dimethylnonane"
mw_heuristic,1,90,459,457.15,True,30,"3,7-Dimethylnonane"
mw_heuristic,1,91,503,452.15,False,30,"2,3,7-Trimethyloctane"
mw_heuristic,1,92,606,455.15,True,31,"4,5-Dimethylnonane"
mw_heuristic,1,93,627,465.15,True,32,3-Methyldecane
mw_heuristic,1,94,635,459.15,True,33,5-Methyldecane
mw_heuristic,1,95,676,453.15,True,34,"2,3,6-Trimethyloctane"
mw_heuristic,1,96,777,436.15,False,34,"2,2,6,6-Tetramethylheptane"
mw_heuristic,1,97,791,449.15,False,34,"2,2,4,4,5-Pentamethylhexane"
mw_heuristic,1,98,793,439.15,False,34,"2,2,5,5-Tetramethylheptane"
mw_heuristic,1,99,794,453.15,True,35,"3,3,5,5-Tetramethylheptane"
mw_heuristic,1,100,803,452.15,False,35,"2,2,3-Trimethyloctane"
mw_heuristic,1,101,804,450.15,False,35,"2,3,5-Trimethyloctane"
mw_heuristic,1,102,845,443.15834,False,35,"2,2,4-Trimethyloctane"
mw_heuristic,1,103,856,448.0,False,35,"2,3-Dimethylnonane"
mw_heuristic,1,104,904,447.15,False,35,"2,2,6-Trimethyloctane"
mw_heuristic,1,105,913,451.15,False,35,"2,4-Dimethylnonane"
mw_heuristic,1,106,914,456.46543,True,36,"4,4-Diethylheptane"
mw_heuristic,1,107,922,457.15,True,37,4-Ethylnonane
mw_heuristic,1,108,930,455.15,True,38,"3,3-Dimethylnonane"
mw_heuristic,1,109,932,461.15,True,39,3-Ethylnonane
mw_heuristic,1,110,934,455.15,True,40,"2,3,3-Trimethyloctane"
mw_heuristic,1,111,936,451.15,False,40,"2,5,6-Trimethyloctane"
mw_heuristic,1,112,937,447.15,False,40,"2,4,6-Trimethyloctane"
mw_heuristic,1,113,938,447.15,False,40,"2,2,3,5-Tetramethylheptane"
mw_heuristic,1,114,979,452.15,False,40,"2,3,4,5-Tetramethylheptane"
mw_heuristic,1,115,983,450.15,False,40,"3-Ethyl-2,4,5-trimethylhexane"
mw_heuristic,1,116,1096,453.15,True,41,"2,7-Dimethylnonane"
mw_heuristic,1,117,1097,456.15,True,42,"2,8-Dimethylnonane"
mw_heuristic,1,118,1113,454.15,True,43,"3,4,5-Trimethyloctane"
mw_heuristic,1,119,1114,459.15,True,44,"3-Ethyl-2,2,3,4-tetramethylpentane"
mw_heuristic,1,120,1115,462.15,True,45,"3,3-Diethyl-2,2-dimethylpentane"
mw_heuristic,1,121,1116,467.15,True,46,"2,2,3,3,4,4-Hexamethylpentane"
mw_heuristic,1,122,1119,458.15,True,47,"3,4-Dimethylnonane"
mw_heuristic,1,123,1127,447.15,False,47,4-Tert-butylheptane
mw_heuristic,1,124,1129,453.15,True,48,"2,3,4-Trimethyloctane"
mw_heuristic,1,125,1130,453.15,True,49,4-Ethyl-4-methyloctane
mw_heuristic,1,126,1131,443.15,False,49,"2,4,7-Trimethyloctane"
mw_heuristic,1,127,1132,454.15,True,50,"4-Ethyl-3,5-dimethylheptane"
mw_heuristic,1,128,1139,451.15,False,50,4-Isopropyloctane
mw_heuristic,1,129,1140,443.15,False,50,"3-Ethyl-2,2,5-trimethylhexane"
mw_heuristic,1,130,1143,442.15,False,50,"2,2,4,5-Tetramethylheptane"
mw_heuristic,1,131,1144,447.15,False,50,"3,3,5-Trimethyloctane"
mw_heuristic,1,132,1145,443.15,False,50,"2,2,4,4-Tetramethylheptane"
mw_heuristic,1,133,1146,458.15,True,51,"3,4,4,5-Tetramethylheptane"
mw_heuristic,1,134,1147,448.15,False,51,"2,3,5,6-Tetramethylheptane"
mw_heuristic,1,135,1149,437.15,False,51,"2,4,4,6-Tetramethylheptane"
mw_heuristic,1,136,1151,451.15,False,51,4-Methyl-4-propylheptane
mw_heuristic,1,137,1152,452.15,False,51,"3,4,6-Trimethyloctane"
mw_heuristic,1,138,1153,438.275,False,51,"2,2,3,5,5-Pentamethylhexane"
mw_heuristic,1,139,1157,450.15,False,51,"5,5-Dimethylnonane"
mw_heuristic,1,140,1162,441.15,False,51,"4-Ethyl-2,2-dimethylheptane"
mw_heuristic,1,141,1163,443.15,False,51,"2,2,7-Trimethyloctane"
mw_heuristic,1,142,1165,449.15,False,51,"3-Ethyl-2,5-dimethylheptane"
mw_heuristic,1,143,1166,459.9,True,52,"3,3-Diethylheptane"
mw_heuristic,1,144,1167,455.15,True,53,"3,3,4-Trimethyloctane"
mw_heuristic,1,145,1170,455.15,True,54,"3,6-Dimethylnonane"
mw_heuristic,1,146,1171,452.8,False,54,"2,2,3,3-Tetramethylheptane"
mw_heuristic,1,147,1172,454.15,True,55,"3,3,4,5-Tetramethylheptane"
mw_heuristic,1,148,1175,443.15,False,55,"2,5-Dimethyl-3-isopropylhexane"
mw_heuristic,1,149,1176,449.15,False,55,"3-Ethyl-2,2-dimethylheptane"
mw_heuristic,1,150,1177,457.15,True,56,"2,2,3,3,4-Pentamethylhexane"
greedy_gp,1,1,390,341.0,False,0,2-Hexene
greedy_gp,1,2,587,357.15,False,0,Tris(2-methylallyl)amine
greedy_gp,1,3,1027,570.5,False,0,cis-7-Dodecen-1-ol
greedy_gp,1,4,43,368.15,False,0,Triethylborane
greedy_gp,1,5,1184,453.15,True,1,3-Ethyl-5-methyloctane
greedy_gp,1,6,636,441.15,False,1,N-Heptylmethylamine
greedy_gp,1,7,179,427.15972,False,1,3-Heptanol
greedy_gp,1,8,939,409.15,False,1,N-Ethylpentylamine
greedy_gp,1,9,1183,457.0,True,2,"2,4,4,7-Tetramethyloctane"
greedy_gp,1,10,311,584.2,False,2,2-Methylheptadecane
greedy_gp,1,11,643,507.15,False,2,"1,2-Hexanediol"
greedy_gp,1,12,399,521.55,False,2,"3-Methyl-1,5-pentanediol"
greedy_gp,1,13,533,452.15,False,2,4-Ethyl-4-heptanol
greedy_gp,1,14,1136,464.15,True,3,"4-Ethyl-2,4-dimethyloctane"
greedy_gp,1,15,1218,462.15,True,4,"2,4-Dimethyl-4-propylheptane"
greedy_gp,1,16,997,460.44,True,5,"(E,E,Z)-Undeca-1,3,5,8-tetraene"
greedy_gp,1,17,681,112.15,False,5,(2H4)Methane
greedy_gp,1,18,9,460.45,True,6,Propylene Glycol
greedy_gp,1,19,814,461.15,True,7,"R-1,2-Propanediol"
greedy_gp,1,20,499,473.15,False,7,"2,2,3-Trimethylnonane"
greedy_gp,1,21,14,390.05,False,7,Ethylenediamine
greedy_gp,1,22,114,614.65,False,7,Tetraethylenepentamine
greedy_gp,1,23,856,448.0,False,7,"2,3-Dimethylnonane"
greedy_gp,1,24,459,457.15,True,8,"3,7-Dimethylnonane"
greedy_gp,1,25,30,447.15,False,8,Pinacol
greedy_gp,1,26,919,473.15,False,8,"3,4,7-Trimethylnonane"
greedy_gp,1,27,1137,470.15,True,9,"3-Ethyl-2,6-dimethyloctane"
greedy_gp,1,28,754,482.28,False,9,"2,9-Dimethyl-5-decyne"
greedy_gp,1,29,106,451.75,False,9,Octylamine
greedy_gp,1,30,1220,463.15,True,10,"2,5-Dimethyl-4-propylheptane"
greedy_gp,1,31,1124,790.15,False,10,1-Nonatriacontene
greedy_gp,1,32,1211,468.15,True,11,2-Ethyl-4-methylhexan-1-ol
greedy_gp,1,33,1229,469.15,True,12,"3,5-Dimethyl-4-propylheptane"
greedy_gp,1,34,916,472.15,True,13,"3,6-Dimethyl-3-ethyl-octane"
greedy_gp,1,35,1187,464.15,True,14,4-Tert-butyloctane
greedy_gp,1,36,1154,459.4,True,15,"2,4,5,7-Tetramethyloctane"
greedy_gp,1,37,1076,456.28,True,16,"1,3,5-Undecatriene"
greedy_gp,1,38,419,462.35,True,17,2-Methyldecane
greedy_gp,1,39,627,465.15,True,18,3-Methyldecane
greedy_gp,1,40,530,450.15,False,18,"2-Methylpropane-1,2-diol"
greedy_gp,1,41,477,480.15,False,18,Neopentyl glycol
greedy_gp,1,42,922,457.15,True,19,4-Ethylnonane
greedy_gp,1,43,933,460.94,True,20,2-Heptyn-1-ol
greedy_gp,1,44,635,459.15,True,21,5-Methyldecane
greedy_gp,1,45,1022,478.54,False,21,3-Octen-2-OL
greedy_gp,1,46,563,351.65,False,21,n-Methyloctan-1-amine
greedy_gp,1,47,1194,462.15,True,22,4-Isopropyl-4-heptanol
greedy_gp,1,48,1230,469.15,True,23,"3,3-Dimethyl-4-propylheptane"
greedy_gp,1,49,1074,460.26,True,24,"Hepta-2,4-dien-1-ol"
greedy_gp,1,50,1207,476.15,False,24,"3,3-Diethyl-2-methylheptane"
greedy_gp,1,51,299,652.15,False,24,Trioctylamine
greedy_gp,1,52,577,326.45,False,24,N-Methylisopropylamine
greedy_gp,1,53,535,337.15,False,24,N-Allylmethylamine
greedy_gp,1,54,360,461.15,True,25,4-Methyldecane
greedy_gp,1,55,385,410.65,False,25,1-Isopropoxy-2-propanol
greedy_gp,1,56,792,455.15,True,26,"2,4,6-Trimethyl-4-heptanol"
greedy_gp,1,57,825,463.85,True,27,2-Methyl-1-decene
greedy_gp,1,58,0,470.65,True,28,Ethylene Glycol
greedy_gp,1,59,51,459.35,True,29,2-Ethylhexan-1-ol
greedy_gp,1,60,974,447.15,False,29,(S)-1-Octen-3-ol
greedy_gp,1,61,670,457.15,True,30,4-Methyl-1-heptanol
greedy_gp,1,62,822,459.15,True,31,3-Methyl-1-heptanol
greedy_gp,1,63,808,453.15,True,32,2-Methyl-1-heptanol
greedy_gp,1,64,1117,456.27755,True,33,(S)-(+)-5-Methyl-1-heptanol
greedy_gp,1,65,103,451.15,False,33,1-Heptanol
greedy_gp,1,66,394,451.65,False,33,2-Octanol
greedy_gp,1,67,972,449.65,False,33,(S)-(+)-2-Octanol
greedy_gp,1,68,1,455.15,True,34,"2,3-Butanediol"
greedy_gp,1,69,807,456.65,True,35,"meso-2,3-Butanediol"
greedy_gp,1,70,810,350.5,False,35,"(R,R)-2,3-butanediol"
greedy_gp,1,71,669,465.4,True,36,4-Methyl-2-propylpentan-1-ol
greedy_gp,1,72,565,539.15,False,36,Diheptylamine
greedy_gp,1,73,1164,464.15,True,37,"2,2,4-Trimethylnonane"
greedy_gp,1,74,331,471.15,True,38,Nonylamine
greedy_gp,1,75,1221,463.15,True,39,"2,6,6-Trimethylnonane"
greedy_gp,1,76,981,453.15,True,40,3-Methyl-4-octanol
greedy_gp,1,77,1168,473.15,False,40,"3-Ethyl-3,4-dimethyloctane"
greedy_gp,1,78,661,478.65,False,40,"3,3-Dimethyl-1,2-butanediol"
greedy_gp,1,79,658,454.65,True,41,2-Methyl-3-octanol
greedy_gp,1,80,408,445.15,False,41,1-Butoxy-2-propanol
greedy_gp,1,81,1223,463.15,True,42,"2,5,5-Trimethylnonane"
greedy_gp,1,82,921,470.15,True,43,"3-Methyl, 3,5-diethyl, heptane"
greedy_gp,1,83,1160,460.15,True,44,"4-Ethyl-2,2-dimethyloctane"
greedy_gp,1,84,935,469.15,True,45,"3-Ethyl-2,7-dimethyloctane"
greedy_gp,1,85,813,481.15,False,45,"3-Methyl-1,3-butanediol"
greedy_gp,1,86,139,469.65,True,46,"3-Butene-1,2-diol"
greedy_gp,1,87,325,447.25,False,46,Decane
greedy_gp,1,88,170,469.1,True,47,"1,2-Butanediol"
greedy_gp,1,89,558,494.15,False,47,"2-Methyl-1,3-propanediol"
greedy_gp,1,90,1150,463.0,True,48,"2,5,8-Trimethylnonane"
greedy_gp,1,91,108,533.15,False,48,"N,N-Dimethyldodecylamine"
greedy_gp,1,92,932,461.15,True,49,3-Ethylnonane
greedy_gp,1,93,734,462.0,True,50,"1,10-Undecadiene"
greedy_gp,1,94,1228,471.15,True,51,"3,4-Dimethyl-4-propylheptane"
greedy_gp,1,95,1138,463.15,True,52,"4-Ethyl-2,6-dimethyloctane"
greedy_gp,1,96,668,514.75,False,52,"3,7-Dimethylocta-1,5,7-trien-3-ol"
greedy_gp,1,97,1072,514.75,False,52,Hotrienol
greedy_gp,1,98,1205,473.15,False,52,"3,3-Diethyl-2,4-dimethylhexane"
greedy_gp,1,99,920,483.15,False,52,"3,4-Dimethyl-3,4-diethyl-hexane"
greedy_gp,1,100,918,472.15,True,53,"3,4,5,6-Tetramethyloctane"
greedy_gp,1,101,84,394.15,False,53,"N,N,N',N'-Tetramethylethylenediamine"
greedy_gp,1,102,1070,448.15,False,53,2-Octen-4-ol
greedy_gp,1,103,1141,458.15,True,54,4-Tert-butyl-2-methylheptane
greedy_gp,1,104,1204,479.15,False,54,"3,3-Diethyl-2,2,4-trimethylpentane"
greedy_gp,1,105,796,479.94,False,54,6-Methyl-6-hepten-4-yn-3-ol
greedy_gp,1,106,276,447.15,False,54,1-Decyne
greedy_gp,1,107,716,353.39,False,54,"1,3,5-Hexatriyne"
greedy_gp,1,108,364,471.15,True,55,"1,1,4,7,7-Pentamethyldiethylenetriamine"
greedy_gp,1,109,940,488.15,False,55,"N,N-Dimethylnonylamine"
greedy_gp,1,110,1216,457.05,True,56,"3,3-Dimethylnon-4-yne"
greedy_gp,1,111,298,467.15,True,57,Triisobutylamine
greedy_gp,1,112,1245,469.15,True,58,"2,4,4,5,5-Pentamethylheptane"
greedy_gp,1,113,481,431.55,False,58,"4-Methylhepta-1,6-dien-4-ol"
greedy_gp,1,114,1105,468.15,True,59,"2,3,4,5,6-Pentamethylheptane"
greedy_gp,1,115,1135,476.15,False,59,"3,3-Dimethyldecane"
greedy_gp,1,116,1133,464.89743,True,60,"2,2,3,4-Tetramethylhexan-3-ol"
greedy_gp,1,117,1225,447.15,False,60,2-Methyl-4-propylheptane
greedy_gp,1,118,1233,452.15,False,60,3-Methyl-4-propylheptane
greedy_gp,1,119,677,460.65,True,61,"2,2,4,4,6-Pentamethylheptane"
greedy_gp,1,120,1232,467.8,True,62,"3,4,5,5-Tetramethylhexan-3-ol"
greedy_gp,1,121,1249,460.65,True,63,"2,2,4,4-Tetramethyl-3-hexanol"
greedy_gp,1,122,1199,468.15,True,64,"2,2,3,3,5,5-Hexamethylhexane"
greedy_gp,1,123,1241,457.15,True,65,"2,2,5,5-Tetramethyloctane"
greedy_gp,1,124,903,458.15,True,66,2-(Pentyloxy)ethanol
greedy_gp,1,125,1109,471.15,True,67,"N,N-Diethylheptylamine"
greedy_gp,1,126,795,462.9,True,68,"3,3,6,6-Tetramethyloctane"
greedy_gp,1,127,699,465.45,True,69,5-Undecene
greedy_gp,1,128,696,455.44,True,70,Undec-4-ene
greedy_gp,1,129,1021,466.15,True,71,(E)-4-Undecene
greedy_gp,1,130,1158,472.15,True,72,"4,4-Dimethyldecane"
greedy_gp,1,131,278,465.85,True,73,1-Undecene
greedy_gp,1,132,1236,466.15,True,74,"2,2,3,3,6-Pentamethylheptane"
greedy_gp,1,133,438,451.15,False,74,"2,2,4,6,6-Pentamethylheptane"
greedy_gp,1,134,769,453.22759,True,75,4-Methyl-4-octanol
greedy_gp,1,135,460,474.15,False,75,"2,2-Dimethyldecane"
greedy_gp,1,136,1240,459.15,True,76,"2,2,5,5,6-Pentamethylheptane"
greedy_gp,1,137,1174,455.9,True,77,"2,2,6,6-Tetramethyloctane"
greedy_gp,1,138,15,355.36,False,77,Isopropyl Alcohol
greedy_gp,1,139,1112,470.15,True,78,"5,5-Dimethyldecane"
greedy_gp,1,140,1206,462.15,True,79,"3,3-Diethyl-2,4-dimethylpentane"
greedy_gp,1,141,409,462.15,True,80,3-Methyl-3-octanol
greedy_gp,1,142,1222,457.75,True,81,"2,6-Dimethyl-4-propylheptane"
greedy_gp,1,143,529,465.15,True,82,"N,N,N',N'-Tetraethylethylenediamine"
greedy_gp,1,144,1115,462.15,True,83,"3,3-Diethyl-2,2-dimethylpentane"
greedy_gp,1,145,621,465.15,True,84,"4,7-Dimethyloctan-4-ol"
greedy_gp,1,146,1116,467.15,True,85,"2,2,3,3,4,4-Hexamethylpentane"
greedy_gp,1,147,1114,459.15,True,86,"3-Ethyl-2,2,3,4-tetramethylpentane"
greedy_gp,1,148,712,471.09534,True,87,5-Undecyne
greedy_gp,1,149,788,471.65,True,88,4-Undecyne
greedy_gp,1,150,787,473.15,False,88,3-Undecyne
prob_in_spec,1,1,390,341.0,False,0,2-Hexene
prob_in_spec,1,2,587,357.15,False,0,Tris(2-methylallyl)amine
prob_in_spec,1,3,1027,570.5,False,0,cis-7-Dodecen-1-ol
prob_in_spec,1,4,43,368.15,False,0,Triethylborane
prob_in_spec,1,5,1184,453.15,True,1,3-Ethyl-5-methyloctane
prob_in_spec,1,6,636,441.15,False,1,N-Heptylmethylamine
prob_in_spec,1,7,179,427.15972,False,1,3-Heptanol
prob_in_spec,1,8,939,409.15,False,1,N-Ethylpentylamine
prob_in_spec,1,9,1183,457.0,True,2,"2,4,4,7-Tetramethyloctane"
prob_in_spec,1,10,311,584.2,False,2,2-Methylheptadecane
prob_in_spec,1,11,1137,470.15,True,3,"3-Ethyl-2,6-dimethyloctane"
prob_in_spec,1,12,919,473.15,False,3,"3,4,7-Trimethylnonane"
prob_in_spec,1,13,1220,463.15,True,4,"2,5-Dimethyl-4-propylheptane"
prob_in_spec,1,14,1136,464.15,True,5,"4-Ethyl-2,4-dimethyloctane"
prob_in_spec,1,15,1218,462.15,True,6,"2,4-Dimethyl-4-propylheptane"
prob_in_spec,1,16,1243,467.15,True,7,"2,3-Dimethyl-4-propylheptane"
prob_in_spec,1,17,1168,473.15,False,7,"3-Ethyl-3,4-dimethyloctane"
prob_in_spec,1,18,921,470.15,True,8,"3-Methyl, 3,5-diethyl, heptane"
prob_in_spec,1,19,1229,469.15,True,9,"3,5-Dimethyl-4-propylheptane"
prob_in_spec,1,20,1230,469.15,True,10,"3,3-Dimethyl-4-propylheptane"
prob_in_spec,1,21,1138,463.15,True,11,"4-Ethyl-2,6-dimethyloctane"
prob_in_spec,1,22,1154,459.4,True,12,"2,4,5,7-Tetramethyloctane"
prob_in_spec,1,23,795,462.9,True,13,"3,3,6,6-Tetramethyloctane"
prob_in_spec,1,24,1187,464.15,True,14,4-Tert-butyloctane
prob_in_spec,1,25,1222,457.75,True,15,"2,6-Dimethyl-4-propylheptane"
prob_in_spec,1,26,1223,463.15,True,16,"2,5,5-Trimethylnonane"
prob_in_spec,1,27,1174,455.9,True,17,"2,2,6,6-Tetramethyloctane"
prob_in_spec,1,28,1160,460.15,True,18,"4-Ethyl-2,2-dimethyloctane"
prob_in_spec,1,29,1141,458.15,True,19,4-Tert-butyl-2-methylheptane
prob_in_spec,1,30,1240,459.15,True,20,"2,2,5,5,6-Pentamethylheptane"
prob_in_spec,1,31,1221,463.15,True,21,"2,6,6-Trimethylnonane"
prob_in_spec,1,32,1164,464.15,True,22,"2,2,4-Trimethylnonane"
prob_in_spec,1,33,1236,466.15,True,23,"2,2,3,3,6-Pentamethylheptane"
prob_in_spec,1,34,922,457.15,True,24,4-Ethylnonane
prob_in_spec,1,35,932,461.15,True,25,3-Ethylnonane
prob_in_spec,1,36,360,461.15,True,26,4-Methyldecane
prob_in_spec,1,37,627,465.15,True,27,3-Methyldecane
prob_in_spec,1,38,635,459.15,True,28,5-Methyldecane
prob_in_spec,1,39,419,462.35,True,29,2-Methyldecane
prob_in_spec,1,40,1166,459.9,True,30,"3,3-Diethylheptane"
prob_in_spec,1,41,914,456.46543,True,31,"4,4-Diethylheptane"
prob_in_spec,1,42,1172,454.15,True,32,"3,3,4,5-Tetramethylheptane"
prob_in_spec,1,43,1146,458.15,True,33,"3,4,4,5-Tetramethylheptane"
prob_in_spec,1,44,1209,451.15,False,33,"3-Ethyl-2,4,4-trimethylhexane"
prob_in_spec,1,45,1179,454.15,True,34,"2,3,3,4,5-Pentamethylhexane"
prob_in_spec,1,46,1196,459.15,True,35,"3,4-Diethyl-3-methylhexane"
prob_in_spec,1,47,1208,459.15,True,36,"3,3-Diethyl-2-methylhexane"
prob_in_spec,1,48,1150,463.0,True,37,"2,5,8-Trimethylnonane"
prob_in_spec,1,49,1206,462.15,True,38,"3,3-Diethyl-2,4-dimethylpentane"
prob_in_spec,1,50,1115,462.15,True,39,"3,3-Diethyl-2,2-dimethylpentane"
prob_in_spec,1,51,1203,460.15,True,40,"2,3,3,4,4-Pentamethylhexane"
prob_in_spec,1,52,1114,459.15,True,41,"3-Ethyl-2,2,3,4-tetramethylpentane"
prob_in_spec,1,53,1226,462.0,True,42,2-Methyl-5-propyloctane
prob_in_spec,1,54,1105,468.15,True,43,"2,3,4,5,6-Pentamethylheptane"
prob_in_spec,1,55,935,469.15,True,44,"3-Ethyl-2,7-dimethyloctane"
prob_in_spec,1,56,1112,470.15,True,45,"5,5-Dimethyldecane"
prob_in_spec,1,57,856,448.0,False,45,"2,3-Dimethylnonane"
prob_in_spec,1,58,459,457.15,True,46,"3,7-Dimethylnonane"
prob_in_spec,1,59,1119,458.15,True,47,"3,4-Dimethylnonane"
prob_in_spec,1,60,1096,453.15,True,48,"2,7-Dimethylnonane"
prob_in_spec,1,61,1199,468.15,True,49,"2,2,3,3,5,5-Hexamethylhexane"
prob_in_spec,1,62,1177,457.15,True,50,"2,2,3,3,4-Pentamethylhexane"
prob_in_spec,1,63,1227,457.15,True,51,"3,3,4,4-Tetramethylheptane"
prob_in_spec,1,64,1116,467.15,True,52,"2,2,3,3,4,4-Hexamethylpentane"
prob_in_spec,1,65,1245,469.15,True,53,"2,4,4,5,5-Pentamethylheptane"
prob_in_spec,1,66,499,473.15,False,53,"2,2,3-Trimethylnonane"
prob_in_spec,1,67,278,465.85,True,54,1-Undecene
prob_in_spec,1,68,734,462.0,True,55,"1,10-Undecadiene"
prob_in_spec,1,69,825,463.85,True,56,2-Methyl-1-decene
prob_in_spec,1,70,696,455.44,True,57,Undec-4-ene
prob_in_spec,1,71,1021,466.15,True,58,(E)-4-Undecene
prob_in_spec,1,72,699,465.45,True,59,5-Undecene
prob_in_spec,1,73,918,472.15,True,60,"3,4,5,6-Tetramethyloctane"
prob_in_spec,1,74,180,457.15,True,61,3-Octanol
prob_in_spec,1,75,808,453.15,True,62,2-Methyl-1-heptanol
prob_in_spec,1,76,394,451.65,False,62,2-Octanol
prob_in_spec,1,77,972,449.65,False,62,(S)-(+)-2-Octanol
prob_in_spec,1,78,8,467.85,True,63,1-Octanol
prob_in_spec,1,79,523,459.00627,True,64,"2,2,7,7-Tetramethyloctane"
prob_in_spec,1,80,1241,457.15,True,65,"2,2,5,5-Tetramethyloctane"
prob_in_spec,1,81,51,459.35,True,66,2-Ethylhexan-1-ol
prob_in_spec,1,82,1156,471.15,True,67,5-Ethyl-5-methylnonane
prob_in_spec,1,83,916,472.15,True,68,"3,6-Dimethyl-3-ethyl-octane"
prob_in_spec,1,84,1190,470.15,True,69,"3,5-Diethyloctane"
prob_in_spec,1,85,831,466.15,True,70,"4,5-Diethyloctane"
prob_in_spec,1,86,677,460.65,True,71,"2,2,4,4,6-Pentamethylheptane"
prob_in_spec,1,87,438,451.15,False,71,"2,2,4,6,6-Pentamethylheptane"
prob_in_spec,1,88,1228,471.15,True,72,"3,4-Dimethyl-4-propylheptane"
prob_in_spec,1,89,1207,476.15,False,72,"3,3-Diethyl-2-methylheptane"
prob_in_spec,1,90,1205,473.15,False,72,"3,3-Diethyl-2,4-dimethylhexane"
prob_in_spec,1,91,467,448.15,False,72,"2,6-Dimethyl-3-heptanol"
prob_in_spec,1,92,319,446.15,False,72,"3,6-Dimethyl-3-heptanol"
prob_in_spec,1,93,924,471.15,True,73,"4,6-Dimethyldecane"
prob_in_spec,1,94,594,443.15,False,73,"2,6-Dimethyl-2-heptanol"
prob_in_spec,1,95,177,448.15,False,73,4-Octanol
prob_in_spec,1,96,669,465.4,True,74,4-Methyl-2-propylpentan-1-ol
prob_in_spec,1,97,1211,468.15,True,75,2-Ethyl-4-methylhexan-1-ol
prob_in_spec,1,98,658,454.65,True,76,2-Methyl-3-octanol
prob_in_spec,1,99,621,465.15,True,77,"4,7-Dimethyloctan-4-ol"
prob_in_spec,1,100,981,453.15,True,78,3-Methyl-4-octanol
prob_in_spec,1,101,792,455.15,True,79,"2,4,6-Trimethyl-4-heptanol"
prob_in_spec,1,102,556,472.15,True,80,3-Ethyloctan-3-ol
prob_in_spec,1,103,853,484.15,False,80,"2,2-Dimethyl-1-octanol"
prob_in_spec,1,104,1194,462.15,True,81,4-Isopropyl-4-heptanol
prob_in_spec,1,105,830,472.15,True,82,4-Ethyl-5-methylnonane
prob_in_spec,1,106,533,452.15,False,82,4-Ethyl-4-heptanol
prob_in_spec,1,107,769,453.22759,True,83,4-Methyl-4-octanol
prob_in_spec,1,108,650,484.15,False,83,Tetrahydrolavandulol
prob_in_spec,1,109,967,502.15,False,83,Nerol
prob_in_spec,1,110,668,514.75,False,83,"3,7-Dimethylocta-1,5,7-trien-3-ol"
prob_in_spec,1,111,563,351.65,False,83,n-Methyloctan-1-amine
prob_in_spec,1,112,1070,448.15,False,83,2-Octen-4-ol
prob_in_spec,1,113,1022,478.54,False,83,3-Octen-2-OL
prob_in_spec,1,114,974,447.15,False,83,(S)-1-Octen-3-ol
prob_in_spec,1,115,302,469.05,True,84,Undecane
prob_in_spec,1,116,912,470.15,True,85,5-Propylnonane
prob_in_spec,1,117,221,467.9,True,86,3-Nonanol
prob_in_spec,1,118,864,479.15,False,86,6-Methyloctan-1-ol
prob_in_spec,1,119,412,465.65,True,87,4-Nonanol
prob_in_spec,1,120,239,466.65,True,88,2-Nonanol
prob_in_spec,1,121,710,467.14283,True,89,4-Propyl-4-heptanol
prob_in_spec,1,122,1117,456.27755,True,90,(S)-(+)-5-Methyl-1-heptanol
prob_in_spec,1,123,822,459.15,True,91,3-Methyl-1-heptanol
prob_in_spec,1,124,670,457.15,True,92,4-Methyl-1-heptanol
prob_in_spec,1,125,840,471.15,True,93,"2,5-Dimethyldecane"
prob_in_spec,1,126,1158,472.15,True,94,"4,4-Dimethyldecane"
prob_in_spec,1,127,854,473.15,False,94,"2,4-Dimethyldecane"
prob_in_spec,1,128,732,471.15,True,95,"2,6-Dimethyldecane"
prob_in_spec,1,129,1186,472.15,True,96,"3,4-Diethyloctane"
prob_in_spec,1,130,925,472.15,True,97,"4,7-Dimethyldecane"
prob_in_spec,1,131,468,452.15,False,97,"3,5-Dimethyl-4-heptanol"
prob_in_spec,1,132,1192,452.15,False,97,"3,5-Diethylheptane"
prob_in_spec,1,133,1132,454.15,True,98,"4-Ethyl-3,5-dimethylheptane"
prob_in_spec,1,134,1188,455.15,True,99,3-Ethyl-6-methyloctane
prob_in_spec,1,135,400,459.15,True,100,6-Methylhept-5-en-2-ol
prob_in_spec,1,136,351,479.15,False,100,Isononyl alcohol
prob_in_spec,1,137,1237,459.15,True,101,"2,2,3,4,4-Pentamethylhexane"
prob_in_spec,1,138,1169,473.15,False,101,"4,4-Diethyloctane"
prob_in_spec,1,139,923,473.15,False,101,"3,5-Dimethyldecane"
prob_in_spec,1,140,1097,456.15,True,102,"2,8-Dimethylnonane"
prob_in_spec,1,141,930,455.15,True,103,"3,3-Dimethylnonane"
prob_in_spec,1,142,1130,453.15,True,104,4-Ethyl-4-methyloctane
prob_in_spec,1,143,1212,446.17573,False,104,"2,2,3,3,5-Pentamethylhexane"
prob_in_spec,1,144,1171,452.8,False,104,"2,2,3,3-Tetramethylheptane"
prob_in_spec,1,145,1204,479.15,False,104,"3,3-Diethyl-2,2,4-trimethylpentane"
prob_in_spec,1,146,460,474.15,False,104,"2,2-Dimethyldecane"
prob_in_spec,1,147,559,469.15,True,105,1-Undecyne
prob_in_spec,1,148,786,479.15,False,105,2-Undecyne
prob_in_spec,1,149,787,473.15,False,105,3-Undecyne
prob_in_spec,1,150,788,471.65,True,106,4-Undecyne
qlogei_target,1,1,390,341.0,False,0,2-Hexene
qlogei_target,1,2,587,357.15,False,0,Tris(2-methylallyl)amine
qlogei_target,1,3,1027,570.5,False,0,cis-7-Dodecen-1-ol
qlogei_target,1,4,43,368.15,False,0,Triethylborane
qlogei_target,1,5,1184,453.15,True,1,3-Ethyl-5-methyloctane
qlogei_target,1,6,636,441.15,False,1,N-Heptylmethylamine
qlogei_target,1,7,179,427.15972,False,1,3-Heptanol
qlogei_target,1,8,939,409.15,False,1,N-Ethylpentylamine
qlogei_target,1,9,1183,457.0,True,2,"2,4,4,7-Tetramethyloctane"
qlogei_target,1,10,311,584.2,False,2,2-Methylheptadecane
qlogei_target,1,11,1137,470.15,True,3,"3-Ethyl-2,6-dimethyloctane"
qlogei_target,1,12,180,457.15,True,4,3-Octanol
qlogei_target,1,13,1164,464.15,True,5,"2,2,4-Trimethylnonane"
qlogei_target,1,14,913,451.15,False,5,"2,4-Dimethylnonane"
qlogei_target,1,15,1223,463.15,True,6,"2,5,5-Trimethylnonane"
qlogei_target,1,16,1160,460.15,True,7,"4-Ethyl-2,2-dimethyloctane"
qlogei_target,1,17,1221,463.15,True,8,"2,6,6-Trimethylnonane"
qlogei_target,1,18,499,473.15,False,8,"2,2,3-Trimethylnonane"
qlogei_target,1,19,635,459.15,True,9,5-Methyldecane
qlogei_target,1,20,1187,464.15,True,10,4-Tert-butyloctane
qlogei_target,1,21,1154,459.4,True,11,"2,4,5,7-Tetramethyloctane"
qlogei_target,1,22,1136,464.15,True,12,"4-Ethyl-2,4-dimethyloctane"
qlogei_target,1,23,627,465.15,True,13,3-Methyldecane
qlogei_target,1,24,918,472.15,True,14,"3,4,5,6-Tetramethyloctane"
qlogei_target,1,25,932,461.15,True,15,3-Ethylnonane
qlogei_target,1,26,1218,462.15,True,16,"2,4-Dimethyl-4-propylheptane"
qlogei_target,1,27,795,462.9,True,17,"3,3,6,6-Tetramethyloctane"
qlogei_target,1,28,360,461.15,True,18,4-Methyldecane
qlogei_target,1,29,1138,463.15,True,19,"4-Ethyl-2,6-dimethyloctane"
qlogei_target,1,30,462,503.45,False,19,3-Methyldodecane
qlogei_target,1,31,1220,463.15,True,20,"2,5-Dimethyl-4-propylheptane"
qlogei_target,1,32,419,462.35,True,21,2-Methyldecane
qlogei_target,1,33,1116,467.15,True,22,"2,2,3,3,4,4-Hexamethylpentane"
qlogei_target,1,34,623,429.66,False,22,"2,4,5-Trimethylheptane"
qlogei_target,1,35,1180,444.15,False,22,"2,2,5-Trimethyloctane"
qlogei_target,1,36,1177,457.15,True,23,"2,2,3,3,4-Pentamethylhexane"
qlogei_target,1,37,1196,459.15,True,24,"3,4-Diethyl-3-methylhexane"
qlogei_target,1,38,1199,468.15,True,25,"2,2,3,3,5,5-Hexamethylhexane"
qlogei_target,1,39,1228,471.15,True,26,"3,4-Dimethyl-4-propylheptane"
qlogei_target,1,40,912,470.15,True,27,5-Propylnonane
qlogei_target,1,41,1203,460.15,True,28,"2,3,3,4,4-Pentamethylhexane"
qlogei_target,1,42,1114,459.15,True,29,"3-Ethyl-2,2,3,4-tetramethylpentane"
qlogei_target,1,43,1206,462.15,True,30,"3,3-Diethyl-2,4-dimethylpentane"
qlogei_target,1,44,1115,462.15,True,31,"3,3-Diethyl-2,2-dimethylpentane"
qlogei_target,1,45,1168,473.15,False,31,"3-Ethyl-3,4-dimethyloctane"
qlogei_target,1,46,1174,455.9,True,32,"2,2,6,6-Tetramethyloctane"
qlogei_target,1,47,1240,459.15,True,33,"2,2,5,5,6-Pentamethylheptane"
qlogei_target,1,48,523,459.00627,True,34,"2,2,7,7-Tetramethyloctane"
qlogei_target,1,49,732,471.15,True,35,"2,6-Dimethyldecane"
qlogei_target,1,50,168,390.85,False,35,"3,4-Dimethylhexane"
qlogei_target,1,51,1236,466.15,True,36,"2,2,3,3,6-Pentamethylheptane"
qlogei_target,1,52,934,455.15,True,37,"2,3,3-Trimethyloctane"
qlogei_target,1,53,394,451.65,False,37,2-Octanol
qlogei_target,1,54,149,460.15,True,38,Diisoamylamine
qlogei_target,1,55,1205,473.15,False,38,"3,3-Diethyl-2,4-dimethylhexane"
qlogei_target,1,56,51,459.35,True,39,2-Ethylhexan-1-ol
qlogei_target,1,57,467,448.15,False,39,"2,6-Dimethyl-3-heptanol"
qlogei_target,1,58,558,494.15,False,39,"2-Methyl-1,3-propanediol"
qlogei_target,1,59,1232,467.8,True,40,"3,4,5,5-Tetramethylhexan-3-ol"
qlogei_target,1,60,1150,463.0,True,41,"2,5,8-Trimethylnonane"
qlogei_target,1,61,1094,479.64,False,41,"Butene-1,4-diol"
qlogei_target,1,62,501,601.15,False,41,2-Heptadecanol
qlogei_target,1,63,695,536.15,False,41,2-Tetradecyne
qlogei_target,1,64,771,518.15,False,41,2-Tridecyne
qlogei_target,1,65,344,415.15,False,41,4-Methyloctane
qlogei_target,1,66,696,455.44,True,42,Undec-4-ene
qlogei_target,1,67,512,380.65,False,42,"2,3,4-Trimethylpent-1-ene"
qlogei_target,1,68,870,426.96,False,42,"2,2,4,4-Tetramethylhexane"
qlogei_target,1,69,46,423.15,False,42,Triallylamine
qlogei_target,1,70,18,410.75,False,42,1-Pentanol
qlogei_target,1,71,933,460.94,True,43,2-Heptyn-1-ol
qlogei_target,1,72,64,327.15,False,43,Allylamine
qlogei_target,1,73,522,435.15,False,43,3-Hexyn-1-ol
qlogei_target,1,74,1070,448.15,False,43,2-Octen-4-ol
qlogei_target,1,75,486,357.45,False,43,2-Hexyne
qlogei_target,1,76,229,491.15,False,43,"2,4-Pentanediol"
qlogei_target,1,77,209,415.15,False,43,"2,4-Dimethyl-3-pentanol"
qlogei_target,1,78,2,390.75,False,43,1-Butanol
qlogei_target,1,79,181,284.15,False,43,"1,2-Butadiene"
qlogei_target,1,80,742,392.86269,False,43,"2,3-Diethyl-1,3-butadiene"
qlogei_target,1,81,1124,790.15,False,43,1-Nonatriacontene
qlogei_target,1,82,712,471.09534,True,44,5-Undecyne
qlogei_target,1,83,408,445.15,False,44,1-Butoxy-2-propanol
qlogei_target,1,84,220,442.15,False,44,"1,3-Dimethoxy-2-propanol"
qlogei_target,1,85,246,558.15,False,44,1-Hexadecene
qlogei_target,1,86,278,465.85,True,45,1-Undecene
qlogei_target,1,87,902,391.2,False,45,5-Methyl-3-heptyne
qlogei_target,1,88,88,364.15,False,45,N-Methylbutylamine
qlogei_target,1,89,358,572.15,False,45,"1,12-Dodecanediamine"
qlogei_target,1,90,124,361.95,False,45,Triethylamine
qlogei_target,1,91,276,447.15,False,45,1-Decyne
qlogei_target,1,92,710,467.14283,True,46,4-Propyl-4-heptanol
qlogei_target,1,93,697,430.65,False,46,4-Methyl-3-penten-1-ol
qlogei_target,1,94,774,475.15,False,46,5-Methyl-5-nonanol
qlogei_target,1,95,640,393.65,False,46,2-Methyl-3-buten-1-ol
qlogei_target,1,96,669,465.4,True,47,4-Methyl-2-propylpentan-1-ol
qlogei_target,1,97,646,443.15,False,47,"2,2,3-Trimethylhexan-3-ol"
qlogei_target,1,98,103,451.15,False,47,1-Heptanol
qlogei_target,1,99,619,358.15,False,47,N-Ethylpropylamine
qlogei_target,1,100,750,523.15,False,47,2-Methyl-1-tridecene
qlogei_target,1,101,1133,464.89743,True,48,"2,2,3,4-Tetramethylhexan-3-ol"
qlogei_target,1,102,704,409.64,False,48,"2,4,6-Octatriyne"
qlogei_target,1,103,1157,450.15,False,48,"5,5-Dimethylnonane"
qlogei_target,1,104,387,413.06493,False,48,"2,3,6-Trimethylheptane"
qlogei_target,1,105,1181,445.15,False,48,2-Methyl-4-isopropylheptane
qlogei_target,1,106,1211,468.15,True,49,2-Ethyl-4-methylhexan-1-ol
qlogei_target,1,107,481,431.55,False,49,"4-Methylhepta-1,6-dien-4-ol"
qlogei_target,1,108,113,519.15,False,49,1-Undecanol
qlogei_target,1,109,648,406.15,False,49,"3,4-Dimethyl-1-pentyn-3-ol"
qlogei_target,1,110,193,337.72,False,49,"Hexa-1,3-diene"
qlogei_target,1,111,87,511.15,False,49,"2-Butyne-1,4-diol"
qlogei_target,1,112,1245,469.15,True,50,"2,4,4,5,5-Pentamethylheptane"
qlogei_target,1,113,366,407.15,False,50,4-Ethyl-2-methylhexane
qlogei_target,1,114,828,384.0,False,50,"2,4-Dimethyl-2-hexene"
qlogei_target,1,115,373,346.15,False,50,"2-Ethyl-1,3-butadiene"
qlogei_target,1,116,471,444.15,False,50,Myrcene
qlogei_target,1,117,59,272.65,False,50,Butane
qlogei_target,1,118,47,480.15,False,50,Tributylamine
qlogei_target,1,119,307,403.15,False,50,2-Methoxy-1-propanol
qlogei_target,1,120,217,440.15,False,50,"2,2-Diethoxyethanol"
qlogei_target,1,121,30,447.15,False,50,Pinacol
qlogei_target,1,122,825,463.85,True,51,2-Methyl-1-decene
qlogei_target,1,123,63,320.36,False,51,Propylamine
qlogei_target,1,124,1193,443.15,False,51,"3,5,5-Trimethyloctane"
qlogei_target,1,125,894,409.0,False,51,"2,6-Dimethyl-2-heptene"
qlogei_target,1,126,792,455.15,True,52,"2,4,6-Trimethyl-4-heptanol"
qlogei_target,1,127,440,756.15,False,52,Tetratriacontane
qlogei_target,1,128,241,481.15,False,52,"Hexane-1,6-diol"
qlogei_target,1,129,715,440.15,False,52,2-Methyl-1-nonene
qlogei_target,1,130,790,528.92,False,52,5-Tetradecyne
qlogei_target,1,131,1141,458.15,True,53,4-Tert-butyl-2-methylheptane
qlogei_target,1,132,424,430.15,False,53,"3,3,5-Trimethylheptane"
qlogei_target,1,133,1165,449.15,False,53,"3-Ethyl-2,5-dimethylheptane"
qlogei_target,1,134,570,422.7,False,53,"2,4,4-Trimethylheptane"
qlogei_target,1,135,482,446.55,False,53,trans-2-Decene
qlogei_target,1,136,524,498.95,False,53,"2-Ethyl-2-methyl-1,3-propanediol"
qlogei_target,1,137,49,498.15,False,53,5-Ethyl-2-nonanol
qlogei_target,1,138,83,506.15,False,53,"2,5-Dimethyl-2,5-hexanediol"
qlogei_target,1,139,493,574.0,False,53,"1,10-Decanediol"
qlogei_target,1,140,989,470.15,True,54,"(4R)-2-Methylpentane-2,4-diol"
qlogei_target,1,141,734,462.0,True,55,"1,10-Undecadiene"
qlogei_target,1,142,593,663.15,False,55,1-Tetracosene
qlogei_target,1,143,74,405.15,False,55,4-Methyl-2-pentanol
qlogei_target,1,144,10,370.19,False,55,1-Propanol
qlogei_target,1,145,429,336.15,False,55,Sec-butylamine
qlogei_target,1,146,621,465.15,True,56,"4,7-Dimethyloctan-4-ol"
qlogei_target,1,147,946,388.4,False,56,N-Methyldipropylamine
qlogei_target,1,148,880,427.26,False,56,"3-Ethyl-2,5-dimethylhexane"
qlogei_target,1,149,1227,457.15,True,57,"3,3,4,4-Tetramethylheptane"
qlogei_target,1,150,716,353.39,False,57,"1,3,5-Hexatriyne"
random,2,1,750,523.15,False,0,2-Methyl-1-tridecene
random,2,2,371,416.15,False,0,2-Methyloctane
random,2,3,515,315.0,False,0,"1,3-Pentadiene"
random,2,4,135,238.35,False,0,Allene
random,2,5,1040,395.75,False,0,cis-4-Octene
random,2,6,1015,360.15,False,0,5-Methyl-2-hexene
random,2,7,325,447.25,False,0,Decane
random,2,8,114,614.65,False,0,Tetraethylenepentamine
random,2,9,563,351.65,False,0,n-Methyloctan-1-amine
random,2,10,418,503.15,False,0,"3,4-Diethyl-3,4-hexanediol"
random,2,11,374,357.15,False,0,"2,3-Dimethyl-1-pentene"
random,2,12,137,353.95,False,0,"2,2,3-Trimethylbutane"
random,2,13,1046,418.15,False,0,cis-4-Nonene
random,2,14,326,609.15,False,0,Heptadecylamine
random,2,15,519,377.15,False,0,"N,N-Dimethylethylenediamine"
random,2,16,911,389.7,False,0,"2,5-Dimethyl-1,4-hexadiene"
random,2,17,1241,457.15,True,1,"2,2,5,5-Tetramethyloctane"
random,2,18,1014,360.5,False,1,4-Methyl-2-hexene
random,2,19,751,401.65,False,1,"2,3-Butadien-1-ol"
random,2,20,235,424.15,False,1,5-Methyl-2-hexanol
random,2,21,324,538.15,False,1,2-Tridecanol
random,2,22,703,407.15,False,1,"4,4-Dimethylheptane"
random,2,23,821,477.15,False,1,"2,9-Dimethyldecane"
random,2,24,383,360.15,False,1,4-Methyl-1-hexene
random,2,25,251,632.15,False,1,Heneicosane
random,2,26,836,439.15,False,1,"2,2,3,3,4-Pentamethylpentane"
random,2,27,1180,444.15,False,1,"2,2,5-Trimethyloctane"
random,2,28,531,252.95,False,1,Trimethylborane
random,2,29,274,408.35,False,1,"2,5-Dimethyl-2,4-hexadiene"
random,2,30,794,453.15,True,2,"3,3,5,5-Tetramethylheptane"
random,2,31,475,420.05,False,2,1-Nonene
random,2,32,231,409.15,False,2,2-Hexanol
random,2,33,419,462.35,True,3,2-Methyldecane
random,2,34,48,721.15,False,3,Tridodecylamine
random,2,35,489,414.15,False,3,3-Heptanamine
random,2,36,1096,453.15,True,4,"2,7-Dimethylnonane"
random,2,37,970,421.15,False,4,"(3S)-3,5-dimethylhex-1-yn-3-ol"
random,2,38,1113,454.15,True,5,"3,4,5-Trimethyloctane"
random,2,39,1220,463.15,True,6,"2,5-Dimethyl-4-propylheptane"
random,2,40,400,459.15,True,7,6-Methylhept-5-en-2-ol
random,2,41,867,377.15,False,7,N-Methylisoamylamine
random,2,42,875,430.76,False,7,"2,2,3-Trimethylheptane"
random,2,43,600,587.15,False,7,2-Hexadecanol
random,2,44,131,493.15,False,7,Bis(hexamethylene)triamine
random,2,45,711,364.15,False,7,5-Methyl-1-hexyne
random,2,46,626,557.0,False,7,"2,5,8,11-Tetraoxatridecan-13-ol"
random,2,47,1104,393.42017,False,7,(R)-(-)-2-Pentanol
random,2,48,653,572.15,False,7,2-Pentadecanol
random,2,49,1064,338.15,False,7,"1,4-Hexadiene"
random,2,50,850,478.32,False,7,Dodec-4-ene
random,2,51,979,452.15,False,7,"2,3,4,5-Tetramethylheptane"
random,2,52,741,435.76386,False,7,"4,5-Dimethyloctane"
random,2,53,644,419.15,False,7,"2,4,4-Trimethyl-2-pentanol"
random,2,54,739,430.15,False,7,"2,5-Dimethyloctane"
random,2,55,590,359.45,False,7,2-Ethyl-3-methylbut-1-ene
random,2,56,1037,478.32,False,7,4-Dodecene
random,2,57,92,412.75,False,7,Diisobutylamine
random,2,58,1115,462.15,True,8,"3,3-Diethyl-2,2-dimethylpentane"
random,2,59,548,428.9,False,8,5-Hexen-1-ol
random,2,60,767,483.16,False,8,4-Dodecyne
random,2,61,959,432.15,False,8,4-Hexen-1-OL
random,2,62,652,446.15,False,8,6-Methyl-2-heptanol
random,2,63,789,528.15,False,8,3-Tetradecyne
random,2,64,68,378.05,False,8,"2,4,4-Trimethyl-2-pentene"
random,2,65,421,821.15,False,8,Tetratetracontane
random,2,66,879,434.26,False,8,"4-Ethyl-2,4-dimethylhexane"
random,2,67,569,363.15,False,8,"1,2-Heptanediol"
random,2,68,45,426.15,False,8,Tripropylamine
random,2,69,722,433.65,False,8,4-Propyl-3-heptene
random,2,70,649,356.15,False,8,N-Methylpropargylamine
random,2,71,1216,457.05,True,9,"3,3-Dimethylnon-4-yne"
random,2,72,476,507.15,False,9,1-(2-Butoxyethoxy)-2-propanol
random,2,73,984,480.15,False,9,Methylnonylamine
random,2,74,550,366.4,False,9,"N,N-Dimethyl-2-butanamine"
random,2,75,868,359.15,False,9,N-tert-Butylethylamine
random,2,76,1226,462.0,True,10,2-Methyl-5-propyloctane
random,2,77,447,400.15,False,10,"2,2,4-Trimethylhexane"
random,2,78,210,388.75,False,10,3-Ethyl-2-methylpentane
random,2,79,502,441.65,False,10,2-Methylhexan-1-ol
random,2,80,240,399.35,False,10,1-Octyne
random,2,81,23,249.95,False,10,Propyne
random,2,82,116,568.95,False,10,1-Tetradecanol
random,2,83,192,340.21,False,10,3-Hexene
random,2,84,139,469.65,True,11,"3-Butene-1,2-diol"
random,2,85,1074,460.26,True,12,"Hepta-2,4-dien-1-ol"
random,2,86,561,378.65,False,12,Butylallene
random,2,87,778,358.15,False,12,3-Methyl-1-hexyne
random,2,88,673,600.15,False,12,3-Methyloctadecane
random,2,89,610,427.15,False,12,5-Methyl-3-heptanol
random,2,90,775,528.92,False,12,7-Tetradecyne
random,2,91,1106,491.65,False,12,"4-Methylpentane-1,4-diol"
random,2,92,66,386.15,False,12,Propargyl alcohol
random,2,93,938,447.15,False,12,"2,2,3,5-Tetramethylheptane"
random,2,94,1024,501.2,False,12,cis-4-Tridecene
random,2,95,718,377.15,False,12,"3,3-Dimethyl-1-hexene"
random,2,96,683,376.4,False,12,Non-3-yn-1-ol
random,2,97,136,282.65,False,12,Neopentane
random,2,98,1202,452.15,False,12,"4,6-Dimethylnonane"
random,2,99,280,444.15,False,12,1-Decene
random,2,100,863,367.15,False,12,2-Methyl-3-hexyne
random,2,101,363,453.15,True,13,Didodecylamine
random,2,102,599,427.15,False,13,"2,2-Dimethyloctane"
random,2,103,311,584.2,False,13,2-Methylheptadecane
random,2,104,975,481.65,False,13,4-Methyl-2-propylhexan-1-ol
random,2,105,1160,460.15,True,14,"4-Ethyl-2,2-dimethyloctane"
random,2,106,596,372.4,False,14,(R)-(-)-2-Butanol
random,2,107,765,483.82,False,14,2-Octyn-1-ol
random,2,108,1036,510.65,False,14,trans-2-Tridecene
random,2,109,364,471.15,True,15,"1,1,4,7,7-Pentamethyldiethylenetriamine"
random,2,110,11,275.95,False,15,Trimethylamine
random,2,111,444,392.15,False,15,2-Methyl-1-heptene
random,2,112,312,570.15,False,15,2-Methylhexadecane
random,2,113,553,507.15,False,15,"N,N-Dimethyldecylamine"
random,2,114,633,483.65,False,15,"1,2-Pentanediol"
random,2,115,1225,447.15,False,15,2-Methyl-4-propylheptane
random,2,116,1247,426.15,False,15,"5,5-Dimethyl-3-hexanol"
random,2,117,656,429.15,False,15,"2,2-Dimethyl-3-hexanol"
random,2,118,453,414.65,False,15,"2,3,3,4-Tetramethylpentane"
random,2,119,481,431.55,False,15,"4-Methylhepta-1,6-dien-4-ol"
random,2,120,980,419.15,False,15,2-Methyl-3-hexyn-2-ol
random,2,121,955,396.35,False,15,trans-3-Octene
random,2,122,1195,544.15,False,15,3-Pentadecyne
random,2,123,544,438.06,False,15,Hex-2-yn-1-ol
random,2,124,964,356.15,False,15,"cis,trans-Hexa-2,4-diene"
random,2,125,256,705.15,False,15,Octacosane
random,2,126,1201,391.15,False,15,"N,N,2-Trimethylbutan-2-amine"
random,2,127,578,414.15,False,15,"1,8-Nonadiene"
random,2,128,1137,470.15,True,16,"3-Ethyl-2,6-dimethyloctane"
random,2,129,348,437.4,False,16,4-Decyne
random,2,130,842,478.15,False,16,"3,8-Dimethyldecane"
random,2,131,700,431.4,False,16,"3,4-Diethyl-3-hexene"
random,2,132,1197,389.65,False,16,"N,N-dimethylpentan-3-amine"
random,2,133,862,383.45,False,16,2-Ethyl-4-methyl-1-pentene
random,2,134,961,340.82,False,16,trans-3-Methyl-2-pentene
random,2,135,1211,468.15,True,17,2-Ethyl-4-methylhexan-1-ol
random,2,136,831,466.15,True,18,"4,5-Diethyloctane"
random,2,137,132,594.15,False,18,Hexadecylamine
random,2,138,560,457.75,True,19,2-Decyne
random,2,139,1224,445.15,False,19,"2,5,5-Trimethyloctane"
random,2,140,1129,453.15,True,20,"2,3,4-Trimethyloctane"
random,2,141,62,281.25,False,20,1-Butyne
random,2,142,956,341.15,False,20,trans-2-Hexene
random,2,143,301,484.18843,False,20,2-Decanol
random,2,144,1011,612.15,False,20,Oleylamine
random,2,145,1218,462.15,True,21,"2,4-Dimethyl-4-propylheptane"
random,2,146,306,426.15,False,21,"2,5,5-Trimethylheptane"
random,2,147,470,366.65,False,21,Di-tert-butylamine
random,2,148,49,498.15,False,21,5-Ethyl-2-nonanol
random,2,149,84,394.15,False,21,"N,N,N',N'-Tetramethylethylenediamine"
random,2,150,771,518.15,False,21,2-Tridecyne
mw_heuristic,2,1,750,523.15,False,0,2-Methyl-1-tridecene
mw_heuristic,2,2,371,416.15,False,0,2-Methyloctane
mw_heuristic,2,3,515,315.0,False,0,"1,3-Pentadiene"
mw_heuristic,2,4,135,238.35,False,0,Allene
mw_heuristic,2,5,1040,395.75,False,0,cis-4-Octene
mw_heuristic,2,6,1015,360.15,False,0,5-Methyl-2-hexene
mw_heuristic,2,7,325,447.25,False,0,Decane
mw_heuristic,2,8,114,614.65,False,0,Tetraethylenepentamine
mw_heuristic,2,9,563,351.65,False,0,n-Methyloctan-1-amine
mw_heuristic,2,10,418,503.15,False,0,"3,4-Diethyl-3,4-hexanediol"
mw_heuristic,2,11,997,460.44,True,1,"(E,E,Z)-Undeca-1,3,5,8-tetraene"
mw_heuristic,2,12,1076,456.28,True,2,"1,3,5-Undecatriene"
mw_heuristic,2,13,39,653.15,False,2,Xylitol
mw_heuristic,2,14,668,514.75,False,2,"3,7-Dimethylocta-1,5,7-trien-3-ol"
mw_heuristic,2,15,1072,514.75,False,2,Hotrienol
mw_heuristic,2,16,122,631.0,False,2,Pentaerythritol
mw_heuristic,2,17,471,444.15,False,2,Myrcene
mw_heuristic,2,18,1081,461.15,True,3,"2,6-Dimethyl-2,4,6-octatriene"
mw_heuristic,2,19,1083,440.64,False,3,"(E,Z)-2,6-Dimethylocta-2,4,6-triene"
mw_heuristic,2,20,58,443.15,False,3,"1,2,6-Hexanetriol"
mw_heuristic,2,21,121,517.15,False,3,"2,2-Diethyl-1,3-propanediol"
mw_heuristic,2,22,242,535.15,False,3,"1,7-Heptanediol"
mw_heuristic,2,23,408,445.15,False,3,1-Butoxy-2-propanol
mw_heuristic,2,24,526,507.15,False,3,"2-Methyl-2-propylpropane-1,3-diol"
mw_heuristic,2,25,569,363.15,False,3,"1,2-Heptanediol"
mw_heuristic,2,26,8,467.85,True,4,1-Octanol
mw_heuristic,2,27,51,459.35,True,5,2-Ethylhexan-1-ol
mw_heuristic,2,28,91,417.15,False,5,"N,N,N',N'-Tetramethyl-1,3-propanediamine"
mw_heuristic,2,29,177,448.15,False,5,4-Octanol
mw_heuristic,2,30,180,457.15,True,6,3-Octanol
mw_heuristic,2,31,628,417.15,False,6,1-Tert-butoxy-2-propanol
mw_heuristic,2,32,903,458.15,True,7,2-(Pentyloxy)ethanol
mw_heuristic,2,33,203,439.15,False,7,3-Methyl-3-heptanol
mw_heuristic,2,34,226,446.15,False,7,2-Methyl-2-heptanol
mw_heuristic,2,35,347,445.56825,False,7,"2,2-Dimethyl-1-hexanol"
mw_heuristic,2,36,93,506.15,False,7,"1,1'-Oxydi-2-propanol"
mw_heuristic,2,37,217,440.15,False,7,"2,2-Diethoxyethanol"
mw_heuristic,2,38,46,423.15,False,7,Triallylamine
mw_heuristic,2,39,382,427.65,False,7,"2,5-Dimethyl-2-hexanol"
mw_heuristic,2,40,394,451.65,False,7,2-Octanol
mw_heuristic,2,41,276,447.15,False,7,1-Decyne
mw_heuristic,2,42,322,437.15,False,7,"1,9-Decadiene"
mw_heuristic,2,43,330,451.15,False,7,5-Decyne
mw_heuristic,2,44,348,437.4,False,7,4-Decyne
mw_heuristic,2,45,352,439.15,False,7,Dihydromyrcene
mw_heuristic,2,46,560,457.75,True,8,2-Decyne
mw_heuristic,2,47,748,430.94,False,8,Di-t-butylacetylene
mw_heuristic,2,48,834,439.88857,False,8,"2,7-Dimethyl-2,6-octadiene"
mw_heuristic,2,49,944,434.17,False,8,"2,2-Dimethyl-3-octyne"
mw_heuristic,2,50,1000,441.15,False,8,"cis-2,6-Dimethyl-2,6-octadiene"
mw_heuristic,2,51,1142,436.96,False,8,8-Methylnon-4-yne
mw_heuristic,2,52,500,506.02,False,8,"3,6-Nonadien-1-ol"
mw_heuristic,2,53,683,376.4,False,8,Non-3-yn-1-ol
mw_heuristic,2,54,280,444.15,False,8,1-Decene
mw_heuristic,2,55,391,436.15,False,8,"2,6-Dimethyl-2-octene"
mw_heuristic,2,56,428,442.75,False,8,5-Decene
mw_heuristic,2,57,482,446.55,False,8,trans-2-Decene
mw_heuristic,2,58,700,431.4,False,8,"3,4-Diethyl-3-hexene"
mw_heuristic,2,59,715,440.15,False,8,2-Methyl-1-nonene
mw_heuristic,2,60,722,433.65,False,8,4-Propyl-3-heptene
mw_heuristic,2,61,126,479.15,False,8,"2,5-Dimethyl-3-hexyne-2,5-diol"
mw_heuristic,2,62,625,466.65,True,9,1-Nonen-3-ol
mw_heuristic,2,63,279,440.15,False,9,2-Methylnonane
mw_heuristic,2,64,295,410.15,False,9,"2,2,5,5-Tetramethylhexane"
mw_heuristic,2,65,297,433.15,False,9,"2,7-Dimethyloctane"
mw_heuristic,2,66,306,426.15,False,9,"2,5,5-Trimethylheptane"
mw_heuristic,2,67,337,431.15,False,9,"2,6-Dimethyloctane"
mw_heuristic,2,68,387,413.06493,False,9,"2,3,6-Trimethylheptane"
mw_heuristic,2,69,411,441.15,False,9,3-Methylnonane
mw_heuristic,2,70,423,437.15,False,9,"2,3-Dimethyloctane"
mw_heuristic,2,71,221,467.9,True,10,3-Nonanol
mw_heuristic,2,72,239,466.65,True,11,2-Nonanol
mw_heuristic,2,73,319,446.15,False,11,"3,6-Dimethyl-3-heptanol"
mw_heuristic,2,74,351,479.15,False,11,Isononyl alcohol
mw_heuristic,2,75,379,466.15,True,12,"3,5,5-Trimethyl-1-hexanol"
mw_heuristic,2,76,409,462.15,True,13,3-Methyl-3-octanol
mw_heuristic,2,77,412,465.65,True,14,4-Nonanol
mw_heuristic,2,78,467,448.15,False,14,"2,6-Dimethyl-3-heptanol"
mw_heuristic,2,79,468,452.15,False,14,"3,5-Dimethyl-4-heptanol"
mw_heuristic,2,80,533,452.15,False,14,4-Ethyl-4-heptanol
mw_heuristic,2,81,42,438.2,False,14,"N,N,N',N'-Tetramethyl-1,3-butanediamine"
mw_heuristic,2,82,123,394.15,False,14,"N,N-Diisopropylethylenediamine"
mw_heuristic,2,83,518,327.65,False,14,"N,N,N'-Triethylethylenediamine"
mw_heuristic,2,84,520,441.15,False,14,"N,N,N',N'-Tetramethyl-1,4-butanediamine"
mw_heuristic,2,85,594,443.15,False,14,"2,6-Dimethyl-2-heptanol"
mw_heuristic,2,86,83,506.15,False,14,"2,5-Dimethyl-2,5-hexanediol"
mw_heuristic,2,87,109,481.15,False,14,2-(Hexyloxy)ethanol
mw_heuristic,2,88,133,503.25,False,14,"2,2,4-Trimethyl-1,3-pentanediol"
mw_heuristic,2,89,537,418.15,False,14,"1,8-Octanediol"
mw_heuristic,2,90,572,370.65,False,14,Tris(2-aminoethyl)amine
mw_heuristic,2,91,54,505.15,False,14,"N,N-Bis(3-aminopropyl)methylamine"
mw_heuristic,2,92,646,443.15,False,14,"2,2,3-Trimethylhexan-3-ol"
mw_heuristic,2,93,658,454.65,True,15,2-Methyl-3-octanol
mw_heuristic,2,94,669,465.4,True,16,4-Methyl-2-propylpentan-1-ol
mw_heuristic,2,95,735,439.15,False,16,"2,2,4,4-Tetramethylpentan-3-ol"
mw_heuristic,2,96,769,453.22759,True,17,4-Methyl-4-octanol
mw_heuristic,2,97,811,451.05,False,17,"3-Ethyl-2,4-dimethylpentan-3-ol"
mw_heuristic,2,98,864,479.15,False,17,6-Methyloctan-1-ol
mw_heuristic,2,99,905,438.65,False,17,"3,4,4-Trimethylhexan-3-ol"
mw_heuristic,2,100,906,444.86543,False,17,"2,4,4-Trimethyl-3-hexanol"
mw_heuristic,2,101,978,447.15,False,17,"3-Ethyl-2,2-dimethyl-3-pentanol"
mw_heuristic,2,102,981,453.15,True,18,3-Methyl-4-octanol
mw_heuristic,2,103,1108,447.15,False,18,"2,2-Dimethyl-4-heptanol"
mw_heuristic,2,104,1178,452.15,False,18,"2,3,4-Trimethylhexan-3-ol"
mw_heuristic,2,105,1211,468.15,True,19,2-Ethyl-4-methylhexan-1-ol
mw_heuristic,2,106,559,469.15,True,20,1-Undecyne
mw_heuristic,2,107,712,471.09534,True,21,5-Undecyne
mw_heuristic,2,108,734,462.0,True,22,"1,10-Undecadiene"
mw_heuristic,2,109,786,479.15,False,22,2-Undecyne
mw_heuristic,2,110,787,473.15,False,22,3-Undecyne
mw_heuristic,2,111,45,426.15,False,22,Tripropylamine
mw_heuristic,2,112,331,471.15,True,23,Nonylamine
mw_heuristic,2,113,334,445.15,False,23,"N,N-Dimethylheptylamine"
mw_heuristic,2,114,376,432.15,False,23,N-Methyldibutylamine
mw_heuristic,2,115,788,471.65,True,24,4-Undecyne
mw_heuristic,2,116,1216,457.05,True,25,"3,3-Dimethylnon-4-yne"
mw_heuristic,2,117,424,430.15,False,25,"3,3,5-Trimethylheptane"
mw_heuristic,2,118,436,432.86,False,25,5-Ethyl-2-methylheptane
mw_heuristic,2,119,437,433.15,False,25,"2,2,3,3-Tetramethylhexane"
mw_heuristic,2,120,441,421.45,False,25,"2,2,4-Trimethylheptane"
mw_heuristic,2,121,967,502.15,False,25,Nerol
mw_heuristic,2,122,278,465.85,True,26,1-Undecene
mw_heuristic,2,123,696,455.44,True,27,Undec-4-ene
mw_heuristic,2,124,699,465.45,True,28,5-Undecene
mw_heuristic,2,125,825,463.85,True,29,2-Methyl-1-decene
mw_heuristic,2,126,1021,466.15,True,30,(E)-4-Undecene
mw_heuristic,2,127,443,437.15,False,30,5-Methylnonane
mw_heuristic,2,128,454,421.05,False,30,"2,2,4,5-Tetramethylhexane"
mw_heuristic,2,129,456,439.15,False,30,4-Methylnonane
mw_heuristic,2,130,570,422.7,False,30,"2,4,4-Trimethylheptane"
mw_heuristic,2,131,57,497.15,False,30,(-)-Citronellol
mw_heuristic,2,132,1001,524.74,False,30,(E)-3-Decenol
mw_heuristic,2,133,1061,524.74,False,30,2-Decen-1-ol
mw_heuristic,2,134,1092,524.74,False,30,Dec-4-en-1-ol
mw_heuristic,2,135,302,469.05,True,31,Undecane
mw_heuristic,2,136,584,438.15,False,31,3-Ethyloctane
mw_heuristic,2,137,599,427.15,False,31,"2,2-Dimethyloctane"
mw_heuristic,2,138,601,436.15,False,31,4-Ethyloctane
mw_heuristic,2,139,602,435.15,False,31,"3,4-Dimethyloctane"
mw_heuristic,2,140,603,433.95,False,31,"3,6-Dimethyloctane"
mw_heuristic,2,141,623,429.66,False,31,"2,4,5-Trimethylheptane"
mw_heuristic,2,142,624,435.65,False,31,"3,4,5-Trimethylheptane"
mw_heuristic,2,143,631,427.15,False,31,"2,4-Dimethyloctane"
mw_heuristic,2,144,637,429.0,False,31,"2,3,4-Trimethylheptane"
mw_heuristic,2,145,713,419.6563,False,31,"2,4,6-Trimethylheptane"
mw_heuristic,2,146,360,461.15,True,32,4-Methyldecane
mw_heuristic,2,147,419,462.35,True,33,2-Methyldecane
mw_heuristic,2,148,457,452.15,False,33,"2,5-Dimethylnonane"
mw_heuristic,2,149,458,452.15,False,33,"2,6-Dimethylnonane"
mw_heuristic,2,150,459,457.15,True,34,"3,7-Dimethylnonane"
greedy_gp,2,1,750,523.15,False,0,2-Methyl-1-tridecene
greedy_gp,2,2,371,416.15,False,0,2-Methyloctane
greedy_gp,2,3,515,315.0,False,0,"1,3-Pentadiene"
greedy_gp,2,4,135,238.35,False,0,Allene
greedy_gp,2,5,1040,395.75,False,0,cis-4-Octene
greedy_gp,2,6,1015,360.15,False,0,5-Methyl-2-hexene
greedy_gp,2,7,325,447.25,False,0,Decane
greedy_gp,2,8,114,614.65,False,0,Tetraethylenepentamine
greedy_gp,2,9,563,351.65,False,0,n-Methyloctan-1-amine
greedy_gp,2,10,418,503.15,False,0,"3,4-Diethyl-3,4-hexanediol"
greedy_gp,2,11,419,462.35,True,1,2-Methyldecane
greedy_gp,2,12,635,459.15,True,2,5-Methyldecane
greedy_gp,2,13,1160,460.15,True,3,"4-Ethyl-2,2-dimethyloctane"
greedy_gp,2,14,1164,464.15,True,4,"2,2,4-Trimethylnonane"
greedy_gp,2,15,360,461.15,True,5,4-Methyldecane
greedy_gp,2,16,539,508.15,False,5,Triisopentylamine
greedy_gp,2,17,545,488.15,False,5,1-Dodecyne
greedy_gp,2,18,355,585.15,False,5,Pentadecylamine
greedy_gp,2,19,523,459.00627,True,6,"2,2,7,7-Tetramethyloctane"
greedy_gp,2,20,1190,470.15,True,7,"3,5-Diethyloctane"
greedy_gp,2,21,526,507.15,False,7,"2-Methyl-2-propylpropane-1,3-diol"
greedy_gp,2,22,787,473.15,False,7,3-Undecyne
greedy_gp,2,23,788,471.65,True,8,4-Undecyne
greedy_gp,2,24,397,443.15,False,8,"1,2,3-Butanetriol"
greedy_gp,2,25,1137,470.15,True,9,"3-Ethyl-2,6-dimethyloctane"
greedy_gp,2,26,415,411.15,False,9,3-Ethyl-1-pentyn-3-ol
greedy_gp,2,27,350,438.15,False,9,"1,8-Nonadiyne"
greedy_gp,2,28,522,435.15,False,9,3-Hexyn-1-ol
greedy_gp,2,29,544,438.06,False,9,Hex-2-yn-1-ol
greedy_gp,2,30,916,472.15,True,10,"3,6-Dimethyl-3-ethyl-octane"
greedy_gp,2,31,400,459.15,True,11,6-Methylhept-5-en-2-ol
greedy_gp,2,32,71,393.15,False,11,1-Methoxy-2-propanol
greedy_gp,2,33,1218,462.15,True,12,"2,4-Dimethyl-4-propylheptane"
greedy_gp,2,34,51,459.35,True,13,2-Ethylhexan-1-ol
greedy_gp,2,35,15,355.36,False,13,Isopropyl Alcohol
greedy_gp,2,36,808,453.15,True,14,2-Methyl-1-heptanol
greedy_gp,2,37,1117,456.27755,True,15,(S)-(+)-5-Methyl-1-heptanol
greedy_gp,2,38,1187,464.15,True,16,4-Tert-butyloctane
greedy_gp,2,39,123,394.15,False,16,"N,N-Diisopropylethylenediamine"
greedy_gp,2,40,1168,473.15,False,16,"3-Ethyl-3,4-dimethyloctane"
greedy_gp,2,41,1223,463.15,True,17,"2,5,5-Trimethylnonane"
greedy_gp,2,42,1108,447.15,False,17,"2,2-Dimethyl-4-heptanol"
greedy_gp,2,43,974,447.15,False,17,(S)-1-Octen-3-ol
greedy_gp,2,44,1070,448.15,False,17,2-Octen-4-ol
greedy_gp,2,45,1178,452.15,False,17,"2,3,4-Trimethylhexan-3-ol"
greedy_gp,2,46,1194,462.15,True,18,4-Isopropyl-4-heptanol
greedy_gp,2,47,621,465.15,True,19,"4,7-Dimethyloctan-4-ol"
greedy_gp,2,48,864,479.15,False,19,6-Methyloctan-1-ol
greedy_gp,2,49,351,479.15,False,19,Isononyl alcohol
greedy_gp,2,50,625,466.65,True,20,1-Nonen-3-ol
greedy_gp,2,51,918,472.15,True,21,"3,4,5,6-Tetramethyloctane"
greedy_gp,2,52,734,462.0,True,22,"1,10-Undecadiene"
greedy_gp,2,53,1154,459.4,True,23,"2,4,5,7-Tetramethyloctane"
greedy_gp,2,54,1211,468.15,True,24,2-Ethyl-4-methylhexan-1-ol
greedy_gp,2,55,792,455.15,True,25,"2,4,6-Trimethyl-4-heptanol"
greedy_gp,2,56,363,453.15,True,26,Didodecylamine
greedy_gp,2,57,932,461.15,True,27,3-Ethylnonane
greedy_gp,2,58,627,465.15,True,28,3-Methyldecane
greedy_gp,2,59,922,457.15,True,29,4-Ethylnonane
greedy_gp,2,60,669,465.4,True,30,4-Methyl-2-propylpentan-1-ol
greedy_gp,2,61,9,460.45,True,31,Propylene Glycol
greedy_gp,2,62,814,461.15,True,32,"R-1,2-Propanediol"
greedy_gp,2,63,981,453.15,True,33,3-Methyl-4-octanol
greedy_gp,2,64,658,454.65,True,34,2-Methyl-3-octanol
greedy_gp,2,65,1205,473.15,False,34,"3,3-Diethyl-2,4-dimethylhexane"
greedy_gp,2,66,1199,468.15,True,35,"2,2,3,3,5,5-Hexamethylhexane"
greedy_gp,2,67,530,450.15,False,35,"2-Methylpropane-1,2-diol"
greedy_gp,2,68,1183,457.0,True,36,"2,4,4,7-Tetramethyloctane"
greedy_gp,2,69,1236,466.15,True,37,"2,2,3,3,6-Pentamethylheptane"
greedy_gp,2,70,795,462.9,True,38,"3,3,6,6-Tetramethyloctane"
greedy_gp,2,71,1221,463.15,True,39,"2,6,6-Trimethylnonane"
greedy_gp,2,72,1,455.15,True,40,"2,3-Butanediol"
greedy_gp,2,73,807,456.65,True,41,"meso-2,3-Butanediol"
greedy_gp,2,74,810,350.5,False,41,"(R,R)-2,3-butanediol"
greedy_gp,2,75,818,453.65,True,42,"(2S,3S)-butane-2,3-diol"
greedy_gp,2,76,903,458.15,True,43,2-(Pentyloxy)ethanol
greedy_gp,2,77,1141,458.15,True,44,4-Tert-butyl-2-methylheptane
greedy_gp,2,78,989,470.15,True,45,"(4R)-2-Methylpentane-2,4-diol"
greedy_gp,2,79,229,491.15,False,45,"2,4-Pentanediol"
greedy_gp,2,80,1102,491.15,False,45,"(R*,S*)-Pentane-2,4-diol"
greedy_gp,2,81,558,494.15,False,45,"2-Methyl-1,3-propanediol"
greedy_gp,2,82,682,810.15,False,45,Dotetracontane
greedy_gp,2,83,395,795.15,False,45,Tetracontane
greedy_gp,2,84,907,815.65,False,45,Tritetracontane
greedy_gp,2,85,170,469.1,True,46,"1,2-Butanediol"
greedy_gp,2,86,1204,479.15,False,46,"3,3-Diethyl-2,2,4-trimethylpentane"
greedy_gp,2,87,1105,468.15,True,47,"2,3,4,5,6-Pentamethylheptane"
greedy_gp,2,88,0,470.65,True,48,Ethylene Glycol
greedy_gp,2,89,920,483.15,False,48,"3,4-Dimethyl-3,4-diethyl-hexane"
greedy_gp,2,90,499,473.15,False,48,"2,2,3-Trimethylnonane"
greedy_gp,2,91,661,478.65,False,48,"3,3-Dimethyl-1,2-butanediol"
greedy_gp,2,92,677,460.65,True,49,"2,2,4,4,6-Pentamethylheptane"
greedy_gp,2,93,1076,456.28,True,50,"1,3,5-Undecatriene"
greedy_gp,2,94,1241,457.15,True,51,"2,2,5,5-Tetramethyloctane"
greedy_gp,2,95,1240,459.15,True,52,"2,2,5,5,6-Pentamethylheptane"
greedy_gp,2,96,813,481.15,False,52,"3-Methyl-1,3-butanediol"
greedy_gp,2,97,1245,469.15,True,53,"2,4,4,5,5-Pentamethylheptane"
greedy_gp,2,98,460,474.15,False,53,"2,2-Dimethyldecane"
greedy_gp,2,99,139,469.65,True,54,"3-Butene-1,2-diol"
greedy_gp,2,100,438,451.15,False,54,"2,2,4,6,6-Pentamethylheptane"
greedy_gp,2,101,477,480.15,False,54,Neopentyl glycol
greedy_gp,2,102,1174,455.9,True,55,"2,2,6,6-Tetramethyloctane"
greedy_gp,2,103,1150,463.0,True,56,"2,5,8-Trimethylnonane"
greedy_gp,2,104,668,514.75,False,56,"3,7-Dimethylocta-1,5,7-trien-3-ol"
greedy_gp,2,105,1072,514.75,False,56,Hotrienol
greedy_gp,2,106,1133,464.89743,True,57,"2,2,3,4-Tetramethylhexan-3-ol"
greedy_gp,2,107,1232,467.8,True,58,"3,4,5,5-Tetramethylhexan-3-ol"
greedy_gp,2,108,1249,460.65,True,59,"2,2,4,4-Tetramethyl-3-hexanol"
greedy_gp,2,109,696,455.44,True,60,Undec-4-ene
greedy_gp,2,110,1021,466.15,True,61,(E)-4-Undecene
greedy_gp,2,111,699,465.45,True,62,5-Undecene
greedy_gp,2,112,278,465.85,True,63,1-Undecene
greedy_gp,2,113,997,460.44,True,64,"(E,E,Z)-Undeca-1,3,5,8-tetraene"
greedy_gp,2,114,587,357.15,False,64,Tris(2-methylallyl)amine
greedy_gp,2,115,481,431.55,False,64,"4-Methylhepta-1,6-dien-4-ol"
greedy_gp,2,116,1136,464.15,True,65,"4-Ethyl-2,4-dimethyloctane"
greedy_gp,2,117,597,370.15,False,65,3-Octyn-1-ol
greedy_gp,2,118,1135,476.15,False,65,"3,3-Dimethyldecane"
greedy_gp,2,119,8,467.85,True,66,1-Octanol
greedy_gp,2,120,765,483.82,False,66,2-Octyn-1-ol
greedy_gp,2,121,683,376.4,False,66,Non-3-yn-1-ol
greedy_gp,2,122,12,478.2,False,66,3-(Dibutylamino)propylamine
greedy_gp,2,123,412,465.65,True,67,4-Nonanol
greedy_gp,2,124,30,447.15,False,67,Pinacol
greedy_gp,2,125,221,467.9,True,68,3-Nonanol
greedy_gp,2,126,479,411.29,False,68,"5,5-Dimethyl-3-heptyne"
greedy_gp,2,127,1216,457.05,True,69,"3,3-Dimethylnon-4-yne"
greedy_gp,2,128,39,653.15,False,69,Xylitol
greedy_gp,2,129,944,434.17,False,69,"2,2-Dimethyl-3-octyne"
greedy_gp,2,130,134,283.15,False,69,"1,3-Butadiyne"
greedy_gp,2,131,1074,460.26,True,70,"Hepta-2,4-dien-1-ol"
greedy_gp,2,132,239,466.65,True,71,2-Nonanol
greedy_gp,2,133,109,481.15,False,71,2-(Hexyloxy)ethanol
greedy_gp,2,134,650,484.15,False,71,Tetrahydrolavandulol
greedy_gp,2,135,853,484.15,False,71,"2,2-Dimethyl-1-octanol"
greedy_gp,2,136,217,440.15,False,71,"2,2-Diethoxyethanol"
greedy_gp,2,137,533,452.15,False,71,4-Ethyl-4-heptanol
greedy_gp,2,138,769,453.22759,True,72,4-Methyl-4-octanol
greedy_gp,2,139,409,462.15,True,73,3-Methyl-3-octanol
greedy_gp,2,140,468,452.15,False,73,"3,5-Dimethyl-4-heptanol"
greedy_gp,2,141,1022,478.54,False,73,3-Octen-2-OL
greedy_gp,2,142,467,448.15,False,73,"2,6-Dimethyl-3-heptanol"
greedy_gp,2,143,786,479.15,False,73,2-Undecyne
greedy_gp,2,144,712,471.09534,True,74,5-Undecyne
greedy_gp,2,145,559,469.15,True,75,1-Undecyne
greedy_gp,2,146,1233,452.15,False,75,3-Methyl-4-propylheptane
greedy_gp,2,147,1182,453.15,True,76,4-Ethyl-5-methyloctane
greedy_gp,2,148,921,470.15,True,77,"3-Methyl, 3,5-diethyl, heptane"
greedy_gp,2,149,1192,452.15,False,77,"3,5-Diethylheptane"
greedy_gp,2,150,1230,469.15,True,78,"3,3-Dimethyl-4-propylheptane"
prob_in_spec,2,1,750,523.15,False,0,2-Methyl-1-tridecene
prob_in_spec,2,2,371,416.15,False,0,2-Methyloctane
prob_in_spec,2,3,515,315.0,False,0,"1,3-Pentadiene"
prob_in_spec,2,4,135,238.35,False,0,Allene
prob_in_spec,2,5,1040,395.75,False,0,cis-4-Octene
prob_in_spec,2,6,1015,360.15,False,0,5-Methyl-2-hexene
prob_in_spec,2,7,325,447.25,False,0,Decane
prob_in_spec,2,8,114,614.65,False,0,Tetraethylenepentamine
prob_in_spec,2,9,563,351.65,False,0,n-Methyloctan-1-amine
prob_in_spec,2,10,418,503.15,False,0,"3,4-Diethyl-3,4-hexanediol"
prob_in_spec,2,11,419,462.35,True,1,2-Methyldecane
prob_in_spec,2,12,627,465.15,True,2,3-Methyldecane
prob_in_spec,2,13,360,461.15,True,3,4-Methyldecane
prob_in_spec,2,14,635,459.15,True,4,5-Methyldecane
prob_in_spec,2,15,932,461.15,True,5,3-Ethylnonane
prob_in_spec,2,16,922,457.15,True,6,4-Ethylnonane
prob_in_spec,2,17,1137,470.15,True,7,"3-Ethyl-2,6-dimethyloctane"
prob_in_spec,2,18,916,472.15,True,8,"3,6-Dimethyl-3-ethyl-octane"
prob_in_spec,2,19,1168,473.15,False,8,"3-Ethyl-3,4-dimethyloctane"
prob_in_spec,2,20,921,470.15,True,9,"3-Methyl, 3,5-diethyl, heptane"
prob_in_spec,2,21,918,472.15,True,10,"3,4,5,6-Tetramethyloctane"
prob_in_spec,2,22,1154,459.4,True,11,"2,4,5,7-Tetramethyloctane"
prob_in_spec,2,23,1245,469.15,True,12,"2,4,4,5,5-Pentamethylheptane"
prob_in_spec,2,24,1205,473.15,False,12,"3,3-Diethyl-2,4-dimethylhexane"
prob_in_spec,2,25,1141,458.15,True,13,4-Tert-butyl-2-methylheptane
prob_in_spec,2,26,1187,464.15,True,14,4-Tert-butyloctane
prob_in_spec,2,27,795,462.9,True,15,"3,3,6,6-Tetramethyloctane"
prob_in_spec,2,28,1223,463.15,True,16,"2,5,5-Trimethylnonane"
prob_in_spec,2,29,1138,463.15,True,17,"4-Ethyl-2,6-dimethyloctane"
prob_in_spec,2,30,1218,462.15,True,18,"2,4-Dimethyl-4-propylheptane"
prob_in_spec,2,31,1136,464.15,True,19,"4-Ethyl-2,4-dimethyloctane"
prob_in_spec,2,32,1220,463.15,True,20,"2,5-Dimethyl-4-propylheptane"
prob_in_spec,2,33,1164,464.15,True,21,"2,2,4-Trimethylnonane"
prob_in_spec,2,34,1221,463.15,True,22,"2,6,6-Trimethylnonane"
prob_in_spec,2,35,1174,455.9,True,23,"2,2,6,6-Tetramethyloctane"
prob_in_spec,2,36,1236,466.15,True,24,"2,2,3,3,6-Pentamethylheptane"
prob_in_spec,2,37,1150,463.0,True,25,"2,5,8-Trimethylnonane"
prob_in_spec,2,38,1160,460.15,True,26,"4-Ethyl-2,2-dimethyloctane"
prob_in_spec,2,39,1222,457.75,True,27,"2,6-Dimethyl-4-propylheptane"
prob_in_spec,2,40,1243,467.15,True,28,"2,3-Dimethyl-4-propylheptane"
prob_in_spec,2,41,1226,462.0,True,29,2-Methyl-5-propyloctane
prob_in_spec,2,42,1240,459.15,True,30,"2,2,5,5,6-Pentamethylheptane"
prob_in_spec,2,43,935,469.15,True,31,"3-Ethyl-2,7-dimethyloctane"
prob_in_spec,2,44,1230,469.15,True,32,"3,3-Dimethyl-4-propylheptane"
prob_in_spec,2,45,1105,468.15,True,33,"2,3,4,5,6-Pentamethylheptane"
prob_in_spec,2,46,1112,470.15,True,34,"5,5-Dimethyldecane"
prob_in_spec,2,47,1199,468.15,True,35,"2,2,3,3,5,5-Hexamethylhexane"
prob_in_spec,2,48,1166,459.9,True,36,"3,3-Diethylheptane"
prob_in_spec,2,49,1196,459.15,True,37,"3,4-Diethyl-3-methylhexane"
prob_in_spec,2,50,1208,459.15,True,38,"3,3-Diethyl-2-methylhexane"
prob_in_spec,2,51,1206,462.15,True,39,"3,3-Diethyl-2,4-dimethylpentane"
prob_in_spec,2,52,1115,462.15,True,40,"3,3-Diethyl-2,2-dimethylpentane"
prob_in_spec,2,53,1114,459.15,True,41,"3-Ethyl-2,2,3,4-tetramethylpentane"
prob_in_spec,2,54,1203,460.15,True,42,"2,3,3,4,4-Pentamethylhexane"
prob_in_spec,2,55,1177,457.15,True,43,"2,2,3,3,4-Pentamethylhexane"
prob_in_spec,2,56,1116,467.15,True,44,"2,2,3,3,4,4-Hexamethylpentane"
prob_in_spec,2,57,1227,457.15,True,45,"3,3,4,4-Tetramethylheptane"
prob_in_spec,2,58,1146,458.15,True,46,"3,4,4,5-Tetramethylheptane"
prob_in_spec,2,59,914,456.46543,True,47,"4,4-Diethylheptane"
prob_in_spec,2,60,1229,469.15,True,48,"3,5-Dimethyl-4-propylheptane"
prob_in_spec,2,61,856,448.0,False,48,"2,3-Dimethylnonane"
prob_in_spec,2,62,1119,458.15,True,49,"3,4-Dimethylnonane"
prob_in_spec,2,63,459,457.15,True,50,"3,7-Dimethylnonane"
prob_in_spec,2,64,1179,454.15,True,51,"2,3,3,4,5-Pentamethylhexane"
prob_in_spec,2,65,1156,471.15,True,52,5-Ethyl-5-methylnonane
prob_in_spec,2,66,499,473.15,False,52,"2,2,3-Trimethylnonane"
prob_in_spec,2,67,1183,457.0,True,53,"2,4,4,7-Tetramethyloctane"
prob_in_spec,2,68,1241,457.15,True,54,"2,2,5,5-Tetramethyloctane"
prob_in_spec,2,69,1228,471.15,True,55,"3,4-Dimethyl-4-propylheptane"
prob_in_spec,2,70,924,471.15,True,56,"4,6-Dimethyldecane"
prob_in_spec,2,71,699,465.45,True,57,5-Undecene
prob_in_spec,2,72,696,455.44,True,58,Undec-4-ene
prob_in_spec,2,73,1021,466.15,True,59,(E)-4-Undecene
prob_in_spec,2,74,825,463.85,True,60,2-Methyl-1-decene
prob_in_spec,2,75,523,459.00627,True,61,"2,2,7,7-Tetramethyloctane"
prob_in_spec,2,76,734,462.0,True,62,"1,10-Undecadiene"
prob_in_spec,2,77,278,465.85,True,63,1-Undecene
prob_in_spec,2,78,831,466.15,True,64,"4,5-Diethyloctane"
prob_in_spec,2,79,1190,470.15,True,65,"3,5-Diethyloctane"
prob_in_spec,2,80,302,469.05,True,66,Undecane
prob_in_spec,2,81,919,473.15,False,66,"3,4,7-Trimethylnonane"
prob_in_spec,2,82,1237,459.15,True,67,"2,2,3,4,4-Pentamethylhexane"
prob_in_spec,2,83,1172,454.15,True,68,"3,3,4,5-Tetramethylheptane"
prob_in_spec,2,84,1209,451.15,False,68,"3-Ethyl-2,4,4-trimethylhexane"
prob_in_spec,2,85,930,455.15,True,69,"3,3-Dimethylnonane"
prob_in_spec,2,86,830,472.15,True,70,4-Ethyl-5-methylnonane
prob_in_spec,2,87,1188,455.15,True,71,3-Ethyl-6-methyloctane
prob_in_spec,2,88,1186,472.15,True,72,"3,4-Diethyloctane"
prob_in_spec,2,89,1096,453.15,True,73,"2,7-Dimethylnonane"
prob_in_spec,2,90,1167,455.15,True,74,"3,3,4-Trimethyloctane"
prob_in_spec,2,91,1132,454.15,True,75,"4-Ethyl-3,5-dimethylheptane"
prob_in_spec,2,92,1192,452.15,False,75,"3,5-Diethylheptane"
prob_in_spec,2,93,1169,473.15,False,75,"4,4-Diethyloctane"
prob_in_spec,2,94,1171,452.8,False,75,"2,2,3,3-Tetramethylheptane"
prob_in_spec,2,95,606,455.15,True,76,"4,5-Dimethylnonane"
prob_in_spec,2,96,978,447.15,False,76,"3-Ethyl-2,2-dimethyl-3-pentanol"
prob_in_spec,2,97,905,438.65,False,76,"3,4,4-Trimethylhexan-3-ol"
prob_in_spec,2,98,811,451.05,False,76,"3-Ethyl-2,4-dimethylpentan-3-ol"
prob_in_spec,2,99,1194,462.15,True,77,4-Isopropyl-4-heptanol
prob_in_spec,2,100,1232,467.8,True,78,"3,4,5,5-Tetramethylhexan-3-ol"
prob_in_spec,2,101,1249,460.65,True,79,"2,2,4,4-Tetramethyl-3-hexanol"
prob_in_spec,2,102,1133,464.89743,True,80,"2,2,3,4-Tetramethylhexan-3-ol"
prob_in_spec,2,103,847,498.55,False,80,5-Ethyl-3-nonanol
prob_in_spec,2,104,510,498.55,False,80,"2,6,8-Trimethyl-4-nonanol"
prob_in_spec,2,105,49,498.15,False,80,5-Ethyl-2-nonanol
prob_in_spec,2,106,792,455.15,True,81,"2,4,6-Trimethyl-4-heptanol"
prob_in_spec,2,107,981,453.15,True,82,3-Methyl-4-octanol
prob_in_spec,2,108,409,462.15,True,83,3-Methyl-3-octanol
prob_in_spec,2,109,658,454.65,True,84,2-Methyl-3-octanol
prob_in_spec,2,110,1211,468.15,True,85,2-Ethyl-4-methylhexan-1-ol
prob_in_spec,2,111,769,453.22759,True,86,4-Methyl-4-octanol
prob_in_spec,2,112,669,465.4,True,87,4-Methyl-2-propylpentan-1-ol
prob_in_spec,2,113,1217,477.15,False,87,4-Methyl-2-(2-methylpropyl)pentan-1-ol
prob_in_spec,2,114,468,452.15,False,87,"3,5-Dimethyl-4-heptanol"
prob_in_spec,2,115,533,452.15,False,87,4-Ethyl-4-heptanol
prob_in_spec,2,116,412,465.65,True,88,4-Nonanol
prob_in_spec,2,117,621,465.15,True,89,"4,7-Dimethyloctan-4-ol"
prob_in_spec,2,118,710,467.14283,True,90,4-Propyl-4-heptanol
prob_in_spec,2,119,467,448.15,False,90,"2,6-Dimethyl-3-heptanol"
prob_in_spec,2,120,221,467.9,True,91,3-Nonanol
prob_in_spec,2,121,864,479.15,False,91,6-Methyloctan-1-ol
prob_in_spec,2,122,351,479.15,False,91,Isononyl alcohol
prob_in_spec,2,123,239,466.65,True,92,2-Nonanol
prob_in_spec,2,124,625,466.65,True,93,1-Nonen-3-ol
prob_in_spec,2,125,1097,456.15,True,94,"2,8-Dimethylnonane"
prob_in_spec,2,126,8,467.85,True,95,1-Octanol
prob_in_spec,2,127,967,502.15,False,95,Nerol
prob_in_spec,2,128,668,514.75,False,95,"3,7-Dimethylocta-1,5,7-trien-3-ol"
prob_in_spec,2,129,1072,514.75,False,95,Hotrienol
prob_in_spec,2,130,500,506.02,False,95,"3,6-Nonadien-1-ol"
prob_in_spec,2,131,556,472.15,True,96,3-Ethyloctan-3-ol
prob_in_spec,2,132,1022,478.54,False,96,3-Octen-2-OL
prob_in_spec,2,133,394,451.65,False,96,2-Octanol
prob_in_spec,2,134,972,449.65,False,96,(S)-(+)-2-Octanol
prob_in_spec,2,135,774,475.15,False,96,5-Methyl-5-nonanol
prob_in_spec,2,136,822,459.15,True,97,3-Methyl-1-heptanol
prob_in_spec,2,137,670,457.15,True,98,4-Methyl-1-heptanol
prob_in_spec,2,138,808,453.15,True,99,2-Methyl-1-heptanol
prob_in_spec,2,139,1117,456.27755,True,100,(S)-(+)-5-Methyl-1-heptanol
prob_in_spec,2,140,51,459.35,True,101,2-Ethylhexan-1-ol
prob_in_spec,2,141,438,451.15,False,101,"2,2,4,6,6-Pentamethylheptane"
prob_in_spec,2,142,840,471.15,True,102,"2,5-Dimethyldecane"
prob_in_spec,2,143,1130,453.15,True,103,4-Ethyl-4-methyloctane
prob_in_spec,2,144,735,439.15,False,103,"2,2,4,4-Tetramethylpentan-3-ol"
prob_in_spec,2,145,854,473.15,False,103,"2,4-Dimethyldecane"
prob_in_spec,2,146,974,447.15,False,103,(S)-1-Octen-3-ol
prob_in_spec,2,147,400,459.15,True,104,6-Methylhept-5-en-2-ol
prob_in_spec,2,148,1070,448.15,False,104,2-Octen-4-ol
prob_in_spec,2,149,491,456.1,True,105,Hept-2-en-1-ol
prob_in_spec,2,150,990,442.65,False,105,3-Hepten-1-ol
qlogei_target,2,1,750,523.15,False,0,2-Methyl-1-tridecene
qlogei_target,2,2,371,416.15,False,0,2-Methyloctane
qlogei_target,2,3,515,315.0,False,0,"1,3-Pentadiene"
qlogei_target,2,4,135,238.35,False,0,Allene
qlogei_target,2,5,1040,395.75,False,0,cis-4-Octene
qlogei_target,2,6,1015,360.15,False,0,5-Methyl-2-hexene
qlogei_target,2,7,325,447.25,False,0,Decane
qlogei_target,2,8,114,614.65,False,0,Tetraethylenepentamine
qlogei_target,2,9,563,351.65,False,0,n-Methyloctan-1-amine
qlogei_target,2,10,418,503.15,False,0,"3,4-Diethyl-3,4-hexanediol"
qlogei_target,2,11,419,462.35,True,1,2-Methyldecane
qlogei_target,2,12,825,463.85,True,2,2-Methyl-1-decene
qlogei_target,2,13,1097,456.15,True,3,"2,8-Dimethylnonane"
qlogei_target,2,14,627,465.15,True,4,3-Methyldecane
qlogei_target,2,15,302,469.05,True,5,Undecane
qlogei_target,2,16,360,461.15,True,6,4-Methyldecane
qlogei_target,2,17,1202,452.15,False,6,"4,6-Dimethylnonane"
qlogei_target,2,18,932,461.15,True,7,3-Ethylnonane
qlogei_target,2,19,1164,464.15,True,8,"2,2,4-Trimethylnonane"
qlogei_target,2,20,856,448.0,False,8,"2,3-Dimethylnonane"
qlogei_target,2,21,935,469.15,True,9,"3-Ethyl-2,7-dimethyloctane"
qlogei_target,2,22,919,473.15,False,9,"3,4,7-Trimethylnonane"
qlogei_target,2,23,1138,463.15,True,10,"4-Ethyl-2,6-dimethyloctane"
qlogei_target,2,24,635,459.15,True,11,5-Methyldecane
qlogei_target,2,25,499,473.15,False,11,"2,2,3-Trimethylnonane"
qlogei_target,2,26,1222,457.75,True,12,"2,6-Dimethyl-4-propylheptane"
qlogei_target,2,27,795,462.9,True,13,"3,3,6,6-Tetramethyloctane"
qlogei_target,2,28,1229,469.15,True,14,"3,5-Dimethyl-4-propylheptane"
qlogei_target,2,29,1183,457.0,True,15,"2,4,4,7-Tetramethyloctane"
qlogei_target,2,30,918,472.15,True,16,"3,4,5,6-Tetramethyloctane"
qlogei_target,2,31,1223,463.15,True,17,"2,5,5-Trimethylnonane"
qlogei_target,2,32,1218,462.15,True,18,"2,4-Dimethyl-4-propylheptane"
qlogei_target,2,33,699,465.45,True,19,5-Undecene
qlogei_target,2,34,1187,464.15,True,20,4-Tert-butyloctane
qlogei_target,2,35,1174,455.9,True,21,"2,2,6,6-Tetramethyloctane"
qlogei_target,2,36,1236,466.15,True,22,"2,2,3,3,6-Pentamethylheptane"
qlogei_target,2,37,1136,464.15,True,23,"4-Ethyl-2,4-dimethyloctane"
qlogei_target,2,38,828,384.0,False,23,"2,4-Dimethyl-2-hexene"
qlogei_target,2,39,1245,469.15,True,24,"2,4,4,5,5-Pentamethylheptane"
qlogei_target,2,40,694,499.15,False,24,2-Dodecyne
qlogei_target,2,41,1220,463.15,True,25,"2,5-Dimethyl-4-propylheptane"
qlogei_target,2,42,1206,462.15,True,26,"3,3-Diethyl-2,4-dimethylpentane"
qlogei_target,2,43,210,388.75,False,26,3-Ethyl-2-methylpentane
qlogei_target,2,44,1208,459.15,True,27,"3,3-Diethyl-2-methylhexane"
qlogei_target,2,45,774,475.15,False,27,5-Methyl-5-nonanol
qlogei_target,2,46,1115,462.15,True,28,"3,3-Diethyl-2,2-dimethylpentane"
qlogei_target,2,47,1203,460.15,True,29,"2,3,3,4,4-Pentamethylhexane"
qlogei_target,2,48,1116,467.15,True,30,"2,2,3,3,4,4-Hexamethylpentane"
qlogei_target,2,49,1207,476.15,False,30,"3,3-Diethyl-2-methylheptane"
qlogei_target,2,50,487,513.15,False,30,2-Tetradecene
qlogei_target,2,51,1114,459.15,True,31,"3-Ethyl-2,2,3,4-tetramethylpentane"
qlogei_target,2,52,696,455.44,True,32,Undec-4-ene
qlogei_target,2,53,1154,459.4,True,33,"2,4,5,7-Tetramethyloctane"
qlogei_target,2,54,1238,447.15,False,33,"2,2,3,4,5-Pentamethylhexane"
qlogei_target,2,55,1000,441.15,False,33,"cis-2,6-Dimethyl-2,6-octadiene"
qlogei_target,2,56,1021,466.15,True,34,(E)-4-Undecene
qlogei_target,2,57,1199,468.15,True,35,"2,2,3,3,5,5-Hexamethylhexane"
qlogei_target,2,58,841,474.15,False,35,"3,6-Dimethyldecane"
qlogei_target,2,59,945,416.85,False,35,"7-Methyl-1,6-octadiene"
qlogei_target,2,60,272,335.25,False,35,2-Methyl-1-pentene
qlogei_target,2,61,1076,456.28,True,36,"1,3,5-Undecatriene"
qlogei_target,2,62,1217,477.15,False,36,4-Methyl-2-(2-methylpropyl)pentan-1-ol
qlogei_target,2,63,351,479.15,False,36,Isononyl alcohol
qlogei_target,2,64,792,455.15,True,37,"2,4,6-Trimethyl-4-heptanol"
qlogei_target,2,65,239,466.65,True,38,2-Nonanol
qlogei_target,2,66,1221,463.15,True,39,"2,6,6-Trimethylnonane"
qlogei_target,2,67,409,462.15,True,40,3-Methyl-3-octanol
qlogei_target,2,68,658,454.65,True,41,2-Methyl-3-octanol
qlogei_target,2,69,669,465.4,True,42,4-Methyl-2-propylpentan-1-ol
qlogei_target,2,70,734,462.0,True,43,"1,10-Undecadiene"
qlogei_target,2,71,981,453.15,True,44,3-Methyl-4-octanol
qlogei_target,2,72,1211,468.15,True,45,2-Ethyl-4-methylhexan-1-ol
qlogei_target,2,73,468,452.15,False,45,"3,5-Dimethyl-4-heptanol"
qlogei_target,2,74,1079,606.15,False,45,Elaidyl alcohol
qlogei_target,2,75,367,413.15,False,45,3-Ethyl-3-methylhexane
qlogei_target,2,76,1232,467.8,True,46,"3,4,5,5-Tetramethylhexan-3-ol"
qlogei_target,2,77,126,479.15,False,46,"2,5-Dimethyl-3-hexyne-2,5-diol"
qlogei_target,2,78,209,415.15,False,46,"2,4-Dimethyl-3-pentanol"
qlogei_target,2,79,241,481.15,False,46,"Hexane-1,6-diol"
qlogei_target,2,80,656,429.15,False,46,"2,2-Dimethyl-3-hexanol"
qlogei_target,2,81,1141,458.15,True,47,4-Tert-butyl-2-methylheptane
qlogei_target,2,82,8,467.85,True,48,1-Octanol
qlogei_target,2,83,1147,448.15,False,48,"2,3,5,6-Tetramethylheptane"
qlogei_target,2,84,523,459.00627,True,49,"2,2,7,7-Tetramethyloctane"
qlogei_target,2,85,759,479.15,False,49,"2,4-Hexanediol"
qlogei_target,2,86,1160,460.15,True,50,"4-Ethyl-2,2-dimethyloctane"
qlogei_target,2,87,1249,460.65,True,51,"2,2,4,4-Tetramethyl-3-hexanol"
qlogei_target,2,88,1133,464.89743,True,52,"2,2,3,4-Tetramethylhexan-3-ol"
qlogei_target,2,89,328,579.15,False,52,Pristane
qlogei_target,2,90,532,433.15,False,52,3-Ethyl-3-hexanol
qlogei_target,2,91,276,447.15,False,52,1-Decyne
qlogei_target,2,92,796,479.94,False,52,6-Methyl-6-hepten-4-yn-3-ol
qlogei_target,2,93,348,437.4,False,52,4-Decyne
qlogei_target,2,94,330,451.15,False,52,5-Decyne
qlogei_target,2,95,748,430.94,False,52,Di-t-butylacetylene
qlogei_target,2,96,278,465.85,True,53,1-Undecene
qlogei_target,2,97,1067,413.84,False,53,"2,4-Nonadiene"
qlogei_target,2,98,101,394.45,False,53,1-Octene
qlogei_target,2,99,1022,478.54,False,53,3-Octen-2-OL
qlogei_target,2,100,500,506.02,False,53,"3,6-Nonadien-1-ol"
qlogei_target,2,101,491,456.1,True,54,Hept-2-en-1-ol
qlogei_target,2,102,275,412.15,False,54,2-(Vinyloxy)ethanol
qlogei_target,2,103,1030,429.46,False,54,"3,5-Hexadien-2-ol"
qlogei_target,2,104,933,460.94,True,55,2-Heptyn-1-ol
qlogei_target,2,105,621,465.15,True,56,"4,7-Dimethyloctan-4-ol"
qlogei_target,2,106,400,459.15,True,57,6-Methylhept-5-en-2-ol
qlogei_target,2,107,481,431.55,False,57,"4-Methylhepta-1,6-dien-4-ol"
qlogei_target,2,108,903,458.15,True,58,2-(Pentyloxy)ethanol
qlogei_target,2,109,808,453.15,True,59,2-Methyl-1-heptanol
qlogei_target,2,110,975,481.65,False,59,4-Methyl-2-propylhexan-1-ol
qlogei_target,2,111,1070,448.15,False,59,2-Octen-4-ol
qlogei_target,2,112,974,447.15,False,59,(S)-1-Octen-3-ol
qlogei_target,2,113,668,514.75,False,59,"3,7-Dimethylocta-1,5,7-trien-3-ol"
qlogei_target,2,114,1057,394.15,False,59,3-Methyl-3-heptene
qlogei_target,2,115,715,440.15,False,59,2-Methyl-1-nonene
qlogei_target,2,116,1105,468.15,True,60,"2,3,4,5,6-Pentamethylheptane"
qlogei_target,2,117,1240,459.15,True,61,"2,2,5,5,6-Pentamethylheptane"
qlogei_target,2,118,624,435.65,False,61,"3,4,5-Trimethylheptane"
qlogei_target,2,119,1243,467.15,True,62,"2,3-Dimethyl-4-propylheptane"
qlogei_target,2,120,1143,442.15,False,62,"2,2,4,5-Tetramethylheptane"
qlogei_target,2,121,394,451.65,False,62,2-Octanol
qlogei_target,2,122,1027,570.5,False,62,cis-7-Dodecen-1-ol
qlogei_target,2,123,109,481.15,False,62,2-(Hexyloxy)ethanol
qlogei_target,2,124,1216,457.05,True,63,"3,3-Dimethylnon-4-yne"
qlogei_target,2,125,548,428.9,False,63,5-Hexen-1-ol
qlogei_target,2,126,997,460.44,True,64,"(E,E,Z)-Undeca-1,3,5,8-tetraene"
qlogei_target,2,127,322,437.15,False,64,"1,9-Decadiene"
qlogei_target,2,128,693,368.08,False,64,"Hepta-2,4-diene"
qlogei_target,2,129,471,444.15,False,64,Myrcene
qlogei_target,2,130,1,455.15,True,65,"2,3-Butanediol"
qlogei_target,2,131,477,480.15,False,65,Neopentyl glycol
qlogei_target,2,132,647,448.15,False,65,"2-Methylbutane-2,3-diol"
qlogei_target,2,133,633,483.65,False,65,"1,2-Pentanediol"
qlogei_target,2,134,320,411.15,False,65,Pent-2-en-1-ol
qlogei_target,2,135,558,494.15,False,65,"2-Methyl-1,3-propanediol"
qlogei_target,2,136,807,456.65,True,66,"meso-2,3-Butanediol"
qlogei_target,2,137,1074,460.26,True,67,"Hepta-2,4-dien-1-ol"
qlogei_target,2,138,307,403.15,False,67,2-Methoxy-1-propanol
qlogei_target,2,139,403,398.15,False,67,4-Methyl-1-penten-3-OL
qlogei_target,2,140,1031,392.15,False,67,"1,4-Octadiene"
qlogei_target,2,141,810,350.5,False,67,"(R,R)-2,3-butanediol"
qlogei_target,2,142,1106,491.65,False,67,"4-Methylpentane-1,4-diol"
qlogei_target,2,143,87,511.15,False,67,"2-Butyne-1,4-diol"
qlogei_target,2,144,221,467.9,True,68,3-Nonanol
qlogei_target,2,145,298,467.15,True,69,Triisobutylamine
qlogei_target,2,146,1241,457.15,True,70,"2,2,5,5-Tetramethyloctane"
qlogei_target,2,147,922,457.15,True,71,4-Ethylnonane
qlogei_target,2,148,1231,454.15,True,72,"3,4,4-Trimethyloctane"
qlogei_target,2,149,677,460.65,True,73,"2,2,4,4,6-Pentamethylheptane"
qlogei_target,2,150,288,485.15,False,73,3-Methylundecane
random,3,1,999,607.14,False,0,"2,6-Dimethyl-3,7-octadiene-2,6-diol"
random,3,2,727,492.55,False,0,3-Dodecyne
random,3,3,1084,360.6,False,0,"1,3-Heptadiene"
random,3,4,223,416.15,False,0,"3,3-Dimethyl-1-butanol"
random,3,5,1007,593.56,False,0,"(Z,Z)-Heptadeca-1,8,11-triene"
random,3,6,106,451.75,False,0,Octylamine
random,3,7,49,498.15,False,0,5-Ethyl-2-nonanol
random,3,8,225,415.15,False,0,2-Methyl-2-hexanol
random,3,9,117,588.65,False,0,1-Octadecene
random,3,10,294,406.15,False,0,"2,2-Dimethylheptane"
random,3,11,227,340.45,False,0,2-Methyl-2-pentene
random,3,12,1012,398.75,False,0,cis-2-Octene
random,3,13,108,533.15,False,0,"N,N-Dimethyldodecylamine"
random,3,14,299,652.15,False,0,Trioctylamine
random,3,15,230,424.15,False,0,4-Methyl-1-pentanol
random,3,16,778,358.15,False,0,3-Methyl-1-hexyne
random,3,17,602,435.15,False,0,"3,4-Dimethyloctane"
random,3,18,544,438.06,False,0,Hex-2-yn-1-ol
random,3,19,119,225.55,False,0,Propylene
random,3,20,419,462.35,True,1,2-Methyldecane
random,3,21,40,336.45,False,1,3-Methylpentane
random,3,22,1112,470.15,True,2,"5,5-Dimethyldecane"
random,3,23,493,574.0,False,2,"1,10-Decanediol"
random,3,24,144,311.65,False,2,2-Methyl-2-butene
random,3,25,568,358.15,False,2,5-Methyl-1-hexene
random,3,26,923,473.15,False,2,"3,5-Dimethyldecane"
random,3,27,1197,389.65,False,2,"N,N-dimethylpentan-3-amine"
random,3,28,736,518.0,False,2,"2,3,4-Pentanetriol"
random,3,29,218,407.0,False,2,3-Hexanol
random,3,30,947,444.45,False,2,trans-5-Decene
random,3,31,371,416.15,False,2,2-Methyloctane
random,3,32,869,374.95,False,2,"3,4-Dimethyl-1,5-hexadiene"
random,3,33,1087,422.0,False,2,"7-Methyl-2,4-octadiene"
random,3,34,1175,443.15,False,2,"2,5-Dimethyl-3-isopropylhexane"
random,3,35,813,481.15,False,2,"3-Methyl-1,3-butanediol"
random,3,36,175,390.85,False,2,4-Methylheptane
random,3,37,1117,456.27755,True,3,(S)-(+)-5-Methyl-1-heptanol
random,3,38,376,432.15,False,3,N-Methyldibutylamine
random,3,39,396,519.15,False,3,"2,2,4,4,6,8,8-Heptamethylnonane"
random,3,40,54,505.15,False,3,"N,N-Bis(3-aminopropyl)methylamine"
random,3,41,324,538.15,False,3,2-Tridecanol
random,3,42,243,508.55,False,3,Tridecane
random,3,43,965,396.15,False,3,2-Buten-1-ol
random,3,44,596,372.4,False,3,(R)-(-)-2-Butanol
random,3,45,36,380.99,False,3,Isobutanol
random,3,46,654,534.65,False,3,7-Ethyl-2-methyl-4-undecanol
random,3,47,827,430.15,False,3,"2,4-Dimethyl-3-isopropylpentane"
random,3,48,762,372.69,False,3,4-Methyl-2-hexyne
random,3,49,115,560.15,False,3,1-Tridecanol
random,3,50,1166,459.9,True,4,"3,3-Diethylheptane"
random,3,51,379,466.15,True,5,"3,5,5-Trimethyl-1-hexanol"
random,3,52,372,357.15,False,5,3-Methyl-1-hexene
random,3,53,315,521.05,False,5,2-Methyltridecane
random,3,54,613,721.15,False,5,1-Triacontene
random,3,55,928,730.15,False,5,1-Hentriacontene
random,3,56,856,448.0,False,5,"2,3-Dimethylnonane"
random,3,57,1037,478.32,False,5,4-Dodecene
random,3,58,824,412.15,False,5,7-Methyl-1-octene
random,3,59,5,280.45,False,5,Dimethylamine
random,3,60,1053,478.32,False,5,cis-6-Dodecene
random,3,61,486,357.45,False,5,2-Hexyne
random,3,62,948,340.21,False,5,trans-3-Hexene
random,3,63,1100,716.1,False,5,Linolenyl alcohol
random,3,64,414,365.15,False,5,2-Methyl-1-hexene
random,3,65,1194,462.15,True,6,4-Isopropyl-4-heptanol
random,3,66,185,363.15,False,6,2-Methylhexane
random,3,67,496,407.15,False,6,1-Methoxy-2-butanol
random,3,68,487,513.15,False,6,2-Tetradecene
random,3,69,601,436.15,False,6,4-Ethyloctane
random,3,70,1128,489.15,False,6,4-Methylnonan-1-ol
random,3,71,659,502.15,False,6,5-Undecanol
random,3,72,784,506.04,False,6,4-Tridecyne
random,3,73,347,445.56825,False,6,"2,2-Dimethyl-1-hexanol"
random,3,74,1088,383.57,False,6,"5,5-Dimethyl-2-hexene"
random,3,75,187,382.25,False,6,"2,5-Dimethylhexane"
random,3,76,995,309.45,False,6,trans-2-Pentene
random,3,77,1163,443.15,False,6,"2,2,7-Trimethyloctane"
random,3,78,231,409.15,False,6,2-Hexanol
random,3,79,250,603.15,False,6,Nonadecane
random,3,80,765,483.82,False,6,2-Octyn-1-ol
random,3,81,420,484.15,False,6,2-Methylundecane
random,3,82,1152,452.15,False,6,"3,4,6-Trimethyloctane"
random,3,83,1177,457.15,True,7,"2,2,3,3,4-Pentamethylhexane"
random,3,84,598,408.75,False,7,3-Octyne
random,3,85,708,424.15,False,7,"2,3-Dimethyl-2-hexanol"
random,3,86,210,388.75,False,7,3-Ethyl-2-methylpentane
random,3,87,1213,451.15,False,7,"4-Ethyl-2,2,4-trimethylhexane"
random,3,88,1105,468.15,True,8,"2,3,4,5,6-Pentamethylheptane"
random,3,89,1207,476.15,False,8,"3,3-Diethyl-2-methylheptane"
random,3,90,781,444.15,False,8,4-Methyl-2-heptanol
random,3,91,983,450.15,False,8,"3-Ethyl-2,4,5-trimethylhexane"
random,3,92,1220,463.15,True,9,"2,5-Dimethyl-4-propylheptane"
random,3,93,978,447.15,False,9,"3-Ethyl-2,2-dimethyl-3-pentanol"
random,3,94,429,336.15,False,9,Sec-butylamine
random,3,95,751,401.65,False,9,"2,3-Butadien-1-ol"
random,3,96,245,543.75,False,9,Pentadecane
random,3,97,102,426.15,False,9,Heptylamine
random,3,98,336,477.15,False,9,Dipentylamine
random,3,99,270,327.15,False,9,3-Methyl-1-pentene
random,3,100,891,428.45,False,9,"3-Ethyl-2,2,4-trimethylpentane"
random,3,101,81,397.45,False,9,2-Methoxyethanol
random,3,102,374,357.15,False,9,"2,3-Dimethyl-1-pentene"
random,3,103,618,420.65,False,9,3-Nonene
random,3,104,518,327.65,False,9,"N,N,N'-Triethylethylenediamine"
random,3,105,387,413.06493,False,9,"2,3,6-Trimethylheptane"
random,3,106,32,393.15,False,9,3-Methyl-1-pentyn-3-ol
random,3,107,881,436.06,False,9,"4-Ethyl-3,3-dimethylhexane"
random,3,108,933,460.94,True,10,2-Heptyn-1-ol
random,3,109,271,345.65,False,10,"4,4-Dimethyl-1-pentene"
random,3,110,683,376.4,False,10,Non-3-yn-1-ol
random,3,111,465,684.15,False,10,1-Hexacosene
random,3,112,847,498.55,False,10,5-Ethyl-3-nonanol
random,3,113,197,715.15,False,10,Heptacosane
random,3,114,373,346.15,False,10,"2-Ethyl-1,3-butadiene"
random,3,115,792,455.15,True,11,"2,4,6-Trimethyl-4-heptanol"
random,3,116,78,303.15,False,11,1-Pentene
random,3,117,656,429.15,False,11,"2,2-Dimethyl-3-hexanol"
random,3,118,695,536.15,False,11,2-Tetradecyne
random,3,119,835,384.35,False,11,"2,4-Dimethyl-1-hexene"
random,3,120,388,357.15,False,11,3-Ethyl-1-pentene
random,3,121,156,359.15,False,11,"3,3-Dimethylpentane"
random,3,122,773,387.0,False,11,"1,3,4-Hexatriene"
random,3,123,605,411.15,False,11,3-Ethyl-2-methylhexane
random,3,124,1214,450.15,False,11,"3,3,6-Trimethyloctane"
random,3,125,1151,451.15,False,11,4-Methyl-4-propylheptane
random,3,126,23,249.95,False,11,Propyne
random,3,127,834,439.88857,False,11,"2,7-Dimethyl-2,6-octadiene"
random,3,128,772,356.98,False,11,Propen-2-ol
random,3,129,663,506.65,False,11,"3,4-Hexanediol"
random,3,130,497,445.15,False,11,5-Methyl-2-heptanol
random,3,131,1193,443.15,False,11,"3,5,5-Trimethyloctane"
random,3,132,479,411.29,False,11,"5,5-Dimethyl-3-heptyne"
random,3,133,489,414.15,False,11,3-Heptanamine
random,3,134,858,557.15,False,11,2-Methyl-1-pentadecene
random,3,135,390,341.0,False,11,2-Hexene
random,3,136,1248,413.15,False,11,"3,5-Dimethyl-2,4-heptadiene"
random,3,137,908,620.44,False,11,5-Octadecyne
random,3,138,620,369.35,False,11,N-Isopropylpropylamine
random,3,139,604,384.15,False,11,"2,3-Dimethylhex-1-ene"
random,3,140,440,756.15,False,11,Tetratriacontane
random,3,141,1146,458.15,True,12,"3,4,4,5-Tetramethylheptane"
random,3,142,916,472.15,True,13,"3,6-Dimethyl-3-ethyl-octane"
random,3,143,1066,424.2,False,13,"cis,cis-2,7-Nonadiene"
random,3,144,88,364.15,False,13,N-Methylbutylamine
random,3,145,704,409.64,False,13,"2,4,6-Octatriyne"
random,3,146,1036,510.65,False,13,trans-2-Tridecene
random,3,147,1048,478.32,False,13,cis-2-Dodecene
random,3,148,930,455.15,True,14,"3,3-Dimethylnonane"
random,3,149,165,401.05,False,14,2-Methyl-3-pentanol
random,3,150,1018,369.15,False,14,cis-3-Heptene
mw_heuristic,3,1,999,607.14,False,0,"2,6-Dimethyl-3,7-octadiene-2,6-diol"
mw_heuristic,3,2,727,492.55,False,0,3-Dodecyne
mw_heuristic,3,3,1084,360.6,False,0,"1,3-Heptadiene"
mw_heuristic,3,4,223,416.15,False,0,"3,3-Dimethyl-1-butanol"
mw_heuristic,3,5,1007,593.56,False,0,"(Z,Z)-Heptadeca-1,8,11-triene"
mw_heuristic,3,6,106,451.75,False,0,Octylamine
mw_heuristic,3,7,49,498.15,False,0,5-Ethyl-2-nonanol
mw_heuristic,3,8,225,415.15,False,0,2-Methyl-2-hexanol
mw_heuristic,3,9,117,588.65,False,0,1-Octadecene
mw_heuristic,3,10,294,406.15,False,0,"2,2-Dimethylheptane"
mw_heuristic,3,11,46,423.15,False,0,Triallylamine
mw_heuristic,3,12,276,447.15,False,0,1-Decyne
mw_heuristic,3,13,322,437.15,False,0,"1,9-Decadiene"
mw_heuristic,3,14,330,451.15,False,0,5-Decyne
mw_heuristic,3,15,348,437.4,False,0,4-Decyne
mw_heuristic,3,16,279,440.15,False,0,2-Methylnonane
mw_heuristic,3,17,295,410.15,False,0,"2,2,5,5-Tetramethylhexane"
mw_heuristic,3,18,297,433.15,False,0,"2,7-Dimethyloctane"
mw_heuristic,3,19,306,426.15,False,0,"2,5,5-Trimethylheptane"
mw_heuristic,3,20,325,447.25,False,0,Decane
mw_heuristic,3,21,83,506.15,False,0,"2,5-Dimethyl-2,5-hexanediol"
mw_heuristic,3,22,109,481.15,False,0,2-(Hexyloxy)ethanol
mw_heuristic,3,23,133,503.25,False,0,"2,2,4-Trimethyl-1,3-pentanediol"
mw_heuristic,3,24,537,418.15,False,0,"1,8-Octanediol"
mw_heuristic,3,25,572,370.65,False,0,Tris(2-aminoethyl)amine
mw_heuristic,3,26,997,460.44,True,1,"(E,E,Z)-Undeca-1,3,5,8-tetraene"
mw_heuristic,3,27,54,505.15,False,1,"N,N-Bis(3-aminopropyl)methylamine"
mw_heuristic,3,28,1076,456.28,True,2,"1,3,5-Undecatriene"
mw_heuristic,3,29,42,438.2,False,2,"N,N,N',N'-Tetramethyl-1,3-butanediamine"
mw_heuristic,3,30,123,394.15,False,2,"N,N-Diisopropylethylenediamine"
mw_heuristic,3,31,39,653.15,False,2,Xylitol
mw_heuristic,3,32,668,514.75,False,2,"3,7-Dimethylocta-1,5,7-trien-3-ol"
mw_heuristic,3,33,1072,514.75,False,2,Hotrienol
mw_heuristic,3,34,559,469.15,True,3,1-Undecyne
mw_heuristic,3,35,712,471.09534,True,4,5-Undecyne
mw_heuristic,3,36,221,467.9,True,5,3-Nonanol
mw_heuristic,3,37,239,466.65,True,6,2-Nonanol
mw_heuristic,3,38,319,446.15,False,6,"3,6-Dimethyl-3-heptanol"
mw_heuristic,3,39,351,479.15,False,6,Isononyl alcohol
mw_heuristic,3,40,379,466.15,True,7,"3,5,5-Trimethyl-1-hexanol"
mw_heuristic,3,41,409,462.15,True,8,3-Methyl-3-octanol
mw_heuristic,3,42,412,465.65,True,9,4-Nonanol
mw_heuristic,3,43,467,448.15,False,9,"2,6-Dimethyl-3-heptanol"
mw_heuristic,3,44,468,452.15,False,9,"3,5-Dimethyl-4-heptanol"
mw_heuristic,3,45,533,452.15,False,9,4-Ethyl-4-heptanol
mw_heuristic,3,46,518,327.65,False,9,"N,N,N'-Triethylethylenediamine"
mw_heuristic,3,47,520,441.15,False,9,"N,N,N',N'-Tetramethyl-1,4-butanediamine"
mw_heuristic,3,48,594,443.15,False,9,"2,6-Dimethyl-2-heptanol"
mw_heuristic,3,49,646,443.15,False,9,"2,2,3-Trimethylhexan-3-ol"
mw_heuristic,3,50,658,454.65,True,10,2-Methyl-3-octanol
mw_heuristic,3,51,669,465.4,True,11,4-Methyl-2-propylpentan-1-ol
mw_heuristic,3,52,735,439.15,False,11,"2,2,4,4-Tetramethylpentan-3-ol"
mw_heuristic,3,53,769,453.22759,True,12,4-Methyl-4-octanol
mw_heuristic,3,54,811,451.05,False,12,"3-Ethyl-2,4-dimethylpentan-3-ol"
mw_heuristic,3,55,864,479.15,False,12,6-Methyloctan-1-ol
mw_heuristic,3,56,905,438.65,False,12,"3,4,4-Trimethylhexan-3-ol"
mw_heuristic,3,57,906,444.86543,False,12,"2,4,4-Trimethyl-3-hexanol"
mw_heuristic,3,58,978,447.15,False,12,"3-Ethyl-2,2-dimethyl-3-pentanol"
mw_heuristic,3,59,981,453.15,True,13,3-Methyl-4-octanol
mw_heuristic,3,60,1108,447.15,False,13,"2,2-Dimethyl-4-heptanol"
mw_heuristic,3,61,1178,452.15,False,13,"2,3,4-Trimethylhexan-3-ol"
mw_heuristic,3,62,1211,468.15,True,14,2-Ethyl-4-methylhexan-1-ol
mw_heuristic,3,63,45,426.15,False,14,Tripropylamine
mw_heuristic,3,64,331,471.15,True,15,Nonylamine
mw_heuristic,3,65,334,445.15,False,15,"N,N-Dimethylheptylamine"
mw_heuristic,3,66,376,432.15,False,15,N-Methyldibutylamine
mw_heuristic,3,67,563,351.65,False,15,n-Methyloctan-1-amine
mw_heuristic,3,68,734,462.0,True,16,"1,10-Undecadiene"
mw_heuristic,3,69,786,479.15,False,16,2-Undecyne
mw_heuristic,3,70,787,473.15,False,16,3-Undecyne
mw_heuristic,3,71,788,471.65,True,17,4-Undecyne
mw_heuristic,3,72,1216,457.05,True,18,"3,3-Dimethylnon-4-yne"
mw_heuristic,3,73,967,502.15,False,18,Nerol
mw_heuristic,3,74,278,465.85,True,19,1-Undecene
mw_heuristic,3,75,696,455.44,True,20,Undec-4-ene
mw_heuristic,3,76,699,465.45,True,21,5-Undecene
mw_heuristic,3,77,825,463.85,True,22,2-Methyl-1-decene
mw_heuristic,3,78,1021,466.15,True,23,(E)-4-Undecene
mw_heuristic,3,79,337,431.15,False,23,"2,6-Dimethyloctane"
mw_heuristic,3,80,387,413.06493,False,23,"2,3,6-Trimethylheptane"
mw_heuristic,3,81,411,441.15,False,23,3-Methylnonane
mw_heuristic,3,82,423,437.15,False,23,"2,3-Dimethyloctane"
mw_heuristic,3,83,424,430.15,False,23,"3,3,5-Trimethylheptane"
mw_heuristic,3,84,436,432.86,False,23,5-Ethyl-2-methylheptane
mw_heuristic,3,85,437,433.15,False,23,"2,2,3,3-Tetramethylhexane"
mw_heuristic,3,86,57,497.15,False,23,(-)-Citronellol
mw_heuristic,3,87,1001,524.74,False,23,(E)-3-Decenol
mw_heuristic,3,88,1061,524.74,False,23,2-Decen-1-ol
mw_heuristic,3,89,1092,524.74,False,23,Dec-4-en-1-ol
mw_heuristic,3,90,302,469.05,True,24,Undecane
mw_heuristic,3,91,441,421.45,False,24,"2,2,4-Trimethylheptane"
mw_heuristic,3,92,443,437.15,False,24,5-Methylnonane
mw_heuristic,3,93,454,421.05,False,24,"2,2,4,5-Tetramethylhexane"
mw_heuristic,3,94,456,439.15,False,24,4-Methylnonane
mw_heuristic,3,95,570,422.7,False,24,"2,4,4-Trimethylheptane"
mw_heuristic,3,96,584,438.15,False,24,3-Ethyloctane
mw_heuristic,3,97,599,427.15,False,24,"2,2-Dimethyloctane"
mw_heuristic,3,98,601,436.15,False,24,4-Ethyloctane
mw_heuristic,3,99,602,435.15,False,24,"3,4-Dimethyloctane"
mw_heuristic,3,100,603,433.95,False,24,"3,6-Dimethyloctane"
mw_heuristic,3,101,360,461.15,True,25,4-Methyldecane
mw_heuristic,3,102,419,462.35,True,26,2-Methyldecane
mw_heuristic,3,103,457,452.15,False,26,"2,5-Dimethylnonane"
mw_heuristic,3,104,458,452.15,False,26,"2,6-Dimethylnonane"
mw_heuristic,3,105,459,457.15,True,27,"3,7-Dimethylnonane"
mw_heuristic,3,106,503,452.15,False,27,"2,3,7-Trimethyloctane"
mw_heuristic,3,107,606,455.15,True,28,"4,5-Dimethylnonane"
mw_heuristic,3,108,627,465.15,True,29,3-Methyldecane
mw_heuristic,3,109,635,459.15,True,30,5-Methyldecane
mw_heuristic,3,110,676,453.15,True,31,"2,3,6-Trimethyloctane"
mw_heuristic,3,111,777,436.15,False,31,"2,2,6,6-Tetramethylheptane"
mw_heuristic,3,112,791,449.15,False,31,"2,2,4,4,5-Pentamethylhexane"
mw_heuristic,3,113,793,439.15,False,31,"2,2,5,5-Tetramethylheptane"
mw_heuristic,3,114,794,453.15,True,32,"3,3,5,5-Tetramethylheptane"
mw_heuristic,3,115,803,452.15,False,32,"2,2,3-Trimethyloctane"
mw_heuristic,3,116,804,450.15,False,32,"2,3,5-Trimethyloctane"
mw_heuristic,3,117,845,443.15834,False,32,"2,2,4-Trimethyloctane"
mw_heuristic,3,118,856,448.0,False,32,"2,3-Dimethylnonane"
mw_heuristic,3,119,904,447.15,False,32,"2,2,6-Trimethyloctane"
mw_heuristic,3,120,913,451.15,False,32,"2,4-Dimethylnonane"
mw_heuristic,3,121,914,456.46543,True,33,"4,4-Diethylheptane"
mw_heuristic,3,122,922,457.15,True,34,4-Ethylnonane
mw_heuristic,3,123,930,455.15,True,35,"3,3-Dimethylnonane"
mw_heuristic,3,124,932,461.15,True,36,3-Ethylnonane
mw_heuristic,3,125,934,455.15,True,37,"2,3,3-Trimethyloctane"
mw_heuristic,3,126,936,451.15,False,37,"2,5,6-Trimethyloctane"
mw_heuristic,3,127,937,447.15,False,37,"2,4,6-Trimethyloctane"
mw_heuristic,3,128,938,447.15,False,37,"2,2,3,5-Tetramethylheptane"
mw_heuristic,3,129,979,452.15,False,37,"2,3,4,5-Tetramethylheptane"
mw_heuristic,3,130,983,450.15,False,37,"3-Ethyl-2,4,5-trimethylhexane"
mw_heuristic,3,131,1096,453.15,True,38,"2,7-Dimethylnonane"
mw_heuristic,3,132,1097,456.15,True,39,"2,8-Dimethylnonane"
mw_heuristic,3,133,1113,454.15,True,40,"3,4,5-Trimethyloctane"
mw_heuristic,3,134,1114,459.15,True,41,"3-Ethyl-2,2,3,4-tetramethylpentane"
mw_heuristic,3,135,1115,462.15,True,42,"3,3-Diethyl-2,2-dimethylpentane"
mw_heuristic,3,136,1116,467.15,True,43,"2,2,3,3,4,4-Hexamethylpentane"
mw_heuristic,3,137,1119,458.15,True,44,"3,4-Dimethylnonane"
mw_heuristic,3,138,1127,447.15,False,44,4-Tert-butylheptane
mw_heuristic,3,139,1129,453.15,True,45,"2,3,4-Trimethyloctane"
mw_heuristic,3,140,1130,453.15,True,46,4-Ethyl-4-methyloctane
mw_heuristic,3,141,1131,443.15,False,46,"2,4,7-Trimethyloctane"
mw_heuristic,3,142,1132,454.15,True,47,"4-Ethyl-3,5-dimethylheptane"
mw_heuristic,3,143,1139,451.15,False,47,4-Isopropyloctane
mw_heuristic,3,144,1140,443.15,False,47,"3-Ethyl-2,2,5-trimethylhexane"
mw_heuristic,3,145,1143,442.15,False,47,"2,2,4,5-Tetramethylheptane"
mw_heuristic,3,146,1144,447.15,False,47,"3,3,5-Trimethyloctane"
mw_heuristic,3,147,1145,443.15,False,47,"2,2,4,4-Tetramethylheptane"
mw_heuristic,3,148,1146,458.15,True,48,"3,4,4,5-Tetramethylheptane"
mw_heuristic,3,149,1147,448.15,False,48,"2,3,5,6-Tetramethylheptane"
mw_heuristic,3,150,1149,437.15,False,48,"2,4,4,6-Tetramethylheptane"
greedy_gp,3,1,999,607.14,False,0,"2,6-Dimethyl-3,7-octadiene-2,6-diol"
greedy_gp,3,2,727,492.55,False,0,3-Dodecyne
greedy_gp,3,3,1084,360.6,False,0,"1,3-Heptadiene"
greedy_gp,3,4,223,416.15,False,0,"3,3-Dimethyl-1-butanol"
greedy_gp,3,5,1007,593.56,False,0,"(Z,Z)-Heptadeca-1,8,11-triene"
greedy_gp,3,6,106,451.75,False,0,Octylamine
greedy_gp,3,7,49,498.15,False,0,5-Ethyl-2-nonanol
greedy_gp,3,8,225,415.15,False,0,2-Methyl-2-hexanol
greedy_gp,3,9,117,588.65,False,0,1-Octadecene
greedy_gp,3,10,294,406.15,False,0,"2,2-Dimethylheptane"
greedy_gp,3,11,788,471.65,True,1,4-Undecyne
greedy_gp,3,12,712,471.09534,True,2,5-Undecyne
greedy_gp,3,13,787,473.15,False,2,3-Undecyne
greedy_gp,3,14,1216,457.05,True,3,"3,3-Dimethylnon-4-yne"
greedy_gp,3,15,811,451.05,False,3,"3-Ethyl-2,4-dimethylpentan-3-ol"
greedy_gp,3,16,336,477.15,False,3,Dipentylamine
greedy_gp,3,17,984,480.15,False,3,Methylnonylamine
greedy_gp,3,18,1110,475.15,False,3,N-Ethyloctylamine
greedy_gp,3,19,1097,456.15,True,4,"2,8-Dimethylnonane"
greedy_gp,3,20,825,463.85,True,5,2-Methyl-1-decene
greedy_gp,3,21,419,462.35,True,6,2-Methyldecane
greedy_gp,3,22,635,459.15,True,7,5-Methyldecane
greedy_gp,3,23,922,457.15,True,8,4-Ethylnonane
greedy_gp,3,24,360,461.15,True,9,4-Methyldecane
greedy_gp,3,25,627,465.15,True,10,3-Methyldecane
greedy_gp,3,26,519,377.15,False,10,"N,N-Dimethylethylenediamine"
greedy_gp,3,27,625,466.65,True,11,1-Nonen-3-ol
greedy_gp,3,28,1205,473.15,False,11,"3,3-Diethyl-2,4-dimethylhexane"
greedy_gp,3,29,438,451.15,False,11,"2,2,4,6,6-Pentamethylheptane"
greedy_gp,3,30,42,438.2,False,11,"N,N,N',N'-Tetramethyl-1,3-butanediamine"
greedy_gp,3,31,1160,460.15,True,12,"4-Ethyl-2,2-dimethyloctane"
greedy_gp,3,32,149,460.15,True,13,Diisoamylamine
greedy_gp,3,33,1105,468.15,True,14,"2,3,4,5,6-Pentamethylheptane"
greedy_gp,3,34,335,379.65,False,14,3-Butyn-2-ol
greedy_gp,3,35,954,382.65,False,14,(R)-(+)-3-Butyn-2-ol
greedy_gp,3,36,1223,463.15,True,15,"2,5,5-Trimethylnonane"
greedy_gp,3,37,1164,464.15,True,16,"2,2,4-Trimethylnonane"
greedy_gp,3,38,792,455.15,True,17,"2,4,6-Trimethyl-4-heptanol"
greedy_gp,3,39,1218,462.15,True,18,"2,4-Dimethyl-4-propylheptane"
greedy_gp,3,40,1154,459.4,True,19,"2,4,5,7-Tetramethyloctane"
greedy_gp,3,41,1222,457.75,True,20,"2,6-Dimethyl-4-propylheptane"
greedy_gp,3,42,1187,464.15,True,21,4-Tert-butyloctane
greedy_gp,3,43,1136,464.15,True,22,"4-Ethyl-2,4-dimethyloctane"
greedy_gp,3,44,1232,467.8,True,23,"3,4,5,5-Tetramethylhexan-3-ol"
greedy_gp,3,45,1249,460.65,True,24,"2,2,4,4-Tetramethyl-3-hexanol"
greedy_gp,3,46,1217,477.15,False,24,4-Methyl-2-(2-methylpropyl)pentan-1-ol
greedy_gp,3,47,1199,468.15,True,25,"2,2,3,3,5,5-Hexamethylhexane"
greedy_gp,3,48,1236,466.15,True,26,"2,2,3,3,6-Pentamethylheptane"
greedy_gp,3,49,795,462.9,True,27,"3,3,6,6-Tetramethyloctane"
greedy_gp,3,50,1221,463.15,True,28,"2,6,6-Trimethylnonane"
greedy_gp,3,51,997,460.44,True,29,"(E,E,Z)-Undeca-1,3,5,8-tetraene"
greedy_gp,3,52,8,467.85,True,30,1-Octanol
greedy_gp,3,53,1211,468.15,True,31,2-Ethyl-4-methylhexan-1-ol
greedy_gp,3,54,1203,460.15,True,32,"2,3,3,4,4-Pentamethylhexane"
greedy_gp,3,55,1115,462.15,True,33,"3,3-Diethyl-2,2-dimethylpentane"
greedy_gp,3,56,684,327.66,False,33,Ethynol
greedy_gp,3,57,1076,456.28,True,34,"1,3,5-Undecatriene"
greedy_gp,3,58,1114,459.15,True,35,"3-Ethyl-2,2,3,4-tetramethylpentane"
greedy_gp,3,59,1220,463.15,True,36,"2,5-Dimethyl-4-propylheptane"
greedy_gp,3,60,1138,463.15,True,37,"4-Ethyl-2,6-dimethyloctane"
greedy_gp,3,61,15,355.36,False,37,Isopropyl Alcohol
greedy_gp,3,62,1116,467.15,True,38,"2,2,3,3,4,4-Hexamethylpentane"
greedy_gp,3,63,19,184.55,False,38,Ethane
greedy_gp,3,64,765,483.82,False,38,2-Octyn-1-ol
greedy_gp,3,65,597,370.15,False,38,3-Octyn-1-ol
greedy_gp,3,66,533,452.15,False,38,4-Ethyl-4-heptanol
greedy_gp,3,67,1133,464.89743,True,39,"2,2,3,4-Tetramethylhexan-3-ol"
greedy_gp,3,68,932,461.15,True,40,3-Ethylnonane
greedy_gp,3,69,1245,469.15,True,41,"2,4,4,5,5-Pentamethylheptane"
greedy_gp,3,70,669,465.4,True,42,4-Methyl-2-propylpentan-1-ol
greedy_gp,3,71,500,506.02,False,42,"3,6-Nonadien-1-ol"
greedy_gp,3,72,460,474.15,False,42,"2,2-Dimethyldecane"
greedy_gp,3,73,1141,458.15,True,43,4-Tert-butyl-2-methylheptane
greedy_gp,3,74,1183,457.0,True,44,"2,4,4,7-Tetramethyloctane"
greedy_gp,3,75,918,472.15,True,45,"3,4,5,6-Tetramethyloctane"
greedy_gp,3,76,499,473.15,False,45,"2,2,3-Trimethylnonane"
greedy_gp,3,77,217,440.15,False,45,"2,2-Diethoxyethanol"
greedy_gp,3,78,0,470.65,True,46,Ethylene Glycol
greedy_gp,3,79,658,454.65,True,47,2-Methyl-3-octanol
greedy_gp,3,80,981,453.15,True,48,3-Methyl-4-octanol
greedy_gp,3,81,677,460.65,True,49,"2,2,4,4,6-Pentamethylheptane"
greedy_gp,3,82,916,472.15,True,50,"3,6-Dimethyl-3-ethyl-octane"
greedy_gp,3,83,39,653.15,False,50,Xylitol
greedy_gp,3,84,1168,473.15,False,50,"3-Ethyl-3,4-dimethyloctane"
greedy_gp,3,85,412,465.65,True,51,4-Nonanol
greedy_gp,3,86,350,438.15,False,51,"1,8-Nonadiyne"
greedy_gp,3,87,696,455.44,True,52,Undec-4-ene
greedy_gp,3,88,1021,466.15,True,53,(E)-4-Undecene
greedy_gp,3,89,699,465.45,True,54,5-Undecene
greedy_gp,3,90,974,447.15,False,54,(S)-1-Octen-3-ol
greedy_gp,3,91,864,479.15,False,54,6-Methyloctan-1-ol
greedy_gp,3,92,351,479.15,False,54,Isononyl alcohol
greedy_gp,3,93,221,467.9,True,55,3-Nonanol
greedy_gp,3,94,239,466.65,True,56,2-Nonanol
greedy_gp,3,95,123,394.15,False,56,"N,N-Diisopropylethylenediamine"
greedy_gp,3,96,331,471.15,True,57,Nonylamine
greedy_gp,3,97,587,357.15,False,57,Tris(2-methylallyl)amine
greedy_gp,3,98,903,458.15,True,58,2-(Pentyloxy)ethanol
greedy_gp,3,99,1241,457.15,True,59,"2,2,5,5-Tetramethyloctane"
greedy_gp,3,100,553,507.15,False,59,"N,N-Dimethyldecylamine"
greedy_gp,3,101,529,465.15,True,60,"N,N,N',N'-Tetraethylethylenediamine"
greedy_gp,3,102,735,439.15,False,60,"2,2,4,4-Tetramethylpentan-3-ol"
greedy_gp,3,103,1240,459.15,True,61,"2,2,5,5,6-Pentamethylheptane"
greedy_gp,3,104,1150,463.0,True,62,"2,5,8-Trimethylnonane"
greedy_gp,3,105,935,469.15,True,63,"3-Ethyl-2,7-dimethyloctane"
greedy_gp,3,106,921,470.15,True,64,"3-Methyl, 3,5-diethyl, heptane"
greedy_gp,3,107,1137,470.15,True,65,"3-Ethyl-2,6-dimethyloctane"
greedy_gp,3,108,1230,469.15,True,66,"3,3-Dimethyl-4-propylheptane"
greedy_gp,3,109,919,473.15,False,66,"3,4,7-Trimethylnonane"
greedy_gp,3,110,1174,455.9,True,67,"2,2,6,6-Tetramethyloctane"
greedy_gp,3,111,481,431.55,False,67,"4-Methylhepta-1,6-dien-4-ol"
greedy_gp,3,112,621,465.15,True,68,"4,7-Dimethyloctan-4-ol"
greedy_gp,3,113,1206,462.15,True,69,"3,3-Diethyl-2,4-dimethylpentane"
greedy_gp,3,114,1243,467.15,True,70,"2,3-Dimethyl-4-propylheptane"
greedy_gp,3,115,1194,462.15,True,71,4-Isopropyl-4-heptanol
greedy_gp,3,116,734,462.0,True,72,"1,10-Undecadiene"
greedy_gp,3,117,1228,471.15,True,73,"3,4-Dimethyl-4-propylheptane"
greedy_gp,3,118,1207,476.15,False,73,"3,3-Diethyl-2-methylheptane"
greedy_gp,3,119,1112,470.15,True,74,"5,5-Dimethyldecane"
greedy_gp,3,120,1156,471.15,True,75,5-Ethyl-5-methylnonane
greedy_gp,3,121,278,465.85,True,76,1-Undecene
greedy_gp,3,122,563,351.65,False,76,n-Methyloctan-1-amine
greedy_gp,3,123,1158,472.15,True,77,"4,4-Dimethyldecane"
greedy_gp,3,124,1177,457.15,True,78,"2,2,3,3,4-Pentamethylhexane"
greedy_gp,3,125,1135,476.15,False,78,"3,3-Dimethyldecane"
greedy_gp,3,126,572,370.65,False,78,Tris(2-aminoethyl)amine
greedy_gp,3,127,1109,471.15,True,79,"N,N-Diethylheptylamine"
greedy_gp,3,128,683,376.4,False,79,Non-3-yn-1-ol
greedy_gp,3,129,523,459.00627,True,80,"2,2,7,7-Tetramethyloctane"
greedy_gp,3,130,786,479.15,False,80,2-Undecyne
greedy_gp,3,131,326,609.15,False,80,Heptadecylamine
greedy_gp,3,132,1079,606.15,False,80,Elaidyl alcohol
greedy_gp,3,133,122,631.0,False,80,Pentaerythritol
greedy_gp,3,134,678,575.34,False,80,9-Dodecyn-1-ol
greedy_gp,3,135,547,553.15,False,80,1-Pentadecyne
greedy_gp,3,136,280,444.15,False,80,1-Decene
greedy_gp,3,137,933,460.94,True,81,2-Heptyn-1-ol
greedy_gp,3,138,581,515.65,False,81,"3,6,9,12,15,18-Hexaoxaicosane-1,20-diol"
greedy_gp,3,139,399,521.55,False,81,"3-Methyl-1,5-pentanediol"
greedy_gp,3,140,325,447.25,False,81,Decane
greedy_gp,3,141,364,471.15,True,82,"1,1,4,7,7-Pentamethyldiethylenetriamine"
greedy_gp,3,142,12,478.2,False,82,3-(Dibutylamino)propylamine
greedy_gp,3,143,1229,469.15,True,83,"3,5-Dimethyl-4-propylheptane"
greedy_gp,3,144,1159,478.0,False,83,"3,3-Diethyloctane"
greedy_gp,3,145,1169,473.15,False,83,"4,4-Diethyloctane"
greedy_gp,3,146,920,483.15,False,83,"3,4-Dimethyl-3,4-diethyl-hexane"
greedy_gp,3,147,1204,479.15,False,83,"3,3-Diethyl-2,2,4-trimethylpentane"
greedy_gp,3,148,1233,452.15,False,83,3-Methyl-4-propylheptane
greedy_gp,3,149,769,453.22759,True,84,4-Methyl-4-octanol
greedy_gp,3,150,1182,453.15,True,85,4-Ethyl-5-methyloctane
prob_in_spec,3,1,999,607.14,False,0,"2,6-Dimethyl-3,7-octadiene-2,6-diol"
prob_in_spec,3,2,727,492.55,False,0,3-Dodecyne
prob_in_spec,3,3,1084,360.6,False,0,"1,3-Heptadiene"
prob_in_spec,3,4,223,416.15,False,0,"3,3-Dimethyl-1-butanol"
prob_in_spec,3,5,1007,593.56,False,0,"(Z,Z)-Heptadeca-1,8,11-triene"
prob_in_spec,3,6,106,451.75,False,0,Octylamine
prob_in_spec,3,7,49,498.15,False,0,5-Ethyl-2-nonanol
prob_in_spec,3,8,225,415.15,False,0,2-Methyl-2-hexanol
prob_in_spec,3,9,117,588.65,False,0,1-Octadecene
prob_in_spec,3,10,294,406.15,False,0,"2,2-Dimethylheptane"
prob_in_spec,3,11,787,473.15,False,0,3-Undecyne
prob_in_spec,3,12,788,471.65,True,1,4-Undecyne
prob_in_spec,3,13,712,471.09534,True,2,5-Undecyne
prob_in_spec,3,14,786,479.15,False,2,2-Undecyne
prob_in_spec,3,15,559,469.15,True,3,1-Undecyne
prob_in_spec,3,16,331,471.15,True,4,Nonylamine
prob_in_spec,3,17,1216,457.05,True,5,"3,3-Dimethylnon-4-yne"
prob_in_spec,3,18,351,479.15,False,5,Isononyl alcohol
prob_in_spec,3,19,239,466.65,True,6,2-Nonanol
prob_in_spec,3,20,1194,462.15,True,7,4-Isopropyl-4-heptanol
prob_in_spec,3,21,412,465.65,True,8,4-Nonanol
prob_in_spec,3,22,221,467.9,True,9,3-Nonanol
prob_in_spec,3,23,864,479.15,False,9,6-Methyloctan-1-ol
prob_in_spec,3,24,594,443.15,False,9,"2,6-Dimethyl-2-heptanol"
prob_in_spec,3,25,379,466.15,True,10,"3,5,5-Trimethyl-1-hexanol"
prob_in_spec,3,26,621,465.15,True,11,"4,7-Dimethyloctan-4-ol"
prob_in_spec,3,27,774,475.15,False,11,5-Methyl-5-nonanol
prob_in_spec,3,28,556,472.15,True,12,3-Ethyloctan-3-ol
prob_in_spec,3,29,710,467.14283,True,13,4-Propyl-4-heptanol
prob_in_spec,3,30,658,454.65,True,14,2-Methyl-3-octanol
prob_in_spec,3,31,981,453.15,True,15,3-Methyl-4-octanol
prob_in_spec,3,32,467,448.15,False,15,"2,6-Dimethyl-3-heptanol"
prob_in_spec,3,33,1211,468.15,True,16,2-Ethyl-4-methylhexan-1-ol
prob_in_spec,3,34,468,452.15,False,16,"3,5-Dimethyl-4-heptanol"
prob_in_spec,3,35,669,465.4,True,17,4-Methyl-2-propylpentan-1-ol
prob_in_spec,3,36,792,455.15,True,18,"2,4,6-Trimethyl-4-heptanol"
prob_in_spec,3,37,8,467.85,True,19,1-Octanol
prob_in_spec,3,38,625,466.65,True,20,1-Nonen-3-ol
prob_in_spec,3,39,1232,467.8,True,21,"3,4,5,5-Tetramethylhexan-3-ol"
prob_in_spec,3,40,1249,460.65,True,22,"2,2,4,4-Tetramethyl-3-hexanol"
prob_in_spec,3,41,1133,464.89743,True,23,"2,2,3,4-Tetramethylhexan-3-ol"
prob_in_spec,3,42,853,484.15,False,23,"2,2-Dimethyl-1-octanol"
prob_in_spec,3,43,1097,456.15,True,24,"2,8-Dimethylnonane"
prob_in_spec,3,44,1096,453.15,True,25,"2,7-Dimethylnonane"
prob_in_spec,3,45,458,452.15,False,25,"2,6-Dimethylnonane"
prob_in_spec,3,46,419,462.35,True,26,2-Methyldecane
prob_in_spec,3,47,627,465.15,True,27,3-Methyldecane
prob_in_spec,3,48,360,461.15,True,28,4-Methyldecane
prob_in_spec,3,49,635,459.15,True,29,5-Methyldecane
prob_in_spec,3,50,932,461.15,True,30,3-Ethylnonane
prob_in_spec,3,51,922,457.15,True,31,4-Ethylnonane
prob_in_spec,3,52,825,463.85,True,32,2-Methyl-1-decene
prob_in_spec,3,53,1183,457.0,True,33,"2,4,4,7-Tetramethyloctane"
prob_in_spec,3,54,1174,455.9,True,34,"2,2,6,6-Tetramethyloctane"
prob_in_spec,3,55,1241,457.15,True,35,"2,2,5,5-Tetramethyloctane"
prob_in_spec,3,56,1164,464.15,True,36,"2,2,4-Trimethylnonane"
prob_in_spec,3,57,1160,460.15,True,37,"4-Ethyl-2,2-dimethyloctane"
prob_in_spec,3,58,499,473.15,False,37,"2,2,3-Trimethylnonane"
prob_in_spec,3,59,1154,459.4,True,38,"2,4,5,7-Tetramethyloctane"
prob_in_spec,3,60,1221,463.15,True,39,"2,6,6-Trimethylnonane"
prob_in_spec,3,61,1223,463.15,True,40,"2,5,5-Trimethylnonane"
prob_in_spec,3,62,916,472.15,True,41,"3,6-Dimethyl-3-ethyl-octane"
prob_in_spec,3,63,1187,464.15,True,42,4-Tert-butyloctane
prob_in_spec,3,64,1136,464.15,True,43,"4-Ethyl-2,4-dimethyloctane"
prob_in_spec,3,65,1243,467.15,True,44,"2,3-Dimethyl-4-propylheptane"
prob_in_spec,3,66,1218,462.15,True,45,"2,4-Dimethyl-4-propylheptane"
prob_in_spec,3,67,921,470.15,True,46,"3-Methyl, 3,5-diethyl, heptane"
prob_in_spec,3,68,1168,473.15,False,46,"3-Ethyl-3,4-dimethyloctane"
prob_in_spec,3,69,1230,469.15,True,47,"3,3-Dimethyl-4-propylheptane"
prob_in_spec,3,70,1228,471.15,True,48,"3,4-Dimethyl-4-propylheptane"
prob_in_spec,3,71,1222,457.75,True,49,"2,6-Dimethyl-4-propylheptane"
prob_in_spec,3,72,795,462.9,True,50,"3,3,6,6-Tetramethyloctane"
prob_in_spec,3,73,1141,458.15,True,51,4-Tert-butyl-2-methylheptane
prob_in_spec,3,74,1105,468.15,True,52,"2,3,4,5,6-Pentamethylheptane"
prob_in_spec,3,75,1236,466.15,True,53,"2,2,3,3,6-Pentamethylheptane"
prob_in_spec,3,76,1138,463.15,True,54,"4-Ethyl-2,6-dimethyloctane"
prob_in_spec,3,77,1220,463.15,True,55,"2,5-Dimethyl-4-propylheptane"
prob_in_spec,3,78,1240,459.15,True,56,"2,2,5,5,6-Pentamethylheptane"
prob_in_spec,3,79,1150,463.0,True,57,"2,5,8-Trimethylnonane"
prob_in_spec,3,80,1199,468.15,True,58,"2,2,3,3,5,5-Hexamethylhexane"
prob_in_spec,3,81,935,469.15,True,59,"3-Ethyl-2,7-dimethyloctane"
prob_in_spec,3,82,1137,470.15,True,60,"3-Ethyl-2,6-dimethyloctane"
prob_in_spec,3,83,1227,457.15,True,61,"3,3,4,4-Tetramethylheptane"
prob_in_spec,3,84,1177,457.15,True,62,"2,2,3,3,4-Pentamethylhexane"
prob_in_spec,3,85,1206,462.15,True,63,"3,3-Diethyl-2,4-dimethylpentane"
prob_in_spec,3,86,1115,462.15,True,64,"3,3-Diethyl-2,2-dimethylpentane"
prob_in_spec,3,87,1203,460.15,True,65,"2,3,3,4,4-Pentamethylhexane"
prob_in_spec,3,88,1114,459.15,True,66,"3-Ethyl-2,2,3,4-tetramethylpentane"
prob_in_spec,3,89,1116,467.15,True,67,"2,2,3,3,4,4-Hexamethylpentane"
prob_in_spec,3,90,918,472.15,True,68,"3,4,5,6-Tetramethyloctane"
prob_in_spec,3,91,523,459.00627,True,69,"2,2,7,7-Tetramethyloctane"
prob_in_spec,3,92,1229,469.15,True,70,"3,5-Dimethyl-4-propylheptane"
prob_in_spec,3,93,699,465.45,True,71,5-Undecene
prob_in_spec,3,94,696,455.44,True,72,Undec-4-ene
prob_in_spec,3,95,1021,466.15,True,73,(E)-4-Undecene
prob_in_spec,3,96,734,462.0,True,74,"1,10-Undecadiene"
prob_in_spec,3,97,278,465.85,True,75,1-Undecene
prob_in_spec,3,98,1196,459.15,True,76,"3,4-Diethyl-3-methylhexane"
prob_in_spec,3,99,1208,459.15,True,77,"3,3-Diethyl-2-methylhexane"
prob_in_spec,3,100,1226,462.0,True,78,2-Methyl-5-propyloctane
prob_in_spec,3,101,1166,459.9,True,79,"3,3-Diethylheptane"
prob_in_spec,3,102,1112,470.15,True,80,"5,5-Dimethyldecane"
prob_in_spec,3,103,914,456.46543,True,81,"4,4-Diethylheptane"
prob_in_spec,3,104,919,473.15,False,81,"3,4,7-Trimethylnonane"
prob_in_spec,3,105,856,448.0,False,81,"2,3-Dimethylnonane"
prob_in_spec,3,106,1245,469.15,True,82,"2,4,4,5,5-Pentamethylheptane"
prob_in_spec,3,107,1146,458.15,True,83,"3,4,4,5-Tetramethylheptane"
prob_in_spec,3,108,1156,471.15,True,84,5-Ethyl-5-methylnonane
prob_in_spec,3,109,924,471.15,True,85,"4,6-Dimethyldecane"
prob_in_spec,3,110,1158,472.15,True,86,"4,4-Dimethyldecane"
prob_in_spec,3,111,1119,458.15,True,87,"3,4-Dimethylnonane"
prob_in_spec,3,112,1190,470.15,True,88,"3,5-Diethyloctane"
prob_in_spec,3,113,459,457.15,True,89,"3,7-Dimethylnonane"
prob_in_spec,3,114,668,514.75,False,89,"3,7-Dimethylocta-1,5,7-trien-3-ol"
prob_in_spec,3,115,1072,514.75,False,89,Hotrienol
prob_in_spec,3,116,1076,456.28,True,90,"1,3,5-Undecatriene"
prob_in_spec,3,117,276,447.15,False,90,1-Decyne
prob_in_spec,3,118,563,351.65,False,90,n-Methyloctan-1-amine
prob_in_spec,3,119,149,460.15,True,91,Diisoamylamine
prob_in_spec,3,120,831,466.15,True,92,"4,5-Diethyloctane"
prob_in_spec,3,121,830,472.15,True,93,4-Ethyl-5-methylnonane
prob_in_spec,3,122,1186,472.15,True,94,"3,4-Diethyloctane"
prob_in_spec,3,123,840,471.15,True,95,"2,5-Dimethyldecane"
prob_in_spec,3,124,912,470.15,True,96,5-Propylnonane
prob_in_spec,3,125,925,472.15,True,97,"4,7-Dimethyldecane"
prob_in_spec,3,126,302,469.05,True,98,Undecane
prob_in_spec,3,127,854,473.15,False,98,"2,4-Dimethyldecane"
prob_in_spec,3,128,732,471.15,True,99,"2,6-Dimethyldecane"
prob_in_spec,3,129,472,438.76616,False,99,"2,2,4-Trimethyl-1-pentanol"
prob_in_spec,3,130,657,424.15,False,99,"3,5-Dimethyl-3-hexanol"
prob_in_spec,3,131,438,451.15,False,99,"2,2,4,6,6-Pentamethylheptane"
prob_in_spec,3,132,906,444.86543,False,99,"2,4,4-Trimethyl-3-hexanol"
prob_in_spec,3,133,811,451.05,False,99,"3-Ethyl-2,4-dimethylpentan-3-ol"
prob_in_spec,3,134,1178,452.15,False,99,"2,3,4-Trimethylhexan-3-ol"
prob_in_spec,3,135,646,443.15,False,99,"2,2,3-Trimethylhexan-3-ol"
prob_in_spec,3,136,735,439.15,False,99,"2,2,4,4-Tetramethylpentan-3-ol"
prob_in_spec,3,137,1188,455.15,True,100,3-Ethyl-6-methyloctane
prob_in_spec,3,138,1192,452.15,False,100,"3,5-Diethylheptane"
prob_in_spec,3,139,997,460.44,True,101,"(E,E,Z)-Undeca-1,3,5,8-tetraene"
prob_in_spec,3,140,1132,454.15,True,102,"4-Ethyl-3,5-dimethylheptane"
prob_in_spec,3,141,923,473.15,False,102,"3,5-Dimethyldecane"
prob_in_spec,3,142,1169,473.15,False,102,"4,4-Diethyloctane"
prob_in_spec,3,143,606,455.15,True,103,"4,5-Dimethylnonane"
prob_in_spec,3,144,832,474.15,False,103,"5,6-Dimethyldecane"
prob_in_spec,3,145,376,432.15,False,103,N-Methyldibutylamine
prob_in_spec,3,146,1182,453.15,True,104,4-Ethyl-5-methyloctane
prob_in_spec,3,147,460,474.15,False,104,"2,2-Dimethyldecane"
prob_in_spec,3,148,1179,454.15,True,105,"2,3,3,4,5-Pentamethylhexane"
prob_in_spec,3,149,1170,455.15,True,106,"3,6-Dimethylnonane"
prob_in_spec,3,150,841,474.15,False,106,"3,6-Dimethyldecane"
qlogei_target,3,1,999,607.14,False,0,"2,6-Dimethyl-3,7-octadiene-2,6-diol"
qlogei_target,3,2,727,492.55,False,0,3-Dodecyne
qlogei_target,3,3,1084,360.6,False,0,"1,3-Heptadiene"
qlogei_target,3,4,223,416.15,False,0,"3,3-Dimethyl-1-butanol"
qlogei_target,3,5,1007,593.56,False,0,"(Z,Z)-Heptadeca-1,8,11-triene"
qlogei_target,3,6,106,451.75,False,0,Octylamine
qlogei_target,3,7,49,498.15,False,0,5-Ethyl-2-nonanol
qlogei_target,3,8,225,415.15,False,0,2-Methyl-2-hexanol
qlogei_target,3,9,117,588.65,False,0,1-Octadecene
qlogei_target,3,10,294,406.15,False,0,"2,2-Dimethylheptane"
qlogei_target,3,11,787,473.15,False,0,3-Undecyne
qlogei_target,3,12,1096,453.15,True,1,"2,7-Dimethylnonane"
qlogei_target,3,13,331,471.15,True,2,Nonylamine
qlogei_target,3,14,379,466.15,True,3,"3,5,5-Trimethyl-1-hexanol"
qlogei_target,3,15,1163,443.15,False,3,"2,2,7-Trimethyloctane"
qlogei_target,3,16,769,453.22759,True,4,4-Methyl-4-octanol
qlogei_target,3,17,360,461.15,True,5,4-Methyldecane
qlogei_target,3,18,319,446.15,False,5,"3,6-Dimethyl-3-heptanol"
qlogei_target,3,19,853,484.15,False,5,"2,2-Dimethyl-1-octanol"
qlogei_target,3,20,825,463.85,True,6,2-Methyl-1-decene
qlogei_target,3,21,635,459.15,True,7,5-Methyldecane
qlogei_target,3,22,419,462.35,True,8,2-Methyldecane
qlogei_target,3,23,1135,476.15,False,8,"3,3-Dimethyldecane"
qlogei_target,3,24,1186,472.15,True,9,"3,4-Diethyloctane"
qlogei_target,3,25,1164,464.15,True,10,"2,2,4-Trimethylnonane"
qlogei_target,3,26,1160,460.15,True,11,"4-Ethyl-2,2-dimethyloctane"
qlogei_target,3,27,696,455.44,True,12,Undec-4-ene
qlogei_target,3,28,594,443.15,False,12,"2,6-Dimethyl-2-heptanol"
qlogei_target,3,29,1220,463.15,True,13,"2,5-Dimethyl-4-propylheptane"
qlogei_target,3,30,1243,467.15,True,14,"2,3-Dimethyl-4-propylheptane"
qlogei_target,3,31,499,473.15,False,14,"2,2,3-Trimethylnonane"
qlogei_target,3,32,921,470.15,True,15,"3-Methyl, 3,5-diethyl, heptane"
qlogei_target,3,33,1207,476.15,False,15,"3,3-Diethyl-2-methylheptane"
qlogei_target,3,34,1183,457.0,True,16,"2,4,4,7-Tetramethyloctane"
qlogei_target,3,35,699,465.45,True,17,5-Undecene
qlogei_target,3,36,1154,459.4,True,18,"2,4,5,7-Tetramethyloctane"
qlogei_target,3,37,1187,464.15,True,19,4-Tert-butyloctane
qlogei_target,3,38,627,465.15,True,20,3-Methyldecane
qlogei_target,3,39,1021,466.15,True,21,(E)-4-Undecene
qlogei_target,3,40,1222,457.75,True,22,"2,6-Dimethyl-4-propylheptane"
qlogei_target,3,41,1138,463.15,True,23,"4-Ethyl-2,6-dimethyloctane"
qlogei_target,3,42,1223,463.15,True,24,"2,5,5-Trimethylnonane"
qlogei_target,3,43,795,462.9,True,25,"3,3,6,6-Tetramethyloctane"
qlogei_target,3,44,1218,462.15,True,26,"2,4-Dimethyl-4-propylheptane"
qlogei_target,3,45,1199,468.15,True,27,"2,2,3,3,5,5-Hexamethylhexane"
qlogei_target,3,46,1174,455.9,True,28,"2,2,6,6-Tetramethyloctane"
qlogei_target,3,47,1136,464.15,True,29,"4-Ethyl-2,4-dimethyloctane"
qlogei_target,3,48,1141,458.15,True,30,4-Tert-butyl-2-methylheptane
qlogei_target,3,49,912,470.15,True,31,5-Propylnonane
qlogei_target,3,50,523,459.00627,True,32,"2,2,7,7-Tetramethyloctane"
qlogei_target,3,51,1236,466.15,True,33,"2,2,3,3,6-Pentamethylheptane"
qlogei_target,3,52,1245,469.15,True,34,"2,4,4,5,5-Pentamethylheptane"
qlogei_target,3,53,832,474.15,False,34,"5,6-Dimethyldecane"
qlogei_target,3,54,1230,469.15,True,35,"3,3-Dimethyl-4-propylheptane"
qlogei_target,3,55,1048,478.32,False,35,cis-2-Dodecene
qlogei_target,3,56,932,461.15,True,36,3-Ethylnonane
qlogei_target,3,57,1150,463.0,True,37,"2,5,8-Trimethylnonane"
qlogei_target,3,58,1146,458.15,True,38,"3,4,4,5-Tetramethylheptane"
qlogei_target,3,59,1221,463.15,True,39,"2,6,6-Trimethylnonane"
qlogei_target,3,60,376,432.15,False,39,N-Methyldibutylamine
qlogei_target,3,61,890,442.66,False,39,"3-Ethyl-2,2,3-trimethylpentane"
qlogei_target,3,62,481,431.55,False,39,"4-Methylhepta-1,6-dien-4-ol"
qlogei_target,3,63,503,452.15,False,39,"2,3,7-Trimethyloctane"
qlogei_target,3,64,830,472.15,True,40,4-Ethyl-5-methylnonane
qlogei_target,3,65,684,327.66,False,40,Ethynol
qlogei_target,3,66,1178,452.15,False,40,"2,3,4-Trimethylhexan-3-ol"
qlogei_target,3,67,644,419.15,False,40,"2,4,4-Trimethyl-2-pentanol"
qlogei_target,3,68,765,483.82,False,40,2-Octyn-1-ol
qlogei_target,3,69,615,484.75,False,40,2-Methyl-1-undecene
qlogei_target,3,70,381,390.25,False,40,"1,7-Octadiene"
qlogei_target,3,71,0,470.65,True,41,Ethylene Glycol
qlogei_target,3,72,748,430.94,False,41,Di-t-butylacetylene
qlogei_target,3,73,750,523.15,False,41,2-Methyl-1-tridecene
qlogei_target,3,74,500,506.02,False,41,"3,6-Nonadien-1-ol"
qlogei_target,3,75,199,391.85,False,41,"2,3-Dimethyl-2-butanol"
qlogei_target,3,76,734,462.0,True,42,"1,10-Undecadiene"
qlogei_target,3,77,110,502.15,False,42,1-Decanol
qlogei_target,3,78,522,435.15,False,42,3-Hexyn-1-ol
qlogei_target,3,79,184,379.95,False,42,"2,2-Dimethylhexane"
qlogei_target,3,80,941,383.65,False,42,"N,N-Diisopropylmethylamine"
qlogei_target,3,81,254,675.05,False,42,Pentacosane
qlogei_target,3,82,657,424.15,False,42,"3,5-Dimethyl-3-hexanol"
qlogei_target,3,83,111,489.45,False,42,Dodecane
qlogei_target,3,84,1115,462.15,True,43,"3,3-Diethyl-2,2-dimethylpentane"
qlogei_target,3,85,371,416.15,False,43,2-Methyloctane
qlogei_target,3,86,278,465.85,True,44,1-Undecene
qlogei_target,3,87,373,346.15,False,44,"2-Ethyl-1,3-butadiene"
qlogei_target,3,88,886,426.0,False,44,"2,3,3,5-Tetramethylhexane"
qlogei_target,3,89,805,446.65,False,44,"2,3-Dimethylbutan-2-amine"
qlogei_target,3,90,197,715.15,False,44,Heptacosane
qlogei_target,3,91,1206,462.15,True,45,"3,3-Diethyl-2,4-dimethylpentane"
qlogei_target,3,92,24,289.75,False,45,Ethylamine
qlogei_target,3,93,166,386.55,False,45,"2,3,4-Trimethylpentane"
qlogei_target,3,94,385,410.65,False,45,1-Isopropoxy-2-propanol
qlogei_target,3,95,40,336.45,False,45,3-Methylpentane
qlogei_target,3,96,1240,459.15,True,46,"2,2,5,5,6-Pentamethylheptane"
qlogei_target,3,97,374,357.15,False,46,"2,3-Dimethyl-1-pentene"
qlogei_target,3,98,1143,442.15,False,46,"2,2,4,5-Tetramethylheptane"
qlogei_target,3,99,738,420.65,False,46,"Octa-2,4,6-triene"
qlogei_target,3,100,57,497.15,False,46,(-)-Citronellol
qlogei_target,3,101,990,442.65,False,46,3-Hepten-1-ol
qlogei_target,3,102,369,433.15,False,46,"4,4-Dimethyl-1-pentanol"
qlogei_target,3,103,1114,459.15,True,47,"3-Ethyl-2,2,3,4-tetramethylpentane"
qlogei_target,3,104,776,414.08,False,47,7-Methyl-3-octyne
qlogei_target,3,105,883,429.88033,False,47,"2,2,3,4-Tetramethylhexane"
qlogei_target,3,106,1166,459.9,True,48,"3,3-Diethylheptane"
qlogei_target,3,107,515,315.0,False,48,"1,3-Pentadiene"
qlogei_target,3,108,451,407.15,False,48,"3-Ethyl-2,2-dimethylpentane"
qlogei_target,3,109,279,440.15,False,48,2-Methylnonane
qlogei_target,3,110,324,538.15,False,48,2-Tridecanol
qlogei_target,3,111,622,460.5,True,49,4-Heptyn-2-ol
qlogei_target,3,112,760,405.15,False,49,"2,4-Dimethyl-4-penten-2-ol"
qlogei_target,3,113,113,519.15,False,49,1-Undecanol
qlogei_target,3,114,1070,448.15,False,49,2-Octen-4-ol
qlogei_target,3,115,332,562.15,False,49,Tetradecylamine
qlogei_target,3,116,1232,467.8,True,50,"3,4,5,5-Tetramethylhexan-3-ol"
qlogei_target,3,117,28,385.15,False,50,Neopentyl alcohol
qlogei_target,3,118,688,349.15,False,50,"1,2-Hexadiene"
qlogei_target,3,119,216,391.65,False,50,3-Ethylhexane
qlogei_target,3,120,27,322.85,False,50,"2,2-Dimethylbutane"
qlogei_target,3,121,336,477.15,False,50,Dipentylamine
qlogei_target,3,122,851,444.15,False,50,2-Methyl-2-nonene
qlogei_target,3,123,8,467.85,True,51,1-Octanol
qlogei_target,3,124,698,400.64,False,51,"2,6-Octadiyne"
qlogei_target,3,125,1087,422.0,False,51,"7-Methyl-2,4-octadiene"
qlogei_target,3,126,796,479.94,False,51,6-Methyl-6-hepten-4-yn-3-ol
qlogei_target,3,127,793,439.15,False,51,"2,2,5,5-Tetramethylheptane"
qlogei_target,3,128,706,612.15,False,51,2-Methylnonadecane
qlogei_target,3,129,681,112.15,False,51,(2H4)Methane
qlogei_target,3,130,576,417.15,False,51,2-Methyl-1-octene
qlogei_target,3,131,99,479.65,False,51,Diethylenetriamine
qlogei_target,3,132,1100,716.1,False,51,Linolenyl alcohol
qlogei_target,3,133,1121,620.44,False,51,Octadec-7-yne
qlogei_target,3,134,871,540.15,False,51,2-Methyl-1-tetradecene
qlogei_target,3,135,979,452.15,False,51,"2,3,4,5-Tetramethylheptane"
qlogei_target,3,136,1194,462.15,True,52,4-Isopropyl-4-heptanol
qlogei_target,3,137,618,420.65,False,52,3-Nonene
qlogei_target,3,138,856,448.0,False,52,"2,3-Dimethylnonane"
qlogei_target,3,139,1244,555.15,False,52,"2,3-Dimethyltetradecane"
qlogei_target,3,140,467,448.15,False,52,"2,6-Dimethyl-3-heptanol"
qlogei_target,3,141,792,455.15,True,53,"2,4,6-Trimethyl-4-heptanol"
qlogei_target,3,142,797,551.11,False,53,"2,2,5,5,8,8-Hexamethylnona-3,6-diyne"
qlogei_target,3,143,417,574.15,False,53,1-Heptadecene
qlogei_target,3,144,134,283.15,False,53,"1,3-Butadiyne"
qlogei_target,3,145,455,488.15,False,53,"2,5-Dimethylundecane"
qlogei_target,3,146,1217,477.15,False,53,4-Methyl-2-(2-methylpropyl)pentan-1-ol
qlogei_target,3,147,525,325.15,False,53,"3-Methyl-1,4-pentadiene"
qlogei_target,3,148,364,471.15,True,54,"1,1,4,7,7-Pentamethyldiethylenetriamine"
qlogei_target,3,149,914,456.46543,True,55,"4,4-Diethylheptane"
qlogei_target,3,150,472,438.76616,False,55,"2,2,4-Trimethyl-1-pentanol"
random,4,1,1172,454.15,True,1,"3,3,4,5-Tetramethylheptane"
random,4,2,1171,452.8,False,1,"2,2,3,3-Tetramethylheptane"
random,4,3,1210,450.15,False,1,3-Methyl-4-isopropylheptane
random,4,4,759,479.15,False,1,"2,4-Hexanediol"
random,4,5,902,391.2,False,1,5-Methyl-3-heptyne
random,4,6,566,491.65,False,1,2-Butylhexanol
random,4,7,100,431.65,False,1,2-Allyloxyethanol
random,4,8,1217,477.15,False,1,4-Methyl-2-(2-methylpropyl)pentan-1-ol
random,4,9,636,441.15,False,1,N-Heptylmethylamine
random,4,10,1096,453.15,True,2,"2,7-Dimethylnonane"
random,4,11,1175,443.15,False,2,"2,5-Dimethyl-3-isopropylhexane"
random,4,12,1098,746.15,False,2,1-Tritriacontene
random,4,13,903,458.15,True,3,2-(Pentyloxy)ethanol
random,4,14,637,429.0,False,3,"2,3,4-Trimethylheptane"
random,4,15,1250,437.9,False,3,"3,3,4-Trimethyl-2-pentanol"
random,4,16,779,506.04,False,3,6-Tridecyne
random,4,17,350,438.15,False,3,"1,8-Nonadiyne"
random,4,18,998,367.15,False,3,(E)-3-Methyl-3-hexene
random,4,19,752,432.32942,False,3,2-Nonyne
random,4,20,465,684.15,False,3,1-Hexacosene
random,4,21,74,405.15,False,3,4-Methyl-2-pentanol
random,4,22,270,327.15,False,3,3-Methyl-1-pentene
random,4,23,673,600.15,False,3,3-Methyloctadecane
random,4,24,1123,762.15,False,3,1-Pentatriacontene
random,4,25,417,574.15,False,3,1-Heptadecene
random,4,26,979,452.15,False,3,"2,3,4,5-Tetramethylheptane"
random,4,27,1228,471.15,True,4,"3,4-Dimethyl-4-propylheptane"
random,4,28,1201,391.15,False,4,"N,N,2-Trimethylbutan-2-amine"
random,4,29,458,452.15,False,4,"2,6-Dimethylnonane"
random,4,30,1158,472.15,True,5,"4,4-Dimethyldecane"
random,4,31,375,350.15,False,5,"3,3-Dimethyl-1-pentene"
random,4,32,728,486.15,False,5,6-Dodecyne
random,4,33,573,381.2,False,5,Diethyl(1-propynyl)amine
random,4,34,218,407.0,False,5,3-Hexanol
random,4,35,754,482.28,False,5,"2,9-Dimethyl-5-decyne"
random,4,36,825,463.85,True,6,2-Methyl-1-decene
random,4,37,646,443.15,False,6,"2,2,3-Trimethylhexan-3-ol"
random,4,38,616,703.15,False,6,1-Octacosene
random,4,39,111,489.45,False,6,Dodecane
random,4,40,163,362.95,False,6,"2,3-Dimethylpentane"
random,4,41,432,524.08,False,6,Tetradec-7-ene
random,4,42,1097,456.15,True,7,"2,8-Dimethylnonane"
random,4,43,248,591.15,False,7,1-Pentadecanol
random,4,44,448,410.15,False,7,"2,3,3-Trimethylhexane"
random,4,45,1192,452.15,False,7,"3,5-Diethylheptane"
random,4,46,722,433.65,False,7,4-Propyl-3-heptene
random,4,47,663,506.65,False,7,"3,4-Hexanediol"
random,4,48,1166,459.9,True,8,"3,3-Diethylheptane"
random,4,49,1115,462.15,True,9,"3,3-Diethyl-2,2-dimethylpentane"
random,4,50,796,479.94,False,9,6-Methyl-6-hepten-4-yn-3-ol
random,4,51,141,300.25,False,9,2-Butyne
random,4,52,840,471.15,True,10,"2,5-Dimethyldecane"
random,4,53,32,393.15,False,10,3-Methyl-1-pentyn-3-ol
random,4,54,605,411.15,False,10,3-Ethyl-2-methylhexane
random,4,55,613,721.15,False,10,1-Triacontene
random,4,56,957,371.15,False,10,trans-2-Heptene
random,4,57,860,367.15,False,10,2-Ethyl-1-pentene
random,4,58,235,424.15,False,10,5-Methyl-2-hexanol
random,4,59,221,467.9,True,11,3-Nonanol
random,4,60,668,514.75,False,11,"3,7-Dimethylocta-1,5,7-trien-3-ol"
random,4,61,208,385.15,False,11,3-Methyl-2-butanol
random,4,62,274,408.35,False,11,"2,5-Dimethyl-2,4-hexadiene"
random,4,63,1243,467.15,True,12,"2,3-Dimethyl-4-propylheptane"
random,4,64,1212,446.17573,False,12,"2,2,3,3,5-Pentamethylhexane"
random,4,65,1002,361.15,False,12,(E)-2-Methyl-3-hexene
random,4,66,918,472.15,True,13,"3,4,5,6-Tetramethyloctane"
random,4,67,50,445.15,False,13,2-Ethylhexylamine
random,4,68,471,444.15,False,13,Myrcene
random,4,69,209,415.15,False,13,"2,4-Dimethyl-3-pentanol"
random,4,70,657,424.15,False,13,"3,5-Dimethyl-3-hexanol"
random,4,71,1191,448.15,False,13,"2,3,3,6-Tetramethylheptane"
random,4,72,86,502.65,False,13,"1,4-Butanediol"
random,4,73,340,354.75,False,13,"2,4-Dimethyl-1-pentene"
random,4,74,1056,616.26,False,13,(Z)-9-Tetradecen-1-ol
random,4,75,1018,369.15,False,13,cis-3-Heptene
random,4,76,617,341.15,False,13,N-Ethylisopropylamine
random,4,77,119,225.55,False,13,Propylene
random,4,78,529,465.15,True,14,"N,N,N',N'-Tetraethylethylenediamine"
random,4,79,787,473.15,False,14,3-Undecyne
random,4,80,1208,459.15,True,15,"3,3-Diethyl-2-methylhexane"
random,4,81,487,513.15,False,15,2-Tetradecene
random,4,82,379,466.15,True,16,"3,5,5-Trimethyl-1-hexanol"
random,4,83,176,434.15,False,16,4-Heptanol
random,4,84,496,407.15,False,16,1-Methoxy-2-butanol
random,4,85,5,280.45,False,16,Dimethylamine
random,4,86,1139,451.15,False,16,4-Isopropyloctane
random,4,87,158,293.25,False,16,3-Methyl-1-butene
random,4,88,1085,371.8,False,16,"cis-2,5-Dimethyl-3-hexene"
random,4,89,484,396.15,False,16,Oct-3-ene
random,4,90,1129,453.15,True,17,"2,3,4-Trimethyloctane"
random,4,91,305,406.15,False,17,"2,2,3,4-Tetramethylpentane"
random,4,92,45,426.15,False,17,Tripropylamine
random,4,93,773,387.0,False,17,"1,3,4-Hexatriene"
random,4,94,415,411.15,False,17,3-Ethyl-1-pentyn-3-ol
random,4,95,974,447.15,False,17,(S)-1-Octen-3-ol
random,4,96,426,426.41115,False,17,"3,4,4-Trimethyl-3-pentanol"
random,4,97,88,364.15,False,17,N-Methylbutylamine
random,4,98,1234,453.15,True,18,"4,4,5-Trimethyloctane"
random,4,99,869,374.95,False,18,"3,4-Dimethyl-1,5-hexadiene"
random,4,100,654,534.65,False,18,7-Ethyl-2-methyl-4-undecanol
random,4,101,59,272.65,False,18,Butane
random,4,102,692,392.7,False,18,2-Methyl-4-penten-2-ol
random,4,103,802,426.15,False,18,"3,4-Dimethylpentan-2-ol"
random,4,104,457,452.15,False,18,"2,5-Dimethylnonane"
random,4,105,799,404.15,False,18,"2-Butene-1,4-diol"
random,4,106,905,438.65,False,18,"3,4,4-Trimethylhexan-3-ol"
random,4,107,706,612.15,False,18,2-Methylnonadecane
random,4,108,727,492.55,False,18,3-Dodecyne
random,4,109,768,433.15,False,18,"2,3,3-Trimethyl-2-pentanol"
random,4,110,788,471.65,True,19,4-Undecyne
random,4,111,1072,514.75,False,19,Hotrienol
random,4,112,89,393.15,False,19,"N,N'-Dimethylethylenediamine"
random,4,113,473,403.95,False,19,Isoamyl alcohol
random,4,114,1174,455.9,True,20,"2,2,6,6-Tetramethyloctane"
random,4,115,714,402.65,False,20,"2,4-Hexadiyne"
random,4,116,661,478.65,False,20,"3,3-Dimethyl-1,2-butanediol"
random,4,117,946,388.4,False,20,N-Methyldipropylamine
random,4,118,830,472.15,True,21,4-Ethyl-5-methylnonane
random,4,119,615,484.75,False,21,2-Methyl-1-undecene
random,4,120,597,370.15,False,21,3-Octyn-1-ol
random,4,121,730,392.3,False,21,"6-Methyl-1,5-heptadiene"
random,4,122,783,511.15,False,21,3-Tridecyne
random,4,123,116,568.95,False,21,1-Tetradecanol
random,4,124,952,353.15,False,21,"2,4-Hexadiene"
random,4,125,688,349.15,False,21,"1,2-Hexadiene"
random,4,126,938,447.15,False,21,"2,2,3,5-Tetramethylheptane"
random,4,127,626,557.0,False,21,"2,5,8,11-Tetraoxatridecan-13-ol"
random,4,128,391,436.15,False,21,"2,6-Dimethyl-2-octene"
random,4,129,764,435.06,False,21,"3,3,4-Trimethylheptane"
random,4,130,20,169.35,False,21,Ethylene
random,4,131,346,426.15,False,21,3-Methyl-2-hexanol
random,4,132,1039,409.68,False,21,trans-3-Nonene
random,4,133,408,445.15,False,21,1-Butoxy-2-propanol
random,4,134,951,350.15,False,21,"3-Methyl-1,3-pentadiene"
random,4,135,226,446.15,False,21,2-Methyl-2-heptanol
random,4,136,561,378.65,False,21,Butylallene
random,4,137,1124,790.15,False,21,1-Nonatriacontene
random,4,138,1023,501.2,False,21,cis-3-Tridecene
random,4,139,1011,612.15,False,21,Oleylamine
random,4,140,519,377.15,False,21,"N,N-Dimethylethylenediamine"
random,4,141,611,438.65,False,21,6-Methylheptan-3-ol
random,4,142,870,426.96,False,21,"2,2,4,4-Tetramethylhexane"
random,4,143,347,445.56825,False,21,"2,2-Dimethyl-1-hexanol"
random,4,144,874,436.16,False,21,3-Ethyl-4-methylheptane
random,4,145,55,554.25,False,21,Bis(2-ethylhexyl)amine
random,4,146,414,365.15,False,21,2-Methyl-1-hexene
random,4,147,1181,445.15,False,21,2-Methyl-4-isopropylheptane
random,4,148,68,378.05,False,21,"2,4,4-Trimethyl-2-pentene"
random,4,149,1053,478.32,False,21,cis-6-Dodecene
random,4,150,678,575.34,False,21,9-Dodecyn-1-ol
mw_heuristic,4,1,1172,454.15,True,1,"3,3,4,5-Tetramethylheptane"
mw_heuristic,4,2,1171,452.8,False,1,"2,2,3,3-Tetramethylheptane"
mw_heuristic,4,3,1210,450.15,False,1,3-Methyl-4-isopropylheptane
mw_heuristic,4,4,759,479.15,False,1,"2,4-Hexanediol"
mw_heuristic,4,5,902,391.2,False,1,5-Methyl-3-heptyne
mw_heuristic,4,6,566,491.65,False,1,2-Butylhexanol
mw_heuristic,4,7,100,431.65,False,1,2-Allyloxyethanol
mw_heuristic,4,8,1217,477.15,False,1,4-Methyl-2-(2-methylpropyl)pentan-1-ol
mw_heuristic,4,9,636,441.15,False,1,N-Heptylmethylamine
mw_heuristic,4,10,1096,453.15,True,2,"2,7-Dimethylnonane"
mw_heuristic,4,11,278,465.85,True,3,1-Undecene
mw_heuristic,4,12,696,455.44,True,4,Undec-4-ene
mw_heuristic,4,13,699,465.45,True,5,5-Undecene
mw_heuristic,4,14,825,463.85,True,6,2-Methyl-1-decene
mw_heuristic,4,15,1021,466.15,True,7,(E)-4-Undecene
mw_heuristic,4,16,967,502.15,False,7,Nerol
mw_heuristic,4,17,57,497.15,False,7,(-)-Citronellol
mw_heuristic,4,18,1001,524.74,False,7,(E)-3-Decenol
mw_heuristic,4,19,1061,524.74,False,7,2-Decen-1-ol
mw_heuristic,4,20,1092,524.74,False,7,Dec-4-en-1-ol
mw_heuristic,4,21,276,447.15,False,7,1-Decyne
mw_heuristic,4,22,322,437.15,False,7,"1,9-Decadiene"
mw_heuristic,4,23,330,451.15,False,7,5-Decyne
mw_heuristic,4,24,348,437.4,False,7,4-Decyne
mw_heuristic,4,25,352,439.15,False,7,Dihydromyrcene
mw_heuristic,4,26,45,426.15,False,7,Tripropylamine
mw_heuristic,4,27,331,471.15,True,8,Nonylamine
mw_heuristic,4,28,334,445.15,False,8,"N,N-Dimethylheptylamine"
mw_heuristic,4,29,376,432.15,False,8,N-Methyldibutylamine
mw_heuristic,4,30,563,351.65,False,8,n-Methyloctan-1-amine
mw_heuristic,4,31,997,460.44,True,9,"(E,E,Z)-Undeca-1,3,5,8-tetraene"
mw_heuristic,4,32,1076,456.28,True,10,"1,3,5-Undecatriene"
mw_heuristic,4,33,83,506.15,False,10,"2,5-Dimethyl-2,5-hexanediol"
mw_heuristic,4,34,109,481.15,False,10,2-(Hexyloxy)ethanol
mw_heuristic,4,35,133,503.25,False,10,"2,2,4-Trimethyl-1,3-pentanediol"
mw_heuristic,4,36,537,418.15,False,10,"1,8-Octanediol"
mw_heuristic,4,37,572,370.65,False,10,Tris(2-aminoethyl)amine
mw_heuristic,4,38,54,505.15,False,10,"N,N-Bis(3-aminopropyl)methylamine"
mw_heuristic,4,39,42,438.2,False,10,"N,N,N',N'-Tetramethyl-1,3-butanediamine"
mw_heuristic,4,40,123,394.15,False,10,"N,N-Diisopropylethylenediamine"
mw_heuristic,4,41,39,653.15,False,10,Xylitol
mw_heuristic,4,42,668,514.75,False,10,"3,7-Dimethylocta-1,5,7-trien-3-ol"
mw_heuristic,4,43,1072,514.75,False,10,Hotrienol
mw_heuristic,4,44,559,469.15,True,11,1-Undecyne
mw_heuristic,4,45,712,471.09534,True,12,5-Undecyne
mw_heuristic,4,46,518,327.65,False,12,"N,N,N'-Triethylethylenediamine"
mw_heuristic,4,47,520,441.15,False,12,"N,N,N',N'-Tetramethyl-1,4-butanediamine"
mw_heuristic,4,48,221,467.9,True,13,3-Nonanol
mw_heuristic,4,49,239,466.65,True,14,2-Nonanol
mw_heuristic,4,50,319,446.15,False,14,"3,6-Dimethyl-3-heptanol"
mw_heuristic,4,51,351,479.15,False,14,Isononyl alcohol
mw_heuristic,4,52,379,466.15,True,15,"3,5,5-Trimethyl-1-hexanol"
mw_heuristic,4,53,409,462.15,True,16,3-Methyl-3-octanol
mw_heuristic,4,54,412,465.65,True,17,4-Nonanol
mw_heuristic,4,55,467,448.15,False,17,"2,6-Dimethyl-3-heptanol"
mw_heuristic,4,56,468,452.15,False,17,"3,5-Dimethyl-4-heptanol"
mw_heuristic,4,57,533,452.15,False,17,4-Ethyl-4-heptanol
mw_heuristic,4,58,594,443.15,False,17,"2,6-Dimethyl-2-heptanol"
mw_heuristic,4,59,646,443.15,False,17,"2,2,3-Trimethylhexan-3-ol"
mw_heuristic,4,60,658,454.65,True,18,2-Methyl-3-octanol
mw_heuristic,4,61,669,465.4,True,19,4-Methyl-2-propylpentan-1-ol
mw_heuristic,4,62,735,439.15,False,19,"2,2,4,4-Tetramethylpentan-3-ol"
mw_heuristic,4,63,769,453.22759,True,20,4-Methyl-4-octanol
mw_heuristic,4,64,811,451.05,False,20,"3-Ethyl-2,4-dimethylpentan-3-ol"
mw_heuristic,4,65,864,479.15,False,20,6-Methyloctan-1-ol
mw_heuristic,4,66,905,438.65,False,20,"3,4,4-Trimethylhexan-3-ol"
mw_heuristic,4,67,906,444.86543,False,20,"2,4,4-Trimethyl-3-hexanol"
mw_heuristic,4,68,978,447.15,False,20,"3-Ethyl-2,2-dimethyl-3-pentanol"
mw_heuristic,4,69,981,453.15,True,21,3-Methyl-4-octanol
mw_heuristic,4,70,1108,447.15,False,21,"2,2-Dimethyl-4-heptanol"
mw_heuristic,4,71,1178,452.15,False,21,"2,3,4-Trimethylhexan-3-ol"
mw_heuristic,4,72,1211,468.15,True,22,2-Ethyl-4-methylhexan-1-ol
mw_heuristic,4,73,734,462.0,True,23,"1,10-Undecadiene"
mw_heuristic,4,74,786,479.15,False,23,2-Undecyne
mw_heuristic,4,75,787,473.15,False,23,3-Undecyne
mw_heuristic,4,76,788,471.65,True,24,4-Undecyne
mw_heuristic,4,77,1216,457.05,True,25,"3,3-Dimethylnon-4-yne"
mw_heuristic,4,78,279,440.15,False,25,2-Methylnonane
mw_heuristic,4,79,295,410.15,False,25,"2,2,5,5-Tetramethylhexane"
mw_heuristic,4,80,297,433.15,False,25,"2,7-Dimethyloctane"
mw_heuristic,4,81,306,426.15,False,25,"2,5,5-Trimethylheptane"
mw_heuristic,4,82,325,447.25,False,25,Decane
mw_heuristic,4,83,337,431.15,False,25,"2,6-Dimethyloctane"
mw_heuristic,4,84,387,413.06493,False,25,"2,3,6-Trimethylheptane"
mw_heuristic,4,85,411,441.15,False,25,3-Methylnonane
mw_heuristic,4,86,302,469.05,True,26,Undecane
mw_heuristic,4,87,360,461.15,True,27,4-Methyldecane
mw_heuristic,4,88,419,462.35,True,28,2-Methyldecane
mw_heuristic,4,89,457,452.15,False,28,"2,5-Dimethylnonane"
mw_heuristic,4,90,458,452.15,False,28,"2,6-Dimethylnonane"
mw_heuristic,4,91,459,457.15,True,29,"3,7-Dimethylnonane"
mw_heuristic,4,92,503,452.15,False,29,"2,3,7-Trimethyloctane"
mw_heuristic,4,93,606,455.15,True,30,"4,5-Dimethylnonane"
mw_heuristic,4,94,627,465.15,True,31,3-Methyldecane
mw_heuristic,4,95,635,459.15,True,32,5-Methyldecane
mw_heuristic,4,96,676,453.15,True,33,"2,3,6-Trimethyloctane"
mw_heuristic,4,97,777,436.15,False,33,"2,2,6,6-Tetramethylheptane"
mw_heuristic,4,98,791,449.15,False,33,"2,2,4,4,5-Pentamethylhexane"
mw_heuristic,4,99,793,439.15,False,33,"2,2,5,5-Tetramethylheptane"
mw_heuristic,4,100,794,453.15,True,34,"3,3,5,5-Tetramethylheptane"
mw_heuristic,4,101,803,452.15,False,34,"2,2,3-Trimethyloctane"
mw_heuristic,4,102,804,450.15,False,34,"2,3,5-Trimethyloctane"
mw_heuristic,4,103,845,443.15834,False,34,"2,2,4-Trimethyloctane"
mw_heuristic,4,104,856,448.0,False,34,"2,3-Dimethylnonane"
mw_heuristic,4,105,904,447.15,False,34,"2,2,6-Trimethyloctane"
mw_heuristic,4,106,913,451.15,False,34,"2,4-Dimethylnonane"
mw_heuristic,4,107,914,456.46543,True,35,"4,4-Diethylheptane"
mw_heuristic,4,108,922,457.15,True,36,4-Ethylnonane
mw_heuristic,4,109,930,455.15,True,37,"3,3-Dimethylnonane"
mw_heuristic,4,110,932,461.15,True,38,3-Ethylnonane
mw_heuristic,4,111,934,455.15,True,39,"2,3,3-Trimethyloctane"
mw_heuristic,4,112,936,451.15,False,39,"2,5,6-Trimethyloctane"
mw_heuristic,4,113,937,447.15,False,39,"2,4,6-Trimethyloctane"
mw_heuristic,4,114,938,447.15,False,39,"2,2,3,5-Tetramethylheptane"
mw_heuristic,4,115,979,452.15,False,39,"2,3,4,5-Tetramethylheptane"
mw_heuristic,4,116,983,450.15,False,39,"3-Ethyl-2,4,5-trimethylhexane"
mw_heuristic,4,117,1097,456.15,True,40,"2,8-Dimethylnonane"
mw_heuristic,4,118,1113,454.15,True,41,"3,4,5-Trimethyloctane"
mw_heuristic,4,119,1114,459.15,True,42,"3-Ethyl-2,2,3,4-tetramethylpentane"
mw_heuristic,4,120,1115,462.15,True,43,"3,3-Diethyl-2,2-dimethylpentane"
mw_heuristic,4,121,1116,467.15,True,44,"2,2,3,3,4,4-Hexamethylpentane"
mw_heuristic,4,122,1119,458.15,True,45,"3,4-Dimethylnonane"
mw_heuristic,4,123,1127,447.15,False,45,4-Tert-butylheptane
mw_heuristic,4,124,1129,453.15,True,46,"2,3,4-Trimethyloctane"
mw_heuristic,4,125,1130,453.15,True,47,4-Ethyl-4-methyloctane
mw_heuristic,4,126,1131,443.15,False,47,"2,4,7-Trimethyloctane"
mw_heuristic,4,127,1132,454.15,True,48,"4-Ethyl-3,5-dimethylheptane"
mw_heuristic,4,128,1139,451.15,False,48,4-Isopropyloctane
mw_heuristic,4,129,1140,443.15,False,48,"3-Ethyl-2,2,5-trimethylhexane"
mw_heuristic,4,130,1143,442.15,False,48,"2,2,4,5-Tetramethylheptane"
mw_heuristic,4,131,129,490.15,False,48,Decylamine
mw_heuristic,4,132,149,460.15,True,49,Diisoamylamine
mw_heuristic,4,133,336,477.15,False,49,Dipentylamine
mw_heuristic,4,134,984,480.15,False,49,Methylnonylamine
mw_heuristic,4,135,1110,475.15,False,49,N-Ethyloctylamine
mw_heuristic,4,136,1144,447.15,False,49,"3,3,5-Trimethyloctane"
mw_heuristic,4,137,1145,443.15,False,49,"2,2,4,4-Tetramethylheptane"
mw_heuristic,4,138,1146,458.15,True,50,"3,4,4,5-Tetramethylheptane"
mw_heuristic,4,139,1147,448.15,False,50,"2,3,5,6-Tetramethylheptane"
mw_heuristic,4,140,1149,437.15,False,50,"2,4,4,6-Tetramethylheptane"
mw_heuristic,4,141,56,497.15,False,50,"3,7-Dimethyloctan-1-ol"
mw_heuristic,4,142,110,502.15,False,50,1-Decanol
mw_heuristic,4,143,301,484.18843,False,50,2-Decanol
mw_heuristic,4,144,338,487.15,False,50,4-Decanol
mw_heuristic,4,145,556,472.15,True,51,3-Ethyloctan-3-ol
mw_heuristic,4,146,1151,451.15,False,51,4-Methyl-4-propylheptane
mw_heuristic,4,147,1152,452.15,False,51,"3,4,6-Trimethyloctane"
mw_heuristic,4,148,1153,438.275,False,51,"2,2,3,5,5-Pentamethylhexane"
mw_heuristic,4,149,1157,450.15,False,51,"5,5-Dimethylnonane"
mw_heuristic,4,150,1162,441.15,False,51,"4-Ethyl-2,2-dimethylheptane"
greedy_gp,4,1,1172,454.15,True,1,"3,3,4,5-Tetramethylheptane"
greedy_gp,4,2,1171,452.8,False,1,"2,2,3,3-Tetramethylheptane"
greedy_gp,4,3,1210,450.15,False,1,3-Methyl-4-isopropylheptane
greedy_gp,4,4,759,479.15,False,1,"2,4-Hexanediol"
greedy_gp,4,5,902,391.2,False,1,5-Methyl-3-heptyne
greedy_gp,4,6,566,491.65,False,1,2-Butylhexanol
greedy_gp,4,7,100,431.65,False,1,2-Allyloxyethanol
greedy_gp,4,8,1217,477.15,False,1,4-Methyl-2-(2-methylpropyl)pentan-1-ol
greedy_gp,4,9,636,441.15,False,1,N-Heptylmethylamine
greedy_gp,4,10,1096,453.15,True,2,"2,7-Dimethylnonane"
greedy_gp,4,11,7,337.65,False,2,Methanol
greedy_gp,4,12,1062,547.62,False,2,trans-2-Undecen-1-ol
greedy_gp,4,13,626,557.0,False,2,"2,5,8,11-Tetraoxatridecan-13-ol"
greedy_gp,4,14,1061,524.74,False,2,2-Decen-1-ol
greedy_gp,4,15,15,355.36,False,2,Isopropyl Alcohol
greedy_gp,4,16,460,474.15,False,2,"2,2-Dimethyldecane"
greedy_gp,4,17,1245,469.15,True,3,"2,4,4,5,5-Pentamethylheptane"
greedy_gp,4,18,813,481.15,False,3,"3-Methyl-1,3-butanediol"
greedy_gp,4,19,920,483.15,False,3,"3,4-Dimethyl-3,4-diethyl-hexane"
greedy_gp,4,20,1200,432.40963,False,3,"3,4,4-Trimethylpentan-2-ol"
greedy_gp,4,21,1211,468.15,True,4,2-Ethyl-4-methylhexan-1-ol
greedy_gp,4,22,1199,468.15,True,5,"2,2,3,3,5,5-Hexamethylhexane"
greedy_gp,4,23,9,460.45,True,6,Propylene Glycol
greedy_gp,4,24,814,461.15,True,7,"R-1,2-Propanediol"
greedy_gp,4,25,669,465.4,True,8,4-Methyl-2-propylpentan-1-ol
greedy_gp,4,26,523,459.00627,True,9,"2,2,7,7-Tetramethyloctane"
greedy_gp,4,27,46,423.15,False,9,Triallylamine
greedy_gp,4,28,677,460.65,True,10,"2,2,4,4,6-Pentamethylheptane"
greedy_gp,4,29,217,440.15,False,10,"2,2-Diethoxyethanol"
greedy_gp,4,30,1183,457.0,True,11,"2,4,4,7-Tetramethyloctane"
greedy_gp,4,31,133,503.25,False,11,"2,2,4-Trimethyl-1,3-pentanediol"
greedy_gp,4,32,1229,469.15,True,12,"3,5-Dimethyl-4-propylheptane"
greedy_gp,4,33,1194,462.15,True,13,4-Isopropyl-4-heptanol
greedy_gp,4,34,1169,473.15,False,13,"4,4-Diethyloctane"
greedy_gp,4,35,832,474.15,False,13,"5,6-Dimethyldecane"
greedy_gp,4,36,149,460.15,True,14,Diisoamylamine
greedy_gp,4,37,1154,459.4,True,15,"2,4,5,7-Tetramethyloctane"
greedy_gp,4,38,734,462.0,True,16,"1,10-Undecadiene"
greedy_gp,4,39,699,465.45,True,17,5-Undecene
greedy_gp,4,40,769,453.22759,True,18,4-Methyl-4-octanol
greedy_gp,4,41,1223,463.15,True,19,"2,5,5-Trimethylnonane"
greedy_gp,4,42,1221,463.15,True,20,"2,6,6-Trimethylnonane"
greedy_gp,4,43,1164,464.15,True,21,"2,2,4-Trimethylnonane"
greedy_gp,4,44,1160,460.15,True,22,"4-Ethyl-2,2-dimethyloctane"
greedy_gp,4,45,499,473.15,False,22,"2,2,3-Trimethylnonane"
greedy_gp,4,46,792,455.15,True,23,"2,4,6-Trimethyl-4-heptanol"
greedy_gp,4,47,974,447.15,False,23,(S)-1-Octen-3-ol
greedy_gp,4,48,819,1167.92,False,23,Lycopene
greedy_gp,4,49,364,471.15,True,24,"1,1,4,7,7-Pentamethyldiethylenetriamine"
greedy_gp,4,50,559,469.15,True,25,1-Undecyne
greedy_gp,4,51,1115,462.15,True,26,"3,3-Diethyl-2,2-dimethylpentane"
greedy_gp,4,52,981,453.15,True,27,3-Methyl-4-octanol
greedy_gp,4,53,1133,464.89743,True,28,"2,2,3,4-Tetramethylhexan-3-ol"
greedy_gp,4,54,1236,466.15,True,29,"2,2,3,3,6-Pentamethylheptane"
greedy_gp,4,55,563,351.65,False,29,n-Methyloctan-1-amine
greedy_gp,4,56,1240,459.15,True,30,"2,2,5,5,6-Pentamethylheptane"
greedy_gp,4,57,438,451.15,False,30,"2,2,4,6,6-Pentamethylheptane"
greedy_gp,4,58,1,455.15,True,31,"2,3-Butanediol"
greedy_gp,4,59,807,456.65,True,32,"meso-2,3-Butanediol"
greedy_gp,4,60,810,350.5,False,32,"(R,R)-2,3-butanediol"
greedy_gp,4,61,1174,455.9,True,33,"2,2,6,6-Tetramethyloctane"
greedy_gp,4,62,932,461.15,True,34,3-Ethylnonane
greedy_gp,4,63,825,463.85,True,35,2-Methyl-1-decene
greedy_gp,4,64,635,459.15,True,36,5-Methyldecane
greedy_gp,4,65,360,461.15,True,37,4-Methyldecane
greedy_gp,4,66,922,457.15,True,38,4-Ethylnonane
greedy_gp,4,67,30,447.15,False,38,Pinacol
greedy_gp,4,68,267,473.15,False,38,"2-Methyl-1,3-butanediol"
greedy_gp,4,69,1241,457.15,True,39,"2,2,5,5-Tetramethyloctane"
greedy_gp,4,70,918,472.15,True,40,"3,4,5,6-Tetramethyloctane"
greedy_gp,4,71,658,454.65,True,41,2-Methyl-3-octanol
greedy_gp,4,72,795,462.9,True,42,"3,3,6,6-Tetramethyloctane"
greedy_gp,4,73,229,491.15,False,42,"2,4-Pentanediol"
greedy_gp,4,74,1102,491.15,False,42,"(R*,S*)-Pentane-2,4-diol"
greedy_gp,4,75,129,490.15,False,42,Decylamine
greedy_gp,4,76,170,469.1,True,43,"1,2-Butanediol"
greedy_gp,4,77,558,494.15,False,43,"2-Methyl-1,3-propanediol"
greedy_gp,4,78,903,458.15,True,44,2-(Pentyloxy)ethanol
greedy_gp,4,79,1150,463.0,True,45,"2,5,8-Trimethylnonane"
greedy_gp,4,80,1141,458.15,True,46,4-Tert-butyl-2-methylheptane
greedy_gp,4,81,597,370.15,False,46,3-Octyn-1-ol
greedy_gp,4,82,765,483.82,False,46,2-Octyn-1-ol
greedy_gp,4,83,627,465.15,True,47,3-Methyldecane
greedy_gp,4,84,935,469.15,True,48,"3-Ethyl-2,7-dimethyloctane"
greedy_gp,4,85,919,473.15,False,48,"3,4,7-Trimethylnonane"
greedy_gp,4,86,477,480.15,False,48,Neopentyl glycol
greedy_gp,4,87,419,462.35,True,49,2-Methyldecane
greedy_gp,4,88,8,467.85,True,50,1-Octanol
greedy_gp,4,89,683,376.4,False,50,Non-3-yn-1-ol
greedy_gp,4,90,914,456.46543,True,51,"4,4-Diethylheptane"
greedy_gp,4,91,533,452.15,False,51,4-Ethyl-4-heptanol
greedy_gp,4,92,645,539.24,False,51,"2,4-Hexadiyne-1,6-diol"
greedy_gp,4,93,1166,459.9,True,52,"3,3-Diethylheptane"
greedy_gp,4,94,409,462.15,True,53,3-Methyl-3-octanol
greedy_gp,4,95,1151,451.15,False,53,4-Methyl-4-propylheptane
greedy_gp,4,96,767,483.16,False,53,4-Dodecyne
greedy_gp,4,97,727,492.55,False,53,3-Dodecyne
greedy_gp,4,98,755,483.16,False,53,5-Dodecyne
greedy_gp,4,99,728,486.15,False,53,6-Dodecyne
greedy_gp,4,100,694,499.15,False,53,2-Dodecyne
greedy_gp,4,101,754,482.28,False,53,"2,9-Dimethyl-5-decyne"
greedy_gp,4,102,787,473.15,False,53,3-Undecyne
greedy_gp,4,103,788,471.65,True,54,4-Undecyne
greedy_gp,4,104,712,471.09534,True,55,5-Undecyne
greedy_gp,4,105,786,479.15,False,55,2-Undecyne
greedy_gp,4,106,553,507.15,False,55,"N,N-Dimethyldecylamine"
greedy_gp,4,107,587,357.15,False,55,Tris(2-methylallyl)amine
greedy_gp,4,108,1204,479.15,False,55,"3,3-Diethyl-2,2,4-trimethylpentane"
greedy_gp,4,109,1137,470.15,True,56,"3-Ethyl-2,6-dimethyloctane"
greedy_gp,4,110,1138,463.15,True,57,"4-Ethyl-2,6-dimethyloctane"
greedy_gp,4,111,325,447.25,False,57,Decane
greedy_gp,4,112,140,373.65,False,57,Octamylamine
greedy_gp,4,113,0,470.65,True,58,Ethylene Glycol
greedy_gp,4,114,696,455.44,True,59,Undec-4-ene
greedy_gp,4,115,1021,466.15,True,60,(E)-4-Undecene
greedy_gp,4,116,1116,467.15,True,61,"2,2,3,3,4,4-Hexamethylpentane"
greedy_gp,4,117,967,502.15,False,61,Nerol
greedy_gp,4,118,365,529.36,False,61,"3-Hexyne-2,5-diol"
greedy_gp,4,119,1222,457.75,True,62,"2,6-Dimethyl-4-propylheptane"
greedy_gp,4,120,1205,473.15,False,62,"3,3-Diethyl-2,4-dimethylhexane"
greedy_gp,4,121,19,184.55,False,62,Ethane
greedy_gp,4,122,916,472.15,True,63,"3,6-Dimethyl-3-ethyl-octane"
greedy_gp,4,123,131,493.15,False,63,Bis(hexamethylene)triamine
greedy_gp,4,124,1187,464.15,True,64,4-Tert-butyloctane
greedy_gp,4,125,1220,463.15,True,65,"2,5-Dimethyl-4-propylheptane"
greedy_gp,4,126,206,309.65,False,65,"N,N-Dimethylethylamine"
greedy_gp,4,127,588,353.15,False,65,"N,N-Dimethylisobutylamine"
greedy_gp,4,128,128,380.65,False,65,Dipropylamine
greedy_gp,4,129,679,390.15,False,65,N-Methylpentylamine
greedy_gp,4,130,550,366.4,False,65,"N,N-Dimethyl-2-butanamine"
greedy_gp,4,131,363,453.15,True,66,Didodecylamine
greedy_gp,4,132,817,384.15,False,66,"1,6-Heptadiyne"
greedy_gp,4,133,1022,478.54,False,66,3-Octen-2-OL
greedy_gp,4,134,960,437.38,False,66,"2,4-Hexadien-1-OL"
greedy_gp,4,135,481,431.55,False,66,"4-Methylhepta-1,6-dien-4-ol"
greedy_gp,4,136,43,368.15,False,66,Triethylborane
greedy_gp,4,137,1074,460.26,True,67,"Hepta-2,4-dien-1-ol"
greedy_gp,4,138,1105,468.15,True,68,"2,3,4,5,6-Pentamethylheptane"
greedy_gp,4,139,99,479.65,False,68,Diethylenetriamine
greedy_gp,4,140,410,481.65,False,68,"1,11-Dodecadiene"
greedy_gp,4,141,1232,467.8,True,69,"3,4,5,5-Tetramethylhexan-3-ol"
greedy_gp,4,142,1249,460.65,True,70,"2,2,4,4-Tetramethyl-3-hexanol"
greedy_gp,4,143,1114,459.15,True,71,"3-Ethyl-2,2,3,4-tetramethylpentane"
greedy_gp,4,144,1206,462.15,True,72,"3,3-Diethyl-2,4-dimethylpentane"
greedy_gp,4,145,1136,464.15,True,73,"4-Ethyl-2,4-dimethyloctane"
greedy_gp,4,146,1070,448.15,False,73,2-Octen-4-ol
greedy_gp,4,147,1168,473.15,False,73,"3-Ethyl-3,4-dimethyloctane"
greedy_gp,4,148,1203,460.15,True,74,"2,3,3,4,4-Pentamethylhexane"
greedy_gp,4,149,1233,452.15,False,74,3-Methyl-4-propylheptane
greedy_gp,4,150,1218,462.15,True,75,"2,4-Dimethyl-4-propylheptane"
prob_in_spec,4,1,1172,454.15,True,1,"3,3,4,5-Tetramethylheptane"
prob_in_spec,4,2,1171,452.8,False,1,"2,2,3,3-Tetramethylheptane"
prob_in_spec,4,3,1210,450.15,False,1,3-Methyl-4-isopropylheptane
prob_in_spec,4,4,759,479.15,False,1,"2,4-Hexanediol"
prob_in_spec,4,5,902,391.2,False,1,5-Methyl-3-heptyne
prob_in_spec,4,6,566,491.65,False,1,2-Butylhexanol
prob_in_spec,4,7,100,431.65,False,1,2-Allyloxyethanol
prob_in_spec,4,8,1217,477.15,False,1,4-Methyl-2-(2-methylpropyl)pentan-1-ol
prob_in_spec,4,9,636,441.15,False,1,N-Heptylmethylamine
prob_in_spec,4,10,1096,453.15,True,2,"2,7-Dimethylnonane"
prob_in_spec,4,11,815,492.15,False,2,5-Butylnonane
prob_in_spec,4,12,1244,555.15,False,2,"2,3-Dimethyltetradecane"
prob_in_spec,4,13,361,539.5,False,2,3-Methylpentadecane
prob_in_spec,4,14,634,571.15,False,2,3-Methylhexadecane
prob_in_spec,4,15,641,586.15,False,2,3-Methylheptadecane
prob_in_spec,4,16,379,466.15,True,3,"3,5,5-Trimethyl-1-hexanol"
prob_in_spec,4,17,1108,447.15,False,3,"2,2-Dimethyl-4-heptanol"
prob_in_spec,4,18,319,446.15,False,3,"3,6-Dimethyl-3-heptanol"
prob_in_spec,4,19,467,448.15,False,3,"2,6-Dimethyl-3-heptanol"
prob_in_spec,4,20,594,443.15,False,3,"2,6-Dimethyl-2-heptanol"
prob_in_spec,4,21,412,465.65,True,4,4-Nonanol
prob_in_spec,4,22,864,479.15,False,4,6-Methyloctan-1-ol
prob_in_spec,4,23,221,467.9,True,5,3-Nonanol
prob_in_spec,4,24,351,479.15,False,5,Isononyl alcohol
prob_in_spec,4,25,239,466.65,True,6,2-Nonanol
prob_in_spec,4,26,658,454.65,True,7,2-Methyl-3-octanol
prob_in_spec,4,27,669,465.4,True,8,4-Methyl-2-propylpentan-1-ol
prob_in_spec,4,28,981,453.15,True,9,3-Methyl-4-octanol
prob_in_spec,4,29,1211,468.15,True,10,2-Ethyl-4-methylhexan-1-ol
prob_in_spec,4,30,8,467.85,True,11,1-Octanol
prob_in_spec,4,31,792,455.15,True,12,"2,4,6-Trimethyl-4-heptanol"
prob_in_spec,4,32,922,457.15,True,13,4-Ethylnonane
prob_in_spec,4,33,635,459.15,True,14,5-Methyldecane
prob_in_spec,4,34,302,469.05,True,15,Undecane
prob_in_spec,4,35,360,461.15,True,16,4-Methyldecane
prob_in_spec,4,36,627,465.15,True,17,3-Methyldecane
prob_in_spec,4,37,932,461.15,True,18,3-Ethylnonane
prob_in_spec,4,38,419,462.35,True,19,2-Methyldecane
prob_in_spec,4,39,621,465.15,True,20,"4,7-Dimethyloctan-4-ol"
prob_in_spec,4,40,1194,462.15,True,21,4-Isopropyl-4-heptanol
prob_in_spec,4,41,1141,458.15,True,22,4-Tert-butyl-2-methylheptane
prob_in_spec,4,42,1105,468.15,True,23,"2,3,4,5,6-Pentamethylheptane"
prob_in_spec,4,43,795,462.9,True,24,"3,3,6,6-Tetramethyloctane"
prob_in_spec,4,44,1183,457.0,True,25,"2,4,4,7-Tetramethyloctane"
prob_in_spec,4,45,1241,457.15,True,26,"2,2,5,5-Tetramethyloctane"
prob_in_spec,4,46,1160,460.15,True,27,"4-Ethyl-2,2-dimethyloctane"
prob_in_spec,4,47,1154,459.4,True,28,"2,4,5,7-Tetramethyloctane"
prob_in_spec,4,48,1223,463.15,True,29,"2,5,5-Trimethylnonane"
prob_in_spec,4,49,1221,463.15,True,30,"2,6,6-Trimethylnonane"
prob_in_spec,4,50,499,473.15,False,30,"2,2,3-Trimethylnonane"
prob_in_spec,4,51,1164,464.15,True,31,"2,2,4-Trimethylnonane"
prob_in_spec,4,52,1187,464.15,True,32,4-Tert-butyloctane
prob_in_spec,4,53,1136,464.15,True,33,"4-Ethyl-2,4-dimethyloctane"
prob_in_spec,4,54,1218,462.15,True,34,"2,4-Dimethyl-4-propylheptane"
prob_in_spec,4,55,916,472.15,True,35,"3,6-Dimethyl-3-ethyl-octane"
prob_in_spec,4,56,921,470.15,True,36,"3-Methyl, 3,5-diethyl, heptane"
prob_in_spec,4,57,1230,469.15,True,37,"3,3-Dimethyl-4-propylheptane"
prob_in_spec,4,58,1168,473.15,False,37,"3-Ethyl-3,4-dimethyloctane"
prob_in_spec,4,59,1228,471.15,True,38,"3,4-Dimethyl-4-propylheptane"
prob_in_spec,4,60,918,472.15,True,39,"3,4,5,6-Tetramethyloctane"
prob_in_spec,4,61,1222,457.75,True,40,"2,6-Dimethyl-4-propylheptane"
prob_in_spec,4,62,1236,466.15,True,41,"2,2,3,3,6-Pentamethylheptane"
prob_in_spec,4,63,1150,463.0,True,42,"2,5,8-Trimethylnonane"
prob_in_spec,4,64,1240,459.15,True,43,"2,2,5,5,6-Pentamethylheptane"
prob_in_spec,4,65,1199,468.15,True,44,"2,2,3,3,5,5-Hexamethylhexane"
prob_in_spec,4,66,460,474.15,False,44,"2,2-Dimethyldecane"
prob_in_spec,4,67,533,452.15,False,44,4-Ethyl-4-heptanol
prob_in_spec,4,68,935,469.15,True,45,"3-Ethyl-2,7-dimethyloctane"
prob_in_spec,4,69,914,456.46543,True,46,"4,4-Diethylheptane"
prob_in_spec,4,70,919,473.15,False,46,"3,4,7-Trimethylnonane"
prob_in_spec,4,71,1138,463.15,True,47,"4-Ethyl-2,6-dimethyloctane"
prob_in_spec,4,72,1220,463.15,True,48,"2,5-Dimethyl-4-propylheptane"
prob_in_spec,4,73,774,475.15,False,48,5-Methyl-5-nonanol
prob_in_spec,4,74,556,472.15,True,49,3-Ethyloctan-3-ol
prob_in_spec,4,75,710,467.14283,True,50,4-Propyl-4-heptanol
prob_in_spec,4,76,1174,455.9,True,51,"2,2,6,6-Tetramethyloctane"
prob_in_spec,4,77,1206,462.15,True,52,"3,3-Diethyl-2,4-dimethylpentane"
prob_in_spec,4,78,1177,457.15,True,53,"2,2,3,3,4-Pentamethylhexane"
prob_in_spec,4,79,1203,460.15,True,54,"2,3,3,4,4-Pentamethylhexane"
prob_in_spec,4,80,1115,462.15,True,55,"3,3-Diethyl-2,2-dimethylpentane"
prob_in_spec,4,81,1114,459.15,True,56,"3-Ethyl-2,2,3,4-tetramethylpentane"
prob_in_spec,4,82,1116,467.15,True,57,"2,2,3,3,4,4-Hexamethylpentane"
prob_in_spec,4,83,1243,467.15,True,58,"2,3-Dimethyl-4-propylheptane"
prob_in_spec,4,84,1196,459.15,True,59,"3,4-Diethyl-3-methylhexane"
prob_in_spec,4,85,1208,459.15,True,60,"3,3-Diethyl-2-methylhexane"
prob_in_spec,4,86,1227,457.15,True,61,"3,3,4,4-Tetramethylheptane"
prob_in_spec,4,87,1112,470.15,True,62,"5,5-Dimethyldecane"
prob_in_spec,4,88,1137,470.15,True,63,"3-Ethyl-2,6-dimethyloctane"
prob_in_spec,4,89,1166,459.9,True,64,"3,3-Diethylheptane"
prob_in_spec,4,90,1226,462.0,True,65,2-Methyl-5-propyloctane
prob_in_spec,4,91,924,471.15,True,66,"4,6-Dimethyldecane"
prob_in_spec,4,92,1190,470.15,True,67,"3,5-Diethyloctane"
prob_in_spec,4,93,830,472.15,True,68,4-Ethyl-5-methylnonane
prob_in_spec,4,94,831,466.15,True,69,"4,5-Diethyloctane"
prob_in_spec,4,95,1186,472.15,True,70,"3,4-Diethyloctane"
prob_in_spec,4,96,1229,469.15,True,71,"3,5-Dimethyl-4-propylheptane"
prob_in_spec,4,97,1146,458.15,True,72,"3,4,4,5-Tetramethylheptane"
prob_in_spec,4,98,468,452.15,False,72,"3,5-Dimethyl-4-heptanol"
prob_in_spec,4,99,840,471.15,True,73,"2,5-Dimethyldecane"
prob_in_spec,4,100,825,463.85,True,74,2-Methyl-1-decene
prob_in_spec,4,101,699,465.45,True,75,5-Undecene
prob_in_spec,4,102,696,455.44,True,76,Undec-4-ene
prob_in_spec,4,103,1021,466.15,True,77,(E)-4-Undecene
prob_in_spec,4,104,278,465.85,True,78,1-Undecene
prob_in_spec,4,105,856,448.0,False,78,"2,3-Dimethylnonane"
prob_in_spec,4,106,734,462.0,True,79,"1,10-Undecadiene"
prob_in_spec,4,107,625,466.65,True,80,1-Nonen-3-ol
prob_in_spec,4,108,523,459.00627,True,81,"2,2,7,7-Tetramethyloctane"
prob_in_spec,4,109,1156,471.15,True,82,5-Ethyl-5-methylnonane
prob_in_spec,4,110,559,469.15,True,83,1-Undecyne
prob_in_spec,4,111,788,471.65,True,84,4-Undecyne
prob_in_spec,4,112,712,471.09534,True,85,5-Undecyne
prob_in_spec,4,113,787,473.15,False,85,3-Undecyne
prob_in_spec,4,114,786,479.15,False,85,2-Undecyne
prob_in_spec,4,115,754,482.28,False,85,"2,9-Dimethyl-5-decyne"
prob_in_spec,4,116,668,514.75,False,85,"3,7-Dimethylocta-1,5,7-trien-3-ol"
prob_in_spec,4,117,1072,514.75,False,85,Hotrienol
prob_in_spec,4,118,1158,472.15,True,86,"4,4-Dimethyldecane"
prob_in_spec,4,119,1245,469.15,True,87,"2,4,4,5,5-Pentamethylheptane"
prob_in_spec,4,120,1097,456.15,True,88,"2,8-Dimethylnonane"
prob_in_spec,4,121,563,351.65,False,88,n-Methyloctan-1-amine
prob_in_spec,4,122,149,460.15,True,89,Diisoamylamine
prob_in_spec,4,123,1179,454.15,True,90,"2,3,3,4,5-Pentamethylhexane"
prob_in_spec,4,124,1216,457.05,True,91,"3,3-Dimethylnon-4-yne"
prob_in_spec,4,125,1237,459.15,True,92,"2,2,3,4,4-Pentamethylhexane"
prob_in_spec,4,126,912,470.15,True,93,5-Propylnonane
prob_in_spec,4,127,906,444.86543,False,93,"2,4,4-Trimethyl-3-hexanol"
prob_in_spec,4,128,1178,452.15,False,93,"2,3,4-Trimethylhexan-3-ol"
prob_in_spec,4,129,811,451.05,False,93,"3-Ethyl-2,4-dimethylpentan-3-ol"
prob_in_spec,4,130,646,443.15,False,93,"2,2,3-Trimethylhexan-3-ol"
prob_in_spec,4,131,677,460.65,True,94,"2,2,4,4,6-Pentamethylheptane"
prob_in_spec,4,132,1232,467.8,True,95,"3,4,5,5-Tetramethylhexan-3-ol"
prob_in_spec,4,133,1249,460.65,True,96,"2,2,4,4-Tetramethyl-3-hexanol"
prob_in_spec,4,134,1133,464.89743,True,97,"2,2,3,4-Tetramethylhexan-3-ol"
prob_in_spec,4,135,438,451.15,False,97,"2,2,4,6,6-Pentamethylheptane"
prob_in_spec,4,136,394,451.65,False,97,2-Octanol
prob_in_spec,4,137,972,449.65,False,97,(S)-(+)-2-Octanol
prob_in_spec,4,138,808,453.15,True,98,2-Methyl-1-heptanol
prob_in_spec,4,139,1117,456.27755,True,99,(S)-(+)-5-Methyl-1-heptanol
prob_in_spec,4,140,822,459.15,True,100,3-Methyl-1-heptanol
prob_in_spec,4,141,51,459.35,True,101,2-Ethylhexan-1-ol
prob_in_spec,4,142,670,457.15,True,102,4-Methyl-1-heptanol
prob_in_spec,4,143,1209,451.15,False,102,"3-Ethyl-2,4,4-trimethylhexane"
prob_in_spec,4,144,1076,456.28,True,103,"1,3,5-Undecatriene"
prob_in_spec,4,145,1132,454.15,True,104,"4-Ethyl-3,5-dimethylheptane"
prob_in_spec,4,146,997,460.44,True,105,"(E,E,Z)-Undeca-1,3,5,8-tetraene"
prob_in_spec,4,147,1212,446.17573,False,105,"2,2,3,3,5-Pentamethylhexane"
prob_in_spec,4,148,925,472.15,True,106,"4,7-Dimethyldecane"
prob_in_spec,4,149,943,456.15,True,107,"2,3,4-Trimethyl-1-pentanol"
prob_in_spec,4,150,655,433.76714,False,107,"2,4-Dimethyl-3-hexanol"
qlogei_target,4,1,1172,454.15,True,1,"3,3,4,5-Tetramethylheptane"
qlogei_target,4,2,1171,452.8,False,1,"2,2,3,3-Tetramethylheptane"
qlogei_target,4,3,1210,450.15,False,1,3-Methyl-4-isopropylheptane
qlogei_target,4,4,759,479.15,False,1,"2,4-Hexanediol"
qlogei_target,4,5,902,391.2,False,1,5-Methyl-3-heptyne
qlogei_target,4,6,566,491.65,False,1,2-Butylhexanol
qlogei_target,4,7,100,431.65,False,1,2-Allyloxyethanol
qlogei_target,4,8,1217,477.15,False,1,4-Methyl-2-(2-methylpropyl)pentan-1-ol
qlogei_target,4,9,636,441.15,False,1,N-Heptylmethylamine
qlogei_target,4,10,1096,453.15,True,2,"2,7-Dimethylnonane"
qlogei_target,4,11,1244,555.15,False,2,"2,3-Dimethyltetradecane"
qlogei_target,4,12,1062,547.62,False,2,trans-2-Undecen-1-ol
qlogei_target,4,13,625,466.65,True,3,1-Nonen-3-ol
qlogei_target,4,14,1056,616.26,False,3,(Z)-9-Tetradecen-1-ol
qlogei_target,4,15,28,385.15,False,3,Neopentyl alcohol
qlogei_target,4,16,935,469.15,True,4,"3-Ethyl-2,7-dimethyloctane"
qlogei_target,4,17,658,454.65,True,5,2-Methyl-3-octanol
qlogei_target,4,18,627,465.15,True,6,3-Methyldecane
qlogei_target,4,19,1236,466.15,True,7,"2,2,3,3,6-Pentamethylheptane"
qlogei_target,4,20,825,463.85,True,8,2-Methyl-1-decene
qlogei_target,4,21,360,461.15,True,9,4-Methyldecane
qlogei_target,4,22,412,465.65,True,10,4-Nonanol
qlogei_target,4,23,1183,457.0,True,11,"2,4,4,7-Tetramethyloctane"
qlogei_target,4,24,499,473.15,False,11,"2,2,3-Trimethylnonane"
qlogei_target,4,25,419,462.35,True,12,2-Methyldecane
qlogei_target,4,26,1160,460.15,True,13,"4-Ethyl-2,2-dimethyloctane"
qlogei_target,4,27,932,461.15,True,14,3-Ethylnonane
qlogei_target,4,28,795,462.9,True,15,"3,3,6,6-Tetramethyloctane"
qlogei_target,4,29,1154,459.4,True,16,"2,4,5,7-Tetramethyloctane"
qlogei_target,4,30,1164,464.15,True,17,"2,2,4-Trimethylnonane"
qlogei_target,4,31,1223,463.15,True,18,"2,5,5-Trimethylnonane"
qlogei_target,4,32,1218,462.15,True,19,"2,4-Dimethyl-4-propylheptane"
qlogei_target,4,33,1138,463.15,True,20,"4-Ethyl-2,6-dimethyloctane"
qlogei_target,4,34,1187,464.15,True,21,4-Tert-butyloctane
qlogei_target,4,35,1137,470.15,True,22,"3-Ethyl-2,6-dimethyloctane"
qlogei_target,4,36,1220,463.15,True,23,"2,5-Dimethyl-4-propylheptane"
qlogei_target,4,37,699,465.45,True,24,5-Undecene
qlogei_target,4,38,1199,468.15,True,25,"2,2,3,3,5,5-Hexamethylhexane"
qlogei_target,4,39,278,465.85,True,26,1-Undecene
qlogei_target,4,40,1177,457.15,True,27,"2,2,3,3,4-Pentamethylhexane"
qlogei_target,4,41,1136,464.15,True,28,"4-Ethyl-2,4-dimethyloctane"
qlogei_target,4,42,864,479.15,False,28,6-Methyloctan-1-ol
qlogei_target,4,43,734,462.0,True,29,"1,10-Undecadiene"
qlogei_target,4,44,1116,467.15,True,30,"2,2,3,3,4,4-Hexamethylpentane"
qlogei_target,4,45,567,415.0,False,30,"2,6-Dimethyl-1-heptene"
qlogei_target,4,46,696,455.44,True,31,Undec-4-ene
qlogei_target,4,47,1114,459.15,True,32,"3-Ethyl-2,2,3,4-tetramethylpentane"
qlogei_target,4,48,1206,462.15,True,33,"3,3-Diethyl-2,4-dimethylpentane"
qlogei_target,4,49,1203,460.15,True,34,"2,3,3,4,4-Pentamethylhexane"
qlogei_target,4,50,1115,462.15,True,35,"3,3-Diethyl-2,2-dimethylpentane"
qlogei_target,4,51,1174,455.9,True,36,"2,2,6,6-Tetramethyloctane"
qlogei_target,4,52,1240,459.15,True,37,"2,2,5,5,6-Pentamethylheptane"
qlogei_target,4,53,594,443.15,False,37,"2,6-Dimethyl-2-heptanol"
qlogei_target,4,54,438,451.15,False,37,"2,2,4,6,6-Pentamethylheptane"
qlogei_target,4,55,523,459.00627,True,38,"2,2,7,7-Tetramethyloctane"
qlogei_target,4,56,1141,458.15,True,39,4-Tert-butyl-2-methylheptane
qlogei_target,4,57,1021,466.15,True,40,(E)-4-Undecene
qlogei_target,4,58,559,469.15,True,41,1-Undecyne
qlogei_target,4,59,500,506.02,False,41,"3,6-Nonadien-1-ol"
qlogei_target,4,60,8,467.85,True,42,1-Octanol
qlogei_target,4,61,1221,463.15,True,43,"2,6,6-Trimethylnonane"
qlogei_target,4,62,787,473.15,False,43,3-Undecyne
qlogei_target,4,63,149,460.15,True,44,Diisoamylamine
qlogei_target,4,64,1222,457.75,True,45,"2,6-Dimethyl-4-propylheptane"
qlogei_target,4,65,1180,444.15,False,45,"2,2,5-Trimethyloctane"
qlogei_target,4,66,792,455.15,True,46,"2,4,6-Trimethyl-4-heptanol"
qlogei_target,4,67,989,470.15,True,47,"(4R)-2-Methylpentane-2,4-diol"
qlogei_target,4,68,556,472.15,True,48,3-Ethyloctan-3-ol
qlogei_target,4,69,661,478.65,False,48,"3,3-Dimethyl-1,2-butanediol"
qlogei_target,4,70,219,420.15,False,48,5-Methyl-3-hexanol
qlogei_target,4,71,621,465.15,True,49,"4,7-Dimethyloctan-4-ol"
qlogei_target,4,72,1194,462.15,True,50,4-Isopropyl-4-heptanol
qlogei_target,4,73,1133,464.89743,True,51,"2,2,3,4-Tetramethylhexan-3-ol"
qlogei_target,4,74,402,557.15,False,51,2-Tetradecanol
qlogei_target,4,75,91,417.15,False,51,"N,N,N',N'-Tetramethyl-1,3-propanediamine"
qlogei_target,4,76,1230,469.15,True,52,"3,3-Dimethyl-4-propylheptane"
qlogei_target,4,77,1232,467.8,True,53,"3,4,5,5-Tetramethylhexan-3-ol"
qlogei_target,4,78,646,443.15,False,53,"2,2,3-Trimethylhexan-3-ol"
qlogei_target,4,79,830,472.15,True,54,4-Ethyl-5-methylnonane
qlogei_target,4,80,892,442.59,False,54,"3-Ethyl-2,3,4-trimethylpentane"
qlogei_target,4,81,1249,460.65,True,55,"2,2,4,4-Tetramethyl-3-hexanol"
qlogei_target,4,82,267,473.15,False,55,"2-Methyl-1,3-butanediol"
qlogei_target,4,83,136,282.65,False,55,Neopentane
qlogei_target,4,84,331,471.15,True,56,Nonylamine
qlogei_target,4,85,530,450.15,False,56,"2-Methylpropane-1,2-diol"
qlogei_target,4,86,813,481.15,False,56,"3-Methyl-1,3-butanediol"
qlogei_target,4,87,86,502.65,False,56,"1,4-Butanediol"
qlogei_target,4,88,242,535.15,False,56,"1,7-Heptanediol"
qlogei_target,4,89,859,429.65,False,56,"2,3,4-Trimethyl-3-pentanol"
qlogei_target,4,90,9,460.45,True,57,Propylene Glycol
qlogei_target,4,91,814,461.15,True,58,"R-1,2-Propanediol"
qlogei_target,4,92,563,351.65,False,58,n-Methyloctan-1-amine
qlogei_target,4,93,215,398.15,False,58,2-Ethylbutylamine
qlogei_target,4,94,104,444.15,False,58,2-Butoxyethanol
qlogei_target,4,95,81,397.45,False,58,2-Methoxyethanol
qlogei_target,4,96,635,459.15,True,59,5-Methyldecane
qlogei_target,4,97,1186,472.15,True,60,"3,4-Diethyloctane"
qlogei_target,4,98,922,457.15,True,61,4-Ethylnonane
qlogei_target,4,99,1150,463.0,True,62,"2,5,8-Trimethylnonane"
qlogei_target,4,100,325,447.25,False,62,Decane
qlogei_target,4,101,22,231.04,False,62,Propane
qlogei_target,4,102,558,494.15,False,62,"2-Methyl-1,3-propanediol"
qlogei_target,4,103,638,479.15,False,62,5-Methylundecane
qlogei_target,4,104,1246,444.15,False,62,"2,4,4-Trimethyloctane"
qlogei_target,4,105,171,388.75,False,62,"2,3-Dimethylhexane"
qlogei_target,4,106,535,337.15,False,62,N-Allylmethylamine
qlogei_target,4,107,1,455.15,True,63,"2,3-Butanediol"
qlogei_target,4,108,1030,429.46,False,63,"3,5-Hexadien-2-ol"
qlogei_target,4,109,904,447.15,False,63,"2,2,6-Trimethyloctane"
qlogei_target,4,110,152,743.15,False,63,Dotriacontane
qlogei_target,4,111,597,370.15,False,63,3-Octyn-1-ol
qlogei_target,4,112,106,451.75,False,63,Octylamine
qlogei_target,4,113,406,426.9,False,63,1-Hepten-3-OL
qlogei_target,4,114,953,694.45,False,63,Squalene
qlogei_target,4,115,568,358.15,False,63,5-Methyl-1-hexene
qlogei_target,4,116,302,469.05,True,64,Undecane
qlogei_target,4,117,35,341.95,False,64,Isobutylamine
qlogei_target,4,118,670,457.15,True,65,4-Methyl-1-heptanol
qlogei_target,4,119,249,576.15,False,65,Heptadecane
qlogei_target,4,120,385,410.65,False,65,1-Isopropoxy-2-propanol
qlogei_target,4,121,121,517.15,False,65,"2,2-Diethyl-1,3-propanediol"
qlogei_target,4,122,868,359.15,False,65,N-tert-Butylethylamine
qlogei_target,4,123,1168,473.15,False,65,"3-Ethyl-3,4-dimethyloctane"
qlogei_target,4,124,990,442.65,False,65,3-Hepten-1-ol
qlogei_target,4,125,548,428.9,False,65,5-Hexen-1-ol
qlogei_target,4,126,1166,459.9,True,66,"3,3-Diethylheptane"
qlogei_target,4,127,95,405.15,False,66,Hexylamine
qlogei_target,4,128,841,474.15,False,66,"3,6-Dimethyldecane"
qlogei_target,4,129,137,353.95,False,66,"2,2,3-Trimethylbutane"
qlogei_target,4,130,247,557.15,False,66,1-Hexadecyne
qlogei_target,4,131,799,404.15,False,66,"2-Butene-1,4-diol"
qlogei_target,4,132,505,417.15,False,66,"N,N-Diethylethylenediamine"
qlogei_target,4,133,656,429.15,False,66,"2,2-Dimethyl-3-hexanol"
qlogei_target,4,134,363,453.15,True,67,Didodecylamine
qlogei_target,4,135,723,391.0,False,67,4-Methylhept-3-ene
qlogei_target,4,136,669,465.4,True,68,4-Methyl-2-propylpentan-1-ol
qlogei_target,4,137,643,507.15,False,68,"1,2-Hexanediol"
qlogei_target,4,138,38,331.15,False,68,"2,3-Dimethylbutane"
qlogei_target,4,139,676,453.15,True,69,"2,3,6-Trimethyloctane"
qlogei_target,4,140,208,385.15,False,69,3-Methyl-2-butanol
qlogei_target,4,141,981,453.15,True,70,3-Methyl-4-octanol
qlogei_target,4,142,315,521.05,False,70,2-Methyltridecane
qlogei_target,4,143,333,603.15,False,70,Hexadecyldimethylamine
qlogei_target,4,144,245,543.75,False,70,Pentadecane
qlogei_target,4,145,1098,746.15,False,70,1-Tritriacontene
qlogei_target,4,146,1106,491.65,False,70,"4-Methylpentane-1,4-diol"
qlogei_target,4,147,1170,455.15,True,71,"3,6-Dimethylnonane"
qlogei_target,4,148,187,382.25,False,71,"2,5-Dimethylhexane"
qlogei_target,4,149,133,503.25,False,71,"2,2,4-Trimethyl-1,3-pentanediol"
qlogei_target,4,150,832,474.15,False,71,"5,6-Dimethyldecane"
random,5,1,1000,441.15,False,0,"cis-2,6-Dimethyl-2,6-octadiene"
random,5,2,786,479.15,False,0,2-Undecyne
random,5,3,1224,445.15,False,0,"2,5,5-Trimethyloctane"
random,5,4,356,490.15,False,0,Hexaethylene glycol
random,5,5,642,613.15,False,0,3-Methylnonadecane
random,5,6,833,504.45,False,0,2-Methyl-1-dodecene
random,5,7,67,374.45,False,0,"2,4,4-Trimethyl-1-pentene"
random,5,8,584,438.15,False,0,3-Ethyloctane
random,5,9,1005,367.65,False,0,3-Methyl-2-hexene
random,5,10,28,385.15,False,0,Neopentyl alcohol
random,5,11,1010,524.08,False,0,trans-6-Tetradecene
random,5,12,1004,406.45,False,0,"trans-2,2-Dimethyl-3-heptene"
random,5,13,836,439.15,False,0,"2,2,3,3,4-Pentamethylpentane"
random,5,14,585,618.15,False,0,1-Nonadecanol
random,5,15,29,375.55,False,0,2-Methyl-2-butanol
random,5,16,345,355.35,False,0,"Hexa-1,3,5-triene"
random,5,17,477,480.15,False,0,Neopentyl glycol
random,5,18,712,471.09534,True,1,5-Undecyne
random,5,19,508,421.15,False,1,"3,5-Dimethyl-1-hexyn-3-ol"
random,5,20,69,333.36,False,1,2-Methylpentane
random,5,21,238,372.95,False,1,1-Heptyne
random,5,22,186,299.05,False,1,"1,4-Pentadiene"
random,5,23,815,492.15,False,1,5-Butylnonane
random,5,24,938,447.15,False,1,"2,2,3,5-Tetramethylheptane"
random,5,25,1246,444.15,False,1,"2,4,4-Trimethyloctane"
random,5,26,1121,620.44,False,1,Octadec-7-yne
random,5,27,1058,386.36,False,1,5-Methyl-2-heptene
random,5,28,996,546.96,False,1,(2E)-2-Pentadecene
random,5,29,222,274.03,False,1,beta-Butene
random,5,30,1213,451.15,False,1,"4-Ethyl-2,2,4-trimethylhexane"
random,5,31,843,501.15,False,1,"2,3-Dimethylundecane"
random,5,32,1198,448.15,False,1,"4-Ethyl-2,5-dimethylheptane"
random,5,33,827,430.15,False,1,"2,4-Dimethyl-3-isopropylpentane"
random,5,34,78,303.15,False,1,1-Pentene
random,5,35,825,463.85,True,2,2-Methyl-1-decene
random,5,36,82,328.55,False,2,Diethylamine
random,5,37,848,434.26,False,2,"3,4,4-Trimethylheptane"
random,5,38,233,329.15,False,2,2-Pentyne
random,5,39,464,604.15,False,2,1-Nonadecene
random,5,40,1096,453.15,True,3,"2,7-Dimethylnonane"
random,5,41,383,360.15,False,3,4-Methyl-1-hexene
random,5,42,1116,467.15,True,4,"2,2,3,3,4,4-Hexamethylpentane"
random,5,43,1103,393.15,False,4,"(S)-3,3-dimethyl-2-butanol"
random,5,44,1089,501.2,False,4,trans-4-Tridecene
random,5,45,675,375.65,False,4,n-Methylbutan-2-amine
random,5,46,624,435.65,False,4,"3,4,5-Trimethylheptane"
random,5,47,416,431.0,False,4,"2,4-Dimethyl-1-pentanol"
random,5,48,47,480.15,False,4,Tributylamine
random,5,49,1,455.15,True,5,"2,3-Butanediol"
random,5,50,542,364.98821,False,5,"5-Methyl-1,4-hexadiene"
random,5,51,150,426.15,False,5,3-Hexen-1-ol
random,5,52,394,451.65,False,5,2-Octanol
random,5,53,192,340.21,False,5,3-Hexene
random,5,54,1002,361.15,False,5,(E)-2-Methyl-3-hexene
random,5,55,367,413.15,False,5,3-Ethyl-3-methylhexane
random,5,56,992,349.89151,False,5,"cis-4,4-Dimethyl-2-pentene"
random,5,57,994,310.05,False,5,cis-2-PENTENE
random,5,58,295,410.15,False,5,"2,2,5,5-Tetramethylhexane"
random,5,59,213,414.15,False,5,2-Methyl-3-hexanol
random,5,60,558,494.15,False,5,"2-Methyl-1,3-propanediol"
random,5,61,1209,451.15,False,5,"3-Ethyl-2,4,4-trimethylhexane"
random,5,62,363,453.15,True,6,Didodecylamine
random,5,63,647,448.15,False,6,"2-Methylbutane-2,3-diol"
random,5,64,1249,460.65,True,7,"2,2,4,4-Tetramethyl-3-hexanol"
random,5,65,632,392.6,False,7,"3,5,5-Trimethyl-1-hexene"
random,5,66,1162,441.15,False,7,"4-Ethyl-2,2-dimethylheptane"
random,5,67,1052,478.32,False,7,trans-6-Dodecene
random,5,68,1055,387.4,False,7,"2,6-Dimethyl-3-heptene"
random,5,69,1084,360.6,False,7,"1,3-Heptadiene"
random,5,70,109,481.15,False,7,2-(Hexyloxy)ethanol
random,5,71,496,407.15,False,7,1-Methoxy-2-butanol
random,5,72,1169,473.15,False,7,"4,4-Diethyloctane"
random,5,73,840,471.15,True,8,"2,5-Dimethyldecane"
random,5,74,334,445.15,False,8,"N,N-Dimethylheptylamine"
random,5,75,263,724.15,False,8,Triacontane
random,5,76,853,484.15,False,8,"2,2-Dimethyl-1-octanol"
random,5,77,917,473.15,False,8,3-Methyl-7-ethyl-nonane
random,5,78,837,432.15,False,8,"2,2,3,4,4-Pentamethylpentane"
random,5,79,247,557.15,False,8,1-Hexadecyne
random,5,80,1178,452.15,False,8,"2,3,4-Trimethylhexan-3-ol"
random,5,81,442,430.15,False,8,4-Methyl-3-heptanol
random,5,82,807,456.65,True,9,"meso-2,3-Butanediol"
random,5,83,790,528.92,False,9,5-Tetradecyne
random,5,84,202,415.15,False,9,3-Ethyl-3-pentanol
random,5,85,134,283.15,False,9,"1,3-Butadiyne"
random,5,86,988,276.87,False,9,cis-2-Butene
random,5,87,51,459.35,True,10,2-Ethylhexan-1-ol
random,5,88,244,526.65,False,10,Tetradecane
random,5,89,411,441.15,False,10,3-Methylnonane
random,5,90,468,452.15,False,10,"3,5-Dimethyl-4-heptanol"
random,5,91,136,282.65,False,10,Neopentane
random,5,92,475,420.05,False,10,1-Nonene
random,5,93,36,380.99,False,10,Isobutanol
random,5,94,1051,413.65,False,10,(Z)-Pent-3-en-1-ol
random,5,95,888,428.93767,False,10,"2,3,4,5-Tetramethylhexane"
random,5,96,471,444.15,False,10,Myrcene
random,5,97,900,520.15,False,10,"2,3-Dimethyldodecane"
random,5,98,762,372.69,False,10,4-Methyl-2-hexyne
random,5,99,1011,612.15,False,10,Oleylamine
random,5,100,1235,451.15,False,10,"4,4-Dimethylnonane"
random,5,101,602,435.15,False,10,"3,4-Dimethyloctane"
random,5,102,502,441.65,False,10,2-Methylhexan-1-ol
random,5,103,1056,616.26,False,10,(Z)-9-Tetradecen-1-ol
random,5,104,529,465.15,True,11,"N,N,N',N'-Tetraethylethylenediamine"
random,5,105,1173,415.15,False,11,4-Methyl-octane
random,5,106,909,433.26,False,11,"3-Ethyl-2,4-dimethylhexane"
random,5,107,531,252.95,False,11,Trimethylborane
random,5,108,393,392.65,False,11,But-2-en-1-ol
random,5,109,501,601.15,False,11,2-Heptadecanol
random,5,110,1192,452.15,False,11,"3,5-Diethylheptane"
random,5,111,777,436.15,False,11,"2,2,6,6-Tetramethylheptane"
random,5,112,1164,464.15,True,12,"2,2,4-Trimethylnonane"
random,5,113,434,445.35,False,12,3-Methyl-1-hexanol
random,5,114,699,465.45,True,13,5-Undecene
random,5,115,760,405.15,False,13,"2,4-Dimethyl-4-penten-2-ol"
random,5,116,723,391.0,False,13,4-Methylhept-3-ene
random,5,117,1033,367.15337,False,13,"1,5-Heptadiene"
random,5,118,231,409.15,False,13,2-Hexanol
random,5,119,1026,432.56,False,13,cis-3-Decene
random,5,120,1231,454.15,True,14,"3,4,4-Trimethyloctane"
random,5,121,92,412.75,False,14,Diisobutylamine
random,5,122,1069,409.24,False,14,trans-2-Methyl-3-octene
random,5,123,420,484.15,False,14,2-Methylundecane
random,5,124,235,424.15,False,14,5-Methyl-2-hexanol
random,5,125,1036,510.65,False,14,trans-2-Tridecene
random,5,126,1241,457.15,True,15,"2,2,5,5-Tetramethyloctane"
random,5,127,652,446.15,False,15,6-Methyl-2-heptanol
random,5,128,678,575.34,False,15,9-Dodecyn-1-ol
random,5,129,610,427.15,False,15,5-Methyl-3-heptanol
random,5,130,318,404.15,False,15,1-Ethoxy-2-propanol
random,5,131,548,428.9,False,15,5-Hexen-1-ol
random,5,132,342,414.15,False,15,4-Ethylheptane
random,5,133,1219,521.0,False,15,"2,4-Dimethyltetradecane"
random,5,134,1075,357.16,False,15,"2-Methyl-1,3,5-hexatriene"
random,5,135,949,375.21134,False,15,"2,5-Dimethyl-3-hexene"
random,5,136,4,398.77,False,15,Octane
random,5,137,241,481.15,False,15,"Hexane-1,6-diol"
random,5,138,422,395.15,False,15,"2,3-Dimethyl-2-hexene"
random,5,139,793,439.15,False,15,"2,2,5,5-Tetramethylheptane"
random,5,140,940,488.15,False,15,"N,N-Dimethylnonylamine"
random,5,141,15,355.36,False,15,Isopropyl Alcohol
random,5,142,232,313.05,False,15,1-Pentyne
random,5,143,428,442.75,False,15,5-Decene
random,5,144,594,443.15,False,15,"2,6-Dimethyl-2-heptanol"
random,5,145,564,620.15,False,15,N-Methyloctadecylamine
random,5,146,414,365.15,False,15,2-Methyl-1-hexene
random,5,147,58,443.15,False,15,"1,2,6-Hexanetriol"
random,5,148,664,438.15,False,15,3-Methyl-4-heptanol
random,5,149,979,452.15,False,15,"2,3,4,5-Tetramethylheptane"
random,5,150,495,546.15,False,15,Tridecylamine
mw_heuristic,5,1,1000,441.15,False,0,"cis-2,6-Dimethyl-2,6-octadiene"
mw_heuristic,5,2,786,479.15,False,0,2-Undecyne
mw_heuristic,5,3,1224,445.15,False,0,"2,5,5-Trimethyloctane"
mw_heuristic,5,4,356,490.15,False,0,Hexaethylene glycol
mw_heuristic,5,5,642,613.15,False,0,3-Methylnonadecane
mw_heuristic,5,6,833,504.45,False,0,2-Methyl-1-dodecene
mw_heuristic,5,7,67,374.45,False,0,"2,4,4-Trimethyl-1-pentene"
mw_heuristic,5,8,584,438.15,False,0,3-Ethyloctane
mw_heuristic,5,9,1005,367.65,False,0,3-Methyl-2-hexene
mw_heuristic,5,10,28,385.15,False,0,Neopentyl alcohol
mw_heuristic,5,11,509,542.15,False,0,"2-Butyl-2-ethyl-1,3-propanediol"
mw_heuristic,5,12,56,497.15,False,0,"3,7-Dimethyloctan-1-ol"
mw_heuristic,5,13,110,502.15,False,0,1-Decanol
mw_heuristic,5,14,301,484.18843,False,0,2-Decanol
mw_heuristic,5,15,338,487.15,False,0,4-Decanol
mw_heuristic,5,16,997,460.44,True,1,"(E,E,Z)-Undeca-1,3,5,8-tetraene"
mw_heuristic,5,17,83,506.15,False,1,"2,5-Dimethyl-2,5-hexanediol"
mw_heuristic,5,18,109,481.15,False,1,2-(Hexyloxy)ethanol
mw_heuristic,5,19,133,503.25,False,1,"2,2,4-Trimethyl-1,3-pentanediol"
mw_heuristic,5,20,537,418.15,False,1,"1,8-Octanediol"
mw_heuristic,5,21,54,505.15,False,1,"N,N-Bis(3-aminopropyl)methylamine"
mw_heuristic,5,22,42,438.2,False,1,"N,N,N',N'-Tetramethyl-1,3-butanediamine"
mw_heuristic,5,23,123,394.15,False,1,"N,N-Diisopropylethylenediamine"
mw_heuristic,5,24,518,327.65,False,1,"N,N,N'-Triethylethylenediamine"
mw_heuristic,5,25,520,441.15,False,1,"N,N,N',N'-Tetramethyl-1,4-butanediamine"
mw_heuristic,5,26,559,469.15,True,2,1-Undecyne
mw_heuristic,5,27,712,471.09534,True,3,5-Undecyne
mw_heuristic,5,28,734,462.0,True,4,"1,10-Undecadiene"
mw_heuristic,5,29,787,473.15,False,4,3-Undecyne
mw_heuristic,5,30,788,471.65,True,5,4-Undecyne
mw_heuristic,5,31,39,653.15,False,5,Xylitol
mw_heuristic,5,32,668,514.75,False,5,"3,7-Dimethylocta-1,5,7-trien-3-ol"
mw_heuristic,5,33,1072,514.75,False,5,Hotrienol
mw_heuristic,5,34,1216,457.05,True,6,"3,3-Dimethylnon-4-yne"
mw_heuristic,5,35,1076,456.28,True,7,"1,3,5-Undecatriene"
mw_heuristic,5,36,221,467.9,True,8,3-Nonanol
mw_heuristic,5,37,239,466.65,True,9,2-Nonanol
mw_heuristic,5,38,319,446.15,False,9,"3,6-Dimethyl-3-heptanol"
mw_heuristic,5,39,351,479.15,False,9,Isononyl alcohol
mw_heuristic,5,40,379,466.15,True,10,"3,5,5-Trimethyl-1-hexanol"
mw_heuristic,5,41,409,462.15,True,11,3-Methyl-3-octanol
mw_heuristic,5,42,412,465.65,True,12,4-Nonanol
mw_heuristic,5,43,467,448.15,False,12,"2,6-Dimethyl-3-heptanol"
mw_heuristic,5,44,468,452.15,False,12,"3,5-Dimethyl-4-heptanol"
mw_heuristic,5,45,533,452.15,False,12,4-Ethyl-4-heptanol
mw_heuristic,5,46,594,443.15,False,12,"2,6-Dimethyl-2-heptanol"
mw_heuristic,5,47,646,443.15,False,12,"2,2,3-Trimethylhexan-3-ol"
mw_heuristic,5,48,658,454.65,True,13,2-Methyl-3-octanol
mw_heuristic,5,49,669,465.4,True,14,4-Methyl-2-propylpentan-1-ol
mw_heuristic,5,50,735,439.15,False,14,"2,2,4,4-Tetramethylpentan-3-ol"
mw_heuristic,5,51,572,370.65,False,14,Tris(2-aminoethyl)amine
mw_heuristic,5,52,769,453.22759,True,15,4-Methyl-4-octanol
mw_heuristic,5,53,811,451.05,False,15,"3-Ethyl-2,4-dimethylpentan-3-ol"
mw_heuristic,5,54,864,479.15,False,15,6-Methyloctan-1-ol
mw_heuristic,5,55,905,438.65,False,15,"3,4,4-Trimethylhexan-3-ol"
mw_heuristic,5,56,906,444.86543,False,15,"2,4,4-Trimethyl-3-hexanol"
mw_heuristic,5,57,978,447.15,False,15,"3-Ethyl-2,2-dimethyl-3-pentanol"
mw_heuristic,5,58,981,453.15,True,16,3-Methyl-4-octanol
mw_heuristic,5,59,1108,447.15,False,16,"2,2-Dimethyl-4-heptanol"
mw_heuristic,5,60,1178,452.15,False,16,"2,3,4-Trimethylhexan-3-ol"
mw_heuristic,5,61,1211,468.15,True,17,2-Ethyl-4-methylhexan-1-ol
mw_heuristic,5,62,45,426.15,False,17,Tripropylamine
mw_heuristic,5,63,331,471.15,True,18,Nonylamine
mw_heuristic,5,64,334,445.15,False,18,"N,N-Dimethylheptylamine"
mw_heuristic,5,65,376,432.15,False,18,N-Methyldibutylamine
mw_heuristic,5,66,967,502.15,False,18,Nerol
mw_heuristic,5,67,278,465.85,True,19,1-Undecene
mw_heuristic,5,68,696,455.44,True,20,Undec-4-ene
mw_heuristic,5,69,699,465.45,True,21,5-Undecene
mw_heuristic,5,70,825,463.85,True,22,2-Methyl-1-decene
mw_heuristic,5,71,1021,466.15,True,23,(E)-4-Undecene
mw_heuristic,5,72,563,351.65,False,23,n-Methyloctan-1-amine
mw_heuristic,5,73,279,440.15,False,23,2-Methylnonane
mw_heuristic,5,74,295,410.15,False,23,"2,2,5,5-Tetramethylhexane"
mw_heuristic,5,75,297,433.15,False,23,"2,7-Dimethyloctane"
mw_heuristic,5,76,57,497.15,False,23,(-)-Citronellol
mw_heuristic,5,77,1001,524.74,False,23,(E)-3-Decenol
mw_heuristic,5,78,1061,524.74,False,23,2-Decen-1-ol
mw_heuristic,5,79,1092,524.74,False,23,Dec-4-en-1-ol
mw_heuristic,5,80,302,469.05,True,24,Undecane
mw_heuristic,5,81,306,426.15,False,24,"2,5,5-Trimethylheptane"
mw_heuristic,5,82,325,447.25,False,24,Decane
mw_heuristic,5,83,337,431.15,False,24,"2,6-Dimethyloctane"
mw_heuristic,5,84,387,413.06493,False,24,"2,3,6-Trimethylheptane"
mw_heuristic,5,85,411,441.15,False,24,3-Methylnonane
mw_heuristic,5,86,360,461.15,True,25,4-Methyldecane
mw_heuristic,5,87,419,462.35,True,26,2-Methyldecane
mw_heuristic,5,88,457,452.15,False,26,"2,5-Dimethylnonane"
mw_heuristic,5,89,458,452.15,False,26,"2,6-Dimethylnonane"
mw_heuristic,5,90,459,457.15,True,27,"3,7-Dimethylnonane"
mw_heuristic,5,91,503,452.15,False,27,"2,3,7-Trimethyloctane"
mw_heuristic,5,92,606,455.15,True,28,"4,5-Dimethylnonane"
mw_heuristic,5,93,627,465.15,True,29,3-Methyldecane
mw_heuristic,5,94,635,459.15,True,30,5-Methyldecane
mw_heuristic,5,95,676,453.15,True,31,"2,3,6-Trimethyloctane"
mw_heuristic,5,96,777,436.15,False,31,"2,2,6,6-Tetramethylheptane"
mw_heuristic,5,97,791,449.15,False,31,"2,2,4,4,5-Pentamethylhexane"
mw_heuristic,5,98,793,439.15,False,31,"2,2,5,5-Tetramethylheptane"
mw_heuristic,5,99,794,453.15,True,32,"3,3,5,5-Tetramethylheptane"
mw_heuristic,5,100,803,452.15,False,32,"2,2,3-Trimethyloctane"
mw_heuristic,5,101,804,450.15,False,32,"2,3,5-Trimethyloctane"
mw_heuristic,5,102,845,443.15834,False,32,"2,2,4-Trimethyloctane"
mw_heuristic,5,103,856,448.0,False,32,"2,3-Dimethylnonane"
mw_heuristic,5,104,904,447.15,False,32,"2,2,6-Trimethyloctane"
mw_heuristic,5,105,913,451.15,False,32,"2,4-Dimethylnonane"
mw_heuristic,5,106,914,456.46543,True,33,"4,4-Diethylheptane"
mw_heuristic,5,107,922,457.15,True,34,4-Ethylnonane
mw_heuristic,5,108,930,455.15,True,35,"3,3-Dimethylnonane"
mw_heuristic,5,109,932,461.15,True,36,3-Ethylnonane
mw_heuristic,5,110,934,455.15,True,37,"2,3,3-Trimethyloctane"
mw_heuristic,5,111,936,451.15,False,37,"2,5,6-Trimethyloctane"
mw_heuristic,5,112,937,447.15,False,37,"2,4,6-Trimethyloctane"
mw_heuristic,5,113,938,447.15,False,37,"2,2,3,5-Tetramethylheptane"
mw_heuristic,5,114,979,452.15,False,37,"2,3,4,5-Tetramethylheptane"
mw_heuristic,5,115,983,450.15,False,37,"3-Ethyl-2,4,5-trimethylhexane"
mw_heuristic,5,116,1096,453.15,True,38,"2,7-Dimethylnonane"
mw_heuristic,5,117,1097,456.15,True,39,"2,8-Dimethylnonane"
mw_heuristic,5,118,1113,454.15,True,40,"3,4,5-Trimethyloctane"
mw_heuristic,5,119,1114,459.15,True,41,"3-Ethyl-2,2,3,4-tetramethylpentane"
mw_heuristic,5,120,1115,462.15,True,42,"3,3-Diethyl-2,2-dimethylpentane"
mw_heuristic,5,121,1116,467.15,True,43,"2,2,3,3,4,4-Hexamethylpentane"
mw_heuristic,5,122,1119,458.15,True,44,"3,4-Dimethylnonane"
mw_heuristic,5,123,1127,447.15,False,44,4-Tert-butylheptane
mw_heuristic,5,124,1129,453.15,True,45,"2,3,4-Trimethyloctane"
mw_heuristic,5,125,1130,453.15,True,46,4-Ethyl-4-methyloctane
mw_heuristic,5,126,1131,443.15,False,46,"2,4,7-Trimethyloctane"
mw_heuristic,5,127,1132,454.15,True,47,"4-Ethyl-3,5-dimethylheptane"
mw_heuristic,5,128,1139,451.15,False,47,4-Isopropyloctane
mw_heuristic,5,129,1140,443.15,False,47,"3-Ethyl-2,2,5-trimethylhexane"
mw_heuristic,5,130,1143,442.15,False,47,"2,2,4,5-Tetramethylheptane"
mw_heuristic,5,131,1144,447.15,False,47,"3,3,5-Trimethyloctane"
mw_heuristic,5,132,1145,443.15,False,47,"2,2,4,4-Tetramethylheptane"
mw_heuristic,5,133,1146,458.15,True,48,"3,4,4,5-Tetramethylheptane"
mw_heuristic,5,134,1147,448.15,False,48,"2,3,5,6-Tetramethylheptane"
mw_heuristic,5,135,1149,437.15,False,48,"2,4,4,6-Tetramethylheptane"
mw_heuristic,5,136,1151,451.15,False,48,4-Methyl-4-propylheptane
mw_heuristic,5,137,1152,452.15,False,48,"3,4,6-Trimethyloctane"
mw_heuristic,5,138,1153,438.275,False,48,"2,2,3,5,5-Pentamethylhexane"
mw_heuristic,5,139,1157,450.15,False,48,"5,5-Dimethylnonane"
mw_heuristic,5,140,1162,441.15,False,48,"4-Ethyl-2,2-dimethylheptane"
mw_heuristic,5,141,1163,443.15,False,48,"2,2,7-Trimethyloctane"
mw_heuristic,5,142,1165,449.15,False,48,"3-Ethyl-2,5-dimethylheptane"
mw_heuristic,5,143,1166,459.9,True,49,"3,3-Diethylheptane"
mw_heuristic,5,144,1167,455.15,True,50,"3,3,4-Trimethyloctane"
mw_heuristic,5,145,1170,455.15,True,51,"3,6-Dimethylnonane"
mw_heuristic,5,146,129,490.15,False,51,Decylamine
mw_heuristic,5,147,149,460.15,True,52,Diisoamylamine
mw_heuristic,5,148,336,477.15,False,52,Dipentylamine
mw_heuristic,5,149,984,480.15,False,52,Methylnonylamine
mw_heuristic,5,150,1110,475.15,False,52,N-Ethyloctylamine
greedy_gp,5,1,1000,441.15,False,0,"cis-2,6-Dimethyl-2,6-octadiene"
greedy_gp,5,2,786,479.15,False,0,2-Undecyne
greedy_gp,5,3,1224,445.15,False,0,"2,5,5-Trimethyloctane"
greedy_gp,5,4,356,490.15,False,0,Hexaethylene glycol
greedy_gp,5,5,642,613.15,False,0,3-Methylnonadecane
greedy_gp,5,6,833,504.45,False,0,2-Methyl-1-dodecene
greedy_gp,5,7,67,374.45,False,0,"2,4,4-Trimethyl-1-pentene"
greedy_gp,5,8,584,438.15,False,0,3-Ethyloctane
greedy_gp,5,9,1005,367.65,False,0,3-Methyl-2-hexene
greedy_gp,5,10,28,385.15,False,0,Neopentyl alcohol
greedy_gp,5,11,399,521.55,False,0,"3-Methyl-1,5-pentanediol"
greedy_gp,5,12,643,507.15,False,0,"1,2-Hexanediol"
greedy_gp,5,13,795,462.9,True,1,"3,3,6,6-Tetramethyloctane"
greedy_gp,5,14,123,394.15,False,1,"N,N-Diisopropylethylenediamine"
greedy_gp,5,15,825,463.85,True,2,2-Methyl-1-decene
greedy_gp,5,16,792,455.15,True,3,"2,4,6-Trimethyl-4-heptanol"
greedy_gp,5,17,1241,457.15,True,4,"2,2,5,5-Tetramethyloctane"
greedy_gp,5,18,704,409.64,False,4,"2,4,6-Octatriyne"
greedy_gp,5,19,1174,455.9,True,5,"2,2,6,6-Tetramethyloctane"
greedy_gp,5,20,412,465.65,True,6,4-Nonanol
greedy_gp,5,21,1183,457.0,True,7,"2,4,4,7-Tetramethyloctane"
greedy_gp,5,22,1105,468.15,True,8,"2,3,4,5,6-Pentamethylheptane"
greedy_gp,5,23,1141,458.15,True,9,4-Tert-butyl-2-methylheptane
greedy_gp,5,24,1194,462.15,True,10,4-Isopropyl-4-heptanol
greedy_gp,5,25,621,465.15,True,11,"4,7-Dimethyloctan-4-ol"
greedy_gp,5,26,217,440.15,False,11,"2,2-Diethoxyethanol"
greedy_gp,5,27,1205,473.15,False,11,"3,3-Diethyl-2,4-dimethylhexane"
greedy_gp,5,28,903,458.15,True,12,2-(Pentyloxy)ethanol
greedy_gp,5,29,625,466.65,True,13,1-Nonen-3-ol
greedy_gp,5,30,351,479.15,False,13,Isononyl alcohol
greedy_gp,5,31,1204,479.15,False,13,"3,3-Diethyl-2,2,4-trimethylpentane"
greedy_gp,5,32,8,467.85,True,14,1-Octanol
greedy_gp,5,33,668,514.75,False,14,"3,7-Dimethylocta-1,5,7-trien-3-ol"
greedy_gp,5,34,1072,514.75,False,14,Hotrienol
greedy_gp,5,35,419,462.35,True,15,2-Methyldecane
greedy_gp,5,36,932,461.15,True,16,3-Ethylnonane
greedy_gp,5,37,635,459.15,True,17,5-Methyldecane
greedy_gp,5,38,922,457.15,True,18,4-Ethylnonane
greedy_gp,5,39,360,461.15,True,19,4-Methyldecane
greedy_gp,5,40,1154,459.4,True,20,"2,4,5,7-Tetramethyloctane"
greedy_gp,5,41,1164,464.15,True,21,"2,2,4-Trimethylnonane"
greedy_gp,5,42,1187,464.15,True,22,4-Tert-butyloctane
greedy_gp,5,43,627,465.15,True,23,3-Methyldecane
greedy_gp,5,44,499,473.15,False,23,"2,2,3-Trimethylnonane"
greedy_gp,5,45,699,465.45,True,24,5-Undecene
greedy_gp,5,46,1222,457.75,True,25,"2,6-Dimethyl-4-propylheptane"
greedy_gp,5,47,1218,462.15,True,26,"2,4-Dimethyl-4-propylheptane"
greedy_gp,5,48,336,477.15,False,26,Dipentylamine
greedy_gp,5,49,984,480.15,False,26,Methylnonylamine
greedy_gp,5,50,1110,475.15,False,26,N-Ethyloctylamine
greedy_gp,5,51,1236,466.15,True,27,"2,2,3,3,6-Pentamethylheptane"
greedy_gp,5,52,1223,463.15,True,28,"2,5,5-Trimethylnonane"
greedy_gp,5,53,1136,464.15,True,29,"4-Ethyl-2,4-dimethyloctane"
greedy_gp,5,54,710,467.14283,True,30,4-Propyl-4-heptanol
greedy_gp,5,55,46,423.15,False,30,Triallylamine
greedy_gp,5,56,1081,461.15,True,31,"2,6-Dimethyl-2,4,6-octatriene"
greedy_gp,5,57,1083,440.64,False,31,"(E,Z)-2,6-Dimethylocta-2,4,6-triene"
greedy_gp,5,58,149,460.15,True,32,Diisoamylamine
greedy_gp,5,59,1199,468.15,True,33,"2,2,3,3,5,5-Hexamethylhexane"
greedy_gp,5,60,1133,464.89743,True,34,"2,2,3,4-Tetramethylhexan-3-ol"
greedy_gp,5,61,61,268.55,False,34,"1,3-Butadiene"
greedy_gp,5,62,1116,467.15,True,35,"2,2,3,3,4,4-Hexamethylpentane"
greedy_gp,5,63,1232,467.8,True,36,"3,4,5,5-Tetramethylhexan-3-ol"
greedy_gp,5,64,1249,460.65,True,37,"2,2,4,4-Tetramethyl-3-hexanol"
greedy_gp,5,65,1220,463.15,True,38,"2,5-Dimethyl-4-propylheptane"
greedy_gp,5,66,1114,459.15,True,39,"3-Ethyl-2,2,3,4-tetramethylpentane"
greedy_gp,5,67,658,454.65,True,40,2-Methyl-3-octanol
greedy_gp,5,68,1138,463.15,True,41,"4-Ethyl-2,6-dimethyloctane"
greedy_gp,5,69,1217,477.15,False,41,4-Methyl-2-(2-methylpropyl)pentan-1-ol
greedy_gp,5,70,1221,463.15,True,42,"2,6,6-Trimethylnonane"
greedy_gp,5,71,26,304.95,False,42,Isopropylamine
greedy_gp,5,72,531,252.95,False,42,Trimethylborane
greedy_gp,5,73,11,275.95,False,42,Trimethylamine
greedy_gp,5,74,1160,460.15,True,43,"4-Ethyl-2,2-dimethyloctane"
greedy_gp,5,75,1230,469.15,True,44,"3,3-Dimethyl-4-propylheptane"
greedy_gp,5,76,129,490.15,False,44,Decylamine
greedy_gp,5,77,3,111.65,False,44,Methane
greedy_gp,5,78,940,488.15,False,44,"N,N-Dimethylnonylamine"
greedy_gp,5,79,916,472.15,True,45,"3,6-Dimethyl-3-ethyl-octane"
greedy_gp,5,80,921,470.15,True,46,"3-Methyl, 3,5-diethyl, heptane"
greedy_gp,5,81,597,370.15,False,46,3-Octyn-1-ol
greedy_gp,5,82,765,483.82,False,46,2-Octyn-1-ol
greedy_gp,5,83,1076,456.28,True,47,"1,3,5-Undecatriene"
greedy_gp,5,84,1115,462.15,True,48,"3,3-Diethyl-2,2-dimethylpentane"
greedy_gp,5,85,481,431.55,False,48,"4-Methylhepta-1,6-dien-4-ol"
greedy_gp,5,86,997,460.44,True,49,"(E,E,Z)-Undeca-1,3,5,8-tetraene"
greedy_gp,5,87,918,472.15,True,50,"3,4,5,6-Tetramethyloctane"
greedy_gp,5,88,712,471.09534,True,51,5-Undecyne
greedy_gp,5,89,523,459.00627,True,52,"2,2,7,7-Tetramethyloctane"
greedy_gp,5,90,298,467.15,True,53,Triisobutylamine
greedy_gp,5,91,114,614.65,False,53,Tetraethylenepentamine
greedy_gp,5,92,87,511.15,False,53,"2-Butyne-1,4-diol"
greedy_gp,5,93,1097,456.15,True,54,"2,8-Dimethylnonane"
greedy_gp,5,94,331,471.15,True,55,Nonylamine
greedy_gp,5,95,1168,473.15,False,55,"3-Ethyl-3,4-dimethyloctane"
greedy_gp,5,96,16,704.0,False,55,Sorbitol
greedy_gp,5,97,677,460.65,True,56,"2,2,4,4,6-Pentamethylheptane"
greedy_gp,5,98,650,484.15,False,56,Tetrahydrolavandulol
greedy_gp,5,99,39,653.15,False,56,Xylitol
greedy_gp,5,100,734,462.0,True,57,"1,10-Undecadiene"
greedy_gp,5,101,788,471.65,True,58,4-Undecyne
greedy_gp,5,102,1240,459.15,True,59,"2,2,5,5,6-Pentamethylheptane"
greedy_gp,5,103,696,455.44,True,60,Undec-4-ene
greedy_gp,5,104,1021,466.15,True,61,(E)-4-Undecene
greedy_gp,5,105,787,473.15,False,61,3-Undecyne
greedy_gp,5,106,1245,469.15,True,62,"2,4,4,5,5-Pentamethylheptane"
greedy_gp,5,107,1137,470.15,True,63,"3-Ethyl-2,6-dimethyloctane"
greedy_gp,5,108,1243,467.15,True,64,"2,3-Dimethyl-4-propylheptane"
greedy_gp,5,109,919,473.15,False,64,"3,4,7-Trimethylnonane"
greedy_gp,5,110,438,451.15,False,64,"2,2,4,6,6-Pentamethylheptane"
greedy_gp,5,111,935,469.15,True,65,"3-Ethyl-2,7-dimethyloctane"
greedy_gp,5,112,864,479.15,False,65,6-Methyloctan-1-ol
greedy_gp,5,113,1229,469.15,True,66,"3,5-Dimethyl-4-propylheptane"
greedy_gp,5,114,1096,453.15,True,67,"2,7-Dimethylnonane"
greedy_gp,5,115,221,467.9,True,68,3-Nonanol
greedy_gp,5,116,278,465.85,True,69,1-Undecene
greedy_gp,5,117,981,453.15,True,70,3-Methyl-4-octanol
greedy_gp,5,118,1228,471.15,True,71,"3,4-Dimethyl-4-propylheptane"
greedy_gp,5,119,1207,476.15,False,71,"3,3-Diethyl-2-methylheptane"
greedy_gp,5,120,1206,462.15,True,72,"3,3-Diethyl-2,4-dimethylpentane"
greedy_gp,5,121,1203,460.15,True,73,"2,3,3,4,4-Pentamethylhexane"
greedy_gp,5,122,563,351.65,False,73,n-Methyloctan-1-amine
greedy_gp,5,123,1150,463.0,True,74,"2,5,8-Trimethylnonane"
greedy_gp,5,124,1156,471.15,True,75,5-Ethyl-5-methylnonane
greedy_gp,5,125,409,462.15,True,76,3-Methyl-3-octanol
greedy_gp,5,126,769,453.22759,True,77,4-Methyl-4-octanol
greedy_gp,5,127,533,452.15,False,77,4-Ethyl-4-heptanol
greedy_gp,5,128,914,456.46543,True,78,"4,4-Diethylheptane"
greedy_gp,5,129,669,465.4,True,79,4-Methyl-2-propylpentan-1-ol
greedy_gp,5,130,1211,468.15,True,80,2-Ethyl-4-methylhexan-1-ol
greedy_gp,5,131,460,474.15,False,80,"2,2-Dimethyldecane"
greedy_gp,5,132,1166,459.9,True,81,"3,3-Diethylheptane"
greedy_gp,5,133,1151,451.15,False,81,4-Methyl-4-propylheptane
greedy_gp,5,134,683,376.4,False,81,Non-3-yn-1-ol
greedy_gp,5,135,1233,452.15,False,81,3-Methyl-4-propylheptane
greedy_gp,5,136,302,469.05,True,82,Undecane
greedy_gp,5,137,522,435.15,False,82,3-Hexyn-1-ol
greedy_gp,5,138,544,438.06,False,82,Hex-2-yn-1-ol
greedy_gp,5,139,276,447.15,False,82,1-Decyne
greedy_gp,5,140,560,457.75,True,83,2-Decyne
greedy_gp,5,141,863,367.15,False,83,2-Methyl-3-hexyne
greedy_gp,5,142,780,391.2,False,83,6-Methyl-3-heptyne
greedy_gp,5,143,902,391.2,False,83,5-Methyl-3-heptyne
greedy_gp,5,144,702,356.15,False,83,"4,4-Dimethyl-2-pentyne"
greedy_gp,5,145,761,429.79928,False,83,3-Nonyne
greedy_gp,5,146,1216,457.05,True,84,"3,3-Dimethylnon-4-yne"
greedy_gp,5,147,1130,453.15,True,85,4-Ethyl-4-methyloctane
greedy_gp,5,148,66,386.15,False,85,Propargyl alcohol
greedy_gp,5,149,594,443.15,False,85,"2,6-Dimethyl-2-heptanol"
greedy_gp,5,150,821,477.15,False,85,"2,9-Dimethyldecane"
prob_in_spec,5,1,1000,441.15,False,0,"cis-2,6-Dimethyl-2,6-octadiene"
prob_in_spec,5,2,786,479.15,False,0,2-Undecyne
prob_in_spec,5,3,1224,445.15,False,0,"2,5,5-Trimethyloctane"
prob_in_spec,5,4,356,490.15,False,0,Hexaethylene glycol
prob_in_spec,5,5,642,613.15,False,0,3-Methylnonadecane
prob_in_spec,5,6,833,504.45,False,0,2-Methyl-1-dodecene
prob_in_spec,5,7,67,374.45,False,0,"2,4,4-Trimethyl-1-pentene"
prob_in_spec,5,8,584,438.15,False,0,3-Ethyloctane
prob_in_spec,5,9,1005,367.65,False,0,3-Methyl-2-hexene
prob_in_spec,5,10,28,385.15,False,0,Neopentyl alcohol
prob_in_spec,5,11,932,461.15,True,1,3-Ethylnonane
prob_in_spec,5,12,922,457.15,True,2,4-Ethylnonane
prob_in_spec,5,13,635,459.15,True,3,5-Methyldecane
prob_in_spec,5,14,360,461.15,True,4,4-Methyldecane
prob_in_spec,5,15,627,465.15,True,5,3-Methyldecane
prob_in_spec,5,16,419,462.35,True,6,2-Methyldecane
prob_in_spec,5,17,1097,456.15,True,7,"2,8-Dimethylnonane"
prob_in_spec,5,18,1096,453.15,True,8,"2,7-Dimethylnonane"
prob_in_spec,5,19,458,452.15,False,8,"2,6-Dimethylnonane"
prob_in_spec,5,20,856,448.0,False,8,"2,3-Dimethylnonane"
prob_in_spec,5,21,1221,463.15,True,9,"2,6,6-Trimethylnonane"
prob_in_spec,5,22,1223,463.15,True,10,"2,5,5-Trimethylnonane"
prob_in_spec,5,23,935,469.15,True,11,"3-Ethyl-2,7-dimethyloctane"
prob_in_spec,5,24,919,473.15,False,11,"3,4,7-Trimethylnonane"
prob_in_spec,5,25,1137,470.15,True,12,"3-Ethyl-2,6-dimethyloctane"
prob_in_spec,5,26,916,472.15,True,13,"3,6-Dimethyl-3-ethyl-octane"
prob_in_spec,5,27,1136,464.15,True,14,"4-Ethyl-2,4-dimethyloctane"
prob_in_spec,5,28,1187,464.15,True,15,4-Tert-butyloctane
prob_in_spec,5,29,1218,462.15,True,16,"2,4-Dimethyl-4-propylheptane"
prob_in_spec,5,30,921,470.15,True,17,"3-Methyl, 3,5-diethyl, heptane"
prob_in_spec,5,31,1154,459.4,True,18,"2,4,5,7-Tetramethyloctane"
prob_in_spec,5,32,1160,460.15,True,19,"4-Ethyl-2,2-dimethyloctane"
prob_in_spec,5,33,1164,464.15,True,20,"2,2,4-Trimethylnonane"
prob_in_spec,5,34,1141,458.15,True,21,4-Tert-butyl-2-methylheptane
prob_in_spec,5,35,1222,457.75,True,22,"2,6-Dimethyl-4-propylheptane"
prob_in_spec,5,36,1138,463.15,True,23,"4-Ethyl-2,6-dimethyloctane"
prob_in_spec,5,37,1220,463.15,True,24,"2,5-Dimethyl-4-propylheptane"
prob_in_spec,5,38,795,462.9,True,25,"3,3,6,6-Tetramethyloctane"
prob_in_spec,5,39,1150,463.0,True,26,"2,5,8-Trimethylnonane"
prob_in_spec,5,40,1174,455.9,True,27,"2,2,6,6-Tetramethyloctane"
prob_in_spec,5,41,825,463.85,True,28,2-Methyl-1-decene
prob_in_spec,5,42,918,472.15,True,29,"3,4,5,6-Tetramethyloctane"
prob_in_spec,5,43,1168,473.15,False,29,"3-Ethyl-3,4-dimethyloctane"
prob_in_spec,5,44,1205,473.15,False,29,"3,3-Diethyl-2,4-dimethylhexane"
prob_in_spec,5,45,920,483.15,False,29,"3,4-Dimethyl-3,4-diethyl-hexane"
prob_in_spec,5,46,1236,466.15,True,30,"2,2,3,3,6-Pentamethylheptane"
prob_in_spec,5,47,1105,468.15,True,31,"2,3,4,5,6-Pentamethylheptane"
prob_in_spec,5,48,1243,467.15,True,32,"2,3-Dimethyl-4-propylheptane"
prob_in_spec,5,49,1240,459.15,True,33,"2,2,5,5,6-Pentamethylheptane"
prob_in_spec,5,50,1199,468.15,True,34,"2,2,3,3,5,5-Hexamethylhexane"
prob_in_spec,5,51,1226,462.0,True,35,2-Methyl-5-propyloctane
prob_in_spec,5,52,1230,469.15,True,36,"3,3-Dimethyl-4-propylheptane"
prob_in_spec,5,53,1229,469.15,True,37,"3,5-Dimethyl-4-propylheptane"
prob_in_spec,5,54,499,473.15,False,37,"2,2,3-Trimethylnonane"
prob_in_spec,5,55,1112,470.15,True,38,"5,5-Dimethyldecane"
prob_in_spec,5,56,1196,459.15,True,39,"3,4-Diethyl-3-methylhexane"
prob_in_spec,5,57,1208,459.15,True,40,"3,3-Diethyl-2-methylhexane"
prob_in_spec,5,58,1146,458.15,True,41,"3,4,4,5-Tetramethylheptane"
prob_in_spec,5,59,1227,457.15,True,42,"3,3,4,4-Tetramethylheptane"
prob_in_spec,5,60,1166,459.9,True,43,"3,3-Diethylheptane"
prob_in_spec,5,61,1206,462.15,True,44,"3,3-Diethyl-2,4-dimethylpentane"
prob_in_spec,5,62,1203,460.15,True,45,"2,3,3,4,4-Pentamethylhexane"
prob_in_spec,5,63,1177,457.15,True,46,"2,2,3,3,4-Pentamethylhexane"
prob_in_spec,5,64,1114,459.15,True,47,"3-Ethyl-2,2,3,4-tetramethylpentane"
prob_in_spec,5,65,1115,462.15,True,48,"3,3-Diethyl-2,2-dimethylpentane"
prob_in_spec,5,66,1116,467.15,True,49,"2,2,3,3,4,4-Hexamethylpentane"
prob_in_spec,5,67,699,465.45,True,50,5-Undecene
prob_in_spec,5,68,696,455.44,True,51,Undec-4-ene
prob_in_spec,5,69,1021,466.15,True,52,(E)-4-Undecene
prob_in_spec,5,70,523,459.00627,True,53,"2,2,7,7-Tetramethyloctane"
prob_in_spec,5,71,1241,457.15,True,54,"2,2,5,5-Tetramethyloctane"
prob_in_spec,5,72,1183,457.0,True,55,"2,4,4,7-Tetramethyloctane"
prob_in_spec,5,73,914,456.46543,True,56,"4,4-Diethylheptane"
prob_in_spec,5,74,278,465.85,True,57,1-Undecene
prob_in_spec,5,75,1245,469.15,True,58,"2,4,4,5,5-Pentamethylheptane"
prob_in_spec,5,76,1190,470.15,True,59,"3,5-Diethyloctane"
prob_in_spec,5,77,924,471.15,True,60,"4,6-Dimethyldecane"
prob_in_spec,5,78,560,457.75,True,61,2-Decyne
prob_in_spec,5,79,348,437.4,False,61,4-Decyne
prob_in_spec,5,80,330,451.15,False,61,5-Decyne
prob_in_spec,5,81,276,447.15,False,61,1-Decyne
prob_in_spec,5,82,712,471.09534,True,62,5-Undecyne
prob_in_spec,5,83,831,466.15,True,63,"4,5-Diethyloctane"
prob_in_spec,5,84,788,471.65,True,64,4-Undecyne
prob_in_spec,5,85,471,444.15,False,64,Myrcene
prob_in_spec,5,86,1076,456.28,True,65,"1,3,5-Undecatriene"
prob_in_spec,5,87,734,462.0,True,66,"1,10-Undecadiene"
prob_in_spec,5,88,302,469.05,True,67,Undecane
prob_in_spec,5,89,1156,471.15,True,68,5-Ethyl-5-methylnonane
prob_in_spec,5,90,830,472.15,True,69,4-Ethyl-5-methylnonane
prob_in_spec,5,91,997,460.44,True,70,"(E,E,Z)-Undeca-1,3,5,8-tetraene"
prob_in_spec,5,92,1179,454.15,True,71,"2,3,3,4,5-Pentamethylhexane"
prob_in_spec,5,93,480,501.15,False,71,6-Undecanol
prob_in_spec,5,94,659,502.15,False,71,5-Undecanol
prob_in_spec,5,95,323,504.15,False,71,2-Undecanol
prob_in_spec,5,96,459,457.15,True,72,"3,7-Dimethylnonane"
prob_in_spec,5,97,1119,458.15,True,73,"3,4-Dimethylnonane"
prob_in_spec,5,98,1228,471.15,True,74,"3,4-Dimethyl-4-propylheptane"
prob_in_spec,5,99,1216,457.05,True,75,"3,3-Dimethylnon-4-yne"
prob_in_spec,5,100,412,465.65,True,76,4-Nonanol
prob_in_spec,5,101,658,454.65,True,77,2-Methyl-3-octanol
prob_in_spec,5,102,981,453.15,True,78,3-Methyl-4-octanol
prob_in_spec,5,103,409,462.15,True,79,3-Methyl-3-octanol
prob_in_spec,5,104,864,479.15,False,79,6-Methyloctan-1-ol
prob_in_spec,5,105,221,467.9,True,80,3-Nonanol
prob_in_spec,5,106,594,443.15,False,80,"2,6-Dimethyl-2-heptanol"
prob_in_spec,5,107,792,455.15,True,81,"2,4,6-Trimethyl-4-heptanol"
prob_in_spec,5,108,1194,462.15,True,82,4-Isopropyl-4-heptanol
prob_in_spec,5,109,710,467.14283,True,83,4-Propyl-4-heptanol
prob_in_spec,5,110,1232,467.8,True,84,"3,4,5,5-Tetramethylhexan-3-ol"
prob_in_spec,5,111,621,465.15,True,85,"4,7-Dimethyloctan-4-ol"
prob_in_spec,5,112,1217,477.15,False,85,4-Methyl-2-(2-methylpropyl)pentan-1-ol
prob_in_spec,5,113,1249,460.65,True,86,"2,2,4,4-Tetramethyl-3-hexanol"
prob_in_spec,5,114,650,484.15,False,86,Tetrahydrolavandulol
prob_in_spec,5,115,774,475.15,False,86,5-Methyl-5-nonanol
prob_in_spec,5,116,1133,464.89743,True,87,"2,2,3,4-Tetramethylhexan-3-ol"
prob_in_spec,5,117,1211,468.15,True,88,2-Ethyl-4-methylhexan-1-ol
prob_in_spec,5,118,625,466.65,True,89,1-Nonen-3-ol
prob_in_spec,5,119,669,465.4,True,90,4-Methyl-2-propylpentan-1-ol
prob_in_spec,5,120,500,506.02,False,90,"3,6-Nonadien-1-ol"
prob_in_spec,5,121,460,474.15,False,90,"2,2-Dimethyldecane"
prob_in_spec,5,122,8,467.85,True,91,1-Octanol
prob_in_spec,5,123,1233,452.15,False,91,3-Methyl-4-propylheptane
prob_in_spec,5,124,533,452.15,False,91,4-Ethyl-4-heptanol
prob_in_spec,5,125,1135,476.15,False,91,"3,3-Dimethyldecane"
prob_in_spec,5,126,468,452.15,False,91,"3,5-Dimethyl-4-heptanol"
prob_in_spec,5,127,1022,478.54,False,91,3-Octen-2-OL
prob_in_spec,5,128,467,448.15,False,91,"2,6-Dimethyl-3-heptanol"
prob_in_spec,5,129,1158,472.15,True,92,"4,4-Dimethyldecane"
prob_in_spec,5,130,556,472.15,True,93,3-Ethyloctan-3-ol
prob_in_spec,5,131,1070,448.15,False,93,2-Octen-4-ol
prob_in_spec,5,132,974,447.15,False,93,(S)-1-Octen-3-ol
prob_in_spec,5,133,400,459.15,True,94,6-Methylhept-5-en-2-ol
prob_in_spec,5,134,990,442.65,False,94,3-Hepten-1-ol
prob_in_spec,5,135,491,456.1,True,95,Hept-2-en-1-ol
prob_in_spec,5,136,394,451.65,False,95,2-Octanol
prob_in_spec,5,137,972,449.65,False,95,(S)-(+)-2-Octanol
prob_in_spec,5,138,1172,454.15,True,96,"3,3,4,5-Tetramethylheptane"
prob_in_spec,5,139,1186,472.15,True,97,"3,4-Diethyloctane"
prob_in_spec,5,140,1132,454.15,True,98,"4-Ethyl-3,5-dimethylheptane"
prob_in_spec,5,141,1188,455.15,True,99,3-Ethyl-6-methyloctane
prob_in_spec,5,142,1209,451.15,False,99,"3-Ethyl-2,4,4-trimethylhexane"
prob_in_spec,5,143,1192,452.15,False,99,"3,5-Diethylheptane"
prob_in_spec,5,144,149,460.15,True,100,Diisoamylamine
prob_in_spec,5,145,336,477.15,False,100,Dipentylamine
prob_in_spec,5,146,563,351.65,False,100,n-Methyloctan-1-amine
prob_in_spec,5,147,298,467.15,True,101,Triisobutylamine
prob_in_spec,5,148,104,444.15,False,101,2-Butoxyethanol
prob_in_spec,5,149,106,451.75,False,101,Octylamine
prob_in_spec,5,150,925,472.15,True,102,"4,7-Dimethyldecane"
qlogei_target,5,1,1000,441.15,False,0,"cis-2,6-Dimethyl-2,6-octadiene"
qlogei_target,5,2,786,479.15,False,0,2-Undecyne
qlogei_target,5,3,1224,445.15,False,0,"2,5,5-Trimethyloctane"
qlogei_target,5,4,356,490.15,False,0,Hexaethylene glycol
qlogei_target,5,5,642,613.15,False,0,3-Methylnonadecane
qlogei_target,5,6,833,504.45,False,0,2-Methyl-1-dodecene
qlogei_target,5,7,67,374.45,False,0,"2,4,4-Trimethyl-1-pentene"
qlogei_target,5,8,584,438.15,False,0,3-Ethyloctane
qlogei_target,5,9,1005,367.65,False,0,3-Methyl-2-hexene
qlogei_target,5,10,28,385.15,False,0,Neopentyl alcohol
qlogei_target,5,11,932,461.15,True,1,3-Ethylnonane
qlogei_target,5,12,825,463.85,True,2,2-Methyl-1-decene
qlogei_target,5,13,1174,455.9,True,3,"2,2,6,6-Tetramethyloctane"
qlogei_target,5,14,699,465.45,True,4,5-Undecene
qlogei_target,5,15,457,452.15,False,4,"2,5-Dimethylnonane"
qlogei_target,5,16,1164,464.15,True,5,"2,2,4-Trimethylnonane"
qlogei_target,5,17,1160,460.15,True,6,"4-Ethyl-2,2-dimethyloctane"
qlogei_target,5,18,1183,457.0,True,7,"2,4,4,7-Tetramethyloctane"
qlogei_target,5,19,419,462.35,True,8,2-Methyldecane
qlogei_target,5,20,499,473.15,False,8,"2,2,3-Trimethylnonane"
qlogei_target,5,21,1223,463.15,True,9,"2,5,5-Trimethylnonane"
qlogei_target,5,22,627,465.15,True,10,3-Methyldecane
qlogei_target,5,23,1154,459.4,True,11,"2,4,5,7-Tetramethyloctane"
qlogei_target,5,24,1222,457.75,True,12,"2,6-Dimethyl-4-propylheptane"
qlogei_target,5,25,1187,464.15,True,13,4-Tert-butyloctane
qlogei_target,5,26,1138,463.15,True,14,"4-Ethyl-2,6-dimethyloctane"
qlogei_target,5,27,1136,464.15,True,15,"4-Ethyl-2,4-dimethyloctane"
qlogei_target,5,28,1220,463.15,True,16,"2,5-Dimethyl-4-propylheptane"
qlogei_target,5,29,1243,467.15,True,17,"2,3-Dimethyl-4-propylheptane"
qlogei_target,5,30,1166,459.9,True,18,"3,3-Diethylheptane"
qlogei_target,5,31,795,462.9,True,19,"3,3,6,6-Tetramethyloctane"
qlogei_target,5,32,1218,462.15,True,20,"2,4-Dimethyl-4-propylheptane"
qlogei_target,5,33,1236,466.15,True,21,"2,2,3,3,6-Pentamethylheptane"
qlogei_target,5,34,1245,469.15,True,22,"2,4,4,5,5-Pentamethylheptane"
qlogei_target,5,35,1105,468.15,True,23,"2,3,4,5,6-Pentamethylheptane"
qlogei_target,5,36,1196,459.15,True,24,"3,4-Diethyl-3-methylhexane"
qlogei_target,5,37,1227,457.15,True,25,"3,3,4,4-Tetramethylheptane"
qlogei_target,5,38,1199,468.15,True,26,"2,2,3,3,5,5-Hexamethylhexane"
qlogei_target,5,39,1208,459.15,True,27,"3,3-Diethyl-2-methylhexane"
qlogei_target,5,40,832,474.15,False,27,"5,6-Dimethyldecane"
qlogei_target,5,41,1206,462.15,True,28,"3,3-Diethyl-2,4-dimethylpentane"
qlogei_target,5,42,1177,457.15,True,29,"2,2,3,3,4-Pentamethylhexane"
qlogei_target,5,43,1203,460.15,True,30,"2,3,3,4,4-Pentamethylhexane"
qlogei_target,5,44,451,407.15,False,30,"3-Ethyl-2,2-dimethylpentane"
qlogei_target,5,45,1133,464.89743,True,31,"2,2,3,4-Tetramethylhexan-3-ol"
qlogei_target,5,46,1115,462.15,True,32,"3,3-Diethyl-2,2-dimethylpentane"
qlogei_target,5,47,1116,467.15,True,33,"2,2,3,3,4,4-Hexamethylpentane"
qlogei_target,5,48,1209,451.15,False,33,"3-Ethyl-2,4,4-trimethylhexane"
qlogei_target,5,49,920,483.15,False,33,"3,4-Dimethyl-3,4-diethyl-hexane"
qlogei_target,5,50,829,490.15,False,33,3-Decanol
qlogei_target,5,51,1114,459.15,True,34,"3-Ethyl-2,2,3,4-tetramethylpentane"
qlogei_target,5,52,1232,467.8,True,35,"3,4,5,5-Tetramethylhexan-3-ol"
qlogei_target,5,53,594,443.15,False,35,"2,6-Dimethyl-2-heptanol"
qlogei_target,5,54,1179,454.15,True,36,"2,3,3,4,5-Pentamethylhexane"
qlogei_target,5,55,533,452.15,False,36,4-Ethyl-4-heptanol
qlogei_target,5,56,221,467.9,True,37,3-Nonanol
qlogei_target,5,57,792,455.15,True,38,"2,4,6-Trimethyl-4-heptanol"
qlogei_target,5,58,864,479.15,False,38,6-Methyloctan-1-ol
qlogei_target,5,59,1249,460.65,True,39,"2,2,4,4-Tetramethyl-3-hexanol"
qlogei_target,5,60,217,440.15,False,39,"2,2-Diethoxyethanol"
qlogei_target,5,61,658,454.65,True,40,2-Methyl-3-octanol
qlogei_target,5,62,1217,477.15,False,40,4-Methyl-2-(2-methylpropyl)pentan-1-ol
qlogei_target,5,63,319,446.15,False,40,"3,6-Dimethyl-3-heptanol"
qlogei_target,5,64,981,453.15,True,41,3-Methyl-4-octanol
qlogei_target,5,65,621,465.15,True,42,"4,7-Dimethyloctan-4-ol"
qlogei_target,5,66,1221,463.15,True,43,"2,6,6-Trimethylnonane"
qlogei_target,5,67,360,461.15,True,44,4-Methyldecane
qlogei_target,5,68,1048,478.32,False,44,cis-2-Dodecene
qlogei_target,5,69,8,467.85,True,45,1-Octanol
qlogei_target,5,70,839,479.15,False,45,6-Methylundecane
qlogei_target,5,71,696,455.44,True,46,Undec-4-ene
qlogei_target,5,72,1150,463.0,True,47,"2,5,8-Trimethylnonane"
qlogei_target,5,73,1097,456.15,True,48,"2,8-Dimethylnonane"
qlogei_target,5,74,1081,461.15,True,49,"2,6-Dimethyl-2,4,6-octatriene"
qlogei_target,5,75,112,486.55,False,49,1-Dodecene
qlogei_target,5,76,276,447.15,False,49,1-Decyne
qlogei_target,5,77,265,680.15,False,49,Docosanol
qlogei_target,5,78,437,433.15,False,49,"2,2,3,3-Tetramethylhexane"
qlogei_target,5,79,720,433.23942,False,49,"3,3-Dimethyloctane"
qlogei_target,5,80,320,411.15,False,49,Pent-2-en-1-ol
qlogei_target,5,81,625,466.65,True,50,1-Nonen-3-ol
qlogei_target,5,82,484,396.15,False,50,Oct-3-ene
qlogei_target,5,83,545,488.15,False,50,1-Dodecyne
qlogei_target,5,84,449,403.75,False,50,"2,4,4-Trimethylhexane"
qlogei_target,5,85,547,553.15,False,50,1-Pentadecyne
qlogei_target,5,86,59,272.65,False,50,Butane
qlogei_target,5,87,899,509.15,False,50,2-Methyl-3-undecanol
qlogei_target,5,88,341,408.15,False,50,"2,5-Dimethylheptane"
qlogei_target,5,89,1137,470.15,True,51,"3-Ethyl-2,6-dimethyloctane"
qlogei_target,5,90,397,443.15,False,51,"1,2,3-Butanetriol"
qlogei_target,5,91,1021,466.15,True,52,(E)-4-Undecene
qlogei_target,5,92,704,409.64,False,52,"2,4,6-Octatriyne"
qlogei_target,5,93,284,349.15,False,52,"4-Methyl-1,3-pentadiene"
qlogei_target,5,94,1067,413.84,False,52,"2,4-Nonadiene"
qlogei_target,5,95,574,410.15,False,52,N-Methyldioctylamine
qlogei_target,5,96,286,365.35,False,52,"N,N-Dimethylbutylamine"
qlogei_target,5,97,149,460.15,True,53,Diisoamylamine
qlogei_target,5,98,378,423.95,False,53,1-Nonyne
qlogei_target,5,99,1143,442.15,False,53,"2,2,4,5-Tetramethylheptane"
qlogei_target,5,100,983,450.15,False,53,"3-Ethyl-2,4,5-trimethylhexane"
qlogei_target,5,101,133,503.25,False,53,"2,2,4-Trimethyl-1,3-pentanediol"
qlogei_target,5,102,567,415.0,False,53,"2,6-Dimethyl-1-heptene"
qlogei_target,5,103,105,423.95,False,53,Nonane
qlogei_target,5,104,923,473.15,False,53,"3,5-Dimethyldecane"
qlogei_target,5,105,166,386.55,False,53,"2,3,4-Trimethylpentane"
qlogei_target,5,106,569,363.15,False,53,"1,2-Heptanediol"
qlogei_target,5,107,122,631.0,False,53,Pentaerythritol
qlogei_target,5,108,465,684.15,False,53,1-Hexacosene
qlogei_target,5,109,227,340.45,False,53,2-Methyl-2-pentene
qlogei_target,5,110,329,406.65,False,53,4-Octyne
qlogei_target,5,111,967,502.15,False,53,Nerol
qlogei_target,5,112,55,554.25,False,53,Bis(2-ethylhexyl)amine
qlogei_target,5,113,809,582.15,False,53,"3,9-Diethyl-6-tridecanol"
qlogei_target,5,114,503,452.15,False,53,"2,3,7-Trimethyloctane"
qlogei_target,5,115,354,432.15,False,53,3-Methoxy-1-butanol
qlogei_target,5,116,278,465.85,True,54,1-Undecene
qlogei_target,5,117,943,456.15,True,55,"2,3,4-Trimethyl-1-pentanol"
qlogei_target,5,118,154,387.85,False,55,"2,3,3-Trimethylpentane"
qlogei_target,5,119,752,432.32942,False,55,2-Nonyne
qlogei_target,5,120,910,377.15,False,55,"3,5-Dimethyl-1-hexene"
qlogei_target,5,121,1211,468.15,True,56,2-Ethyl-4-methylhexan-1-ol
qlogei_target,5,122,726,501.2,False,56,(6E)-6-Tridecene
qlogei_target,5,123,600,587.15,False,56,2-Hexadecanol
qlogei_target,5,124,208,385.15,False,56,3-Methyl-2-butanol
qlogei_target,5,125,235,424.15,False,56,5-Methyl-2-hexanol
qlogei_target,5,126,628,417.15,False,56,1-Tert-butoxy-2-propanol
qlogei_target,5,127,989,470.15,True,57,"(4R)-2-Methylpentane-2,4-diol"
qlogei_target,5,128,128,380.65,False,57,Dipropylamine
qlogei_target,5,129,206,309.65,False,57,"N,N-Dimethylethylamine"
qlogei_target,5,130,445,382.15,False,57,"4,5-Dimethyl-1-hexene"
qlogei_target,5,131,686,434.83,False,57,2-Methyl-3-pentyn-2-ol
qlogei_target,5,132,1001,524.74,False,57,(E)-3-Decenol
qlogei_target,5,133,267,473.15,False,57,"2-Methyl-1,3-butanediol"
qlogei_target,5,134,279,440.15,False,57,2-Methylnonane
qlogei_target,5,135,353,505.95,False,57,1-Tridecene
qlogei_target,5,136,1070,448.15,False,57,2-Octen-4-ol
qlogei_target,5,137,1066,424.2,False,57,"cis,cis-2,7-Nonadiene"
qlogei_target,5,138,1235,451.15,False,57,"4,4-Dimethylnonane"
qlogei_target,5,139,250,603.15,False,57,Nonadecane
qlogei_target,5,140,894,409.0,False,57,"2,6-Dimethyl-2-heptene"
qlogei_target,5,141,471,444.15,False,57,Myrcene
qlogei_target,5,142,879,434.26,False,57,"4-Ethyl-2,4-dimethylhexane"
qlogei_target,5,143,155,381.15,False,57,"2,3,3-Trimethyl-1-pentene"
qlogei_target,5,144,20,169.35,False,57,Ethylene
qlogei_target,5,145,586,423.15,False,57,2-Pentyn-1-ol
qlogei_target,5,146,415,411.15,False,57,3-Ethyl-1-pentyn-3-ol
qlogei_target,5,147,151,560.05,False,57,Hexadecane
qlogei_target,5,148,15,355.36,False,57,Isopropyl Alcohol
qlogei_target,5,149,150,426.15,False,57,3-Hexen-1-ol
qlogei_target,5,150,534,385.15,False,57,3-Buten-1-ol
random,6,1,562,603.15,False,0,Triheptylamine
random,6,2,552,339.15,False,0,"N,N-Dimethylisopropylamine"
random,6,3,467,448.15,False,0,"2,6-Dimethyl-3-heptanol"
random,6,4,644,419.15,False,0,"2,4,4-Trimethyl-2-pentanol"
random,6,5,1235,451.15,False,0,"4,4-Dimethylnonane"
random,6,6,820,439.45,False,0,"3,3-Diethylhexane"
random,6,7,1178,452.15,False,0,"2,3,4-Trimethylhexan-3-ol"
random,6,8,427,355.15,False,0,"3,4-Dimethyl-1-pentene"
random,6,9,460,474.15,False,0,"2,2-Dimethyldecane"
random,6,10,668,514.75,False,0,"3,7-Dimethylocta-1,5,7-trien-3-ol"
random,6,11,425,778.15,False,0,Heptatriacontane
random,6,12,554,339.15,False,0,3-Methoxy-1-propanol
random,6,13,1183,457.0,True,1,"2,4,4,7-Tetramethyloctane"
random,6,14,647,448.15,False,1,"2-Methylbutane-2,3-diol"
random,6,15,673,600.15,False,1,3-Methyloctadecane
random,6,16,1230,469.15,True,2,"3,3-Dimethyl-4-propylheptane"
random,6,17,845,443.15834,False,2,"2,2,4-Trimethyloctane"
random,6,18,791,449.15,False,2,"2,2,4,4,5-Pentamethylhexane"
random,6,19,230,424.15,False,2,4-Methyl-1-pentanol
random,6,20,531,252.95,False,2,Trimethylborane
random,6,21,771,518.15,False,2,2-Tridecyne
random,6,22,151,560.05,False,2,Hexadecane
random,6,23,563,351.65,False,2,n-Methyloctan-1-amine
random,6,24,63,320.36,False,2,Propylamine
random,6,25,1106,491.65,False,2,"4-Methylpentane-1,4-diol"
random,6,26,732,471.15,True,3,"2,6-Dimethyldecane"
random,6,27,1032,397.65,False,3,"2,6-Octadiene"
random,6,28,960,437.38,False,3,"2,4-Hexadien-1-OL"
random,6,29,982,440.15,False,3,"3,3-Dimethylpentan-1-ol"
random,6,30,1219,521.0,False,3,"2,4-Dimethyltetradecane"
random,6,31,932,461.15,True,4,3-Ethylnonane
random,6,32,1059,411.15,False,4,cis-2-Penten-1-ol
random,6,33,683,376.4,False,4,Non-3-yn-1-ol
random,6,34,679,390.15,False,4,N-Methylpentylamine
random,6,35,535,337.15,False,4,N-Allylmethylamine
random,6,36,716,353.39,False,4,"1,3,5-Hexatriyne"
random,6,37,1070,448.15,False,4,2-Octen-4-ol
random,6,38,948,340.21,False,4,trans-3-Hexene
random,6,39,616,703.15,False,4,1-Octacosene
random,6,40,227,340.45,False,4,2-Methyl-2-pentene
random,6,41,1185,538.15,False,4,"2,3-Dimethyltridecane"
random,6,42,170,469.1,True,5,"1,2-Butanediol"
random,6,43,1080,420.65,False,5,"(E,E,E)-2,4,6-Octatriene"
random,6,44,583,355.15,False,5,Neopentylamine
random,6,45,265,680.15,False,5,Docosanol
random,6,46,389,361.15,False,5,"2-Methyl-1,5-hexadiene"
random,6,47,1014,360.5,False,5,4-Methyl-2-hexene
random,6,48,513,413.15,False,5,"1,3-Butanediamine"
random,6,49,1108,447.15,False,5,"2,2-Dimethyl-4-heptanol"
random,6,50,524,498.95,False,5,"2-Ethyl-2-methyl-1,3-propanediol"
random,6,51,706,612.15,False,5,2-Methylnonadecane
random,6,52,281,311.15,False,5,"3,3-Dimethyl-1-Butyne"
random,6,53,337,431.15,False,5,"2,6-Dimethyloctane"
random,6,54,1209,451.15,False,5,"3-Ethyl-2,4,4-trimethylhexane"
random,6,55,946,388.4,False,5,N-Methyldipropylamine
random,6,56,379,466.15,True,6,"3,5,5-Trimethyl-1-hexanol"
random,6,57,590,359.45,False,6,2-Ethyl-3-methylbut-1-ene
random,6,58,79,350.15,False,6,Butylamine
random,6,59,474,385.15,False,6,Diallylamine
random,6,60,1098,746.15,False,6,1-Tritriacontene
random,6,61,889,442.86,False,6,"3,3-Diethyl-2-methylpentane"
random,6,62,961,340.82,False,6,trans-3-Methyl-2-pentene
random,6,63,72,353.55,False,6,"2,4-Dimethylpentane"
random,6,64,377,614.15,False,6,1-Eicosene
random,6,65,1115,462.15,True,7,"3,3-Diethyl-2,2-dimethylpentane"
random,6,66,863,367.15,False,7,2-Methyl-3-hexyne
random,6,67,676,453.15,True,8,"2,3,6-Trimethyloctane"
random,6,68,6,351.39,False,8,Ethanol
random,6,69,1111,406.36,False,8,"1,3-Nonadiene"
random,6,70,538,586.15,False,8,1-Octadecyne
random,6,71,307,403.15,False,8,2-Methoxy-1-propanol
random,6,72,465,684.15,False,8,1-Hexacosene
random,6,73,606,455.15,True,9,"4,5-Dimethylnonane"
random,6,74,183,394.15,False,9,2-Methylpentan-2-ol
random,6,75,1173,415.15,False,9,4-Methyl-octane
random,6,76,245,543.75,False,9,Pentadecane
random,6,77,902,391.2,False,9,5-Methyl-3-heptyne
random,6,78,514,448.15,False,9,3-Methoxy-3-methylbutan-1-ol
random,6,79,559,469.15,True,10,1-Undecyne
random,6,80,333,603.15,False,10,Hexadecyldimethylamine
random,6,81,787,473.15,False,10,3-Undecyne
random,6,82,380,397.15,False,10,"2,2,5-Trimethylhexane"
random,6,83,816,343.15,False,10,"3,3-Dimethyl-1-pentyne"
random,6,84,655,433.76714,False,10,"2,4-Dimethyl-3-hexanol"
random,6,85,1229,469.15,True,11,"3,5-Dimethyl-4-propylheptane"
random,6,86,1136,464.15,True,12,"4-Ethyl-2,4-dimethyloctane"
random,6,87,767,483.16,False,12,4-Dodecyne
random,6,88,1233,452.15,False,12,3-Methyl-4-propylheptane
random,6,89,212,339.05,False,12,"N,N-Diethylmethylamine"
random,6,90,555,640.15,False,12,1-Docosene
random,6,91,111,489.45,False,12,Dodecane
random,6,92,611,438.65,False,12,6-Methylheptan-3-ol
random,6,93,786,479.15,False,12,2-Undecyne
random,6,94,1112,470.15,True,13,"5,5-Dimethyldecane"
random,6,95,1079,606.15,False,13,Elaidyl alcohol
random,6,96,714,402.65,False,13,"2,4-Hexadiyne"
random,6,97,530,450.15,False,13,"2-Methylpropane-1,2-diol"
random,6,98,382,427.65,False,13,"2,5-Dimethyl-2-hexanol"
random,6,99,784,506.04,False,13,4-Tridecyne
random,6,100,239,466.65,True,14,2-Nonanol
random,6,101,1240,459.15,True,15,"2,2,5,5,6-Pentamethylheptane"
random,6,102,259,748.15,False,15,Tritriacontane
random,6,103,1039,409.68,False,15,trans-3-Nonene
random,6,104,510,498.55,False,15,"2,6,8-Trimethyl-4-nonanol"
random,6,105,154,387.85,False,15,"2,3,3-Trimethylpentane"
random,6,106,1002,361.15,False,15,(E)-2-Methyl-3-hexene
random,6,107,612,429.23605,False,15,2-Ethyl-2-methylbutan-1-ol
random,6,108,1084,360.6,False,15,"1,3-Heptadiene"
random,6,109,373,346.15,False,15,"2-Ethyl-1,3-butadiene"
random,6,110,114,614.65,False,15,Tetraethylenepentamine
random,6,111,1028,383.48,False,15,"1,6-Octadiene"
random,6,112,186,299.05,False,15,"1,4-Pentadiene"
random,6,113,1193,443.15,False,15,"3,5,5-Trimethyloctane"
random,6,114,449,403.75,False,15,"2,4,4-Trimethylhexane"
random,6,115,527,427.15,False,15,3-Pentyn-1-ol
random,6,116,1190,470.15,True,16,"3,5-Diethyloctane"
random,6,117,672,521.85,False,16,3-Methyltridecane
random,6,118,354,432.15,False,16,3-Methoxy-1-butanol
random,6,119,252,629.15,False,16,1-Eicosanol
random,6,120,100,431.65,False,16,2-Allyloxyethanol
random,6,121,1188,455.15,True,17,3-Ethyl-6-methyloctane
random,6,122,859,429.65,False,17,"2,3,4-Trimethyl-3-pentanol"
random,6,123,40,336.45,False,17,3-Methylpentane
random,6,124,856,448.0,False,17,"2,3-Dimethylnonane"
random,6,125,241,481.15,False,17,"Hexane-1,6-diol"
random,6,126,364,471.15,True,18,"1,1,4,7,7-Pentamethyldiethylenetriamine"
random,6,127,907,815.65,False,18,Tritetracontane
random,6,128,134,283.15,False,18,"1,3-Butadiyne"
random,6,129,870,426.96,False,18,"2,2,4,4-Tetramethylhexane"
random,6,130,962,339.55,False,18,cis-3-Hexene
random,6,131,572,370.65,False,18,Tris(2-aminoethyl)amine
random,6,132,148,432.15,False,18,2-Heptanol
random,6,133,456,439.15,False,18,4-Methylnonane
random,6,134,770,572.16,False,18,1-Heptadecyne
random,6,135,624,435.65,False,18,"3,4,5-Trimethylheptane"
random,6,136,1203,460.15,True,19,"2,3,3,4,4-Pentamethylhexane"
random,6,137,569,363.15,False,19,"1,2-Heptanediol"
random,6,138,140,373.65,False,19,Octamylamine
random,6,139,1200,432.40963,False,19,"3,4,4-Trimethylpentan-2-ol"
random,6,140,221,467.9,True,20,3-Nonanol
random,6,141,689,341.15,False,20,"2,3-Hexadiene"
random,6,142,1122,424.65,False,20,"2,7-Nonadiene"
random,6,143,1125,569.15,False,20,2-Hexadecyne
random,6,144,1243,467.15,True,21,"2,3-Dimethyl-4-propylheptane"
random,6,145,129,490.15,False,21,Decylamine
random,6,146,550,366.4,False,21,"N,N-Dimethyl-2-butanamine"
random,6,147,1082,385.45,False,21,"(2Z)-3,4,4-Trimethyl-2-pentene"
random,6,148,315,521.05,False,21,2-Methyltridecane
random,6,149,512,380.65,False,21,"2,3,4-Trimethylpent-1-ene"
random,6,150,985,430.15,False,21,cis-3-Hexen-1-ol
mw_heuristic,6,1,562,603.15,False,0,Triheptylamine
mw_heuristic,6,2,552,339.15,False,0,"N,N-Dimethylisopropylamine"
mw_heuristic,6,3,467,448.15,False,0,"2,6-Dimethyl-3-heptanol"
mw_heuristic,6,4,644,419.15,False,0,"2,4,4-Trimethyl-2-pentanol"
mw_heuristic,6,5,1235,451.15,False,0,"4,4-Dimethylnonane"
mw_heuristic,6,6,820,439.45,False,0,"3,3-Diethylhexane"
mw_heuristic,6,7,1178,452.15,False,0,"2,3,4-Trimethylhexan-3-ol"
mw_heuristic,6,8,427,355.15,False,0,"3,4-Dimethyl-1-pentene"
mw_heuristic,6,9,460,474.15,False,0,"2,2-Dimethyldecane"
mw_heuristic,6,10,668,514.75,False,0,"3,7-Dimethylocta-1,5,7-trien-3-ol"
mw_heuristic,6,11,278,465.85,True,1,1-Undecene
mw_heuristic,6,12,696,455.44,True,2,Undec-4-ene
mw_heuristic,6,13,699,465.45,True,3,5-Undecene
mw_heuristic,6,14,825,463.85,True,4,2-Methyl-1-decene
mw_heuristic,6,15,1021,466.15,True,5,(E)-4-Undecene
mw_heuristic,6,16,967,502.15,False,5,Nerol
mw_heuristic,6,17,57,497.15,False,5,(-)-Citronellol
mw_heuristic,6,18,1001,524.74,False,5,(E)-3-Decenol
mw_heuristic,6,19,1061,524.74,False,5,2-Decen-1-ol
mw_heuristic,6,20,1092,524.74,False,5,Dec-4-en-1-ol
mw_heuristic,6,21,83,506.15,False,5,"2,5-Dimethyl-2,5-hexanediol"
mw_heuristic,6,22,109,481.15,False,5,2-(Hexyloxy)ethanol
mw_heuristic,6,23,133,503.25,False,5,"2,2,4-Trimethyl-1,3-pentanediol"
mw_heuristic,6,24,537,418.15,False,5,"1,8-Octanediol"
mw_heuristic,6,25,572,370.65,False,5,Tris(2-aminoethyl)amine
mw_heuristic,6,26,997,460.44,True,6,"(E,E,Z)-Undeca-1,3,5,8-tetraene"
mw_heuristic,6,27,54,505.15,False,6,"N,N-Bis(3-aminopropyl)methylamine"
mw_heuristic,6,28,42,438.2,False,6,"N,N,N',N'-Tetramethyl-1,3-butanediamine"
mw_heuristic,6,29,123,394.15,False,6,"N,N-Diisopropylethylenediamine"
mw_heuristic,6,30,518,327.65,False,6,"N,N,N'-Triethylethylenediamine"
mw_heuristic,6,31,1076,456.28,True,7,"1,3,5-Undecatriene"
mw_heuristic,6,32,39,653.15,False,7,Xylitol
mw_heuristic,6,33,1072,514.75,False,7,Hotrienol
mw_heuristic,6,34,559,469.15,True,8,1-Undecyne
mw_heuristic,6,35,712,471.09534,True,9,5-Undecyne
mw_heuristic,6,36,520,441.15,False,9,"N,N,N',N'-Tetramethyl-1,4-butanediamine"
mw_heuristic,6,37,221,467.9,True,10,3-Nonanol
mw_heuristic,6,38,239,466.65,True,11,2-Nonanol
mw_heuristic,6,39,319,446.15,False,11,"3,6-Dimethyl-3-heptanol"
mw_heuristic,6,40,351,479.15,False,11,Isononyl alcohol
mw_heuristic,6,41,379,466.15,True,12,"3,5,5-Trimethyl-1-hexanol"
mw_heuristic,6,42,409,462.15,True,13,3-Methyl-3-octanol
mw_heuristic,6,43,412,465.65,True,14,4-Nonanol
mw_heuristic,6,44,468,452.15,False,14,"3,5-Dimethyl-4-heptanol"
mw_heuristic,6,45,533,452.15,False,14,4-Ethyl-4-heptanol
mw_heuristic,6,46,594,443.15,False,14,"2,6-Dimethyl-2-heptanol"
mw_heuristic,6,47,646,443.15,False,14,"2,2,3-Trimethylhexan-3-ol"
mw_heuristic,6,48,658,454.65,True,15,2-Methyl-3-octanol
mw_heuristic,6,49,669,465.4,True,16,4-Methyl-2-propylpentan-1-ol
mw_heuristic,6,50,735,439.15,False,16,"2,2,4,4-Tetramethylpentan-3-ol"
mw_heuristic,6,51,769,453.22759,True,17,4-Methyl-4-octanol
mw_heuristic,6,52,811,451.05,False,17,"3-Ethyl-2,4-dimethylpentan-3-ol"
mw_heuristic,6,53,864,479.15,False,17,6-Methyloctan-1-ol
mw_heuristic,6,54,905,438.65,False,17,"3,4,4-Trimethylhexan-3-ol"
mw_heuristic,6,55,906,444.86543,False,17,"2,4,4-Trimethyl-3-hexanol"
mw_heuristic,6,56,978,447.15,False,17,"3-Ethyl-2,2-dimethyl-3-pentanol"
mw_heuristic,6,57,981,453.15,True,18,3-Methyl-4-octanol
mw_heuristic,6,58,1108,447.15,False,18,"2,2-Dimethyl-4-heptanol"
mw_heuristic,6,59,1211,468.15,True,19,2-Ethyl-4-methylhexan-1-ol
mw_heuristic,6,60,45,426.15,False,19,Tripropylamine
mw_heuristic,6,61,734,462.0,True,20,"1,10-Undecadiene"
mw_heuristic,6,62,786,479.15,False,20,2-Undecyne
mw_heuristic,6,63,787,473.15,False,20,3-Undecyne
mw_heuristic,6,64,788,471.65,True,21,4-Undecyne
mw_heuristic,6,65,1216,457.05,True,22,"3,3-Dimethylnon-4-yne"
mw_heuristic,6,66,331,471.15,True,23,Nonylamine
mw_heuristic,6,67,334,445.15,False,23,"N,N-Dimethylheptylamine"
mw_heuristic,6,68,376,432.15,False,23,N-Methyldibutylamine
mw_heuristic,6,69,563,351.65,False,23,n-Methyloctan-1-amine
mw_heuristic,6,70,279,440.15,False,23,2-Methylnonane
mw_heuristic,6,71,295,410.15,False,23,"2,2,5,5-Tetramethylhexane"
mw_heuristic,6,72,297,433.15,False,23,"2,7-Dimethyloctane"
mw_heuristic,6,73,306,426.15,False,23,"2,5,5-Trimethylheptane"
mw_heuristic,6,74,325,447.25,False,23,Decane
mw_heuristic,6,75,337,431.15,False,23,"2,6-Dimethyloctane"
mw_heuristic,6,76,302,469.05,True,24,Undecane
mw_heuristic,6,77,360,461.15,True,25,4-Methyldecane
mw_heuristic,6,78,419,462.35,True,26,2-Methyldecane
mw_heuristic,6,79,457,452.15,False,26,"2,5-Dimethylnonane"
mw_heuristic,6,80,458,452.15,False,26,"2,6-Dimethylnonane"
mw_heuristic,6,81,459,457.15,True,27,"3,7-Dimethylnonane"
mw_heuristic,6,82,503,452.15,False,27,"2,3,7-Trimethyloctane"
mw_heuristic,6,83,606,455.15,True,28,"4,5-Dimethylnonane"
mw_heuristic,6,84,627,465.15,True,29,3-Methyldecane
mw_heuristic,6,85,635,459.15,True,30,5-Methyldecane
mw_heuristic,6,86,676,453.15,True,31,"2,3,6-Trimethyloctane"
mw_heuristic,6,87,777,436.15,False,31,"2,2,6,6-Tetramethylheptane"
mw_heuristic,6,88,791,449.15,False,31,"2,2,4,4,5-Pentamethylhexane"
mw_heuristic,6,89,793,439.15,False,31,"2,2,5,5-Tetramethylheptane"
mw_heuristic,6,90,794,453.15,True,32,"3,3,5,5-Tetramethylheptane"
mw_heuristic,6,91,803,452.15,False,32,"2,2,3-Trimethyloctane"
mw_heuristic,6,92,804,450.15,False,32,"2,3,5-Trimethyloctane"
mw_heuristic,6,93,845,443.15834,False,32,"2,2,4-Trimethyloctane"
mw_heuristic,6,94,856,448.0,False,32,"2,3-Dimethylnonane"
mw_heuristic,6,95,904,447.15,False,32,"2,2,6-Trimethyloctane"
mw_heuristic,6,96,913,451.15,False,32,"2,4-Dimethylnonane"
mw_heuristic,6,97,914,456.46543,True,33,"4,4-Diethylheptane"
mw_heuristic,6,98,922,457.15,True,34,4-Ethylnonane
mw_heuristic,6,99,930,455.15,True,35,"3,3-Dimethylnonane"
mw_heuristic,6,100,932,461.15,True,36,3-Ethylnonane
mw_heuristic,6,101,934,455.15,True,37,"2,3,3-Trimethyloctane"
mw_heuristic,6,102,936,451.15,False,37,"2,5,6-Trimethyloctane"
mw_heuristic,6,103,937,447.15,False,37,"2,4,6-Trimethyloctane"
mw_heuristic,6,104,938,447.15,False,37,"2,2,3,5-Tetramethylheptane"
mw_heuristic,6,105,979,452.15,False,37,"2,3,4,5-Tetramethylheptane"
mw_heuristic,6,106,983,450.15,False,37,"3-Ethyl-2,4,5-trimethylhexane"
mw_heuristic,6,107,1096,453.15,True,38,"2,7-Dimethylnonane"
mw_heuristic,6,108,1097,456.15,True,39,"2,8-Dimethylnonane"
mw_heuristic,6,109,1113,454.15,True,40,"3,4,5-Trimethyloctane"
mw_heuristic,6,110,1114,459.15,True,41,"3-Ethyl-2,2,3,4-tetramethylpentane"
mw_heuristic,6,111,1115,462.15,True,42,"3,3-Diethyl-2,2-dimethylpentane"
mw_heuristic,6,112,1116,467.15,True,43,"2,2,3,3,4,4-Hexamethylpentane"
mw_heuristic,6,113,1119,458.15,True,44,"3,4-Dimethylnonane"
mw_heuristic,6,114,1127,447.15,False,44,4-Tert-butylheptane
mw_heuristic,6,115,1129,453.15,True,45,"2,3,4-Trimethyloctane"
mw_heuristic,6,116,1130,453.15,True,46,4-Ethyl-4-methyloctane
mw_heuristic,6,117,1131,443.15,False,46,"2,4,7-Trimethyloctane"
mw_heuristic,6,118,1132,454.15,True,47,"4-Ethyl-3,5-dimethylheptane"
mw_heuristic,6,119,1139,451.15,False,47,4-Isopropyloctane
mw_heuristic,6,120,1140,443.15,False,47,"3-Ethyl-2,2,5-trimethylhexane"
mw_heuristic,6,121,1143,442.15,False,47,"2,2,4,5-Tetramethylheptane"
mw_heuristic,6,122,1144,447.15,False,47,"3,3,5-Trimethyloctane"
mw_heuristic,6,123,1145,443.15,False,47,"2,2,4,4-Tetramethylheptane"
mw_heuristic,6,124,1146,458.15,True,48,"3,4,4,5-Tetramethylheptane"
mw_heuristic,6,125,1147,448.15,False,48,"2,3,5,6-Tetramethylheptane"
mw_heuristic,6,126,1149,437.15,False,48,"2,4,4,6-Tetramethylheptane"
mw_heuristic,6,127,1151,451.15,False,48,4-Methyl-4-propylheptane
mw_heuristic,6,128,1152,452.15,False,48,"3,4,6-Trimethyloctane"
mw_heuristic,6,129,1153,438.275,False,48,"2,2,3,5,5-Pentamethylhexane"
mw_heuristic,6,130,1157,450.15,False,48,"5,5-Dimethylnonane"
mw_heuristic,6,131,1162,441.15,False,48,"4-Ethyl-2,2-dimethylheptane"
mw_heuristic,6,132,1163,443.15,False,48,"2,2,7-Trimethyloctane"
mw_heuristic,6,133,1165,449.15,False,48,"3-Ethyl-2,5-dimethylheptane"
mw_heuristic,6,134,1166,459.9,True,49,"3,3-Diethylheptane"
mw_heuristic,6,135,1167,455.15,True,50,"3,3,4-Trimethyloctane"
mw_heuristic,6,136,1170,455.15,True,51,"3,6-Dimethylnonane"
mw_heuristic,6,137,1171,452.8,False,51,"2,2,3,3-Tetramethylheptane"
mw_heuristic,6,138,1172,454.15,True,52,"3,3,4,5-Tetramethylheptane"
mw_heuristic,6,139,1175,443.15,False,52,"2,5-Dimethyl-3-isopropylhexane"
mw_heuristic,6,140,1176,449.15,False,52,"3-Ethyl-2,2-dimethylheptane"
mw_heuristic,6,141,129,490.15,False,52,Decylamine
mw_heuristic,6,142,149,460.15,True,53,Diisoamylamine
mw_heuristic,6,143,336,477.15,False,53,Dipentylamine
mw_heuristic,6,144,984,480.15,False,53,Methylnonylamine
mw_heuristic,6,145,1110,475.15,False,53,N-Ethyloctylamine
mw_heuristic,6,146,1177,457.15,True,54,"2,2,3,3,4-Pentamethylhexane"
mw_heuristic,6,147,1179,454.15,True,55,"2,3,3,4,5-Pentamethylhexane"
mw_heuristic,6,148,1180,444.15,False,55,"2,2,5-Trimethyloctane"
mw_heuristic,6,149,1181,445.15,False,55,2-Methyl-4-isopropylheptane
mw_heuristic,6,150,1182,453.15,True,56,4-Ethyl-5-methyloctane
greedy_gp,6,1,562,603.15,False,0,Triheptylamine
greedy_gp,6,2,552,339.15,False,0,"N,N-Dimethylisopropylamine"
greedy_gp,6,3,467,448.15,False,0,"2,6-Dimethyl-3-heptanol"
greedy_gp,6,4,644,419.15,False,0,"2,4,4-Trimethyl-2-pentanol"
greedy_gp,6,5,1235,451.15,False,0,"4,4-Dimethylnonane"
greedy_gp,6,6,820,439.45,False,0,"3,3-Diethylhexane"
greedy_gp,6,7,1178,452.15,False,0,"2,3,4-Trimethylhexan-3-ol"
greedy_gp,6,8,427,355.15,False,0,"3,4-Dimethyl-1-pentene"
greedy_gp,6,9,460,474.15,False,0,"2,2-Dimethyldecane"
greedy_gp,6,10,668,514.75,False,0,"3,7-Dimethylocta-1,5,7-trien-3-ol"
greedy_gp,6,11,1196,459.15,True,1,"3,4-Diethyl-3-methylhexane"
greedy_gp,6,12,1208,459.15,True,2,"3,3-Diethyl-2-methylhexane"
greedy_gp,6,13,336,477.15,False,2,Dipentylamine
greedy_gp,6,14,984,480.15,False,2,Methylnonylamine
greedy_gp,6,15,1110,475.15,False,2,N-Ethyloctylamine
greedy_gp,6,16,217,440.15,False,2,"2,2-Diethoxyethanol"
greedy_gp,6,17,825,463.85,True,3,2-Methyl-1-decene
greedy_gp,6,18,93,506.15,False,3,"1,1'-Oxydi-2-propanol"
greedy_gp,6,19,126,479.15,False,3,"2,5-Dimethyl-3-hexyne-2,5-diol"
greedy_gp,6,20,83,506.15,False,3,"2,5-Dimethyl-2,5-hexanediol"
greedy_gp,6,21,471,444.15,False,3,Myrcene
greedy_gp,6,22,1081,461.15,True,4,"2,6-Dimethyl-2,4,6-octatriene"
greedy_gp,6,23,1083,440.64,False,4,"(E,Z)-2,6-Dimethylocta-2,4,6-triene"
greedy_gp,6,24,7,337.65,False,4,Methanol
greedy_gp,6,25,365,529.36,False,4,"3-Hexyne-2,5-diol"
greedy_gp,6,26,46,423.15,False,4,Triallylamine
greedy_gp,6,27,1182,453.15,True,5,4-Ethyl-5-methyloctane
greedy_gp,6,28,523,459.00627,True,6,"2,2,7,7-Tetramethyloctane"
greedy_gp,6,29,481,431.55,False,6,"4-Methylhepta-1,6-dien-4-ol"
greedy_gp,6,30,1192,452.15,False,6,"3,5-Diethylheptane"
greedy_gp,6,31,767,483.16,False,6,4-Dodecyne
greedy_gp,6,32,755,483.16,False,6,5-Dodecyne
greedy_gp,6,33,728,486.15,False,6,6-Dodecyne
greedy_gp,6,34,727,492.55,False,6,3-Dodecyne
greedy_gp,6,35,694,499.15,False,6,2-Dodecyne
greedy_gp,6,36,1160,460.15,True,7,"4-Ethyl-2,2-dimethyloctane"
greedy_gp,6,37,795,462.9,True,8,"3,3,6,6-Tetramethyloctane"
greedy_gp,6,38,1236,466.15,True,9,"2,2,3,3,6-Pentamethylheptane"
greedy_gp,6,39,1154,459.4,True,10,"2,4,5,7-Tetramethyloctane"
greedy_gp,6,40,1183,457.0,True,11,"2,4,4,7-Tetramethyloctane"
greedy_gp,6,41,499,473.15,False,11,"2,2,3-Trimethylnonane"
greedy_gp,6,42,1226,462.0,True,12,2-Methyl-5-propyloctane
greedy_gp,6,43,360,461.15,True,13,4-Methyldecane
greedy_gp,6,44,677,460.65,True,14,"2,2,4,4,6-Pentamethylheptane"
greedy_gp,6,45,1243,467.15,True,15,"2,3-Dimethyl-4-propylheptane"
greedy_gp,6,46,699,465.45,True,16,5-Undecene
greedy_gp,6,47,1187,464.15,True,17,4-Tert-butyloctane
greedy_gp,6,48,1164,464.15,True,18,"2,2,4-Trimethylnonane"
greedy_gp,6,49,1136,464.15,True,19,"4-Ethyl-2,4-dimethyloctane"
greedy_gp,6,50,1138,463.15,True,20,"4-Ethyl-2,6-dimethyloctane"
greedy_gp,6,51,1076,456.28,True,21,"1,3,5-Undecatriene"
greedy_gp,6,52,1240,459.15,True,22,"2,2,5,5,6-Pentamethylheptane"
greedy_gp,6,53,1141,458.15,True,23,4-Tert-butyl-2-methylheptane
greedy_gp,6,54,1218,462.15,True,24,"2,4-Dimethyl-4-propylheptane"
greedy_gp,6,55,1223,463.15,True,25,"2,5,5-Trimethylnonane"
greedy_gp,6,56,1097,456.15,True,26,"2,8-Dimethylnonane"
greedy_gp,6,57,1220,463.15,True,27,"2,5-Dimethyl-4-propylheptane"
greedy_gp,6,58,1177,457.15,True,28,"2,2,3,3,4-Pentamethylhexane"
greedy_gp,6,59,581,515.65,False,28,"3,6,9,12,15,18-Hexaoxaicosane-1,20-diol"
greedy_gp,6,60,500,506.02,False,28,"3,6-Nonadien-1-ol"
greedy_gp,6,61,26,304.95,False,28,Isopropylamine
greedy_gp,6,62,149,460.15,True,29,Diisoamylamine
greedy_gp,6,63,135,238.35,False,29,Allene
greedy_gp,6,64,587,357.15,False,29,Tris(2-methylallyl)amine
greedy_gp,6,65,11,275.95,False,29,Trimethylamine
greedy_gp,6,66,48,721.15,False,29,Tridodecylamine
greedy_gp,6,67,1123,762.15,False,29,1-Pentatriacontene
greedy_gp,6,68,1199,468.15,True,30,"2,2,3,3,5,5-Hexamethylhexane"
greedy_gp,6,69,627,465.15,True,31,3-Methyldecane
greedy_gp,6,70,1007,593.56,False,31,"(Z,Z)-Heptadeca-1,8,11-triene"
greedy_gp,6,71,1203,460.15,True,32,"2,3,3,4,4-Pentamethylhexane"
greedy_gp,6,72,1115,462.15,True,33,"3,3-Diethyl-2,2-dimethylpentane"
greedy_gp,6,73,1206,462.15,True,34,"3,3-Diethyl-2,4-dimethylpentane"
greedy_gp,6,74,1114,459.15,True,35,"3-Ethyl-2,2,3,4-tetramethylpentane"
greedy_gp,6,75,3,111.65,False,35,Methane
greedy_gp,6,76,712,471.09534,True,36,5-Undecyne
greedy_gp,6,77,669,465.4,True,37,4-Methyl-2-propylpentan-1-ol
greedy_gp,6,78,1221,463.15,True,38,"2,6,6-Trimethylnonane"
greedy_gp,6,79,788,471.65,True,39,4-Undecyne
greedy_gp,6,80,932,461.15,True,40,3-Ethylnonane
greedy_gp,6,81,560,457.75,True,41,2-Decyne
greedy_gp,6,82,1211,468.15,True,42,2-Ethyl-4-methylhexan-1-ol
greedy_gp,6,83,108,533.15,False,42,"N,N-Dimethyldodecylamine"
greedy_gp,6,84,563,351.65,False,42,n-Methyloctan-1-amine
greedy_gp,6,85,1116,467.15,True,43,"2,2,3,3,4,4-Hexamethylpentane"
greedy_gp,6,86,981,453.15,True,44,3-Methyl-4-octanol
greedy_gp,6,87,1105,468.15,True,45,"2,3,4,5,6-Pentamethylheptane"
greedy_gp,6,88,1174,455.9,True,46,"2,2,6,6-Tetramethyloctane"
greedy_gp,6,89,1229,469.15,True,47,"3,5-Dimethyl-4-propylheptane"
greedy_gp,6,90,533,452.15,False,47,4-Ethyl-4-heptanol
greedy_gp,6,91,478,528.15,False,47,"2,4,7,9-Tetramethyl-5-decyne-4,7-diol"
greedy_gp,6,92,129,490.15,False,47,Decylamine
greedy_gp,6,93,635,459.15,True,48,5-Methyldecane
greedy_gp,6,94,1222,457.75,True,49,"2,6-Dimethyl-4-propylheptane"
greedy_gp,6,95,419,462.35,True,50,2-Methyldecane
greedy_gp,6,96,696,455.44,True,51,Undec-4-ene
greedy_gp,6,97,1021,466.15,True,52,(E)-4-Undecene
greedy_gp,6,98,1156,471.15,True,53,5-Ethyl-5-methylnonane
greedy_gp,6,99,1230,469.15,True,54,"3,3-Dimethyl-4-propylheptane"
greedy_gp,6,100,1112,470.15,True,55,"5,5-Dimethyldecane"
greedy_gp,6,101,9,460.45,True,56,Propylene Glycol
greedy_gp,6,102,814,461.15,True,57,"R-1,2-Propanediol"
greedy_gp,6,103,142,487.85,False,57,"1,3-Propanediol"
greedy_gp,6,104,221,467.9,True,58,3-Nonanol
greedy_gp,6,105,734,462.0,True,59,"1,10-Undecadiene"
greedy_gp,6,106,1150,463.0,True,60,"2,5,8-Trimethylnonane"
greedy_gp,6,107,278,465.85,True,61,1-Undecene
greedy_gp,6,108,276,447.15,False,61,1-Decyne
greedy_gp,6,109,922,457.15,True,62,4-Ethylnonane
greedy_gp,6,110,0,470.65,True,63,Ethylene Glycol
greedy_gp,6,111,331,471.15,True,64,Nonylamine
greedy_gp,6,112,935,469.15,True,65,"3-Ethyl-2,7-dimethyloctane"
greedy_gp,6,113,864,479.15,False,65,6-Methyloctan-1-ol
greedy_gp,6,114,1241,457.15,True,66,"2,2,5,5-Tetramethyloctane"
greedy_gp,6,115,1137,470.15,True,67,"3-Ethyl-2,6-dimethyloctane"
greedy_gp,6,116,658,454.65,True,68,2-Methyl-3-octanol
greedy_gp,6,117,921,470.15,True,69,"3-Methyl, 3,5-diethyl, heptane"
greedy_gp,6,118,831,466.15,True,70,"4,5-Diethyloctane"
greedy_gp,6,119,916,472.15,True,71,"3,6-Dimethyl-3-ethyl-octane"
greedy_gp,6,120,1190,470.15,True,72,"3,5-Diethyloctane"
greedy_gp,6,121,903,458.15,True,73,2-(Pentyloxy)ethanol
greedy_gp,6,122,856,448.0,False,73,"2,3-Dimethylnonane"
greedy_gp,6,123,918,472.15,True,74,"3,4,5,6-Tetramethyloctane"
greedy_gp,6,124,1096,453.15,True,75,"2,7-Dimethylnonane"
greedy_gp,6,125,1227,457.15,True,76,"3,3,4,4-Tetramethylheptane"
greedy_gp,6,126,1158,472.15,True,77,"4,4-Dimethyldecane"
greedy_gp,6,127,122,631.0,False,77,Pentaerythritol
greedy_gp,6,128,830,472.15,True,78,4-Ethyl-5-methylnonane
greedy_gp,6,129,1186,472.15,True,79,"3,4-Diethyloctane"
greedy_gp,6,130,1146,458.15,True,80,"3,4,4,5-Tetramethylheptane"
greedy_gp,6,131,572,370.65,False,80,Tris(2-aminoethyl)amine
greedy_gp,6,132,16,704.0,False,80,Sorbitol
greedy_gp,6,133,114,614.65,False,80,Tetraethylenepentamine
greedy_gp,6,134,392,653.15,False,80,Pentaethylenehexamine
greedy_gp,6,135,997,460.44,True,81,"(E,E,Z)-Undeca-1,3,5,8-tetraene"
greedy_gp,6,136,649,356.15,False,81,N-Methylpropargylamine
greedy_gp,6,137,754,482.28,False,81,"2,9-Dimethyl-5-decyne"
greedy_gp,6,138,914,456.46543,True,82,"4,4-Diethylheptane"
greedy_gp,6,139,1166,459.9,True,83,"3,3-Diethylheptane"
greedy_gp,6,140,924,471.15,True,84,"4,6-Dimethyldecane"
greedy_gp,6,141,1216,457.05,True,85,"3,3-Dimethylnon-4-yne"
greedy_gp,6,142,597,370.15,False,85,3-Octyn-1-ol
greedy_gp,6,143,302,469.05,True,86,Undecane
greedy_gp,6,144,912,470.15,True,87,5-Propylnonane
greedy_gp,6,145,1179,454.15,True,88,"2,3,3,4,5-Pentamethylhexane"
greedy_gp,6,146,811,451.05,False,88,"3-Ethyl-2,4-dimethylpentan-3-ol"
greedy_gp,6,147,978,447.15,False,88,"3-Ethyl-2,2-dimethyl-3-pentanol"
greedy_gp,6,148,919,473.15,False,88,"3,4,7-Trimethylnonane"
greedy_gp,6,149,1228,471.15,True,89,"3,4-Dimethyl-4-propylheptane"
greedy_gp,6,150,459,457.15,True,90,"3,7-Dimethylnonane"
prob_in_spec,6,1,562,603.15,False,0,Triheptylamine
prob_in_spec,6,2,552,339.15,False,0,"N,N-Dimethylisopropylamine"
prob_in_spec,6,3,467,448.15,False,0,"2,6-Dimethyl-3-heptanol"
prob_in_spec,6,4,644,419.15,False,0,"2,4,4-Trimethyl-2-pentanol"
prob_in_spec,6,5,1235,451.15,False,0,"4,4-Dimethylnonane"
prob_in_spec,6,6,820,439.45,False,0,"3,3-Diethylhexane"
prob_in_spec,6,7,1178,452.15,False,0,"2,3,4-Trimethylhexan-3-ol"
prob_in_spec,6,8,427,355.15,False,0,"3,4-Dimethyl-1-pentene"
prob_in_spec,6,9,460,474.15,False,0,"2,2-Dimethyldecane"
prob_in_spec,6,10,668,514.75,False,0,"3,7-Dimethylocta-1,5,7-trien-3-ol"
prob_in_spec,6,11,1166,459.9,True,1,"3,3-Diethylheptane"
prob_in_spec,6,12,914,456.46543,True,2,"4,4-Diethylheptane"
prob_in_spec,6,13,1132,454.15,True,3,"4-Ethyl-3,5-dimethylheptane"
prob_in_spec,6,14,1196,459.15,True,4,"3,4-Diethyl-3-methylhexane"
prob_in_spec,6,15,1208,459.15,True,5,"3,3-Diethyl-2-methylhexane"
prob_in_spec,6,16,1206,462.15,True,6,"3,3-Diethyl-2,4-dimethylpentane"
prob_in_spec,6,17,1115,462.15,True,7,"3,3-Diethyl-2,2-dimethylpentane"
prob_in_spec,6,18,1203,460.15,True,8,"2,3,3,4,4-Pentamethylhexane"
prob_in_spec,6,19,1114,459.15,True,9,"3-Ethyl-2,2,3,4-tetramethylpentane"
prob_in_spec,6,20,1146,458.15,True,10,"3,4,4,5-Tetramethylheptane"
prob_in_spec,6,21,1177,457.15,True,11,"2,2,3,3,4-Pentamethylhexane"
prob_in_spec,6,22,1227,457.15,True,12,"3,3,4,4-Tetramethylheptane"
prob_in_spec,6,23,1116,467.15,True,13,"2,2,3,3,4,4-Hexamethylpentane"
prob_in_spec,6,24,1179,454.15,True,14,"2,3,3,4,5-Pentamethylhexane"
prob_in_spec,6,25,1209,451.15,False,14,"3-Ethyl-2,4,4-trimethylhexane"
prob_in_spec,6,26,1183,457.0,True,15,"2,4,4,7-Tetramethyloctane"
prob_in_spec,6,27,1160,460.15,True,16,"4-Ethyl-2,2-dimethyloctane"
prob_in_spec,6,28,1141,458.15,True,17,4-Tert-butyl-2-methylheptane
prob_in_spec,6,29,1174,455.9,True,18,"2,2,6,6-Tetramethyloctane"
prob_in_spec,6,30,1240,459.15,True,19,"2,2,5,5,6-Pentamethylheptane"
prob_in_spec,6,31,1154,459.4,True,20,"2,4,5,7-Tetramethyloctane"
prob_in_spec,6,32,1187,464.15,True,21,4-Tert-butyloctane
prob_in_spec,6,33,1164,464.15,True,22,"2,2,4-Trimethylnonane"
prob_in_spec,6,34,795,462.9,True,23,"3,3,6,6-Tetramethyloctane"
prob_in_spec,6,35,1222,457.75,True,24,"2,6-Dimethyl-4-propylheptane"
prob_in_spec,6,36,1223,463.15,True,25,"2,5,5-Trimethylnonane"
prob_in_spec,6,37,1218,462.15,True,26,"2,4-Dimethyl-4-propylheptane"
prob_in_spec,6,38,1138,463.15,True,27,"4-Ethyl-2,6-dimethyloctane"
prob_in_spec,6,39,1136,464.15,True,28,"4-Ethyl-2,4-dimethyloctane"
prob_in_spec,6,40,1220,463.15,True,29,"2,5-Dimethyl-4-propylheptane"
prob_in_spec,6,41,1221,463.15,True,30,"2,6,6-Trimethylnonane"
prob_in_spec,6,42,1150,463.0,True,31,"2,5,8-Trimethylnonane"
prob_in_spec,6,43,1236,466.15,True,32,"2,2,3,3,6-Pentamethylheptane"
prob_in_spec,6,44,360,461.15,True,33,4-Methyldecane
prob_in_spec,6,45,635,459.15,True,34,5-Methyldecane
prob_in_spec,6,46,627,465.15,True,35,3-Methyldecane
prob_in_spec,6,47,935,469.15,True,36,"3-Ethyl-2,7-dimethyloctane"
prob_in_spec,6,48,932,461.15,True,37,3-Ethylnonane
prob_in_spec,6,49,1226,462.0,True,38,2-Methyl-5-propyloctane
prob_in_spec,6,50,499,473.15,False,38,"2,2,3-Trimethylnonane"
prob_in_spec,6,51,1243,467.15,True,39,"2,3-Dimethyl-4-propylheptane"
prob_in_spec,6,52,856,448.0,False,39,"2,3-Dimethylnonane"
prob_in_spec,6,53,459,457.15,True,40,"3,7-Dimethylnonane"
prob_in_spec,6,54,1096,453.15,True,41,"2,7-Dimethylnonane"
prob_in_spec,6,55,419,462.35,True,42,2-Methyldecane
prob_in_spec,6,56,1199,468.15,True,43,"2,2,3,3,5,5-Hexamethylhexane"
prob_in_spec,6,57,1105,468.15,True,44,"2,3,4,5,6-Pentamethylheptane"
prob_in_spec,6,58,1137,470.15,True,45,"3-Ethyl-2,6-dimethyloctane"
prob_in_spec,6,59,922,457.15,True,46,4-Ethylnonane
prob_in_spec,6,60,1229,469.15,True,47,"3,5-Dimethyl-4-propylheptane"
prob_in_spec,6,61,1112,470.15,True,48,"5,5-Dimethyldecane"
prob_in_spec,6,62,1230,469.15,True,49,"3,3-Dimethyl-4-propylheptane"
prob_in_spec,6,63,523,459.00627,True,50,"2,2,7,7-Tetramethyloctane"
prob_in_spec,6,64,1241,457.15,True,51,"2,2,5,5-Tetramethyloctane"
prob_in_spec,6,65,650,484.15,False,51,Tetrahydrolavandulol
prob_in_spec,6,66,412,465.65,True,52,4-Nonanol
prob_in_spec,6,67,221,467.9,True,53,3-Nonanol
prob_in_spec,6,68,864,479.15,False,53,6-Methyloctan-1-ol
prob_in_spec,6,69,351,479.15,False,53,Isononyl alcohol
prob_in_spec,6,70,239,466.65,True,54,2-Nonanol
prob_in_spec,6,71,669,465.4,True,55,4-Methyl-2-propylpentan-1-ol
prob_in_spec,6,72,1211,468.15,True,56,2-Ethyl-4-methylhexan-1-ol
prob_in_spec,6,73,981,453.15,True,57,3-Methyl-4-octanol
prob_in_spec,6,74,658,454.65,True,58,2-Methyl-3-octanol
prob_in_spec,6,75,1190,470.15,True,59,"3,5-Diethyloctane"
prob_in_spec,6,76,924,471.15,True,60,"4,6-Dimethyldecane"
prob_in_spec,6,77,621,465.15,True,61,"4,7-Dimethyloctan-4-ol"
prob_in_spec,6,78,792,455.15,True,62,"2,4,6-Trimethyl-4-heptanol"
prob_in_spec,6,79,831,466.15,True,63,"4,5-Diethyloctane"
prob_in_spec,6,80,1156,471.15,True,64,5-Ethyl-5-methylnonane
prob_in_spec,6,81,921,470.15,True,65,"3-Methyl, 3,5-diethyl, heptane"
prob_in_spec,6,82,1245,469.15,True,66,"2,4,4,5,5-Pentamethylheptane"
prob_in_spec,6,83,830,472.15,True,67,4-Ethyl-5-methylnonane
prob_in_spec,6,84,912,470.15,True,68,5-Propylnonane
prob_in_spec,6,85,1186,472.15,True,69,"3,4-Diethyloctane"
prob_in_spec,6,86,1228,471.15,True,70,"3,4-Dimethyl-4-propylheptane"
prob_in_spec,6,87,1133,464.89743,True,71,"2,2,3,4-Tetramethylhexan-3-ol"
prob_in_spec,6,88,1232,467.8,True,72,"3,4,5,5-Tetramethylhexan-3-ol"
prob_in_spec,6,89,1249,460.65,True,73,"2,2,4,4-Tetramethyl-3-hexanol"
prob_in_spec,6,90,8,467.85,True,74,1-Octanol
prob_in_spec,6,91,774,475.15,False,74,5-Methyl-5-nonanol
prob_in_spec,6,92,840,471.15,True,75,"2,5-Dimethyldecane"
prob_in_spec,6,93,811,451.05,False,75,"3-Ethyl-2,4-dimethylpentan-3-ol"
prob_in_spec,6,94,919,473.15,False,75,"3,4,7-Trimethylnonane"
prob_in_spec,6,95,916,472.15,True,76,"3,6-Dimethyl-3-ethyl-octane"
prob_in_spec,6,96,302,469.05,True,77,Undecane
prob_in_spec,6,97,1119,458.15,True,78,"3,4-Dimethylnonane"
prob_in_spec,6,98,1169,473.15,False,78,"4,4-Diethyloctane"
prob_in_spec,6,99,854,473.15,False,78,"2,4-Dimethyldecane"
prob_in_spec,6,100,925,472.15,True,79,"4,7-Dimethyldecane"
prob_in_spec,6,101,825,463.85,True,80,2-Methyl-1-decene
prob_in_spec,6,102,696,455.44,True,81,Undec-4-ene
prob_in_spec,6,103,1021,466.15,True,82,(E)-4-Undecene
prob_in_spec,6,104,699,465.45,True,83,5-Undecene
prob_in_spec,6,105,278,465.85,True,84,1-Undecene
prob_in_spec,6,106,728,486.15,False,84,6-Dodecyne
prob_in_spec,6,107,755,483.16,False,84,5-Dodecyne
prob_in_spec,6,108,767,483.16,False,84,4-Dodecyne
prob_in_spec,6,109,727,492.55,False,84,3-Dodecyne
prob_in_spec,6,110,559,469.15,True,85,1-Undecyne
prob_in_spec,6,111,786,479.15,False,85,2-Undecyne
prob_in_spec,6,112,787,473.15,False,85,3-Undecyne
prob_in_spec,6,113,788,471.65,True,86,4-Undecyne
prob_in_spec,6,114,712,471.09534,True,87,5-Undecyne
prob_in_spec,6,115,918,472.15,True,88,"3,4,5,6-Tetramethyloctane"
prob_in_spec,6,116,276,447.15,False,88,1-Decyne
prob_in_spec,6,117,560,457.75,True,89,2-Decyne
prob_in_spec,6,118,1158,472.15,True,90,"4,4-Dimethyldecane"
prob_in_spec,6,119,468,452.15,False,90,"3,5-Dimethyl-4-heptanol"
prob_in_spec,6,120,1097,456.15,True,91,"2,8-Dimethylnonane"
prob_in_spec,6,121,1192,452.15,False,91,"3,5-Diethylheptane"
prob_in_spec,6,122,1188,455.15,True,92,3-Ethyl-6-methyloctane
prob_in_spec,6,123,734,462.0,True,93,"1,10-Undecadiene"
prob_in_spec,6,124,322,437.15,False,93,"1,9-Decadiene"
prob_in_spec,6,125,1022,478.54,False,93,3-Octen-2-OL
prob_in_spec,6,126,400,459.15,True,94,6-Methylhept-5-en-2-ol
prob_in_spec,6,127,974,447.15,False,94,(S)-1-Octen-3-ol
prob_in_spec,6,128,1076,456.28,True,95,"1,3,5-Undecatriene"
prob_in_spec,6,129,997,460.44,True,96,"(E,E,Z)-Undeca-1,3,5,8-tetraene"
prob_in_spec,6,130,491,456.1,True,97,Hept-2-en-1-ol
prob_in_spec,6,131,1070,448.15,False,97,2-Octen-4-ol
prob_in_spec,6,132,990,442.65,False,97,3-Hepten-1-ol
prob_in_spec,6,133,107,435.15,False,97,Dibutylamine
prob_in_spec,6,134,636,441.15,False,97,N-Heptylmethylamine
prob_in_spec,6,135,394,451.65,False,97,2-Octanol
prob_in_spec,6,136,336,477.15,False,97,Dipentylamine
prob_in_spec,6,137,984,480.15,False,97,Methylnonylamine
prob_in_spec,6,138,1110,475.15,False,97,N-Ethyloctylamine
prob_in_spec,6,139,149,460.15,True,98,Diisoamylamine
prob_in_spec,6,140,298,467.15,True,99,Triisobutylamine
prob_in_spec,6,141,563,351.65,False,99,n-Methyloctan-1-amine
prob_in_spec,6,142,331,471.15,True,100,Nonylamine
prob_in_spec,6,143,481,431.55,False,100,"4-Methylhepta-1,6-dien-4-ol"
prob_in_spec,6,144,923,473.15,False,100,"3,5-Dimethyldecane"
prob_in_spec,6,145,933,460.94,True,101,2-Heptyn-1-ol
prob_in_spec,6,146,376,432.15,False,101,N-Methyldibutylamine
prob_in_spec,6,147,45,426.15,False,101,Tripropylamine
prob_in_spec,6,148,334,445.15,False,101,"N,N-Dimethylheptylamine"
prob_in_spec,6,149,106,451.75,False,101,Octylamine
prob_in_spec,6,150,1182,453.15,True,102,4-Ethyl-5-methyloctane
qlogei_target,6,1,562,603.15,False,0,Triheptylamine
qlogei_target,6,2,552,339.15,False,0,"N,N-Dimethylisopropylamine"
qlogei_target,6,3,467,448.15,False,0,"2,6-Dimethyl-3-heptanol"
qlogei_target,6,4,644,419.15,False,0,"2,4,4-Trimethyl-2-pentanol"
qlogei_target,6,5,1235,451.15,False,0,"4,4-Dimethylnonane"
qlogei_target,6,6,820,439.45,False,0,"3,3-Diethylhexane"
qlogei_target,6,7,1178,452.15,False,0,"2,3,4-Trimethylhexan-3-ol"
qlogei_target,6,8,427,355.15,False,0,"3,4-Dimethyl-1-pentene"
qlogei_target,6,9,460,474.15,False,0,"2,2-Dimethyldecane"
qlogei_target,6,10,668,514.75,False,0,"3,7-Dimethylocta-1,5,7-trien-3-ol"
qlogei_target,6,11,1166,459.9,True,1,"3,3-Diethylheptane"
qlogei_target,6,12,825,463.85,True,2,2-Methyl-1-decene
qlogei_target,6,13,1208,459.15,True,3,"3,3-Diethyl-2-methylhexane"
qlogei_target,6,14,1182,453.15,True,4,4-Ethyl-5-methyloctane
qlogei_target,6,15,625,466.65,True,5,1-Nonen-3-ol
qlogei_target,6,16,696,455.44,True,6,Undec-4-ene
qlogei_target,6,17,1206,462.15,True,7,"3,3-Diethyl-2,4-dimethylpentane"
qlogei_target,6,18,278,465.85,True,8,1-Undecene
qlogei_target,6,19,1114,459.15,True,9,"3-Ethyl-2,2,3,4-tetramethylpentane"
qlogei_target,6,20,1177,457.15,True,10,"2,2,3,3,4-Pentamethylhexane"
qlogei_target,6,21,1021,466.15,True,11,(E)-4-Undecene
qlogei_target,6,22,1203,460.15,True,12,"2,3,3,4,4-Pentamethylhexane"
qlogei_target,6,23,301,484.18843,False,12,2-Decanol
qlogei_target,6,24,83,506.15,False,12,"2,5-Dimethyl-2,5-hexanediol"
qlogei_target,6,25,660,489.15,False,12,5-Decanol
qlogei_target,6,26,699,465.45,True,13,5-Undecene
qlogei_target,6,27,914,456.46543,True,14,"4,4-Diethylheptane"
qlogei_target,6,28,1115,462.15,True,15,"3,3-Diethyl-2,2-dimethylpentane"
qlogei_target,6,29,523,459.00627,True,16,"2,2,7,7-Tetramethyloctane"
qlogei_target,6,30,1196,459.15,True,17,"3,4-Diethyl-3-methylhexane"
qlogei_target,6,31,677,460.65,True,18,"2,2,4,4,6-Pentamethylheptane"
qlogei_target,6,32,438,451.15,False,18,"2,2,4,6,6-Pentamethylheptane"
qlogei_target,6,33,1174,455.9,True,19,"2,2,6,6-Tetramethyloctane"
qlogei_target,6,34,1240,459.15,True,20,"2,2,5,5,6-Pentamethylheptane"
qlogei_target,6,35,471,444.15,False,20,Myrcene
qlogei_target,6,36,1241,457.15,True,21,"2,2,5,5-Tetramethyloctane"
qlogei_target,6,37,1141,458.15,True,22,4-Tert-butyl-2-methylheptane
qlogei_target,6,38,1199,468.15,True,23,"2,2,3,3,5,5-Hexamethylhexane"
qlogei_target,6,39,1236,466.15,True,24,"2,2,3,3,6-Pentamethylheptane"
qlogei_target,6,40,499,473.15,False,24,"2,2,3-Trimethylnonane"
qlogei_target,6,41,1183,457.0,True,25,"2,4,4,7-Tetramethyloctane"
qlogei_target,6,42,1160,460.15,True,26,"4-Ethyl-2,2-dimethyloctane"
qlogei_target,6,43,1116,467.15,True,27,"2,2,3,3,4,4-Hexamethylpentane"
qlogei_target,6,44,627,465.15,True,28,3-Methyldecane
qlogei_target,6,45,239,466.65,True,29,2-Nonanol
qlogei_target,6,46,1164,464.15,True,30,"2,2,4-Trimethylnonane"
qlogei_target,6,47,412,465.65,True,31,4-Nonanol
qlogei_target,6,48,795,462.9,True,32,"3,3,6,6-Tetramethyloctane"
qlogei_target,6,49,533,452.15,False,32,4-Ethyl-4-heptanol
qlogei_target,6,50,221,467.9,True,33,3-Nonanol
qlogei_target,6,51,864,479.15,False,33,6-Methyloctan-1-ol
qlogei_target,6,52,351,479.15,False,33,Isononyl alcohol
qlogei_target,6,53,419,462.35,True,34,2-Methyldecane
qlogei_target,6,54,408,445.15,False,34,1-Butoxy-2-propanol
qlogei_target,6,55,46,423.15,False,34,Triallylamine
qlogei_target,6,56,360,461.15,True,35,4-Methyldecane
qlogei_target,6,57,635,459.15,True,36,5-Methyldecane
qlogei_target,6,58,932,461.15,True,37,3-Ethylnonane
qlogei_target,6,59,621,465.15,True,38,"4,7-Dimethyloctan-4-ol"
qlogei_target,6,60,1222,457.75,True,39,"2,6-Dimethyl-4-propylheptane"
qlogei_target,6,61,1223,463.15,True,40,"2,5,5-Trimethylnonane"
qlogei_target,6,62,1138,463.15,True,41,"4-Ethyl-2,6-dimethyloctane"
qlogei_target,6,63,1105,468.15,True,42,"2,3,4,5,6-Pentamethylheptane"
qlogei_target,6,64,1175,443.15,False,42,"2,5-Dimethyl-3-isopropylhexane"
qlogei_target,6,65,1150,463.0,True,43,"2,5,8-Trimethylnonane"
qlogei_target,6,66,786,479.15,False,43,2-Undecyne
qlogei_target,6,67,1009,546.96,False,43,7-Pentadecene
qlogei_target,6,68,881,436.06,False,43,"4-Ethyl-3,3-dimethylhexane"
qlogei_target,6,69,796,479.94,False,43,6-Methyl-6-hepten-4-yn-3-ol
qlogei_target,6,70,236,395.15,False,43,2-Methyl-2-heptene
qlogei_target,6,71,1109,471.15,True,44,"N,N-Diethylheptylamine"
qlogei_target,6,72,708,424.15,False,44,"2,3-Dimethyl-2-hexanol"
qlogei_target,6,73,912,470.15,True,45,5-Propylnonane
qlogei_target,6,74,821,477.15,False,45,"2,9-Dimethyldecane"
qlogei_target,6,75,765,483.82,False,45,2-Octyn-1-ol
qlogei_target,6,76,399,521.55,False,45,"3-Methyl-1,5-pentanediol"
qlogei_target,6,77,1218,462.15,True,46,"2,4-Dimethyl-4-propylheptane"
qlogei_target,6,78,689,341.15,False,46,"2,3-Hexadiene"
qlogei_target,6,79,953,694.45,False,46,Squalene
qlogei_target,6,80,705,353.21985,False,46,"3-Methyl-1,5-hexadiene"
qlogei_target,6,81,933,460.94,True,47,2-Heptyn-1-ol
qlogei_target,6,82,290,419.35,False,47,"3,3-Diethylpentane"
qlogei_target,6,83,136,282.65,False,47,Neopentane
qlogei_target,6,84,108,533.15,False,47,"N,N-Dimethyldodecylamine"
qlogei_target,6,85,745,389.15,False,47,3-Ethyl-3-hexene
qlogei_target,6,86,1220,463.15,True,48,"2,5-Dimethyl-4-propylheptane"
qlogei_target,6,87,78,303.15,False,48,1-Pentene
qlogei_target,6,88,934,455.15,True,49,"2,3,3-Trimethyloctane"
qlogei_target,6,89,827,430.15,False,49,"2,4-Dimethyl-3-isopropylpentane"
qlogei_target,6,90,167,389.15,False,49,"2,3,4-Trimethyl-2-pentene"
qlogei_target,6,91,1187,464.15,True,50,4-Tert-butyloctane
qlogei_target,6,92,784,506.04,False,50,4-Tridecyne
qlogei_target,6,93,550,366.4,False,50,"N,N-Dimethyl-2-butanamine"
qlogei_target,6,94,1202,452.15,False,50,"4,6-Dimethylnonane"
qlogei_target,6,95,1170,455.15,True,51,"3,6-Dimethylnonane"
qlogei_target,6,96,276,447.15,False,51,1-Decyne
qlogei_target,6,97,797,551.11,False,51,"2,2,5,5,8,8-Hexamethylnona-3,6-diyne"
qlogei_target,6,98,94,693.15,False,51,Squalane
qlogei_target,6,99,1158,472.15,True,52,"4,4-Dimethyldecane"
qlogei_target,6,100,990,442.65,False,52,3-Hepten-1-ol
qlogei_target,6,101,903,458.15,True,53,2-(Pentyloxy)ethanol
qlogei_target,6,102,488,420.15,False,53,2-Nonene
qlogei_target,6,103,886,426.0,False,53,"2,3,3,5-Tetramethylhexane"
qlogei_target,6,104,508,421.15,False,53,"3,5-Dimethyl-1-hexyn-3-ol"
qlogei_target,6,105,286,365.35,False,53,"N,N-Dimethylbutylamine"
qlogei_target,6,106,26,304.95,False,53,Isopropylamine
qlogei_target,6,107,859,429.65,False,53,"2,3,4-Trimethyl-3-pentanol"
qlogei_target,6,108,366,407.15,False,53,4-Ethyl-2-methylhexane
qlogei_target,6,109,1221,463.15,True,54,"2,6,6-Trimethylnonane"
qlogei_target,6,110,749,386.65,False,54,"Hepta-1,3,5-triene"
qlogei_target,6,111,714,402.65,False,54,"2,4-Hexadiyne"
qlogei_target,6,112,495,546.15,False,54,Tridecylamine
qlogei_target,6,113,218,407.0,False,54,3-Hexanol
qlogei_target,6,114,672,521.85,False,54,3-Methyltridecane
qlogei_target,6,115,1250,437.9,False,54,"3,3,4-Trimethyl-2-pentanol"
qlogei_target,6,116,587,357.15,False,54,Tris(2-methylallyl)amine
qlogei_target,6,117,558,494.15,False,54,"2-Methyl-1,3-propanediol"
qlogei_target,6,118,978,447.15,False,54,"3-Ethyl-2,2-dimethyl-3-pentanol"
qlogei_target,6,119,885,437.74,False,54,"2,3,3,4-Tetramethylhexane"
qlogei_target,6,120,607,479.15,False,54,"2,3-Dimethyldecane"
qlogei_target,6,121,481,431.55,False,54,"4-Methylhepta-1,6-dien-4-ol"
qlogei_target,6,122,140,373.65,False,54,Octamylamine
qlogei_target,6,123,1239,449.15,False,54,"2,2,3,4-Tetramethylheptane"
qlogei_target,6,124,894,409.0,False,54,"2,6-Dimethyl-2-heptene"
qlogei_target,6,125,388,357.15,False,54,3-Ethyl-1-pentene
qlogei_target,6,126,348,437.4,False,54,4-Decyne
qlogei_target,6,127,921,470.15,True,55,"3-Methyl, 3,5-diethyl, heptane"
qlogei_target,6,128,1148,429.73095,False,55,"2,2,3-Trimethylbutan-1-ol"
qlogei_target,6,129,702,356.15,False,55,"4,4-Dimethyl-2-pentyne"
qlogei_target,6,130,183,394.15,False,55,2-Methylpentan-2-ol
qlogei_target,6,131,981,453.15,True,56,3-Methyl-4-octanol
qlogei_target,6,132,887,435.31525,False,56,"2,3,4,4-Tetramethylhexane"
qlogei_target,6,133,129,490.15,False,56,Decylamine
qlogei_target,6,134,255,688.15,False,56,Hexacosane
qlogei_target,6,135,877,436.86,False,56,"3-Ethyl-2,3-dimethylhexane"
qlogei_target,6,136,650,484.15,False,56,Tetrahydrolavandulol
qlogei_target,6,137,568,358.15,False,56,5-Methyl-1-hexene
qlogei_target,6,138,1245,469.15,True,57,"2,4,4,5,5-Pentamethylheptane"
qlogei_target,6,139,146,342.15,False,57,"2,3-Dimethyl-1,3-butadiene"
qlogei_target,6,140,178,392.05,False,57,3-Methylheptane
qlogei_target,6,141,669,465.4,True,58,4-Methyl-2-propylpentan-1-ol
qlogei_target,6,142,930,455.15,True,59,"3,3-Dimethylnonane"
qlogei_target,6,143,1008,524.08,False,59,3-Tetradecene
qlogei_target,6,144,25,261.45,False,59,Isobutane
qlogei_target,6,145,90,407.85,False,59,2-Ethoxyethanol
qlogei_target,6,146,788,471.65,True,60,4-Undecyne
qlogei_target,6,147,918,472.15,True,61,"3,4,5,6-Tetramethyloctane"
qlogei_target,6,148,434,445.35,False,61,3-Methyl-1-hexanol
qlogei_target,6,149,493,574.0,False,61,"1,10-Decanediol"
qlogei_target,6,150,198,350.95,False,61,"2,3,3-Trimethyl-1-butene"
random,7,1,776,414.08,False,0,7-Methyl-3-octyne
random,7,2,1117,456.27755,True,1,(S)-(+)-5-Methyl-1-heptanol
random,7,3,967,502.15,False,1,Nerol
random,7,4,1040,395.75,False,1,cis-4-Octene
random,7,5,720,433.23942,False,1,"3,3-Dimethyloctane"
random,7,6,375,350.15,False,1,"3,3-Dimethyl-1-pentene"
random,7,7,1173,415.15,False,1,4-Methyl-octane
random,7,8,69,333.36,False,1,2-Methylpentane
random,7,9,281,311.15,False,1,"3,3-Dimethyl-1-Butyne"
random,7,10,851,444.15,False,1,2-Methyl-2-nonene
random,7,11,778,358.15,False,1,3-Methyl-1-hexyne
random,7,12,853,484.15,False,1,"2,2-Dimethyl-1-octanol"
random,7,13,1178,452.15,False,1,"2,3,4-Trimethylhexan-3-ol"
random,7,14,721,336.0,False,1,"1,3-Hexadiyne"
random,7,15,1121,620.44,False,1,Octadec-7-yne
random,7,16,6,351.39,False,1,Ethanol
random,7,17,353,505.95,False,1,1-Tridecene
random,7,18,371,416.15,False,1,2-Methyloctane
random,7,19,1140,443.15,False,1,"3-Ethyl-2,2,5-trimethylhexane"
random,7,20,1088,383.57,False,1,"5,5-Dimethyl-2-hexene"
random,7,21,378,423.95,False,1,1-Nonyne
random,7,22,426,426.41115,False,1,"3,4,4-Trimethyl-3-pentanol"
random,7,23,148,432.15,False,1,2-Heptanol
random,7,24,1016,395.55,False,1,trans-4-Octene
random,7,25,580,423.15,False,1,4-Pentyn-1-ol
random,7,26,552,339.15,False,1,"N,N-Dimethylisopropylamine"
random,7,27,594,443.15,False,1,"2,6-Dimethyl-2-heptanol"
random,7,28,688,349.15,False,1,"1,2-Hexadiene"
random,7,29,725,383.7,False,1,3-Ethyl-3-methyl-1-pentene
random,7,30,627,465.15,True,2,3-Methyldecane
random,7,31,423,437.15,False,2,"2,3-Dimethyloctane"
random,7,32,579,528.2,False,2,"1,2-Decanediol"
random,7,33,873,435.36,False,2,4-Ethyl-3-methylheptane
random,7,34,1236,466.15,True,3,"2,2,3,3,6-Pentamethylheptane"
random,7,35,774,475.15,False,3,5-Methyl-5-nonanol
random,7,36,141,300.25,False,3,2-Butyne
random,7,37,44,428.15,False,3,2-Ethyl-1-butanol
random,7,38,550,366.4,False,3,"N,N-Dimethyl-2-butanamine"
random,7,39,54,505.15,False,3,"N,N-Bis(3-aminopropyl)methylamine"
random,7,40,761,429.79928,False,3,3-Nonyne
random,7,41,547,553.15,False,3,1-Pentadecyne
random,7,42,1006,389.15,False,3,"3,4-Dimethyl-2-hexene"
random,7,43,788,471.65,True,4,4-Undecyne
random,7,44,1144,447.15,False,4,"3,3,5-Trimethyloctane"
random,7,45,1027,570.5,False,4,cis-7-Dodecen-1-ol
random,7,46,1239,449.15,False,4,"2,2,3,4-Tetramethylheptane"
random,7,47,304,632.15,False,4,Didecylamine
random,7,48,121,517.15,False,4,"2,2-Diethyl-1,3-propanediol"
random,7,49,15,355.36,False,4,Isopropyl Alcohol
random,7,50,238,372.95,False,4,1-Heptyne
random,7,51,4,398.77,False,4,Octane
random,7,52,459,457.15,True,5,"3,7-Dimethylnonane"
random,7,53,899,509.15,False,5,2-Methyl-3-undecanol
random,7,54,609,426.65,False,5,2-Methylheptan-3-ol
random,7,55,770,572.16,False,5,1-Heptadecyne
random,7,56,330,451.15,False,5,5-Decyne
random,7,57,1204,479.15,False,5,"3,3-Diethyl-2,2,4-trimethylpentane"
random,7,58,1098,746.15,False,5,1-Tritriacontene
random,7,59,231,409.15,False,5,2-Hexanol
random,7,60,636,441.15,False,5,N-Heptylmethylamine
random,7,61,53,405.65,False,5,"1,3-Dimethylpentylamine"
random,7,62,114,614.65,False,5,Tetraethylenepentamine
random,7,63,925,472.15,True,6,"4,7-Dimethyldecane"
random,7,64,303,524.25,False,6,1-Tetradecene
random,7,65,589,502.15,False,6,Undecylamine
random,7,66,450,412.15,False,6,"3,3,4-Trimethylhexane"
random,7,67,806,396.75,False,6,Isohexylamine
random,7,68,857,483.0,False,6,4-Methylundecane
random,7,69,747,437.00143,False,6,3-Ethyl-3-methylheptane
random,7,70,1083,440.64,False,6,"(E,Z)-2,6-Dimethylocta-2,4,6-triene"
random,7,71,743,437.0,False,6,"3,5-Octadiyne"
random,7,72,279,440.15,False,6,2-Methylnonane
random,7,73,188,390.75,False,6,2-Methylheptane
random,7,74,401,410.15,False,6,2-Methylbut-2-en-1-ol
random,7,75,475,420.05,False,6,1-Nonene
random,7,76,1220,463.15,True,7,"2,5-Dimethyl-4-propylheptane"
random,7,77,545,488.15,False,7,1-Dodecyne
random,7,78,489,414.15,False,7,3-Heptanamine
random,7,79,756,498.15,False,7,6-Ethyl-3-decanol
random,7,80,735,439.15,False,7,"2,2,4,4-Tetramethylpentan-3-ol"
random,7,81,546,525.15,False,7,1-Tetradecyne
random,7,82,698,400.64,False,7,"2,6-Octadiyne"
random,7,83,445,382.15,False,7,"4,5-Dimethyl-1-hexene"
random,7,84,1192,452.15,False,7,"3,5-Diethylheptane"
random,7,85,187,382.25,False,7,"2,5-Dimethylhexane"
random,7,86,504,416.25,False,7,3-Ethylheptane
random,7,87,1188,455.15,True,8,3-Ethyl-6-methyloctane
random,7,88,265,680.15,False,8,Docosanol
random,7,89,1208,459.15,True,9,"3,3-Diethyl-2-methylhexane"
random,7,90,120,266.15,False,9,Isobutylene
random,7,91,1087,422.0,False,9,"7-Methyl-2,4-octadiene"
random,7,92,665,402.15,False,9,4-Methyl-4-penten-2-ol
random,7,93,115,560.15,False,9,1-Tridecanol
random,7,94,831,466.15,True,10,"4,5-Diethyloctane"
random,7,95,620,369.35,False,10,N-Isopropylpropylamine
random,7,96,1127,447.15,False,10,4-Tert-butylheptane
random,7,97,1199,468.15,True,11,"2,2,3,3,5,5-Hexamethylhexane"
random,7,98,710,467.14283,True,12,4-Propyl-4-heptanol
random,7,99,1175,443.15,False,12,"2,5-Dimethyl-3-isopropylhexane"
random,7,100,758,387.9,False,12,2-Methyl-3-ethyl-2-pentene
random,7,101,62,281.25,False,12,1-Butyne
random,7,102,685,397.65,False,12,Butylisopropylamine
random,7,103,302,469.05,True,13,Undecane
random,7,104,1154,459.4,True,14,"2,4,5,7-Tetramethyloctane"
random,7,105,935,469.15,True,15,"3-Ethyl-2,7-dimethyloctane"
random,7,106,77,309.21,False,15,Pentane
random,7,107,706,612.15,False,15,2-Methylnonadecane
random,7,108,802,426.15,False,15,"3,4-Dimethylpentan-2-ol"
random,7,109,724,328.15,False,15,"1,3-Pentadiyne"
random,7,110,466,413.65,False,15,2-Ethoxy-1-propanol
random,7,111,704,409.64,False,15,"2,4,6-Octatriyne"
random,7,112,892,442.59,False,15,"3-Ethyl-2,3,4-trimethylpentane"
random,7,113,47,480.15,False,15,Tributylamine
random,7,114,1090,412.15,False,15,2-Methyloct-4-ene
random,7,115,1211,468.15,True,16,2-Ethyl-4-methylhexan-1-ol
random,7,116,31,402.15,False,16,3-Methyl-3-pentanol
random,7,117,395,795.15,False,16,Tetracontane
random,7,118,939,409.15,False,16,N-Ethylpentylamine
random,7,119,551,388.65,False,16,"1,4-Pentadien-3-ol"
random,7,120,71,393.15,False,16,1-Methoxy-2-propanol
random,7,121,138,393.15,False,16,"3,3-Dimethyl-2-butanol"
random,7,122,1126,382.4,False,16,"4-Methylhepta-1,6-diene"
random,7,123,156,359.15,False,16,"3,3-Dimethylpentane"
random,7,124,513,413.15,False,16,"1,3-Butanediamine"
random,7,125,1207,476.15,False,16,"3,3-Diethyl-2-methylheptane"
random,7,126,855,382.35,False,16,"2-Methylhexa-2,4-diene"
random,7,127,533,452.15,False,16,4-Ethyl-4-heptanol
random,7,128,425,778.15,False,16,Heptatriacontane
random,7,129,1081,461.15,True,17,"2,6-Dimethyl-2,4,6-octatriene"
random,7,130,648,406.15,False,17,"3,4-Dimethyl-1-pentyn-3-ol"
random,7,131,1068,388.97729,False,17,"4-Methyl-1,5-Heptadiene"
random,7,132,437,433.15,False,17,"2,2,3,3-Tetramethylhexane"
random,7,133,1122,424.65,False,17,"2,7-Nonadiene"
random,7,134,659,502.15,False,17,5-Undecanol
random,7,135,644,419.15,False,17,"2,4,4-Trimethyl-2-pentanol"
random,7,136,189,336.55,False,17,1-Hexene
random,7,137,507,413.19803,False,17,tert-Octylamine
random,7,138,7,337.65,False,17,Methanol
random,7,139,377,614.15,False,17,1-Eicosene
random,7,140,1161,513.15,False,17,"2,2-Dimethyldodecane"
random,7,141,1050,615.6,False,17,9-Octadecene
random,7,142,172,364.15,False,17,3-Methylhexane
random,7,143,807,456.65,True,18,"meso-2,3-Butanediol"
random,7,144,517,534.85,False,18,Trihexylamine
random,7,145,1052,478.32,False,18,trans-6-Dodecene
random,7,146,601,436.15,False,18,4-Ethyloctane
random,7,147,1187,464.15,True,19,4-Tert-butyloctane
random,7,148,637,429.0,False,19,"2,3,4-Trimethylheptane"
random,7,149,985,430.15,False,19,cis-3-Hexen-1-ol
random,7,150,786,479.15,False,19,2-Undecyne
mw_heuristic,7,1,776,414.08,False,0,7-Methyl-3-octyne
mw_heuristic,7,2,1117,456.27755,True,1,(S)-(+)-5-Methyl-1-heptanol
mw_heuristic,7,3,967,502.15,False,1,Nerol
mw_heuristic,7,4,1040,395.75,False,1,cis-4-Octene
mw_heuristic,7,5,720,433.23942,False,1,"3,3-Dimethyloctane"
mw_heuristic,7,6,375,350.15,False,1,"3,3-Dimethyl-1-pentene"
mw_heuristic,7,7,1173,415.15,False,1,4-Methyl-octane
mw_heuristic,7,8,69,333.36,False,1,2-Methylpentane
mw_heuristic,7,9,281,311.15,False,1,"3,3-Dimethyl-1-Butyne"
mw_heuristic,7,10,851,444.15,False,1,2-Methyl-2-nonene
mw_heuristic,7,11,83,506.15,False,1,"2,5-Dimethyl-2,5-hexanediol"
mw_heuristic,7,12,109,481.15,False,1,2-(Hexyloxy)ethanol
mw_heuristic,7,13,133,503.25,False,1,"2,2,4-Trimethyl-1,3-pentanediol"
mw_heuristic,7,14,537,418.15,False,1,"1,8-Octanediol"
mw_heuristic,7,15,572,370.65,False,1,Tris(2-aminoethyl)amine
mw_heuristic,7,16,997,460.44,True,2,"(E,E,Z)-Undeca-1,3,5,8-tetraene"
mw_heuristic,7,17,1076,456.28,True,3,"1,3,5-Undecatriene"
mw_heuristic,7,18,54,505.15,False,3,"N,N-Bis(3-aminopropyl)methylamine"
mw_heuristic,7,19,39,653.15,False,3,Xylitol
mw_heuristic,7,20,668,514.75,False,3,"3,7-Dimethylocta-1,5,7-trien-3-ol"
mw_heuristic,7,21,276,447.15,False,3,1-Decyne
mw_heuristic,7,22,322,437.15,False,3,"1,9-Decadiene"
mw_heuristic,7,23,330,451.15,False,3,5-Decyne
mw_heuristic,7,24,348,437.4,False,3,4-Decyne
mw_heuristic,7,25,352,439.15,False,3,Dihydromyrcene
mw_heuristic,7,26,280,444.15,False,3,1-Decene
mw_heuristic,7,27,391,436.15,False,3,"2,6-Dimethyl-2-octene"
mw_heuristic,7,28,428,442.75,False,3,5-Decene
mw_heuristic,7,29,482,446.55,False,3,trans-2-Decene
mw_heuristic,7,30,700,431.4,False,3,"3,4-Diethyl-3-hexene"
mw_heuristic,7,31,45,426.15,False,3,Tripropylamine
mw_heuristic,7,32,331,471.15,True,4,Nonylamine
mw_heuristic,7,33,334,445.15,False,4,"N,N-Dimethylheptylamine"
mw_heuristic,7,34,376,432.15,False,4,N-Methyldibutylamine
mw_heuristic,7,35,563,351.65,False,4,n-Methyloctan-1-amine
mw_heuristic,7,36,42,438.2,False,4,"N,N,N',N'-Tetramethyl-1,3-butanediamine"
mw_heuristic,7,37,123,394.15,False,4,"N,N-Diisopropylethylenediamine"
mw_heuristic,7,38,518,327.65,False,4,"N,N,N'-Triethylethylenediamine"
mw_heuristic,7,39,520,441.15,False,4,"N,N,N',N'-Tetramethyl-1,4-butanediamine"
mw_heuristic,7,40,221,467.9,True,5,3-Nonanol
mw_heuristic,7,41,1072,514.75,False,5,Hotrienol
mw_heuristic,7,42,559,469.15,True,6,1-Undecyne
mw_heuristic,7,43,712,471.09534,True,7,5-Undecyne
mw_heuristic,7,44,734,462.0,True,8,"1,10-Undecadiene"
mw_heuristic,7,45,786,479.15,False,8,2-Undecyne
mw_heuristic,7,46,787,473.15,False,8,3-Undecyne
mw_heuristic,7,47,788,471.65,True,9,4-Undecyne
mw_heuristic,7,48,1216,457.05,True,10,"3,3-Dimethylnon-4-yne"
mw_heuristic,7,49,239,466.65,True,11,2-Nonanol
mw_heuristic,7,50,319,446.15,False,11,"3,6-Dimethyl-3-heptanol"
mw_heuristic,7,51,351,479.15,False,11,Isononyl alcohol
mw_heuristic,7,52,379,466.15,True,12,"3,5,5-Trimethyl-1-hexanol"
mw_heuristic,7,53,409,462.15,True,13,3-Methyl-3-octanol
mw_heuristic,7,54,412,465.65,True,14,4-Nonanol
mw_heuristic,7,55,467,448.15,False,14,"2,6-Dimethyl-3-heptanol"
mw_heuristic,7,56,468,452.15,False,14,"3,5-Dimethyl-4-heptanol"
mw_heuristic,7,57,533,452.15,False,14,4-Ethyl-4-heptanol
mw_heuristic,7,58,594,443.15,False,14,"2,6-Dimethyl-2-heptanol"
mw_heuristic,7,59,646,443.15,False,14,"2,2,3-Trimethylhexan-3-ol"
mw_heuristic,7,60,658,454.65,True,15,2-Methyl-3-octanol
mw_heuristic,7,61,669,465.4,True,16,4-Methyl-2-propylpentan-1-ol
mw_heuristic,7,62,735,439.15,False,16,"2,2,4,4-Tetramethylpentan-3-ol"
mw_heuristic,7,63,769,453.22759,True,17,4-Methyl-4-octanol
mw_heuristic,7,64,811,451.05,False,17,"3-Ethyl-2,4-dimethylpentan-3-ol"
mw_heuristic,7,65,864,479.15,False,17,6-Methyloctan-1-ol
mw_heuristic,7,66,905,438.65,False,17,"3,4,4-Trimethylhexan-3-ol"
mw_heuristic,7,67,906,444.86543,False,17,"2,4,4-Trimethyl-3-hexanol"
mw_heuristic,7,68,978,447.15,False,17,"3-Ethyl-2,2-dimethyl-3-pentanol"
mw_heuristic,7,69,981,453.15,True,18,3-Methyl-4-octanol
mw_heuristic,7,70,1108,447.15,False,18,"2,2-Dimethyl-4-heptanol"
mw_heuristic,7,71,1178,452.15,False,18,"2,3,4-Trimethylhexan-3-ol"
mw_heuristic,7,72,1211,468.15,True,19,2-Ethyl-4-methylhexan-1-ol
mw_heuristic,7,73,278,465.85,True,20,1-Undecene
mw_heuristic,7,74,696,455.44,True,21,Undec-4-ene
mw_heuristic,7,75,699,465.45,True,22,5-Undecene
mw_heuristic,7,76,825,463.85,True,23,2-Methyl-1-decene
mw_heuristic,7,77,1021,466.15,True,24,(E)-4-Undecene
mw_heuristic,7,78,57,497.15,False,24,(-)-Citronellol
mw_heuristic,7,79,1001,524.74,False,24,(E)-3-Decenol
mw_heuristic,7,80,1061,524.74,False,24,2-Decen-1-ol
mw_heuristic,7,81,279,440.15,False,24,2-Methylnonane
mw_heuristic,7,82,295,410.15,False,24,"2,2,5,5-Tetramethylhexane"
mw_heuristic,7,83,297,433.15,False,24,"2,7-Dimethyloctane"
mw_heuristic,7,84,306,426.15,False,24,"2,5,5-Trimethylheptane"
mw_heuristic,7,85,325,447.25,False,24,Decane
mw_heuristic,7,86,337,431.15,False,24,"2,6-Dimethyloctane"
mw_heuristic,7,87,387,413.06493,False,24,"2,3,6-Trimethylheptane"
mw_heuristic,7,88,411,441.15,False,24,3-Methylnonane
mw_heuristic,7,89,423,437.15,False,24,"2,3-Dimethyloctane"
mw_heuristic,7,90,424,430.15,False,24,"3,3,5-Trimethylheptane"
mw_heuristic,7,91,1092,524.74,False,24,Dec-4-en-1-ol
mw_heuristic,7,92,302,469.05,True,25,Undecane
mw_heuristic,7,93,360,461.15,True,26,4-Methyldecane
mw_heuristic,7,94,419,462.35,True,27,2-Methyldecane
mw_heuristic,7,95,457,452.15,False,27,"2,5-Dimethylnonane"
mw_heuristic,7,96,458,452.15,False,27,"2,6-Dimethylnonane"
mw_heuristic,7,97,459,457.15,True,28,"3,7-Dimethylnonane"
mw_heuristic,7,98,503,452.15,False,28,"2,3,7-Trimethyloctane"
mw_heuristic,7,99,606,455.15,True,29,"4,5-Dimethylnonane"
mw_heuristic,7,100,627,465.15,True,30,3-Methyldecane
mw_heuristic,7,101,635,459.15,True,31,5-Methyldecane
mw_heuristic,7,102,676,453.15,True,32,"2,3,6-Trimethyloctane"
mw_heuristic,7,103,777,436.15,False,32,"2,2,6,6-Tetramethylheptane"
mw_heuristic,7,104,791,449.15,False,32,"2,2,4,4,5-Pentamethylhexane"
mw_heuristic,7,105,793,439.15,False,32,"2,2,5,5-Tetramethylheptane"
mw_heuristic,7,106,794,453.15,True,33,"3,3,5,5-Tetramethylheptane"
mw_heuristic,7,107,803,452.15,False,33,"2,2,3-Trimethyloctane"
mw_heuristic,7,108,804,450.15,False,33,"2,3,5-Trimethyloctane"
mw_heuristic,7,109,845,443.15834,False,33,"2,2,4-Trimethyloctane"
mw_heuristic,7,110,856,448.0,False,33,"2,3-Dimethylnonane"
mw_heuristic,7,111,904,447.15,False,33,"2,2,6-Trimethyloctane"
mw_heuristic,7,112,913,451.15,False,33,"2,4-Dimethylnonane"
mw_heuristic,7,113,914,456.46543,True,34,"4,4-Diethylheptane"
mw_heuristic,7,114,922,457.15,True,35,4-Ethylnonane
mw_heuristic,7,115,930,455.15,True,36,"3,3-Dimethylnonane"
mw_heuristic,7,116,932,461.15,True,37,3-Ethylnonane
mw_heuristic,7,117,934,455.15,True,38,"2,3,3-Trimethyloctane"
mw_heuristic,7,118,936,451.15,False,38,"2,5,6-Trimethyloctane"
mw_heuristic,7,119,937,447.15,False,38,"2,4,6-Trimethyloctane"
mw_heuristic,7,120,938,447.15,False,38,"2,2,3,5-Tetramethylheptane"
mw_heuristic,7,121,979,452.15,False,38,"2,3,4,5-Tetramethylheptane"
mw_heuristic,7,122,983,450.15,False,38,"3-Ethyl-2,4,5-trimethylhexane"
mw_heuristic,7,123,1096,453.15,True,39,"2,7-Dimethylnonane"
mw_heuristic,7,124,1097,456.15,True,40,"2,8-Dimethylnonane"
mw_heuristic,7,125,1113,454.15,True,41,"3,4,5-Trimethyloctane"
mw_heuristic,7,126,1114,459.15,True,42,"3-Ethyl-2,2,3,4-tetramethylpentane"
mw_heuristic,7,127,1115,462.15,True,43,"3,3-Diethyl-2,2-dimethylpentane"
mw_heuristic,7,128,1116,467.15,True,44,"2,2,3,3,4,4-Hexamethylpentane"
mw_heuristic,7,129,1119,458.15,True,45,"3,4-Dimethylnonane"
mw_heuristic,7,130,1127,447.15,False,45,4-Tert-butylheptane
mw_heuristic,7,131,1129,453.15,True,46,"2,3,4-Trimethyloctane"
mw_heuristic,7,132,1130,453.15,True,47,4-Ethyl-4-methyloctane
mw_heuristic,7,133,1131,443.15,False,47,"2,4,7-Trimethyloctane"
mw_heuristic,7,134,1132,454.15,True,48,"4-Ethyl-3,5-dimethylheptane"
mw_heuristic,7,135,1139,451.15,False,48,4-Isopropyloctane
mw_heuristic,7,136,1140,443.15,False,48,"3-Ethyl-2,2,5-trimethylhexane"
mw_heuristic,7,137,1143,442.15,False,48,"2,2,4,5-Tetramethylheptane"
mw_heuristic,7,138,1144,447.15,False,48,"3,3,5-Trimethyloctane"
mw_heuristic,7,139,1145,443.15,False,48,"2,2,4,4-Tetramethylheptane"
mw_heuristic,7,140,1146,458.15,True,49,"3,4,4,5-Tetramethylheptane"
mw_heuristic,7,141,1147,448.15,False,49,"2,3,5,6-Tetramethylheptane"
mw_heuristic,7,142,1149,437.15,False,49,"2,4,4,6-Tetramethylheptane"
mw_heuristic,7,143,1151,451.15,False,49,4-Methyl-4-propylheptane
mw_heuristic,7,144,1152,452.15,False,49,"3,4,6-Trimethyloctane"
mw_heuristic,7,145,1153,438.275,False,49,"2,2,3,5,5-Pentamethylhexane"
mw_heuristic,7,146,1157,450.15,False,49,"5,5-Dimethylnonane"
mw_heuristic,7,147,1162,441.15,False,49,"4-Ethyl-2,2-dimethylheptane"
mw_heuristic,7,148,1163,443.15,False,49,"2,2,7-Trimethyloctane"
mw_heuristic,7,149,1165,449.15,False,49,"3-Ethyl-2,5-dimethylheptane"
mw_heuristic,7,150,1166,459.9,True,50,"3,3-Diethylheptane"
greedy_gp,7,1,776,414.08,False,0,7-Methyl-3-octyne
greedy_gp,7,2,1117,456.27755,True,1,(S)-(+)-5-Methyl-1-heptanol
greedy_gp,7,3,967,502.15,False,1,Nerol
greedy_gp,7,4,1040,395.75,False,1,cis-4-Octene
greedy_gp,7,5,720,433.23942,False,1,"3,3-Dimethyloctane"
greedy_gp,7,6,375,350.15,False,1,"3,3-Dimethyl-1-pentene"
greedy_gp,7,7,1173,415.15,False,1,4-Methyl-octane
greedy_gp,7,8,69,333.36,False,1,2-Methylpentane
greedy_gp,7,9,281,311.15,False,1,"3,3-Dimethyl-1-Butyne"
greedy_gp,7,10,851,444.15,False,1,2-Methyl-2-nonene
greedy_gp,7,11,1164,464.15,True,2,"2,2,4-Trimethylnonane"
greedy_gp,7,12,1138,463.15,True,3,"4-Ethyl-2,6-dimethyloctane"
greedy_gp,7,13,831,466.15,True,4,"4,5-Diethyloctane"
greedy_gp,7,14,628,417.15,False,4,1-Tert-butoxy-2-propanol
greedy_gp,7,15,1186,472.15,True,5,"3,4-Diethyloctane"
greedy_gp,7,16,1029,730.0,False,5,11-Tricosene
greedy_gp,7,17,801,652.15,False,5,1-Tricosene
greedy_gp,7,18,1183,457.0,True,6,"2,4,4,7-Tetramethyloctane"
greedy_gp,7,19,1160,460.15,True,7,"4-Ethyl-2,2-dimethyloctane"
greedy_gp,7,20,1187,464.15,True,8,4-Tert-butyloctane
greedy_gp,7,21,399,521.55,False,8,"3-Methyl-1,5-pentanediol"
greedy_gp,7,22,643,507.15,False,8,"1,2-Hexanediol"
greedy_gp,7,23,499,473.15,False,8,"2,2,3-Trimethylnonane"
greedy_gp,7,24,658,454.65,True,9,2-Methyl-3-octanol
greedy_gp,7,25,1229,469.15,True,10,"3,5-Dimethyl-4-propylheptane"
greedy_gp,7,26,1141,458.15,True,11,4-Tert-butyl-2-methylheptane
greedy_gp,7,27,918,472.15,True,12,"3,4,5,6-Tetramethyloctane"
greedy_gp,7,28,477,480.15,False,12,Neopentyl glycol
greedy_gp,7,29,795,462.9,True,13,"3,3,6,6-Tetramethyloctane"
greedy_gp,7,30,229,491.15,False,13,"2,4-Pentanediol"
greedy_gp,7,31,8,467.85,True,14,1-Octanol
greedy_gp,7,32,336,477.15,False,14,Dipentylamine
greedy_gp,7,33,984,480.15,False,14,Methylnonylamine
greedy_gp,7,34,1110,475.15,False,14,N-Ethyloctylamine
greedy_gp,7,35,1154,459.4,True,15,"2,4,5,7-Tetramethyloctane"
greedy_gp,7,36,331,471.15,True,16,Nonylamine
greedy_gp,7,37,1070,448.15,False,16,2-Octen-4-ol
greedy_gp,7,38,1022,478.54,False,16,3-Octen-2-OL
greedy_gp,7,39,1105,468.15,True,17,"2,3,4,5,6-Pentamethylheptane"
greedy_gp,7,40,621,465.15,True,18,"4,7-Dimethyloctan-4-ol"
greedy_gp,7,41,1,455.15,True,19,"2,3-Butanediol"
greedy_gp,7,42,807,456.65,True,20,"meso-2,3-Butanediol"
greedy_gp,7,43,810,350.5,False,20,"(R,R)-2,3-butanediol"
greedy_gp,7,44,818,453.65,True,21,"(2S,3S)-butane-2,3-diol"
greedy_gp,7,45,712,471.09534,True,22,5-Undecyne
greedy_gp,7,46,135,238.35,False,22,Allene
greedy_gp,7,47,149,460.15,True,23,Diisoamylamine
greedy_gp,7,48,409,462.15,True,24,3-Methyl-3-octanol
greedy_gp,7,49,520,441.15,False,24,"N,N,N',N'-Tetramethyl-1,4-butanediamine"
greedy_gp,7,50,769,453.22759,True,25,4-Methyl-4-octanol
greedy_gp,7,51,1094,479.64,False,25,"Butene-1,4-diol"
greedy_gp,7,52,54,505.15,False,25,"N,N-Bis(3-aminopropyl)methylamine"
greedy_gp,7,53,799,404.15,False,25,"2-Butene-1,4-diol"
greedy_gp,7,54,966,508.15,False,25,"cis-2-Butene-1,4-Diol"
greedy_gp,7,55,1097,456.15,True,26,"2,8-Dimethylnonane"
greedy_gp,7,56,533,452.15,False,26,4-Ethyl-4-heptanol
greedy_gp,7,57,813,481.15,False,26,"3-Methyl-1,3-butanediol"
greedy_gp,7,58,788,471.65,True,27,4-Undecyne
greedy_gp,7,59,787,473.15,False,27,3-Undecyne
greedy_gp,7,60,1096,453.15,True,28,"2,7-Dimethylnonane"
greedy_gp,7,61,1207,476.15,False,28,"3,3-Diethyl-2-methylheptane"
greedy_gp,7,62,1168,473.15,False,28,"3-Ethyl-3,4-dimethyloctane"
greedy_gp,7,63,1228,471.15,True,29,"3,4-Dimethyl-4-propylheptane"
greedy_gp,7,64,1211,468.15,True,30,2-Ethyl-4-methylhexan-1-ol
greedy_gp,7,65,981,453.15,True,31,3-Methyl-4-octanol
greedy_gp,7,66,1205,473.15,False,31,"3,3-Diethyl-2,4-dimethylhexane"
greedy_gp,7,67,920,483.15,False,31,"3,4-Dimethyl-3,4-diethyl-hexane"
greedy_gp,7,68,322,437.15,False,31,"1,9-Decadiene"
greedy_gp,7,69,932,461.15,True,32,3-Ethylnonane
greedy_gp,7,70,669,465.4,True,33,4-Methyl-2-propylpentan-1-ol
greedy_gp,7,71,922,457.15,True,34,4-Ethylnonane
greedy_gp,7,72,635,459.15,True,35,5-Methyldecane
greedy_gp,7,73,360,461.15,True,36,4-Methyldecane
greedy_gp,7,74,696,455.44,True,37,Undec-4-ene
greedy_gp,7,75,1021,466.15,True,38,(E)-4-Undecene
greedy_gp,7,76,699,465.45,True,39,5-Undecene
greedy_gp,7,77,1245,469.15,True,40,"2,4,4,5,5-Pentamethylheptane"
greedy_gp,7,78,1204,479.15,False,40,"3,3-Diethyl-2,2,4-trimethylpentane"
greedy_gp,7,79,365,529.36,False,40,"3-Hexyne-2,5-diol"
greedy_gp,7,80,903,458.15,True,41,2-(Pentyloxy)ethanol
greedy_gp,7,81,87,511.15,False,41,"2-Butyne-1,4-diol"
greedy_gp,7,82,86,502.65,False,41,"1,4-Butanediol"
greedy_gp,7,83,1241,457.15,True,42,"2,2,5,5-Tetramethyloctane"
greedy_gp,7,84,123,394.15,False,42,"N,N-Diisopropylethylenediamine"
greedy_gp,7,85,1174,455.9,True,43,"2,2,6,6-Tetramethyloctane"
greedy_gp,7,86,419,462.35,True,44,2-Methyldecane
greedy_gp,7,87,734,462.0,True,45,"1,10-Undecadiene"
greedy_gp,7,88,394,451.65,False,45,2-Octanol
greedy_gp,7,89,972,449.65,False,45,(S)-(+)-2-Octanol
greedy_gp,7,90,142,487.85,False,45,"1,3-Propanediol"
greedy_gp,7,91,933,460.94,True,46,2-Heptyn-1-ol
greedy_gp,7,92,668,514.75,False,46,"3,7-Dimethylocta-1,5,7-trien-3-ol"
greedy_gp,7,93,1072,514.75,False,46,Hotrienol
greedy_gp,7,94,1199,468.15,True,47,"2,2,3,3,5,5-Hexamethylhexane"
greedy_gp,7,95,298,467.15,True,48,Triisobutylamine
greedy_gp,7,96,796,479.94,False,48,6-Methyl-6-hepten-4-yn-3-ol
greedy_gp,7,97,1109,471.15,True,49,"N,N-Diethylheptylamine"
greedy_gp,7,98,677,460.65,True,50,"2,2,4,4,6-Pentamethylheptane"
greedy_gp,7,99,825,463.85,True,51,2-Methyl-1-decene
greedy_gp,7,100,919,473.15,False,51,"3,4,7-Trimethylnonane"
greedy_gp,7,101,978,447.15,False,51,"3-Ethyl-2,2-dimethyl-3-pentanol"
greedy_gp,7,102,627,465.15,True,52,3-Methyldecane
greedy_gp,7,103,811,451.05,False,52,"3-Ethyl-2,4-dimethylpentan-3-ol"
greedy_gp,7,104,1116,467.15,True,53,"2,2,3,3,4,4-Hexamethylpentane"
greedy_gp,7,105,905,438.65,False,53,"3,4,4-Trimethylhexan-3-ol"
greedy_gp,7,106,30,447.15,False,53,Pinacol
greedy_gp,7,107,1236,466.15,True,54,"2,2,3,3,6-Pentamethylheptane"
greedy_gp,7,108,1221,463.15,True,55,"2,6,6-Trimethylnonane"
greedy_gp,7,109,935,469.15,True,56,"3-Ethyl-2,7-dimethyloctane"
greedy_gp,7,110,523,459.00627,True,57,"2,2,7,7-Tetramethyloctane"
greedy_gp,7,111,1232,467.8,True,58,"3,4,5,5-Tetramethylhexan-3-ol"
greedy_gp,7,112,1249,460.65,True,59,"2,2,4,4-Tetramethyl-3-hexanol"
greedy_gp,7,113,1133,464.89743,True,60,"2,2,3,4-Tetramethylhexan-3-ol"
greedy_gp,7,114,1240,459.15,True,61,"2,2,5,5,6-Pentamethylheptane"
greedy_gp,7,115,1150,463.0,True,62,"2,5,8-Trimethylnonane"
greedy_gp,7,116,1223,463.15,True,63,"2,5,5-Trimethylnonane"
greedy_gp,7,117,1137,470.15,True,64,"3-Ethyl-2,6-dimethyloctane"
greedy_gp,7,118,1115,462.15,True,65,"3,3-Diethyl-2,2-dimethylpentane"
greedy_gp,7,119,267,473.15,False,65,"2-Methyl-1,3-butanediol"
greedy_gp,7,120,278,465.85,True,66,1-Undecene
greedy_gp,7,121,1222,457.75,True,67,"2,6-Dimethyl-4-propylheptane"
greedy_gp,7,122,438,451.15,False,67,"2,2,4,6,6-Pentamethylheptane"
greedy_gp,7,123,916,472.15,True,68,"3,6-Dimethyl-3-ethyl-octane"
greedy_gp,7,124,974,447.15,False,68,(S)-1-Octen-3-ol
greedy_gp,7,125,563,351.65,False,68,n-Methyloctan-1-amine
greedy_gp,7,126,3,111.65,False,68,Methane
greedy_gp,7,127,513,413.15,False,68,"1,3-Butanediamine"
greedy_gp,7,128,704,409.64,False,68,"2,4,6-Octatriyne"
greedy_gp,7,129,364,471.15,True,69,"1,1,4,7,7-Pentamethyldiethylenetriamine"
greedy_gp,7,130,594,443.15,False,69,"2,6-Dimethyl-2-heptanol"
greedy_gp,7,131,914,456.46543,True,70,"4,4-Diethylheptane"
greedy_gp,7,132,1166,459.9,True,71,"3,3-Diethylheptane"
greedy_gp,7,133,864,479.15,False,71,6-Methyloctan-1-ol
greedy_gp,7,134,559,469.15,True,72,1-Undecyne
greedy_gp,7,135,1074,460.26,True,73,"Hepta-2,4-dien-1-ol"
greedy_gp,7,136,661,478.65,False,73,"3,3-Dimethyl-1,2-butanediol"
greedy_gp,7,137,400,459.15,True,74,6-Methylhept-5-en-2-ol
greedy_gp,7,138,786,479.15,False,74,2-Undecyne
greedy_gp,7,139,1208,459.15,True,75,"3,3-Diethyl-2-methylhexane"
greedy_gp,7,140,524,498.95,False,75,"2-Ethyl-2-methyl-1,3-propanediol"
greedy_gp,7,141,1151,451.15,False,75,4-Methyl-4-propylheptane
greedy_gp,7,142,792,455.15,True,76,"2,4,6-Trimethyl-4-heptanol"
greedy_gp,7,143,1196,459.15,True,77,"3,4-Diethyl-3-methylhexane"
greedy_gp,7,144,1220,463.15,True,78,"2,5-Dimethyl-4-propylheptane"
greedy_gp,7,145,1130,453.15,True,79,4-Ethyl-4-methyloctane
greedy_gp,7,146,221,467.9,True,80,3-Nonanol
greedy_gp,7,147,1243,467.15,True,81,"2,3-Dimethyl-4-propylheptane"
greedy_gp,7,148,412,465.65,True,82,4-Nonanol
greedy_gp,7,149,1076,456.28,True,83,"1,3,5-Undecatriene"
greedy_gp,7,150,1136,464.15,True,84,"4-Ethyl-2,4-dimethyloctane"
prob_in_spec,7,1,776,414.08,False,0,7-Methyl-3-octyne
prob_in_spec,7,2,1117,456.27755,True,1,(S)-(+)-5-Methyl-1-heptanol
prob_in_spec,7,3,967,502.15,False,1,Nerol
prob_in_spec,7,4,1040,395.75,False,1,cis-4-Octene
prob_in_spec,7,5,720,433.23942,False,1,"3,3-Dimethyloctane"
prob_in_spec,7,6,375,350.15,False,1,"3,3-Dimethyl-1-pentene"
prob_in_spec,7,7,1173,415.15,False,1,4-Methyl-octane
prob_in_spec,7,8,69,333.36,False,1,2-Methylpentane
prob_in_spec,7,9,281,311.15,False,1,"3,3-Dimethyl-1-Butyne"
prob_in_spec,7,10,851,444.15,False,1,2-Methyl-2-nonene
prob_in_spec,7,11,1022,478.54,False,1,3-Octen-2-OL
prob_in_spec,7,12,1070,448.15,False,1,2-Octen-4-ol
prob_in_spec,7,13,974,447.15,False,1,(S)-1-Octen-3-ol
prob_in_spec,7,14,400,459.15,True,2,6-Methylhept-5-en-2-ol
prob_in_spec,7,15,8,467.85,True,3,1-Octanol
prob_in_spec,7,16,652,446.15,False,3,6-Methyl-2-heptanol
prob_in_spec,7,17,226,446.15,False,3,2-Methyl-2-heptanol
prob_in_spec,7,18,382,427.65,False,3,"2,5-Dimethyl-2-hexanol"
prob_in_spec,7,19,644,419.15,False,3,"2,4,4-Trimethyl-2-pentanol"
prob_in_spec,7,20,394,451.65,False,3,2-Octanol
prob_in_spec,7,21,972,449.65,False,3,(S)-(+)-2-Octanol
prob_in_spec,7,22,658,454.65,True,4,2-Methyl-3-octanol
prob_in_spec,7,23,669,465.4,True,5,4-Methyl-2-propylpentan-1-ol
prob_in_spec,7,24,409,462.15,True,6,3-Methyl-3-octanol
prob_in_spec,7,25,769,453.22759,True,7,4-Methyl-4-octanol
prob_in_spec,7,26,594,443.15,False,7,"2,6-Dimethyl-2-heptanol"
prob_in_spec,7,27,1211,468.15,True,8,2-Ethyl-4-methylhexan-1-ol
prob_in_spec,7,28,1194,462.15,True,9,4-Isopropyl-4-heptanol
prob_in_spec,7,29,981,453.15,True,10,3-Methyl-4-octanol
prob_in_spec,7,30,467,448.15,False,10,"2,6-Dimethyl-3-heptanol"
prob_in_spec,7,31,792,455.15,True,11,"2,4,6-Trimethyl-4-heptanol"
prob_in_spec,7,32,621,465.15,True,12,"4,7-Dimethyloctan-4-ol"
prob_in_spec,7,33,556,472.15,True,13,3-Ethyloctan-3-ol
prob_in_spec,7,34,710,467.14283,True,14,4-Propyl-4-heptanol
prob_in_spec,7,35,864,479.15,False,14,6-Methyloctan-1-ol
prob_in_spec,7,36,825,463.85,True,15,2-Methyl-1-decene
prob_in_spec,7,37,696,455.44,True,16,Undec-4-ene
prob_in_spec,7,38,1021,466.15,True,17,(E)-4-Undecene
prob_in_spec,7,39,699,465.45,True,18,5-Undecene
prob_in_spec,7,40,278,465.85,True,19,1-Undecene
prob_in_spec,7,41,734,462.0,True,20,"1,10-Undecadiene"
prob_in_spec,7,42,638,479.15,False,20,5-Methylundecane
prob_in_spec,7,43,839,479.15,False,20,6-Methylundecane
prob_in_spec,7,44,857,483.0,False,20,4-Methylundecane
prob_in_spec,7,45,288,485.15,False,20,3-Methylundecane
prob_in_spec,7,46,932,461.15,True,21,3-Ethylnonane
prob_in_spec,7,47,922,457.15,True,22,4-Ethylnonane
prob_in_spec,7,48,360,461.15,True,23,4-Methyldecane
prob_in_spec,7,49,635,459.15,True,24,5-Methyldecane
prob_in_spec,7,50,627,465.15,True,25,3-Methyldecane
prob_in_spec,7,51,419,462.35,True,26,2-Methyldecane
prob_in_spec,7,52,1097,456.15,True,27,"2,8-Dimethylnonane"
prob_in_spec,7,53,1096,453.15,True,28,"2,7-Dimethylnonane"
prob_in_spec,7,54,458,452.15,False,28,"2,6-Dimethylnonane"
prob_in_spec,7,55,457,452.15,False,28,"2,5-Dimethylnonane"
prob_in_spec,7,56,1221,463.15,True,29,"2,6,6-Trimethylnonane"
prob_in_spec,7,57,1223,463.15,True,30,"2,5,5-Trimethylnonane"
prob_in_spec,7,58,1160,460.15,True,31,"4-Ethyl-2,2-dimethyloctane"
prob_in_spec,7,59,1164,464.15,True,32,"2,2,4-Trimethylnonane"
prob_in_spec,7,60,499,473.15,False,32,"2,2,3-Trimethylnonane"
prob_in_spec,7,61,1154,459.4,True,33,"2,4,5,7-Tetramethyloctane"
prob_in_spec,7,62,302,469.05,True,34,Undecane
prob_in_spec,7,63,1141,458.15,True,35,4-Tert-butyl-2-methylheptane
prob_in_spec,7,64,1218,462.15,True,36,"2,4-Dimethyl-4-propylheptane"
prob_in_spec,7,65,1187,464.15,True,37,4-Tert-butyloctane
prob_in_spec,7,66,1136,464.15,True,38,"4-Ethyl-2,4-dimethyloctane"
prob_in_spec,7,67,916,472.15,True,39,"3,6-Dimethyl-3-ethyl-octane"
prob_in_spec,7,68,921,470.15,True,40,"3-Methyl, 3,5-diethyl, heptane"
prob_in_spec,7,69,1230,469.15,True,41,"3,3-Dimethyl-4-propylheptane"
prob_in_spec,7,70,1168,473.15,False,41,"3-Ethyl-3,4-dimethyloctane"
prob_in_spec,7,71,1222,457.75,True,42,"2,6-Dimethyl-4-propylheptane"
prob_in_spec,7,72,1166,459.9,True,43,"3,3-Diethylheptane"
prob_in_spec,7,73,914,456.46543,True,44,"4,4-Diethylheptane"
prob_in_spec,7,74,1132,454.15,True,45,"4-Ethyl-3,5-dimethylheptane"
prob_in_spec,7,75,1138,463.15,True,46,"4-Ethyl-2,6-dimethyloctane"
prob_in_spec,7,76,1220,463.15,True,47,"2,5-Dimethyl-4-propylheptane"
prob_in_spec,7,77,1150,463.0,True,48,"2,5,8-Trimethylnonane"
prob_in_spec,7,78,795,462.9,True,49,"3,3,6,6-Tetramethyloctane"
prob_in_spec,7,79,1105,468.15,True,50,"2,3,4,5,6-Pentamethylheptane"
prob_in_spec,7,80,1236,466.15,True,51,"2,2,3,3,6-Pentamethylheptane"
prob_in_spec,7,81,1243,467.15,True,52,"2,3-Dimethyl-4-propylheptane"
prob_in_spec,7,82,935,469.15,True,53,"3-Ethyl-2,7-dimethyloctane"
prob_in_spec,7,83,1174,455.9,True,54,"2,2,6,6-Tetramethyloctane"
prob_in_spec,7,84,1226,462.0,True,55,2-Methyl-5-propyloctane
prob_in_spec,7,85,1196,459.15,True,56,"3,4-Diethyl-3-methylhexane"
prob_in_spec,7,86,1208,459.15,True,57,"3,3-Diethyl-2-methylhexane"
prob_in_spec,7,87,1240,459.15,True,58,"2,2,5,5,6-Pentamethylheptane"
prob_in_spec,7,88,1229,469.15,True,59,"3,5-Dimethyl-4-propylheptane"
prob_in_spec,7,89,1199,468.15,True,60,"2,2,3,3,5,5-Hexamethylhexane"
prob_in_spec,7,90,1245,469.15,True,61,"2,4,4,5,5-Pentamethylheptane"
prob_in_spec,7,91,1227,457.15,True,62,"3,3,4,4-Tetramethylheptane"
prob_in_spec,7,92,1146,458.15,True,63,"3,4,4,5-Tetramethylheptane"
prob_in_spec,7,93,1137,470.15,True,64,"3-Ethyl-2,6-dimethyloctane"
prob_in_spec,7,94,1177,457.15,True,65,"2,2,3,3,4-Pentamethylhexane"
prob_in_spec,7,95,1115,462.15,True,66,"3,3-Diethyl-2,2-dimethylpentane"
prob_in_spec,7,96,1114,459.15,True,67,"3-Ethyl-2,2,3,4-tetramethylpentane"
prob_in_spec,7,97,1206,462.15,True,68,"3,3-Diethyl-2,4-dimethylpentane"
prob_in_spec,7,98,1203,460.15,True,69,"2,3,3,4,4-Pentamethylhexane"
prob_in_spec,7,99,1116,467.15,True,70,"2,2,3,3,4,4-Hexamethylpentane"
prob_in_spec,7,100,1112,470.15,True,71,"5,5-Dimethyldecane"
prob_in_spec,7,101,1217,477.15,False,71,4-Methyl-2-(2-methylpropyl)pentan-1-ol
prob_in_spec,7,102,559,469.15,True,72,1-Undecyne
prob_in_spec,7,103,786,479.15,False,72,2-Undecyne
prob_in_spec,7,104,728,486.15,False,72,6-Dodecyne
prob_in_spec,7,105,755,483.16,False,72,5-Dodecyne
prob_in_spec,7,106,856,448.0,False,72,"2,3-Dimethylnonane"
prob_in_spec,7,107,918,472.15,True,73,"3,4,5,6-Tetramethyloctane"
prob_in_spec,7,108,1119,458.15,True,74,"3,4-Dimethylnonane"
prob_in_spec,7,109,1179,454.15,True,75,"2,3,3,4,5-Pentamethylhexane"
prob_in_spec,7,110,459,457.15,True,76,"3,7-Dimethylnonane"
prob_in_spec,7,111,410,481.65,False,76,"1,11-Dodecadiene"
prob_in_spec,7,112,1156,471.15,True,77,5-Ethyl-5-methylnonane
prob_in_spec,7,113,1158,472.15,True,78,"4,4-Dimethyldecane"
prob_in_spec,7,114,831,466.15,True,79,"4,5-Diethyloctane"
prob_in_spec,7,115,919,473.15,False,79,"3,4,7-Trimethylnonane"
prob_in_spec,7,116,712,471.09534,True,80,5-Undecyne
prob_in_spec,7,117,1190,470.15,True,81,"3,5-Diethyloctane"
prob_in_spec,7,118,788,471.65,True,82,4-Undecyne
prob_in_spec,7,119,1172,454.15,True,83,"3,3,4,5-Tetramethylheptane"
prob_in_spec,7,120,1228,471.15,True,84,"3,4-Dimethyl-4-propylheptane"
prob_in_spec,7,121,1076,456.28,True,85,"1,3,5-Undecatriene"
prob_in_spec,7,122,997,460.44,True,86,"(E,E,Z)-Undeca-1,3,5,8-tetraene"
prob_in_spec,7,123,1188,455.15,True,87,3-Ethyl-6-methyloctane
prob_in_spec,7,124,1209,451.15,False,87,"3-Ethyl-2,4,4-trimethylhexane"
prob_in_spec,7,125,924,471.15,True,88,"4,6-Dimethyldecane"
prob_in_spec,7,126,1186,472.15,True,89,"3,4-Diethyloctane"
prob_in_spec,7,127,830,472.15,True,90,4-Ethyl-5-methylnonane
prob_in_spec,7,128,1183,457.0,True,91,"2,4,4,7-Tetramethyloctane"
prob_in_spec,7,129,1241,457.15,True,92,"2,2,5,5-Tetramethyloctane"
prob_in_spec,7,130,1192,452.15,False,92,"3,5-Diethylheptane"
prob_in_spec,7,131,523,459.00627,True,93,"2,2,7,7-Tetramethyloctane"
prob_in_spec,7,132,787,473.15,False,93,3-Undecyne
prob_in_spec,7,133,460,474.15,False,93,"2,2-Dimethyldecane"
prob_in_spec,7,134,606,455.15,True,94,"4,5-Dimethylnonane"
prob_in_spec,7,135,1237,459.15,True,95,"2,2,3,4,4-Pentamethylhexane"
prob_in_spec,7,136,1171,452.8,False,95,"2,2,3,3-Tetramethylheptane"
prob_in_spec,7,137,1205,473.15,False,95,"3,3-Diethyl-2,4-dimethylhexane"
prob_in_spec,7,138,1169,473.15,False,95,"4,4-Diethyloctane"
prob_in_spec,7,139,1182,453.15,True,96,4-Ethyl-5-methyloctane
prob_in_spec,7,140,1167,455.15,True,97,"3,3,4-Trimethyloctane"
prob_in_spec,7,141,840,471.15,True,98,"2,5-Dimethyldecane"
prob_in_spec,7,142,1109,471.15,True,99,"N,N-Diethylheptylamine"
prob_in_spec,7,143,47,480.15,False,99,Tributylamine
prob_in_spec,7,144,940,488.15,False,99,"N,N-Dimethylnonylamine"
prob_in_spec,7,145,553,507.15,False,99,"N,N-Dimethyldecylamine"
prob_in_spec,7,146,298,467.15,True,100,Triisobutylamine
prob_in_spec,7,147,336,477.15,False,100,Dipentylamine
prob_in_spec,7,148,984,480.15,False,100,Methylnonylamine
prob_in_spec,7,149,1110,475.15,False,100,N-Ethyloctylamine
prob_in_spec,7,150,129,490.15,False,100,Decylamine
qlogei_target,7,1,776,414.08,False,0,7-Methyl-3-octyne
qlogei_target,7,2,1117,456.27755,True,1,(S)-(+)-5-Methyl-1-heptanol
qlogei_target,7,3,967,502.15,False,1,Nerol
qlogei_target,7,4,1040,395.75,False,1,cis-4-Octene
qlogei_target,7,5,720,433.23942,False,1,"3,3-Dimethyloctane"
qlogei_target,7,6,375,350.15,False,1,"3,3-Dimethyl-1-pentene"
qlogei_target,7,7,1173,415.15,False,1,4-Methyl-octane
qlogei_target,7,8,69,333.36,False,1,2-Methylpentane
qlogei_target,7,9,281,311.15,False,1,"3,3-Dimethyl-1-Butyne"
qlogei_target,7,10,851,444.15,False,1,2-Methyl-2-nonene
qlogei_target,7,11,1022,478.54,False,1,3-Octen-2-OL
qlogei_target,7,12,825,463.85,True,2,2-Methyl-1-decene
qlogei_target,7,13,8,467.85,True,3,1-Octanol
qlogei_target,7,14,734,462.0,True,4,"1,10-Undecadiene"
qlogei_target,7,15,635,459.15,True,5,5-Methyldecane
qlogei_target,7,16,696,455.44,True,6,Undec-4-ene
qlogei_target,7,17,278,465.85,True,7,1-Undecene
qlogei_target,7,18,419,462.35,True,8,2-Methyldecane
qlogei_target,7,19,1163,443.15,False,8,"2,2,7-Trimethyloctane"
qlogei_target,7,20,226,446.15,False,8,2-Methyl-2-heptanol
qlogei_target,7,21,1021,466.15,True,9,(E)-4-Undecene
qlogei_target,7,22,302,469.05,True,10,Undecane
qlogei_target,7,23,559,469.15,True,11,1-Undecyne
qlogei_target,7,24,467,448.15,False,11,"2,6-Dimethyl-3-heptanol"
qlogei_target,7,25,460,474.15,False,11,"2,2-Dimethyldecane"
qlogei_target,7,26,699,465.45,True,12,5-Undecene
qlogei_target,7,27,627,465.15,True,13,3-Methyldecane
qlogei_target,7,28,712,471.09534,True,14,5-Undecyne
qlogei_target,7,29,1164,464.15,True,15,"2,2,4-Trimethylnonane"
qlogei_target,7,30,786,479.15,False,15,2-Undecyne
qlogei_target,7,31,360,461.15,True,16,4-Methyldecane
qlogei_target,7,32,932,461.15,True,17,3-Ethylnonane
qlogei_target,7,33,1160,460.15,True,18,"4-Ethyl-2,2-dimethyloctane"
qlogei_target,7,34,1183,457.0,True,19,"2,4,4,7-Tetramethyloctane"
qlogei_target,7,35,1221,463.15,True,20,"2,6,6-Trimethylnonane"
qlogei_target,7,36,1223,463.15,True,21,"2,5,5-Trimethylnonane"
qlogei_target,7,37,499,473.15,False,21,"2,2,3-Trimethylnonane"
qlogei_target,7,38,1222,457.75,True,22,"2,6-Dimethyl-4-propylheptane"
qlogei_target,7,39,916,472.15,True,23,"3,6-Dimethyl-3-ethyl-octane"
qlogei_target,7,40,919,473.15,False,23,"3,4,7-Trimethylnonane"
qlogei_target,7,41,1154,459.4,True,24,"2,4,5,7-Tetramethyloctane"
qlogei_target,7,42,1187,464.15,True,25,4-Tert-butyloctane
qlogei_target,7,43,1105,468.15,True,26,"2,3,4,5,6-Pentamethylheptane"
qlogei_target,7,44,1220,463.15,True,27,"2,5-Dimethyl-4-propylheptane"
qlogei_target,7,45,795,462.9,True,28,"3,3,6,6-Tetramethyloctane"
qlogei_target,7,46,1136,464.15,True,29,"4-Ethyl-2,4-dimethyloctane"
qlogei_target,7,47,1245,469.15,True,30,"2,4,4,5,5-Pentamethylheptane"
qlogei_target,7,48,1218,462.15,True,31,"2,4-Dimethyl-4-propylheptane"
qlogei_target,7,49,924,471.15,True,32,"4,6-Dimethyldecane"
qlogei_target,7,50,1230,469.15,True,33,"3,3-Dimethyl-4-propylheptane"
qlogei_target,7,51,922,457.15,True,34,4-Ethylnonane
qlogei_target,7,52,461,475.15,False,34,"3,7-Dimethyldecane"
qlogei_target,7,53,456,439.15,False,34,4-Methylnonane
qlogei_target,7,54,935,469.15,True,35,"3-Ethyl-2,7-dimethyloctane"
qlogei_target,7,55,841,474.15,False,35,"3,6-Dimethyldecane"
qlogei_target,7,56,1138,463.15,True,36,"4-Ethyl-2,6-dimethyloctane"
qlogei_target,7,57,412,465.65,True,37,4-Nonanol
qlogei_target,7,58,49,498.15,False,37,5-Ethyl-2-nonanol
qlogei_target,7,59,221,467.9,True,38,3-Nonanol
qlogei_target,7,60,317,423.35,False,38,1-Propoxy-2-propanol
qlogei_target,7,61,394,451.65,False,38,2-Octanol
qlogei_target,7,62,792,455.15,True,39,"2,4,6-Trimethyl-4-heptanol"
qlogei_target,7,63,853,484.15,False,39,"2,2-Dimethyl-1-octanol"
qlogei_target,7,64,514,448.15,False,39,3-Methoxy-3-methylbutan-1-ol
qlogei_target,7,65,556,472.15,True,40,3-Ethyloctan-3-ol
qlogei_target,7,66,1236,466.15,True,41,"2,2,3,3,6-Pentamethylheptane"
qlogei_target,7,67,1229,469.15,True,42,"3,5-Dimethyl-4-propylheptane"
qlogei_target,7,68,1206,462.15,True,43,"3,3-Diethyl-2,4-dimethylpentane"
qlogei_target,7,69,915,476.0,False,43,"3,6-Diethyl-octane"
qlogei_target,7,70,779,506.04,False,43,6-Tridecyne
qlogei_target,7,71,1115,462.15,True,44,"3,3-Diethyl-2,2-dimethylpentane"
qlogei_target,7,72,1116,467.15,True,45,"2,2,3,3,4,4-Hexamethylpentane"
qlogei_target,7,73,1162,441.15,False,45,"4-Ethyl-2,2-dimethylheptane"
qlogei_target,7,74,1114,459.15,True,46,"3-Ethyl-2,2,3,4-tetramethylpentane"
qlogei_target,7,75,1151,451.15,False,46,4-Methyl-4-propylheptane
qlogei_target,7,76,1199,468.15,True,47,"2,2,3,3,5,5-Hexamethylhexane"
qlogei_target,7,77,1203,460.15,True,48,"2,3,3,4,4-Pentamethylhexane"
qlogei_target,7,78,794,453.15,True,49,"3,3,5,5-Tetramethylheptane"
qlogei_target,7,79,291,396.15,False,49,"3-Ethyl-2,4-dimethylpentane"
qlogei_target,7,80,1240,459.15,True,50,"2,2,5,5,6-Pentamethylheptane"
qlogei_target,7,81,1217,477.15,False,50,4-Methyl-2-(2-methylpropyl)pentan-1-ol
qlogei_target,7,82,1174,455.9,True,51,"2,2,6,6-Tetramethyloctane"
qlogei_target,7,83,710,467.14283,True,52,4-Propyl-4-heptanol
qlogei_target,7,84,1109,471.15,True,53,"N,N-Diethylheptylamine"
qlogei_target,7,85,1141,458.15,True,54,4-Tert-butyl-2-methylheptane
qlogei_target,7,86,1216,457.05,True,55,"3,3-Dimethylnon-4-yne"
qlogei_target,7,87,1076,456.28,True,56,"1,3,5-Undecatriene"
qlogei_target,7,88,352,439.15,False,56,Dihydromyrcene
qlogei_target,7,89,471,444.15,False,56,Myrcene
qlogei_target,7,90,538,586.15,False,56,1-Octadecyne
qlogei_target,7,91,1150,463.0,True,57,"2,5,8-Trimethylnonane"
qlogei_target,7,92,760,405.15,False,57,"2,4-Dimethyl-4-penten-2-ol"
qlogei_target,7,93,659,502.15,False,57,5-Undecanol
qlogei_target,7,94,589,502.15,False,57,Undecylamine
qlogei_target,7,95,110,502.15,False,57,1-Decanol
qlogei_target,7,96,477,480.15,False,57,Neopentyl glycol
qlogei_target,7,97,764,435.06,False,57,"3,3,4-Trimethylheptane"
qlogei_target,7,98,797,551.11,False,57,"2,2,5,5,8,8-Hexamethylnona-3,6-diyne"
qlogei_target,7,99,728,486.15,False,57,6-Dodecyne
qlogei_target,7,100,97,514.15,False,57,"1,5-Pentanediol"
qlogei_target,7,101,121,517.15,False,57,"2,2-Diethyl-1,3-propanediol"
qlogei_target,7,102,657,424.15,False,57,"3,5-Dimethyl-3-hexanol"
qlogei_target,7,103,990,442.65,False,57,3-Hepten-1-ol
qlogei_target,7,104,510,498.55,False,57,"2,6,8-Trimethyl-4-nonanol"
qlogei_target,7,105,683,376.4,False,57,Non-3-yn-1-ol
qlogei_target,7,106,478,528.15,False,57,"2,4,7,9-Tetramethyl-5-decyne-4,7-diol"
qlogei_target,7,107,972,449.65,False,57,(S)-(+)-2-Octanol
qlogei_target,7,108,1023,501.2,False,57,cis-3-Tridecene
qlogei_target,7,109,879,434.26,False,57,"4-Ethyl-2,4-dimethylhexane"
qlogei_target,7,110,744,385.15,False,57,"3,4-Dimethyl-1-hexene"
qlogei_target,7,111,370,664.0,False,57,1-Tricosanol
qlogei_target,7,112,1001,524.74,False,57,(E)-3-Decenol
qlogei_target,7,113,400,459.15,True,58,6-Methylhept-5-en-2-ol
qlogei_target,7,114,646,443.15,False,58,"2,2,3-Trimethylhexan-3-ol"
qlogei_target,7,115,402,557.15,False,58,2-Tetradecanol
qlogei_target,7,116,16,704.0,False,58,Sorbitol
qlogei_target,7,117,974,447.15,False,58,(S)-1-Octen-3-ol
qlogei_target,7,118,358,572.15,False,58,"1,12-Dodecanediamine"
qlogei_target,7,119,858,557.15,False,58,2-Methyl-1-pentadecene
qlogei_target,7,120,847,498.55,False,58,5-Ethyl-3-nonanol
qlogei_target,7,121,275,412.15,False,58,2-(Vinyloxy)ethanol
qlogei_target,7,122,553,507.15,False,58,"N,N-Dimethyldecylamine"
qlogei_target,7,123,118,617.25,False,58,Eicosane
qlogei_target,7,124,420,484.15,False,58,2-Methylundecane
qlogei_target,7,125,540,374.05,False,58,"2,2-Dimethylhex-3-ene"
qlogei_target,7,126,136,282.65,False,58,Neopentane
qlogei_target,7,127,331,471.15,True,59,Nonylamine
qlogei_target,7,128,921,470.15,True,60,"3-Methyl, 3,5-diethyl, heptane"
qlogei_target,7,129,600,587.15,False,60,2-Hexadecanol
qlogei_target,7,130,1166,459.9,True,61,"3,3-Diethylheptane"
qlogei_target,7,131,107,435.15,False,61,Dibutylamine
qlogei_target,7,132,1143,442.15,False,61,"2,2,4,5-Tetramethylheptane"
qlogei_target,7,133,334,445.15,False,61,"N,N-Dimethylheptylamine"
qlogei_target,7,134,808,453.15,True,62,2-Methyl-1-heptanol
qlogei_target,7,135,253,642.15,False,62,Docosane
qlogei_target,7,136,1133,464.89743,True,63,"2,2,3,4-Tetramethylhexan-3-ol"
qlogei_target,7,137,1093,638.04,False,63,cis-2-Methyl-7-octadecene
qlogei_target,7,138,1027,570.5,False,63,cis-7-Dodecen-1-ol
qlogei_target,7,139,289,391.35,False,63,3-Ethyl-3-methylpentane
qlogei_target,7,140,154,387.85,False,63,"2,3,3-Trimethylpentane"
qlogei_target,7,141,523,459.00627,True,64,"2,2,7,7-Tetramethyloctane"
qlogei_target,7,142,1192,452.15,False,64,"3,5-Diethylheptane"
qlogei_target,7,143,593,663.15,False,64,1-Tetracosene
qlogei_target,7,144,1182,453.15,True,65,4-Ethyl-5-methyloctane
qlogei_target,7,145,874,436.16,False,65,3-Ethyl-4-methylheptane
qlogei_target,7,146,1232,467.8,True,66,"3,4,5,5-Tetramethylhexan-3-ol"
qlogei_target,7,147,458,452.15,False,66,"2,6-Dimethylnonane"
qlogei_target,7,148,649,356.15,False,66,N-Methylpropargylamine
qlogei_target,7,149,663,506.65,False,66,"3,4-Hexanediol"
qlogei_target,7,150,377,614.15,False,66,1-Eicosene
random,8,1,397,443.15,False,0,"1,2,3-Butanetriol"
random,8,2,984,480.15,False,0,Methylnonylamine
random,8,3,801,652.15,False,0,1-Tricosene
random,8,4,1088,383.57,False,0,"5,5-Dimethyl-2-hexene"
random,8,5,406,426.9,False,0,1-Hepten-3-OL
random,8,6,291,396.15,False,0,"3-Ethyl-2,4-dimethylpentane"
random,8,7,799,404.15,False,0,"2-Butene-1,4-diol"
random,8,8,219,420.15,False,0,5-Methyl-3-hexanol
random,8,9,1229,469.15,True,1,"3,5-Dimethyl-4-propylheptane"
random,8,10,893,434.15,False,1,2-Methyl-3-nonene
random,8,11,897,381.65,False,1,Diethylisopropylamine
random,8,12,218,407.0,False,1,3-Hexanol
random,8,13,1234,453.15,True,2,"4,4,5-Trimethyloctane"
random,8,14,292,404.15,False,2,"2,3,5-Trimethylhexane"
random,8,15,408,445.15,False,2,1-Butoxy-2-propanol
random,8,16,715,440.15,False,2,2-Methyl-1-nonene
random,8,17,489,414.15,False,2,3-Heptanamine
random,8,18,1083,440.64,False,2,"(E,Z)-2,6-Dimethylocta-2,4,6-triene"
random,8,19,548,428.9,False,2,5-Hexen-1-ol
random,8,20,59,272.65,False,2,Butane
random,8,21,1060,411.15,False,2,2-Penten-1-OL
random,8,22,1195,544.15,False,2,3-Pentadecyne
random,8,23,301,484.18843,False,2,2-Decanol
random,8,24,675,375.65,False,2,n-Methylbutan-2-amine
random,8,25,598,408.75,False,2,3-Octyne
random,8,26,528,387.15,False,2,3-Methyl-3-buten-2-ol
random,8,27,1015,360.15,False,2,5-Methyl-2-hexene
random,8,28,1004,406.45,False,2,"trans-2,2-Dimethyl-3-heptene"
random,8,29,1117,456.27755,True,3,(S)-(+)-5-Methyl-1-heptanol
random,8,30,239,466.65,True,4,2-Nonanol
random,8,31,807,456.65,True,5,"meso-2,3-Butanediol"
random,8,32,752,432.32942,False,5,2-Nonyne
random,8,33,560,457.75,True,6,2-Decyne
random,8,34,471,444.15,False,6,Myrcene
random,8,35,33,300.98,False,6,Isopentane
random,8,36,20,169.35,False,6,Ethylene
random,8,37,1116,467.15,True,7,"2,2,3,3,4,4-Hexamethylpentane"
random,8,38,1093,638.04,False,7,cis-2-Methyl-7-octadecene
random,8,39,461,475.15,False,7,"3,7-Dimethyldecane"
random,8,40,353,505.95,False,7,1-Tridecene
random,8,41,484,396.15,False,7,Oct-3-ene
random,8,42,769,453.22759,True,8,4-Methyl-4-octanol
random,8,43,491,456.1,True,9,Hept-2-en-1-ol
random,8,44,1230,469.15,True,10,"3,3-Dimethyl-4-propylheptane"
random,8,45,943,456.15,True,11,"2,3,4-Trimethyl-1-pentanol"
random,8,46,199,391.85,False,11,"2,3-Dimethyl-2-butanol"
random,8,47,164,415.15,False,11,3-Methyl-2-pentanol
random,8,48,1122,424.65,False,11,"2,7-Nonadiene"
random,8,49,274,408.35,False,11,"2,5-Dimethyl-2,4-hexadiene"
random,8,50,410,481.65,False,11,"1,11-Dodecadiene"
random,8,51,896,377.0,False,11,"3,4,4-Trimethylpent-1-ene"
random,8,52,873,435.36,False,11,4-Ethyl-3-methylheptane
random,8,53,1202,452.15,False,11,"4,6-Dimethylnonane"
random,8,54,576,417.15,False,11,2-Methyl-1-octene
random,8,55,766,346.15,False,11,4-Methyl-2-pentyne
random,8,56,125,401.15,False,11,2-Methyl-1-butanol
random,8,57,898,528.92,False,11,4-Tetradecyne
random,8,58,562,603.15,False,11,Triheptylamine
random,8,59,1189,446.7,False,11,"2,3,4,6-Tetramethylheptane"
random,8,60,1237,459.15,True,12,"2,2,3,4,4-Pentamethylhexane"
random,8,61,931,480.22385,False,12,3-Ethyldecane
random,8,62,212,339.05,False,12,"N,N-Diethylmethylamine"
random,8,63,665,402.15,False,12,4-Methyl-4-penten-2-ol
random,8,64,518,327.65,False,12,"N,N,N'-Triethylethylenediamine"
random,8,65,625,466.65,True,13,1-Nonen-3-ol
random,8,66,340,354.75,False,13,"2,4-Dimethyl-1-pentene"
random,8,67,636,441.15,False,13,N-Heptylmethylamine
random,8,68,374,357.15,False,13,"2,3-Dimethyl-1-pentene"
random,8,69,558,494.15,False,13,"2-Methyl-1,3-propanediol"
random,8,70,930,455.15,True,14,"3,3-Dimethylnonane"
random,8,71,257,716.15,False,14,Nonacosane
random,8,72,785,506.04,False,14,5-Tridecyne
random,8,73,297,433.15,False,14,"2,7-Dimethyloctane"
random,8,74,880,427.26,False,14,"3-Ethyl-2,5-dimethylhexane"
random,8,75,1089,501.2,False,14,trans-4-Tridecene
random,8,76,480,501.15,False,14,6-Undecanol
random,8,77,469,415.0,False,14,"2,3-Dimethylbutan-1-ol"
random,8,78,162,382.95,False,14,"2,2,3-Trimethylpentane"
random,8,79,571,399.15,False,14,"2,4-Dimethylpentan-3-amine"
random,8,80,317,423.35,False,14,1-Propoxy-2-propanol
random,8,81,503,452.15,False,14,"2,3,7-Trimethyloctane"
random,8,82,869,374.95,False,14,"3,4-Dimethyl-1,5-hexadiene"
random,8,83,580,423.15,False,14,4-Pentyn-1-ol
random,8,84,612,429.23605,False,14,2-Ethyl-2-methylbutan-1-ol
random,8,85,371,416.15,False,14,2-Methyloctane
random,8,86,392,653.15,False,14,Pentaethylenehexamine
random,8,87,1114,459.15,True,15,"3-Ethyl-2,2,3,4-tetramethylpentane"
random,8,88,405,402.9,False,15,"2,3-Dimethyl-2-pentanol"
random,8,89,347,445.56825,False,15,"2,2-Dimethyl-1-hexanol"
random,8,90,1055,387.4,False,15,"2,6-Dimethyl-3-heptene"
random,8,91,800,494.15,False,15,"2,2-Dimethylundecane"
random,8,92,666,383.45,False,15,3-Ethylhex-1-ene
random,8,93,1082,385.45,False,15,"(2Z)-3,4,4-Trimethyl-2-pentene"
random,8,94,262,654.15,False,15,Tricosane
random,8,95,693,368.08,False,15,"Hepta-2,4-diene"
random,8,96,422,395.15,False,15,"2,3-Dimethyl-2-hexene"
random,8,97,611,438.65,False,15,6-Methylheptan-3-ol
random,8,98,203,439.15,False,15,3-Methyl-3-heptanol
random,8,99,600,587.15,False,15,2-Hexadecanol
random,8,100,457,452.15,False,15,"2,5-Dimethylnonane"
random,8,101,64,327.15,False,15,Allylamine
random,8,102,381,390.25,False,15,"1,7-Octadiene"
random,8,103,1193,443.15,False,15,"3,5,5-Trimethyloctane"
random,8,104,1150,463.0,True,16,"2,5,8-Trimethylnonane"
random,8,105,377,614.15,False,16,1-Eicosene
random,8,106,313,554.75,False,16,2-Methylpentadecane
random,8,107,1003,387.15,False,16,4-Methyl-2-heptene
random,8,108,713,419.6563,False,16,"2,4,6-Trimethylheptane"
random,8,109,767,483.16,False,16,4-Dodecyne
random,8,110,565,539.15,False,16,Diheptylamine
random,8,111,223,416.15,False,16,"3,3-Dimethyl-1-butanol"
random,8,112,244,526.65,False,16,Tetradecane
random,8,113,1110,475.15,False,16,N-Ethyloctylamine
random,8,114,108,533.15,False,16,"N,N-Dimethyldodecylamine"
random,8,115,43,368.15,False,16,Triethylborane
random,8,116,1136,464.15,True,17,"4-Ethyl-2,4-dimethyloctane"
random,8,117,1180,444.15,False,17,"2,2,5-Trimethyloctane"
random,8,118,859,429.65,False,17,"2,3,4-Trimethyl-3-pentanol"
random,8,119,789,528.15,False,17,3-Tetradecyne
random,8,120,555,640.15,False,17,1-Docosene
random,8,121,423,437.15,False,17,"2,3-Dimethyloctane"
random,8,122,1037,478.32,False,17,4-Dodecene
random,8,123,906,444.86543,False,17,"2,4,4-Trimethyl-3-hexanol"
random,8,124,117,588.65,False,17,1-Octadecene
random,8,125,183,394.15,False,17,2-Methylpentan-2-ol
random,8,126,648,406.15,False,17,"3,4-Dimethyl-1-pentyn-3-ol"
random,8,127,966,508.15,False,17,"cis-2-Butene-1,4-Diol"
random,8,128,227,340.45,False,17,2-Methyl-2-pentene
random,8,129,14,390.05,False,17,Ethylenediamine
random,8,130,1048,478.32,False,17,cis-2-Dodecene
random,8,131,221,467.9,True,18,3-Nonanol
random,8,132,110,502.15,False,18,1-Decanol
random,8,133,797,551.11,False,18,"2,2,5,5,8,8-Hexamethylnona-3,6-diyne"
random,8,134,16,704.0,False,18,Sorbitol
random,8,135,256,705.15,False,18,Octacosane
random,8,136,1022,478.54,False,18,3-Octen-2-OL
random,8,137,603,433.95,False,18,"3,6-Dimethyloctane"
random,8,138,226,446.15,False,18,2-Methyl-2-heptanol
random,8,139,895,378.17949,False,18,"3,3,4-Trimethylpent-1-ene"
random,8,140,6,351.39,False,18,Ethanol
random,8,141,370,664.0,False,18,1-Tricosanol
random,8,142,740,432.55,False,18,"3,5-Dimethyloctane"
random,8,143,981,453.15,True,19,3-Methyl-4-octanol
random,8,144,858,557.15,False,19,2-Methyl-1-pentadecene
random,8,145,870,426.96,False,19,"2,2,4,4-Tetramethylhexane"
random,8,146,200,379.47,False,19,"2,2,3,3-Tetramethylbutane"
random,8,147,606,455.15,True,20,"4,5-Dimethylnonane"
random,8,148,241,481.15,False,20,"Hexane-1,6-diol"
random,8,149,1087,422.0,False,20,"7-Methyl-2,4-octadiene"
random,8,150,462,503.45,False,20,3-Methyldodecane
mw_heuristic,8,1,397,443.15,False,0,"1,2,3-Butanetriol"
mw_heuristic,8,2,984,480.15,False,0,Methylnonylamine
mw_heuristic,8,3,801,652.15,False,0,1-Tricosene
mw_heuristic,8,4,1088,383.57,False,0,"5,5-Dimethyl-2-hexene"
mw_heuristic,8,5,406,426.9,False,0,1-Hepten-3-OL
mw_heuristic,8,6,291,396.15,False,0,"3-Ethyl-2,4-dimethylpentane"
mw_heuristic,8,7,799,404.15,False,0,"2-Butene-1,4-diol"
mw_heuristic,8,8,219,420.15,False,0,5-Methyl-3-hexanol
mw_heuristic,8,9,1229,469.15,True,1,"3,5-Dimethyl-4-propylheptane"
mw_heuristic,8,10,893,434.15,False,1,2-Methyl-3-nonene
mw_heuristic,8,11,42,438.2,False,1,"N,N,N',N'-Tetramethyl-1,3-butanediamine"
mw_heuristic,8,12,123,394.15,False,1,"N,N-Diisopropylethylenediamine"
mw_heuristic,8,13,518,327.65,False,1,"N,N,N'-Triethylethylenediamine"
mw_heuristic,8,14,520,441.15,False,1,"N,N,N',N'-Tetramethyl-1,4-butanediamine"
mw_heuristic,8,15,221,467.9,True,2,3-Nonanol
mw_heuristic,8,16,56,497.15,False,2,"3,7-Dimethyloctan-1-ol"
mw_heuristic,8,17,110,502.15,False,2,1-Decanol
mw_heuristic,8,18,301,484.18843,False,2,2-Decanol
mw_heuristic,8,19,338,487.15,False,2,4-Decanol
mw_heuristic,8,20,556,472.15,True,3,3-Ethyloctan-3-ol
mw_heuristic,8,21,668,514.75,False,3,"3,7-Dimethylocta-1,5,7-trien-3-ol"
mw_heuristic,8,22,1072,514.75,False,3,Hotrienol
mw_heuristic,8,23,559,469.15,True,4,1-Undecyne
mw_heuristic,8,24,712,471.09534,True,5,5-Undecyne
mw_heuristic,8,25,734,462.0,True,6,"1,10-Undecadiene"
mw_heuristic,8,26,997,460.44,True,7,"(E,E,Z)-Undeca-1,3,5,8-tetraene"
mw_heuristic,8,27,1076,456.28,True,8,"1,3,5-Undecatriene"
mw_heuristic,8,28,83,506.15,False,8,"2,5-Dimethyl-2,5-hexanediol"
mw_heuristic,8,29,109,481.15,False,8,2-(Hexyloxy)ethanol
mw_heuristic,8,30,133,503.25,False,8,"2,2,4-Trimethyl-1,3-pentanediol"
mw_heuristic,8,31,537,418.15,False,8,"1,8-Octanediol"
mw_heuristic,8,32,572,370.65,False,8,Tris(2-aminoethyl)amine
mw_heuristic,8,33,54,505.15,False,8,"N,N-Bis(3-aminopropyl)methylamine"
mw_heuristic,8,34,239,466.65,True,9,2-Nonanol
mw_heuristic,8,35,319,446.15,False,9,"3,6-Dimethyl-3-heptanol"
mw_heuristic,8,36,39,653.15,False,9,Xylitol
mw_heuristic,8,37,786,479.15,False,9,2-Undecyne
mw_heuristic,8,38,787,473.15,False,9,3-Undecyne
mw_heuristic,8,39,788,471.65,True,10,4-Undecyne
mw_heuristic,8,40,1216,457.05,True,11,"3,3-Dimethylnon-4-yne"
mw_heuristic,8,41,351,479.15,False,11,Isononyl alcohol
mw_heuristic,8,42,379,466.15,True,12,"3,5,5-Trimethyl-1-hexanol"
mw_heuristic,8,43,409,462.15,True,13,3-Methyl-3-octanol
mw_heuristic,8,44,412,465.65,True,14,4-Nonanol
mw_heuristic,8,45,467,448.15,False,14,"2,6-Dimethyl-3-heptanol"
mw_heuristic,8,46,468,452.15,False,14,"3,5-Dimethyl-4-heptanol"
mw_heuristic,8,47,533,452.15,False,14,4-Ethyl-4-heptanol
mw_heuristic,8,48,594,443.15,False,14,"2,6-Dimethyl-2-heptanol"
mw_heuristic,8,49,646,443.15,False,14,"2,2,3-Trimethylhexan-3-ol"
mw_heuristic,8,50,658,454.65,True,15,2-Methyl-3-octanol
mw_heuristic,8,51,669,465.4,True,16,4-Methyl-2-propylpentan-1-ol
mw_heuristic,8,52,735,439.15,False,16,"2,2,4,4-Tetramethylpentan-3-ol"
mw_heuristic,8,53,769,453.22759,True,17,4-Methyl-4-octanol
mw_heuristic,8,54,811,451.05,False,17,"3-Ethyl-2,4-dimethylpentan-3-ol"
mw_heuristic,8,55,864,479.15,False,17,6-Methyloctan-1-ol
mw_heuristic,8,56,905,438.65,False,17,"3,4,4-Trimethylhexan-3-ol"
mw_heuristic,8,57,906,444.86543,False,17,"2,4,4-Trimethyl-3-hexanol"
mw_heuristic,8,58,978,447.15,False,17,"3-Ethyl-2,2-dimethyl-3-pentanol"
mw_heuristic,8,59,981,453.15,True,18,3-Methyl-4-octanol
mw_heuristic,8,60,1108,447.15,False,18,"2,2-Dimethyl-4-heptanol"
mw_heuristic,8,61,1178,452.15,False,18,"2,3,4-Trimethylhexan-3-ol"
mw_heuristic,8,62,1211,468.15,True,19,2-Ethyl-4-methylhexan-1-ol
mw_heuristic,8,63,45,426.15,False,19,Tripropylamine
mw_heuristic,8,64,331,471.15,True,20,Nonylamine
mw_heuristic,8,65,334,445.15,False,20,"N,N-Dimethylheptylamine"
mw_heuristic,8,66,376,432.15,False,20,N-Methyldibutylamine
mw_heuristic,8,67,563,351.65,False,20,n-Methyloctan-1-amine
mw_heuristic,8,68,279,440.15,False,20,2-Methylnonane
mw_heuristic,8,69,295,410.15,False,20,"2,2,5,5-Tetramethylhexane"
mw_heuristic,8,70,297,433.15,False,20,"2,7-Dimethyloctane"
mw_heuristic,8,71,967,502.15,False,20,Nerol
mw_heuristic,8,72,278,465.85,True,21,1-Undecene
mw_heuristic,8,73,696,455.44,True,22,Undec-4-ene
mw_heuristic,8,74,699,465.45,True,23,5-Undecene
mw_heuristic,8,75,825,463.85,True,24,2-Methyl-1-decene
mw_heuristic,8,76,1021,466.15,True,25,(E)-4-Undecene
mw_heuristic,8,77,57,497.15,False,25,(-)-Citronellol
mw_heuristic,8,78,1001,524.74,False,25,(E)-3-Decenol
mw_heuristic,8,79,1061,524.74,False,25,2-Decen-1-ol
mw_heuristic,8,80,1092,524.74,False,25,Dec-4-en-1-ol
mw_heuristic,8,81,306,426.15,False,25,"2,5,5-Trimethylheptane"
mw_heuristic,8,82,325,447.25,False,25,Decane
mw_heuristic,8,83,337,431.15,False,25,"2,6-Dimethyloctane"
mw_heuristic,8,84,387,413.06493,False,25,"2,3,6-Trimethylheptane"
mw_heuristic,8,85,411,441.15,False,25,3-Methylnonane
mw_heuristic,8,86,423,437.15,False,25,"2,3-Dimethyloctane"
mw_heuristic,8,87,424,430.15,False,25,"3,3,5-Trimethylheptane"
mw_heuristic,8,88,436,432.86,False,25,5-Ethyl-2-methylheptane
mw_heuristic,8,89,437,433.15,False,25,"2,2,3,3-Tetramethylhexane"
mw_heuristic,8,90,441,421.45,False,25,"2,2,4-Trimethylheptane"
mw_heuristic,8,91,302,469.05,True,26,Undecane
mw_heuristic,8,92,360,461.15,True,27,4-Methyldecane
mw_heuristic,8,93,419,462.35,True,28,2-Methyldecane
mw_heuristic,8,94,457,452.15,False,28,"2,5-Dimethylnonane"
mw_heuristic,8,95,458,452.15,False,28,"2,6-Dimethylnonane"
mw_heuristic,8,96,459,457.15,True,29,"3,7-Dimethylnonane"
mw_heuristic,8,97,503,452.15,False,29,"2,3,7-Trimethyloctane"
mw_heuristic,8,98,606,455.15,True,30,"4,5-Dimethylnonane"
mw_heuristic,8,99,627,465.15,True,31,3-Methyldecane
mw_heuristic,8,100,635,459.15,True,32,5-Methyldecane
mw_heuristic,8,101,676,453.15,True,33,"2,3,6-Trimethyloctane"
mw_heuristic,8,102,777,436.15,False,33,"2,2,6,6-Tetramethylheptane"
mw_heuristic,8,103,791,449.15,False,33,"2,2,4,4,5-Pentamethylhexane"
mw_heuristic,8,104,793,439.15,False,33,"2,2,5,5-Tetramethylheptane"
mw_heuristic,8,105,794,453.15,True,34,"3,3,5,5-Tetramethylheptane"
mw_heuristic,8,106,803,452.15,False,34,"2,2,3-Trimethyloctane"
mw_heuristic,8,107,804,450.15,False,34,"2,3,5-Trimethyloctane"
mw_heuristic,8,108,845,443.15834,False,34,"2,2,4-Trimethyloctane"
mw_heuristic,8,109,856,448.0,False,34,"2,3-Dimethylnonane"
mw_heuristic,8,110,904,447.15,False,34,"2,2,6-Trimethyloctane"
mw_heuristic,8,111,913,451.15,False,34,"2,4-Dimethylnonane"
mw_heuristic,8,112,914,456.46543,True,35,"4,4-Diethylheptane"
mw_heuristic,8,113,922,457.15,True,36,4-Ethylnonane
mw_heuristic,8,114,930,455.15,True,37,"3,3-Dimethylnonane"
mw_heuristic,8,115,932,461.15,True,38,3-Ethylnonane
mw_heuristic,8,116,934,455.15,True,39,"2,3,3-Trimethyloctane"
mw_heuristic,8,117,936,451.15,False,39,"2,5,6-Trimethyloctane"
mw_heuristic,8,118,937,447.15,False,39,"2,4,6-Trimethyloctane"
mw_heuristic,8,119,938,447.15,False,39,"2,2,3,5-Tetramethylheptane"
mw_heuristic,8,120,979,452.15,False,39,"2,3,4,5-Tetramethylheptane"
mw_heuristic,8,121,983,450.15,False,39,"3-Ethyl-2,4,5-trimethylhexane"
mw_heuristic,8,122,1096,453.15,True,40,"2,7-Dimethylnonane"
mw_heuristic,8,123,1097,456.15,True,41,"2,8-Dimethylnonane"
mw_heuristic,8,124,1113,454.15,True,42,"3,4,5-Trimethyloctane"
mw_heuristic,8,125,1114,459.15,True,43,"3-Ethyl-2,2,3,4-tetramethylpentane"
mw_heuristic,8,126,1115,462.15,True,44,"3,3-Diethyl-2,2-dimethylpentane"
mw_heuristic,8,127,1116,467.15,True,45,"2,2,3,3,4,4-Hexamethylpentane"
mw_heuristic,8,128,1119,458.15,True,46,"3,4-Dimethylnonane"
mw_heuristic,8,129,1127,447.15,False,46,4-Tert-butylheptane
mw_heuristic,8,130,1129,453.15,True,47,"2,3,4-Trimethyloctane"
mw_heuristic,8,131,1130,453.15,True,48,4-Ethyl-4-methyloctane
mw_heuristic,8,132,1131,443.15,False,48,"2,4,7-Trimethyloctane"
mw_heuristic,8,133,1132,454.15,True,49,"4-Ethyl-3,5-dimethylheptane"
mw_heuristic,8,134,1139,451.15,False,49,4-Isopropyloctane
mw_heuristic,8,135,1140,443.15,False,49,"3-Ethyl-2,2,5-trimethylhexane"
mw_heuristic,8,136,1143,442.15,False,49,"2,2,4,5-Tetramethylheptane"
mw_heuristic,8,137,1144,447.15,False,49,"3,3,5-Trimethyloctane"
mw_heuristic,8,138,1145,443.15,False,49,"2,2,4,4-Tetramethylheptane"
mw_heuristic,8,139,1146,458.15,True,50,"3,4,4,5-Tetramethylheptane"
mw_heuristic,8,140,1147,448.15,False,50,"2,3,5,6-Tetramethylheptane"
mw_heuristic,8,141,1149,437.15,False,50,"2,4,4,6-Tetramethylheptane"
mw_heuristic,8,142,1151,451.15,False,50,4-Methyl-4-propylheptane
mw_heuristic,8,143,1152,452.15,False,50,"3,4,6-Trimethyloctane"
mw_heuristic,8,144,1153,438.275,False,50,"2,2,3,5,5-Pentamethylhexane"
mw_heuristic,8,145,1157,450.15,False,50,"5,5-Dimethylnonane"
mw_heuristic,8,146,1162,441.15,False,50,"4-Ethyl-2,2-dimethylheptane"
mw_heuristic,8,147,1163,443.15,False,50,"2,2,7-Trimethyloctane"
mw_heuristic,8,148,1165,449.15,False,50,"3-Ethyl-2,5-dimethylheptane"
mw_heuristic,8,149,1166,459.9,True,51,"3,3-Diethylheptane"
mw_heuristic,8,150,1167,455.15,True,52,"3,3,4-Trimethyloctane"
greedy_gp,8,1,397,443.15,False,0,"1,2,3-Butanetriol"
greedy_gp,8,2,984,480.15,False,0,Methylnonylamine
greedy_gp,8,3,801,652.15,False,0,1-Tricosene
greedy_gp,8,4,1088,383.57,False,0,"5,5-Dimethyl-2-hexene"
greedy_gp,8,5,406,426.9,False,0,1-Hepten-3-OL
greedy_gp,8,6,291,396.15,False,0,"3-Ethyl-2,4-dimethylpentane"
greedy_gp,8,7,799,404.15,False,0,"2-Butene-1,4-diol"
greedy_gp,8,8,219,420.15,False,0,5-Methyl-3-hexanol
greedy_gp,8,9,1229,469.15,True,1,"3,5-Dimethyl-4-propylheptane"
greedy_gp,8,10,893,434.15,False,1,2-Methyl-3-nonene
greedy_gp,8,11,1194,462.15,True,2,4-Isopropyl-4-heptanol
greedy_gp,8,12,57,497.15,False,2,(-)-Citronellol
greedy_gp,8,13,650,484.15,False,2,Tetrahydrolavandulol
greedy_gp,8,14,621,465.15,True,3,"4,7-Dimethyloctan-4-ol"
greedy_gp,8,15,1217,477.15,False,3,4-Methyl-2-(2-methylpropyl)pentan-1-ol
greedy_gp,8,16,765,483.82,False,3,2-Octyn-1-ol
greedy_gp,8,17,133,503.25,False,3,"2,2,4-Trimethyl-1,3-pentanediol"
greedy_gp,8,18,597,370.15,False,3,3-Octyn-1-ol
greedy_gp,8,19,668,514.75,False,3,"3,7-Dimethylocta-1,5,7-trien-3-ol"
greedy_gp,8,20,1072,514.75,False,3,Hotrienol
greedy_gp,8,21,1081,461.15,True,4,"2,6-Dimethyl-2,4,6-octatriene"
greedy_gp,8,22,1083,440.64,False,4,"(E,Z)-2,6-Dimethylocta-2,4,6-triene"
greedy_gp,8,23,569,363.15,False,4,"1,2-Heptanediol"
greedy_gp,8,24,242,535.15,False,4,"1,7-Heptanediol"
greedy_gp,8,25,471,444.15,False,4,Myrcene
greedy_gp,8,26,518,327.65,False,4,"N,N,N'-Triethylethylenediamine"
greedy_gp,8,27,1096,453.15,True,5,"2,7-Dimethylnonane"
greedy_gp,8,28,458,452.15,False,5,"2,6-Dimethylnonane"
greedy_gp,8,29,457,452.15,False,5,"2,5-Dimethylnonane"
greedy_gp,8,30,913,451.15,False,5,"2,4-Dimethylnonane"
greedy_gp,8,31,21,266.75,False,5,Methylamine
greedy_gp,8,32,149,460.15,True,6,Diisoamylamine
greedy_gp,8,33,19,184.55,False,6,Ethane
greedy_gp,8,34,625,466.65,True,7,1-Nonen-3-ol
greedy_gp,8,35,825,463.85,True,8,2-Methyl-1-decene
greedy_gp,8,36,1141,458.15,True,9,4-Tert-butyl-2-methylheptane
greedy_gp,8,37,1133,464.89743,True,10,"2,2,3,4-Tetramethylhexan-3-ol"
greedy_gp,8,38,1241,457.15,True,11,"2,2,5,5-Tetramethyloctane"
greedy_gp,8,39,1232,467.8,True,12,"3,4,5,5-Tetramethylhexan-3-ol"
greedy_gp,8,40,1249,460.65,True,13,"2,2,4,4-Tetramethyl-3-hexanol"
greedy_gp,8,41,126,479.15,False,13,"2,5-Dimethyl-3-hexyne-2,5-diol"
greedy_gp,8,42,412,465.65,True,14,4-Nonanol
greedy_gp,8,43,239,466.65,True,15,2-Nonanol
greedy_gp,8,44,302,469.05,True,16,Undecane
greedy_gp,8,45,351,479.15,False,16,Isononyl alcohol
greedy_gp,8,46,920,483.15,False,16,"3,4-Dimethyl-3,4-diethyl-hexane"
greedy_gp,8,47,864,479.15,False,16,6-Methyloctan-1-ol
greedy_gp,8,48,221,467.9,True,17,3-Nonanol
greedy_gp,8,49,217,440.15,False,17,"2,2-Diethoxyethanol"
greedy_gp,8,50,754,482.28,False,17,"2,9-Dimethyl-5-decyne"
greedy_gp,8,51,523,459.00627,True,18,"2,2,7,7-Tetramethyloctane"
greedy_gp,8,52,559,469.15,True,19,1-Undecyne
greedy_gp,8,53,419,462.35,True,20,2-Methyldecane
greedy_gp,8,54,635,459.15,True,21,5-Methyldecane
greedy_gp,8,55,360,461.15,True,22,4-Methyldecane
greedy_gp,8,56,93,506.15,False,22,"1,1'-Oxydi-2-propanol"
greedy_gp,8,57,922,457.15,True,23,4-Ethylnonane
greedy_gp,8,58,627,465.15,True,24,3-Methyldecane
greedy_gp,8,59,1245,469.15,True,25,"2,4,4,5,5-Pentamethylheptane"
greedy_gp,8,60,932,461.15,True,26,3-Ethylnonane
greedy_gp,8,61,526,507.15,False,26,"2-Methyl-2-propylpropane-1,3-diol"
greedy_gp,8,62,121,517.15,False,26,"2,2-Diethyl-1,3-propanediol"
greedy_gp,8,63,677,460.65,True,27,"2,2,4,4,6-Pentamethylheptane"
greedy_gp,8,64,1240,459.15,True,28,"2,2,5,5,6-Pentamethylheptane"
greedy_gp,8,65,736,518.0,False,28,"2,3,4-Pentanetriol"
greedy_gp,8,66,1174,455.9,True,29,"2,2,6,6-Tetramethyloctane"
greedy_gp,8,67,658,454.65,True,30,2-Methyl-3-octanol
greedy_gp,8,68,409,462.15,True,31,3-Methyl-3-octanol
greedy_gp,8,69,1105,468.15,True,32,"2,3,4,5,6-Pentamethylheptane"
greedy_gp,8,70,981,453.15,True,33,3-Methyl-4-octanol
greedy_gp,8,71,769,453.22759,True,34,4-Methyl-4-octanol
greedy_gp,8,72,1211,468.15,True,35,2-Ethyl-4-methylhexan-1-ol
greedy_gp,8,73,669,465.4,True,36,4-Methyl-2-propylpentan-1-ol
greedy_gp,8,74,533,452.15,False,36,4-Ethyl-4-heptanol
greedy_gp,8,75,468,452.15,False,36,"3,5-Dimethyl-4-heptanol"
greedy_gp,8,76,129,490.15,False,36,Decylamine
greedy_gp,8,77,1204,479.15,False,36,"3,3-Diethyl-2,2,4-trimethylpentane"
greedy_gp,8,78,1236,466.15,True,37,"2,2,3,3,6-Pentamethylheptane"
greedy_gp,8,79,319,446.15,False,37,"3,6-Dimethyl-3-heptanol"
greedy_gp,8,80,467,448.15,False,37,"2,6-Dimethyl-3-heptanol"
greedy_gp,8,81,581,515.65,False,37,"3,6,9,12,15,18-Hexaoxaicosane-1,20-diol"
greedy_gp,8,82,331,471.15,True,38,Nonylamine
greedy_gp,8,83,392,653.15,False,38,Pentaethylenehexamine
greedy_gp,8,84,683,376.4,False,38,Non-3-yn-1-ol
greedy_gp,8,85,914,456.46543,True,39,"4,4-Diethylheptane"
greedy_gp,8,86,727,492.55,False,39,3-Dodecyne
greedy_gp,8,87,767,483.16,False,39,4-Dodecyne
greedy_gp,8,88,755,483.16,False,39,5-Dodecyne
greedy_gp,8,89,728,486.15,False,39,6-Dodecyne
greedy_gp,8,90,499,473.15,False,39,"2,2,3-Trimethylnonane"
greedy_gp,8,91,1166,459.9,True,40,"3,3-Diethylheptane"
greedy_gp,8,92,1151,451.15,False,40,4-Methyl-4-propylheptane
greedy_gp,8,93,1233,452.15,False,40,3-Methyl-4-propylheptane
greedy_gp,8,94,1182,453.15,True,41,4-Ethyl-5-methyloctane
greedy_gp,8,95,1130,453.15,True,42,4-Ethyl-4-methyloctane
greedy_gp,8,96,322,437.15,False,42,"1,9-Decadiene"
greedy_gp,8,97,1192,452.15,False,42,"3,5-Diethylheptane"
greedy_gp,8,98,1225,447.15,False,42,2-Methyl-4-propylheptane
greedy_gp,8,99,1139,451.15,False,42,4-Isopropyloctane
greedy_gp,8,100,1184,453.15,True,43,3-Ethyl-5-methyloctane
greedy_gp,8,101,696,455.44,True,44,Undec-4-ene
greedy_gp,8,102,1021,466.15,True,45,(E)-4-Undecene
greedy_gp,8,103,699,465.45,True,46,5-Undecene
greedy_gp,8,104,438,451.15,False,46,"2,2,4,6,6-Pentamethylheptane"
greedy_gp,8,105,1164,464.15,True,47,"2,2,4-Trimethylnonane"
greedy_gp,8,106,1183,457.0,True,48,"2,4,4,7-Tetramethyloctane"
greedy_gp,8,107,795,462.9,True,49,"3,3,6,6-Tetramethyloctane"
greedy_gp,8,108,1154,459.4,True,50,"2,4,5,7-Tetramethyloctane"
greedy_gp,8,109,99,479.65,False,50,Diethylenetriamine
greedy_gp,8,110,1160,460.15,True,51,"4-Ethyl-2,2-dimethyloctane"
greedy_gp,8,111,1187,464.15,True,52,4-Tert-butyloctane
greedy_gp,8,112,918,472.15,True,53,"3,4,5,6-Tetramethyloctane"
greedy_gp,8,113,1205,473.15,False,53,"3,3-Diethyl-2,4-dimethylhexane"
greedy_gp,8,114,278,465.85,True,54,1-Undecene
greedy_gp,8,115,606,455.15,True,55,"4,5-Dimethylnonane"
greedy_gp,8,116,460,474.15,False,55,"2,2-Dimethyldecane"
greedy_gp,8,117,905,438.65,False,55,"3,4,4-Trimethylhexan-3-ol"
greedy_gp,8,118,1157,450.15,False,55,"5,5-Dimethylnonane"
greedy_gp,8,119,811,451.05,False,55,"3-Ethyl-2,4-dimethylpentan-3-ol"
greedy_gp,8,120,1188,455.15,True,56,3-Ethyl-6-methyloctane
greedy_gp,8,121,1202,452.15,False,56,"4,6-Dimethylnonane"
greedy_gp,8,122,1235,451.15,False,56,"4,4-Dimethylnonane"
greedy_gp,8,123,1119,458.15,True,57,"3,4-Dimethylnonane"
greedy_gp,8,124,1170,455.15,True,58,"3,6-Dimethylnonane"
greedy_gp,8,125,459,457.15,True,59,"3,7-Dimethylnonane"
greedy_gp,8,126,856,448.0,False,59,"2,3-Dimethylnonane"
greedy_gp,8,127,930,455.15,True,60,"3,3-Dimethylnonane"
greedy_gp,8,128,594,443.15,False,60,"2,6-Dimethyl-2-heptanol"
greedy_gp,8,129,1150,463.0,True,61,"2,5,8-Trimethylnonane"
greedy_gp,8,130,563,351.65,False,61,n-Methyloctan-1-amine
greedy_gp,8,131,562,603.15,False,61,Triheptylamine
greedy_gp,8,132,336,477.15,False,61,Dipentylamine
greedy_gp,8,133,1110,475.15,False,61,N-Ethyloctylamine
greedy_gp,8,134,364,471.15,True,62,"1,1,4,7,7-Pentamethyldiethylenetriamine"
greedy_gp,8,135,109,481.15,False,62,2-(Hexyloxy)ethanol
greedy_gp,8,136,12,478.2,False,62,3-(Dibutylamino)propylamine
greedy_gp,8,137,786,479.15,False,62,2-Undecyne
greedy_gp,8,138,241,481.15,False,62,"Hexane-1,6-diol"
greedy_gp,8,139,524,498.95,False,62,"2-Ethyl-2-methyl-1,3-propanediol"
greedy_gp,8,140,54,505.15,False,62,"N,N-Bis(3-aminopropyl)methylamine"
greedy_gp,8,141,989,470.15,True,63,"(4R)-2-Methylpentane-2,4-diol"
greedy_gp,8,142,651,484.65,False,63,"3-Methylpentane-2,4-diol"
greedy_gp,8,143,759,479.15,False,63,"2,4-Hexanediol"
greedy_gp,8,144,1106,491.65,False,63,"4-Methylpentane-1,4-diol"
greedy_gp,8,145,362,502.15,False,63,"2,5-Hexanediol"
greedy_gp,8,146,787,473.15,False,63,3-Undecyne
greedy_gp,8,147,788,471.65,True,64,4-Undecyne
greedy_gp,8,148,712,471.09534,True,65,5-Undecyne
greedy_gp,8,149,630,493.15,False,65,"3-Methoxy-1,2-propanediol"
greedy_gp,8,150,350,438.15,False,65,"1,8-Nonadiyne"
prob_in_spec,8,1,397,443.15,False,0,"1,2,3-Butanetriol"
prob_in_spec,8,2,984,480.15,False,0,Methylnonylamine
prob_in_spec,8,3,801,652.15,False,0,1-Tricosene
prob_in_spec,8,4,1088,383.57,False,0,"5,5-Dimethyl-2-hexene"
prob_in_spec,8,5,406,426.9,False,0,1-Hepten-3-OL
prob_in_spec,8,6,291,396.15,False,0,"3-Ethyl-2,4-dimethylpentane"
prob_in_spec,8,7,799,404.15,False,0,"2-Butene-1,4-diol"
prob_in_spec,8,8,219,420.15,False,0,5-Methyl-3-hexanol
prob_in_spec,8,9,1229,469.15,True,1,"3,5-Dimethyl-4-propylheptane"
prob_in_spec,8,10,893,434.15,False,1,2-Methyl-3-nonene
prob_in_spec,8,11,1243,467.15,True,2,"2,3-Dimethyl-4-propylheptane"
prob_in_spec,8,12,1220,463.15,True,3,"2,5-Dimethyl-4-propylheptane"
prob_in_spec,8,13,921,470.15,True,4,"3-Methyl, 3,5-diethyl, heptane"
prob_in_spec,8,14,1168,473.15,False,4,"3-Ethyl-3,4-dimethyloctane"
prob_in_spec,8,15,1230,469.15,True,5,"3,3-Dimethyl-4-propylheptane"
prob_in_spec,8,16,1138,463.15,True,6,"4-Ethyl-2,6-dimethyloctane"
prob_in_spec,8,17,1139,451.15,False,6,4-Isopropyloctane
prob_in_spec,8,18,1184,453.15,True,7,3-Ethyl-5-methyloctane
prob_in_spec,8,19,606,455.15,True,8,"4,5-Dimethylnonane"
prob_in_spec,8,20,1188,455.15,True,9,3-Ethyl-6-methyloctane
prob_in_spec,8,21,1136,464.15,True,10,"4-Ethyl-2,4-dimethyloctane"
prob_in_spec,8,22,1218,462.15,True,11,"2,4-Dimethyl-4-propylheptane"
prob_in_spec,8,23,1221,463.15,True,12,"2,6,6-Trimethylnonane"
prob_in_spec,8,24,1223,463.15,True,13,"2,5,5-Trimethylnonane"
prob_in_spec,8,25,1150,463.0,True,14,"2,5,8-Trimethylnonane"
prob_in_spec,8,26,1222,457.75,True,15,"2,6-Dimethyl-4-propylheptane"
prob_in_spec,8,27,935,469.15,True,16,"3-Ethyl-2,7-dimethyloctane"
prob_in_spec,8,28,1137,470.15,True,17,"3-Ethyl-2,6-dimethyloctane"
prob_in_spec,8,29,460,474.15,False,17,"2,2-Dimethyldecane"
prob_in_spec,8,30,856,448.0,False,17,"2,3-Dimethylnonane"
prob_in_spec,8,31,1187,464.15,True,18,4-Tert-butyloctane
prob_in_spec,8,32,1160,460.15,True,19,"4-Ethyl-2,2-dimethyloctane"
prob_in_spec,8,33,1164,464.15,True,20,"2,2,4-Trimethylnonane"
prob_in_spec,8,34,635,459.15,True,21,5-Methyldecane
prob_in_spec,8,35,419,462.35,True,22,2-Methyldecane
prob_in_spec,8,36,627,465.15,True,23,3-Methyldecane
prob_in_spec,8,37,360,461.15,True,24,4-Methyldecane
prob_in_spec,8,38,932,461.15,True,25,3-Ethylnonane
prob_in_spec,8,39,922,457.15,True,26,4-Ethylnonane
prob_in_spec,8,40,918,472.15,True,27,"3,4,5,6-Tetramethyloctane"
prob_in_spec,8,41,795,462.9,True,28,"3,3,6,6-Tetramethyloctane"
prob_in_spec,8,42,1154,459.4,True,29,"2,4,5,7-Tetramethyloctane"
prob_in_spec,8,43,1236,466.15,True,30,"2,2,3,3,6-Pentamethylheptane"
prob_in_spec,8,44,1174,455.9,True,31,"2,2,6,6-Tetramethyloctane"
prob_in_spec,8,45,1105,468.15,True,32,"2,3,4,5,6-Pentamethylheptane"
prob_in_spec,8,46,1141,458.15,True,33,4-Tert-butyl-2-methylheptane
prob_in_spec,8,47,1240,459.15,True,34,"2,2,5,5,6-Pentamethylheptane"
prob_in_spec,8,48,1199,468.15,True,35,"2,2,3,3,5,5-Hexamethylhexane"
prob_in_spec,8,49,1226,462.0,True,36,2-Methyl-5-propyloctane
prob_in_spec,8,50,825,463.85,True,37,2-Methyl-1-decene
prob_in_spec,8,51,1112,470.15,True,38,"5,5-Dimethyldecane"
prob_in_spec,8,52,699,465.45,True,39,5-Undecene
prob_in_spec,8,53,696,455.44,True,40,Undec-4-ene
prob_in_spec,8,54,1021,466.15,True,41,(E)-4-Undecene
prob_in_spec,8,55,499,473.15,False,41,"2,2,3-Trimethylnonane"
prob_in_spec,8,56,919,473.15,False,41,"3,4,7-Trimethylnonane"
prob_in_spec,8,57,1245,469.15,True,42,"2,4,4,5,5-Pentamethylheptane"
prob_in_spec,8,58,1183,457.0,True,43,"2,4,4,7-Tetramethyloctane"
prob_in_spec,8,59,916,472.15,True,44,"3,6-Dimethyl-3-ethyl-octane"
prob_in_spec,8,60,853,484.15,False,44,"2,2-Dimethyl-1-octanol"
prob_in_spec,8,61,1241,457.15,True,45,"2,2,5,5-Tetramethyloctane"
prob_in_spec,8,62,677,460.65,True,46,"2,2,4,4,6-Pentamethylheptane"
prob_in_spec,8,63,412,465.65,True,47,4-Nonanol
prob_in_spec,8,64,221,467.9,True,48,3-Nonanol
prob_in_spec,8,65,864,479.15,False,48,6-Methyloctan-1-ol
prob_in_spec,8,66,409,462.15,True,49,3-Methyl-3-octanol
prob_in_spec,8,67,669,465.4,True,50,4-Methyl-2-propylpentan-1-ol
prob_in_spec,8,68,769,453.22759,True,51,4-Methyl-4-octanol
prob_in_spec,8,69,1211,468.15,True,52,2-Ethyl-4-methylhexan-1-ol
prob_in_spec,8,70,981,453.15,True,53,3-Methyl-4-octanol
prob_in_spec,8,71,658,454.65,True,54,2-Methyl-3-octanol
prob_in_spec,8,72,467,448.15,False,54,"2,6-Dimethyl-3-heptanol"
prob_in_spec,8,73,523,459.00627,True,55,"2,2,7,7-Tetramethyloctane"
prob_in_spec,8,74,594,443.15,False,55,"2,6-Dimethyl-2-heptanol"
prob_in_spec,8,75,379,466.15,True,56,"3,5,5-Trimethyl-1-hexanol"
prob_in_spec,8,76,734,462.0,True,57,"1,10-Undecadiene"
prob_in_spec,8,77,625,466.65,True,58,1-Nonen-3-ol
prob_in_spec,8,78,468,452.15,False,58,"3,5-Dimethyl-4-heptanol"
prob_in_spec,8,79,278,465.85,True,59,1-Undecene
prob_in_spec,8,80,533,452.15,False,59,4-Ethyl-4-heptanol
prob_in_spec,8,81,8,467.85,True,60,1-Octanol
prob_in_spec,8,82,563,351.65,False,60,n-Methyloctan-1-amine
prob_in_spec,8,83,1156,471.15,True,61,5-Ethyl-5-methylnonane
prob_in_spec,8,84,1158,472.15,True,62,"4,4-Dimethyldecane"
prob_in_spec,8,85,1115,462.15,True,63,"3,3-Diethyl-2,2-dimethylpentane"
prob_in_spec,8,86,1206,462.15,True,64,"3,3-Diethyl-2,4-dimethylpentane"
prob_in_spec,8,87,1114,459.15,True,65,"3-Ethyl-2,2,3,4-tetramethylpentane"
prob_in_spec,8,88,1203,460.15,True,66,"2,3,3,4,4-Pentamethylhexane"
prob_in_spec,8,89,1177,457.15,True,67,"2,2,3,3,4-Pentamethylhexane"
prob_in_spec,8,90,1116,467.15,True,68,"2,2,3,3,4,4-Hexamethylpentane"
prob_in_spec,8,91,831,466.15,True,69,"4,5-Diethyloctane"
prob_in_spec,8,92,1190,470.15,True,70,"3,5-Diethyloctane"
prob_in_spec,8,93,1097,456.15,True,71,"2,8-Dimethylnonane"
prob_in_spec,8,94,302,469.05,True,72,Undecane
prob_in_spec,8,95,1208,459.15,True,73,"3,3-Diethyl-2-methylhexane"
prob_in_spec,8,96,1196,459.15,True,74,"3,4-Diethyl-3-methylhexane"
prob_in_spec,8,97,438,451.15,False,74,"2,2,4,6,6-Pentamethylheptane"
prob_in_spec,8,98,924,471.15,True,75,"4,6-Dimethyldecane"
prob_in_spec,8,99,239,466.65,True,76,2-Nonanol
prob_in_spec,8,100,1227,457.15,True,77,"3,3,4,4-Tetramethylheptane"
prob_in_spec,8,101,1179,454.15,True,78,"2,3,3,4,5-Pentamethylhexane"
prob_in_spec,8,102,351,479.15,False,78,Isononyl alcohol
prob_in_spec,8,103,1146,458.15,True,79,"3,4,4,5-Tetramethylheptane"
prob_in_spec,8,104,1237,459.15,True,80,"2,2,3,4,4-Pentamethylhexane"
prob_in_spec,8,105,1209,451.15,False,80,"3-Ethyl-2,4,4-trimethylhexane"
prob_in_spec,8,106,1166,459.9,True,81,"3,3-Diethylheptane"
prob_in_spec,8,107,914,456.46543,True,82,"4,4-Diethylheptane"
prob_in_spec,8,108,830,472.15,True,83,4-Ethyl-5-methylnonane
prob_in_spec,8,109,912,470.15,True,84,5-Propylnonane
prob_in_spec,8,110,1186,472.15,True,85,"3,4-Diethyloctane"
prob_in_spec,8,111,1228,471.15,True,86,"3,4-Dimethyl-4-propylheptane"
prob_in_spec,8,112,1096,453.15,True,87,"2,7-Dimethylnonane"
prob_in_spec,8,113,459,457.15,True,88,"3,7-Dimethylnonane"
prob_in_spec,8,114,1119,458.15,True,89,"3,4-Dimethylnonane"
prob_in_spec,8,115,840,471.15,True,90,"2,5-Dimethyldecane"
prob_in_spec,8,116,1192,452.15,False,90,"3,5-Diethylheptane"
prob_in_spec,8,117,1076,456.28,True,91,"1,3,5-Undecatriene"
prob_in_spec,8,118,559,469.15,True,92,1-Undecyne
prob_in_spec,8,119,786,479.15,False,92,2-Undecyne
prob_in_spec,8,120,787,473.15,False,92,3-Undecyne
prob_in_spec,8,121,906,444.86543,False,92,"2,4,4-Trimethyl-3-hexanol"
prob_in_spec,8,122,1178,452.15,False,92,"2,3,4-Trimethylhexan-3-ol"
prob_in_spec,8,123,811,451.05,False,92,"3-Ethyl-2,4-dimethylpentan-3-ol"
prob_in_spec,8,124,905,438.65,False,92,"3,4,4-Trimethylhexan-3-ol"
prob_in_spec,8,125,978,447.15,False,92,"3-Ethyl-2,2-dimethyl-3-pentanol"
prob_in_spec,8,126,394,451.65,False,92,2-Octanol
prob_in_spec,8,127,972,449.65,False,92,(S)-(+)-2-Octanol
prob_in_spec,8,128,854,473.15,False,92,"2,4-Dimethyldecane"
prob_in_spec,8,129,925,472.15,True,93,"4,7-Dimethyldecane"
prob_in_spec,8,130,732,471.15,True,94,"2,6-Dimethyldecane"
prob_in_spec,8,131,1172,454.15,True,95,"3,3,4,5-Tetramethylheptane"
prob_in_spec,8,132,458,452.15,False,95,"2,6-Dimethylnonane"
prob_in_spec,8,133,1182,453.15,True,96,4-Ethyl-5-methyloctane
prob_in_spec,8,134,1132,454.15,True,97,"4-Ethyl-3,5-dimethylheptane"
prob_in_spec,8,135,1170,455.15,True,98,"3,6-Dimethylnonane"
prob_in_spec,8,136,923,473.15,False,98,"3,5-Dimethyldecane"
prob_in_spec,8,137,1169,473.15,False,98,"4,4-Diethyloctane"
prob_in_spec,8,138,997,460.44,True,99,"(E,E,Z)-Undeca-1,3,5,8-tetraene"
prob_in_spec,8,139,712,471.09534,True,100,5-Undecyne
prob_in_spec,8,140,832,474.15,False,100,"5,6-Dimethyldecane"
prob_in_spec,8,141,754,482.28,False,100,"2,9-Dimethyl-5-decyne"
prob_in_spec,8,142,788,471.65,True,101,4-Undecyne
prob_in_spec,8,143,149,460.15,True,102,Diisoamylamine
prob_in_spec,8,144,1216,457.05,True,103,"3,3-Dimethylnon-4-yne"
prob_in_spec,8,145,1233,452.15,False,103,3-Methyl-4-propylheptane
prob_in_spec,8,146,106,451.75,False,103,Octylamine
prob_in_spec,8,147,45,426.15,False,103,Tripropylamine
prob_in_spec,8,148,376,432.15,False,103,N-Methyldibutylamine
prob_in_spec,8,149,334,445.15,False,103,"N,N-Dimethylheptylamine"
prob_in_spec,8,150,46,423.15,False,103,Triallylamine
qlogei_target,8,1,397,443.15,False,0,"1,2,3-Butanetriol"
qlogei_target,8,2,984,480.15,False,0,Methylnonylamine
qlogei_target,8,3,801,652.15,False,0,1-Tricosene
qlogei_target,8,4,1088,383.57,False,0,"5,5-Dimethyl-2-hexene"
qlogei_target,8,5,406,426.9,False,0,1-Hepten-3-OL
qlogei_target,8,6,291,396.15,False,0,"3-Ethyl-2,4-dimethylpentane"
qlogei_target,8,7,799,404.15,False,0,"2-Butene-1,4-diol"
qlogei_target,8,8,219,420.15,False,0,5-Methyl-3-hexanol
qlogei_target,8,9,1229,469.15,True,1,"3,5-Dimethyl-4-propylheptane"
qlogei_target,8,10,893,434.15,False,1,2-Methyl-3-nonene
qlogei_target,8,11,1243,467.15,True,2,"2,3-Dimethyl-4-propylheptane"
qlogei_target,8,12,1225,447.15,False,2,2-Methyl-4-propylheptane
qlogei_target,8,13,563,351.65,False,2,n-Methyloctan-1-amine
qlogei_target,8,14,412,465.65,True,3,4-Nonanol
qlogei_target,8,15,1221,463.15,True,4,"2,6,6-Trimethylnonane"
qlogei_target,8,16,1137,470.15,True,5,"3-Ethyl-2,6-dimethyloctane"
qlogei_target,8,17,1220,463.15,True,6,"2,5-Dimethyl-4-propylheptane"
qlogei_target,8,18,1151,451.15,False,6,4-Methyl-4-propylheptane
qlogei_target,8,19,1168,473.15,False,6,"3-Ethyl-3,4-dimethyloctane"
qlogei_target,8,20,1136,464.15,True,7,"4-Ethyl-2,4-dimethyloctane"
qlogei_target,8,21,1187,464.15,True,8,4-Tert-butyloctane
qlogei_target,8,22,606,455.15,True,9,"4,5-Dimethylnonane"
qlogei_target,8,23,1245,469.15,True,10,"2,4,4,5,5-Pentamethylheptane"
qlogei_target,8,24,918,472.15,True,11,"3,4,5,6-Tetramethyloctane"
qlogei_target,8,25,916,472.15,True,12,"3,6-Dimethyl-3-ethyl-octane"
qlogei_target,8,26,1141,458.15,True,13,4-Tert-butyl-2-methylheptane
qlogei_target,8,27,1207,476.15,False,13,"3,3-Diethyl-2-methylheptane"
qlogei_target,8,28,615,484.75,False,13,2-Methyl-1-undecene
qlogei_target,8,29,499,473.15,False,13,"2,2,3-Trimethylnonane"
qlogei_target,8,30,920,483.15,False,13,"3,4-Dimethyl-3,4-diethyl-hexane"
qlogei_target,8,31,1105,468.15,True,14,"2,3,4,5,6-Pentamethylheptane"
qlogei_target,8,32,1204,479.15,False,14,"3,3-Diethyl-2,2,4-trimethylpentane"
qlogei_target,8,33,1164,464.15,True,15,"2,2,4-Trimethylnonane"
qlogei_target,8,34,302,469.05,True,16,Undecane
qlogei_target,8,35,97,514.15,False,16,"1,5-Pentanediol"
qlogei_target,8,36,1223,463.15,True,17,"2,5,5-Trimethylnonane"
qlogei_target,8,37,1138,463.15,True,18,"4-Ethyl-2,6-dimethyloctane"
qlogei_target,8,38,795,462.9,True,19,"3,3,6,6-Tetramethyloctane"
qlogei_target,8,39,627,465.15,True,20,3-Methyldecane
qlogei_target,8,40,1154,459.4,True,21,"2,4,5,7-Tetramethyloctane"
qlogei_target,8,41,1222,457.75,True,22,"2,6-Dimethyl-4-propylheptane"
qlogei_target,8,42,1150,463.0,True,23,"2,5,8-Trimethylnonane"
qlogei_target,8,43,1112,470.15,True,24,"5,5-Dimethyldecane"
qlogei_target,8,44,56,497.15,False,24,"3,7-Dimethyloctan-1-ol"
qlogei_target,8,45,1160,460.15,True,25,"4-Ethyl-2,2-dimethyloctane"
qlogei_target,8,46,79,350.15,False,25,Butylamine
qlogei_target,8,47,121,517.15,False,25,"2,2-Diethyl-1,3-propanediol"
qlogei_target,8,48,769,453.22759,True,26,4-Methyl-4-octanol
qlogei_target,8,49,433,369.15,False,26,"2,3-Dimethyl-2-pentene"
qlogei_target,8,50,607,479.15,False,26,"2,3-Dimethyldecane"
qlogei_target,8,51,787,473.15,False,26,3-Undecyne
qlogei_target,8,52,1211,468.15,True,27,2-Ethyl-4-methylhexan-1-ol
qlogei_target,8,53,967,502.15,False,27,Nerol
qlogei_target,8,54,1127,447.15,False,27,4-Tert-butylheptane
qlogei_target,8,55,334,445.15,False,27,"N,N-Dimethylheptylamine"
qlogei_target,8,56,347,445.56825,False,27,"2,2-Dimethyl-1-hexanol"
qlogei_target,8,57,669,465.4,True,28,4-Methyl-2-propylpentan-1-ol
qlogei_target,8,58,670,457.15,True,29,4-Methyl-1-heptanol
qlogei_target,8,59,116,568.95,False,29,1-Tetradecanol
qlogei_target,8,60,1009,546.96,False,29,7-Pentadecene
qlogei_target,8,61,65,370.05,False,29,Allyl alcohol
qlogei_target,8,62,231,409.15,False,29,2-Hexanol
qlogei_target,8,63,41,368.70133,False,29,2-Methylbutylamine
qlogei_target,8,64,537,418.15,False,29,"1,8-Octanediol"
qlogei_target,8,65,170,469.1,True,30,"1,2-Butanediol"
qlogei_target,8,66,419,462.35,True,31,2-Methyldecane
qlogei_target,8,67,379,466.15,True,32,"3,5,5-Trimethyl-1-hexanol"
qlogei_target,8,68,568,358.15,False,32,5-Methyl-1-hexene
qlogei_target,8,69,957,371.15,False,32,trans-2-Heptene
qlogei_target,8,70,796,479.94,False,32,6-Methyl-6-hepten-4-yn-3-ol
qlogei_target,8,71,82,328.55,False,32,Diethylamine
qlogei_target,8,72,429,336.15,False,32,Sec-butylamine
qlogei_target,8,73,1199,468.15,True,33,"2,2,3,3,5,5-Hexamethylhexane"
qlogei_target,8,74,672,521.85,False,33,3-Methyltridecane
qlogei_target,8,75,1174,455.9,True,34,"2,2,6,6-Tetramethyloctane"
qlogei_target,8,76,1177,457.15,True,35,"2,2,3,3,4-Pentamethylhexane"
qlogei_target,8,77,487,513.15,False,35,2-Tetradecene
qlogei_target,8,78,864,479.15,False,35,6-Methyloctan-1-ol
qlogei_target,8,79,454,421.05,False,35,"2,2,4,5-Tetramethylhexane"
qlogei_target,8,80,853,484.15,False,35,"2,2-Dimethyl-1-octanol"
qlogei_target,8,81,581,515.65,False,35,"3,6,9,12,15,18-Hexaoxaicosane-1,20-diol"
qlogei_target,8,82,1218,462.15,True,36,"2,4-Dimethyl-4-propylheptane"
qlogei_target,8,83,343,417.15,False,36,3-Methyloctane
qlogei_target,8,84,212,339.05,False,36,"N,N-Diethylmethylamine"
qlogei_target,8,85,610,427.15,False,36,5-Methyl-3-heptanol
qlogei_target,8,86,1115,462.15,True,37,"3,3-Diethyl-2,2-dimethylpentane"
qlogei_target,8,87,349,362.15,False,37,"1,6-Heptadiene"
qlogei_target,8,88,381,390.25,False,37,"1,7-Octadiene"
qlogei_target,8,89,118,617.25,False,37,Eicosane
qlogei_target,8,90,687,321.35,False,37,"2,3-Pentadiene"
qlogei_target,8,91,696,455.44,True,38,Undec-4-ene
qlogei_target,8,92,586,423.15,False,38,2-Pentyn-1-ol
qlogei_target,8,93,324,538.15,False,38,2-Tridecanol
qlogei_target,8,94,1004,406.45,False,38,"trans-2,2-Dimethyl-3-heptene"
qlogei_target,8,95,941,383.65,False,38,"N,N-Diisopropylmethylamine"
qlogei_target,8,96,1022,478.54,False,38,3-Octen-2-OL
qlogei_target,8,97,105,423.95,False,38,Nonane
qlogei_target,8,98,190,332.35,False,38,"1,5-Hexadiene"
qlogei_target,8,99,760,405.15,False,38,"2,4-Dimethyl-4-penten-2-ol"
qlogei_target,8,100,532,433.15,False,38,3-Ethyl-3-hexanol
qlogei_target,8,101,533,452.15,False,38,4-Ethyl-4-heptanol
qlogei_target,8,102,734,462.0,True,39,"1,10-Undecadiene"
qlogei_target,8,103,42,438.2,False,39,"N,N,N',N'-Tetramethyl-1,3-butanediamine"
qlogei_target,8,104,933,460.94,True,40,2-Heptyn-1-ol
qlogei_target,8,105,558,494.15,False,40,"2-Methyl-1,3-propanediol"
qlogei_target,8,106,981,453.15,True,41,3-Methyl-4-octanol
qlogei_target,8,107,149,460.15,True,42,Diisoamylamine
qlogei_target,8,108,1200,432.40963,False,42,"3,4,4-Trimethylpentan-2-ol"
qlogei_target,8,109,216,391.65,False,42,3-Ethylhexane
qlogei_target,8,110,114,614.65,False,42,Tetraethylenepentamine
qlogei_target,8,111,932,461.15,True,43,3-Ethylnonane
qlogei_target,8,112,251,632.15,False,43,Heneicosane
qlogei_target,8,113,311,584.2,False,43,2-Methylheptadecane
qlogei_target,8,114,1226,462.0,True,44,2-Methyl-5-propyloctane
qlogei_target,8,115,297,433.15,False,44,"2,7-Dimethyloctane"
qlogei_target,8,116,180,457.15,True,45,3-Octanol
qlogei_target,8,117,1196,459.15,True,46,"3,4-Diethyl-3-methylhexane"
qlogei_target,8,118,1069,409.24,False,46,trans-2-Methyl-3-octene
qlogei_target,8,119,208,385.15,False,46,3-Methyl-2-butanol
qlogei_target,8,120,1096,453.15,True,47,"2,7-Dimethylnonane"
qlogei_target,8,121,467,448.15,False,47,"2,6-Dimethyl-3-heptanol"
qlogei_target,8,122,1181,445.15,False,47,2-Methyl-4-isopropylheptane
qlogei_target,8,123,624,435.65,False,47,"3,4,5-Trimethylheptane"
qlogei_target,8,124,926,694.15,False,47,1-Heptacosene
qlogei_target,8,125,1062,547.62,False,47,trans-2-Undecen-1-ol
qlogei_target,8,126,1194,462.15,True,48,4-Isopropyl-4-heptanol
qlogei_target,8,127,839,479.15,False,48,6-Methylundecane
qlogei_target,8,128,1202,452.15,False,48,"4,6-Dimethylnonane"
qlogei_target,8,129,713,419.6563,False,48,"2,4,6-Trimethylheptane"
qlogei_target,8,130,1139,451.15,False,48,4-Isopropyloctane
qlogei_target,8,131,1133,464.89743,True,49,"2,2,3,4-Tetramethylhexan-3-ol"
qlogei_target,8,132,712,471.09534,True,50,5-Undecyne
qlogei_target,8,133,783,511.15,False,50,3-Tridecyne
qlogei_target,8,134,682,810.15,False,50,Dotetracontane
qlogei_target,8,135,749,386.65,False,50,"Hepta-1,3,5-triene"
qlogei_target,8,136,658,454.65,True,51,2-Methyl-3-octanol
qlogei_target,8,137,224,406.15,False,51,"2,4-Dimethyl-2-pentanol"
qlogei_target,8,138,572,370.65,False,51,Tris(2-aminoethyl)amine
qlogei_target,8,139,1247,426.15,False,51,"5,5-Dimethyl-3-hexanol"
qlogei_target,8,140,693,368.08,False,51,"Hepta-2,4-diene"
qlogei_target,8,141,560,457.75,True,52,2-Decyne
qlogei_target,8,142,92,412.75,False,52,Diisobutylamine
qlogei_target,8,143,767,483.16,False,52,4-Dodecyne
qlogei_target,8,144,886,426.0,False,52,"2,3,3,5-Tetramethylhexane"
qlogei_target,8,145,1227,457.15,True,53,"3,3,4,4-Tetramethylheptane"
qlogei_target,8,146,1097,456.15,True,54,"2,8-Dimethylnonane"
qlogei_target,8,147,1114,459.15,True,55,"3-Ethyl-2,2,3,4-tetramethylpentane"
qlogei_target,8,148,193,337.72,False,55,"Hexa-1,3-diene"
qlogei_target,8,149,298,467.15,True,56,Triisobutylamine
qlogei_target,8,150,80,388.65,False,56,N-Methylethylenediamine
random,9,1,1195,544.15,False,0,3-Pentadecyne
random,9,2,1081,461.15,True,1,"2,6-Dimethyl-2,4,6-octatriene"
random,9,3,357,368.15,False,1,2-Methyl-2-hexene
random,9,4,523,459.00627,True,2,"2,2,7,7-Tetramethyloctane"
random,9,5,752,432.32942,False,2,2-Nonyne
random,9,6,142,487.85,False,2,"1,3-Propanediol"
random,9,7,833,504.45,False,2,2-Methyl-1-dodecene
random,9,8,971,410.15,False,2,(3R)-3-methylhex-1-yn-3-ol
random,9,9,803,452.15,False,2,"2,2,3-Trimethyloctane"
random,9,10,895,378.17949,False,2,"3,3,4-Trimethylpent-1-ene"
random,9,11,524,498.95,False,2,"2-Ethyl-2-methyl-1,3-propanediol"
random,9,12,1086,385.15,False,2,5-Methyl-3-heptene
random,9,13,141,300.25,False,2,2-Butyne
random,9,14,1200,432.40963,False,2,"3,4,4-Trimethylpentan-2-ol"
random,9,15,356,490.15,False,2,Hexaethylene glycol
random,9,16,1141,458.15,True,3,4-Tert-butyl-2-methylheptane
random,9,17,1142,436.96,False,3,8-Methylnon-4-yne
random,9,18,891,428.45,False,3,"3-Ethyl-2,2,4-trimethylpentane"
random,9,19,1074,460.26,True,4,"Hepta-2,4-dien-1-ol"
random,9,20,1157,450.15,False,4,"5,5-Dimethylnonane"
random,9,21,542,364.98821,False,4,"5-Methyl-1,4-hexadiene"
random,9,22,602,435.15,False,4,"3,4-Dimethyloctane"
random,9,23,1125,569.15,False,4,2-Hexadecyne
random,9,24,930,455.15,True,5,"3,3-Dimethylnonane"
random,9,25,990,442.65,False,5,3-Hepten-1-ol
random,9,26,1031,392.15,False,5,"1,4-Octadiene"
random,9,27,430,437.15,False,5,"2,3-Dimethyl-1-pentanol"
random,9,28,1228,471.15,True,6,"3,4-Dimethyl-4-propylheptane"
random,9,29,361,539.5,False,6,3-Methylpentadecane
random,9,30,976,392.4,False,6,"(E)-3,4-Dimethylhex-3-ene"
random,9,31,1207,476.15,False,6,"3,3-Diethyl-2-methylheptane"
random,9,32,918,472.15,True,7,"3,4,5,6-Tetramethyloctane"
random,9,33,635,459.15,True,8,5-Methyldecane
random,9,34,1208,459.15,True,9,"3,3-Diethyl-2-methylhexane"
random,9,35,369,433.15,False,9,"4,4-Dimethyl-1-pentanol"
random,9,36,1232,467.8,True,10,"3,4,5,5-Tetramethylhexan-3-ol"
random,9,37,260,777.15,False,10,Hexatriacontane
random,9,38,1248,413.15,False,10,"3,5-Dimethyl-2,4-heptadiene"
random,9,39,137,353.95,False,10,"2,2,3-Trimethylbutane"
random,9,40,1099,410.15,False,10,2-Methyl-2-buten-1-OL
random,9,41,1144,447.15,False,10,"3,3,5-Trimethyloctane"
random,9,42,1149,437.15,False,10,"2,4,4,6-Tetramethylheptane"
random,9,43,683,376.4,False,10,Non-3-yn-1-ol
random,9,44,95,405.15,False,10,Hexylamine
random,9,45,715,440.15,False,10,2-Methyl-1-nonene
random,9,46,588,353.15,False,10,"N,N-Dimethylisobutylamine"
random,9,47,135,238.35,False,10,Allene
random,9,48,723,391.0,False,10,4-Methylhept-3-ene
random,9,49,745,389.15,False,10,3-Ethyl-3-hexene
random,9,50,982,440.15,False,10,"3,3-Dimethylpentan-1-ol"
random,9,51,156,359.15,False,10,"3,3-Dimethylpentane"
random,9,52,1199,468.15,True,11,"2,2,3,3,5,5-Hexamethylhexane"
random,9,53,175,390.85,False,11,4-Methylheptane
random,9,54,502,441.65,False,11,2-Methylhexan-1-ol
random,9,55,536,361.15,False,11,"1,5-Hexadiyne"
random,9,56,770,572.16,False,11,1-Heptadecyne
random,9,57,218,407.0,False,11,3-Hexanol
random,9,58,967,502.15,False,11,Nerol
random,9,59,462,503.45,False,11,3-Methyldodecane
random,9,60,681,112.15,False,11,(2H4)Methane
random,9,61,1010,524.08,False,11,trans-6-Tetradecene
random,9,62,394,451.65,False,11,2-Octanol
random,9,63,942,559.15,False,11,3-Hexadecyne
random,9,64,654,534.65,False,11,7-Ethyl-2-methyl-4-undecanol
random,9,65,909,433.26,False,11,"3-Ethyl-2,4-dimethylhexane"
random,9,66,731,353.7,False,11,"1,4-Hexadiyne"
random,9,67,325,447.25,False,11,Decane
random,9,68,207,354.15,False,11,"1,2-Dimethylpropylamine"
random,9,69,310,599.15,False,11,2-Methyloctadecane
random,9,70,1105,468.15,True,12,"2,3,4,5,6-Pentamethylheptane"
random,9,71,991,355.55,False,12,"(2Z,4Z)-2,4-Hexadiene"
random,9,72,914,456.46543,True,13,"4,4-Diethylheptane"
random,9,73,738,420.65,False,13,"Octa-2,4,6-triene"
random,9,74,49,498.15,False,13,5-Ethyl-2-nonanol
random,9,75,269,344.35,False,13,1-Hexyne
random,9,76,8,467.85,True,14,1-Octanol
random,9,77,710,467.14283,True,15,4-Propyl-4-heptanol
random,9,78,968,342.05,False,15,cis-2-Hexene
random,9,79,220,442.15,False,15,"1,3-Dimethoxy-2-propanol"
random,9,80,756,498.15,False,15,6-Ethyl-3-decanol
random,9,81,350,438.15,False,15,"1,8-Nonadiyne"
random,9,82,318,404.15,False,15,1-Ethoxy-2-propanol
random,9,83,283,413.15,False,15,"3,4-Dimethylheptane"
random,9,84,786,479.15,False,15,2-Undecyne
random,9,85,729,334.15,False,15,4-Methyl-1-pentyne
random,9,86,465,684.15,False,15,1-Hexacosene
random,9,87,112,486.55,False,15,1-Dodecene
random,9,88,1110,475.15,False,15,N-Ethyloctylamine
random,9,89,65,370.05,False,15,Allyl alcohol
random,9,90,18,410.75,False,15,1-Pentanol
random,9,91,15,355.36,False,15,Isopropyl Alcohol
random,9,92,391,436.15,False,15,"2,6-Dimethyl-2-octene"
random,9,93,744,385.15,False,15,"3,4-Dimethyl-1-hexene"
random,9,94,689,341.15,False,15,"2,3-Hexadiene"
random,9,95,983,450.15,False,15,"3-Ethyl-2,4,5-trimethylhexane"
random,9,96,986,426.15,False,15,trans-3-Hexen-1-ol
random,9,97,56,497.15,False,15,"3,7-Dimethyloctan-1-ol"
random,9,98,674,438.0,False,15,"3,4-Dimethyl-1-pentanol"
random,9,99,774,475.15,False,15,5-Methyl-5-nonanol
random,9,100,628,417.15,False,15,1-Tert-butoxy-2-propanol
random,9,101,828,384.0,False,15,"2,4-Dimethyl-2-hexene"
random,9,102,343,417.15,False,15,3-Methyloctane
random,9,103,422,395.15,False,15,"2,3-Dimethyl-2-hexene"
random,9,104,47,480.15,False,15,Tributylamine
random,9,105,1061,524.74,False,15,2-Decen-1-ol
random,9,106,927,674.15,False,15,1-Pentacosene
random,9,107,784,506.04,False,15,4-Tridecyne
random,9,108,860,367.15,False,15,2-Ethyl-1-pentene
random,9,109,595,594.15,False,15,N-Methylhexadecylamine
random,9,110,989,470.15,True,16,"(4R)-2-Methylpentane-2,4-diol"
random,9,111,1116,467.15,True,17,"2,2,3,3,4,4-Hexamethylpentane"
random,9,112,1215,449.15,False,17,"2,4,5-Trimethyloctane"
random,9,113,368,413.15,False,17,3-Ethyl-4-methylhexane
random,9,114,965,396.15,False,17,2-Buten-1-ol
random,9,115,409,462.15,True,18,3-Methyl-3-octanol
random,9,116,938,447.15,False,18,"2,2,3,5-Tetramethylheptane"
random,9,117,610,427.15,False,18,5-Methyl-3-heptanol
random,9,118,160,328.74,False,18,"2,3-Dimethyl-1-butene"
random,9,119,903,458.15,True,19,2-(Pentyloxy)ethanol
random,9,120,801,652.15,False,19,1-Tricosene
random,9,121,701,330.02093,False,19,3-Methyl-1-pentyne
random,9,122,266,332.15,False,19,4-Methyl-2-pentene
random,9,123,186,299.05,False,19,"1,4-Pentadiene"
random,9,124,950,364.15,False,19,"trans-3,4-Dimethyl-2-pentene"
random,9,125,596,372.4,False,19,(R)-(-)-2-Butanol
random,9,126,239,466.65,True,20,2-Nonanol
random,9,127,1055,387.4,False,20,"2,6-Dimethyl-3-heptene"
random,9,128,958,426.0,False,20,(S)-(+)-3-Methyl-1-pentanol
random,9,129,714,402.65,False,20,"2,4-Hexadiyne"
random,9,130,265,680.15,False,20,Docosanol
random,9,131,482,446.55,False,20,trans-2-Decene
random,9,132,128,380.65,False,20,Dipropylamine
random,9,133,420,484.15,False,20,2-Methylundecane
random,9,134,6,351.39,False,20,Ethanol
random,9,135,796,479.94,False,20,6-Methyl-6-hepten-4-yn-3-ol
random,9,136,1243,467.15,True,21,"2,3-Dimethyl-4-propylheptane"
random,9,137,692,392.7,False,21,2-Methyl-4-penten-2-ol
random,9,138,946,388.4,False,21,N-Methyldipropylamine
random,9,139,883,429.88033,False,21,"2,2,3,4-Tetramethylhexane"
random,9,140,703,407.15,False,21,"4,4-Dimethylheptane"
random,9,141,873,435.36,False,21,4-Ethyl-3-methylheptane
random,9,142,840,471.15,True,22,"2,5-Dimethyldecane"
random,9,143,153,314.39,False,22,"3,3-Dimethyl-1-butene"
random,9,144,1218,462.15,True,23,"2,4-Dimethyl-4-propylheptane"
random,9,145,997,460.44,True,24,"(E,E,Z)-Undeca-1,3,5,8-tetraene"
random,9,146,273,329.15,False,24,"2-Methyl-1,4-pentadiene"
random,9,147,750,523.15,False,24,2-Methyl-1-tridecene
random,9,148,585,618.15,False,24,1-Nonadecanol
random,9,149,34,307.15,False,24,Isoprene
random,9,150,1057,394.15,False,24,3-Methyl-3-heptene
mw_heuristic,9,1,1195,544.15,False,0,3-Pentadecyne
mw_heuristic,9,2,1081,461.15,True,1,"2,6-Dimethyl-2,4,6-octatriene"
mw_heuristic,9,3,357,368.15,False,1,2-Methyl-2-hexene
mw_heuristic,9,4,523,459.00627,True,2,"2,2,7,7-Tetramethyloctane"
mw_heuristic,9,5,752,432.32942,False,2,2-Nonyne
mw_heuristic,9,6,142,487.85,False,2,"1,3-Propanediol"
mw_heuristic,9,7,833,504.45,False,2,2-Methyl-1-dodecene
mw_heuristic,9,8,971,410.15,False,2,(3R)-3-methylhex-1-yn-3-ol
mw_heuristic,9,9,803,452.15,False,2,"2,2,3-Trimethyloctane"
mw_heuristic,9,10,895,378.17949,False,2,"3,3,4-Trimethylpent-1-ene"
mw_heuristic,9,11,1076,456.28,True,3,"1,3,5-Undecatriene"
mw_heuristic,9,12,39,653.15,False,3,Xylitol
mw_heuristic,9,13,668,514.75,False,3,"3,7-Dimethylocta-1,5,7-trien-3-ol"
mw_heuristic,9,14,1072,514.75,False,3,Hotrienol
mw_heuristic,9,15,559,469.15,True,4,1-Undecyne
mw_heuristic,9,16,400,459.15,True,5,6-Methylhept-5-en-2-ol
mw_heuristic,9,17,974,447.15,False,5,(S)-1-Octen-3-ol
mw_heuristic,9,18,1022,478.54,False,5,3-Octen-2-OL
mw_heuristic,9,19,1070,448.15,False,5,2-Octen-4-ol
mw_heuristic,9,20,105,423.95,False,5,Nonane
mw_heuristic,9,21,8,467.85,True,6,1-Octanol
mw_heuristic,9,22,51,459.35,True,7,2-Ethylhexan-1-ol
mw_heuristic,9,23,91,417.15,False,7,"N,N,N',N'-Tetramethyl-1,3-propanediamine"
mw_heuristic,9,24,177,448.15,False,7,4-Octanol
mw_heuristic,9,25,180,457.15,True,8,3-Octanol
mw_heuristic,9,26,121,517.15,False,8,"2,2-Diethyl-1,3-propanediol"
mw_heuristic,9,27,242,535.15,False,8,"1,7-Heptanediol"
mw_heuristic,9,28,408,445.15,False,8,1-Butoxy-2-propanol
mw_heuristic,9,29,526,507.15,False,8,"2-Methyl-2-propylpropane-1,3-diol"
mw_heuristic,9,30,569,363.15,False,8,"1,2-Heptanediol"
mw_heuristic,9,31,628,417.15,False,8,1-Tert-butoxy-2-propanol
mw_heuristic,9,32,903,458.15,True,9,2-(Pentyloxy)ethanol
mw_heuristic,9,33,203,439.15,False,9,3-Methyl-3-heptanol
mw_heuristic,9,34,226,446.15,False,9,2-Methyl-2-heptanol
mw_heuristic,9,35,347,445.56825,False,9,"2,2-Dimethyl-1-hexanol"
mw_heuristic,9,36,58,443.15,False,9,"1,2,6-Hexanetriol"
mw_heuristic,9,37,93,506.15,False,9,"1,1'-Oxydi-2-propanol"
mw_heuristic,9,38,217,440.15,False,9,"2,2-Diethoxyethanol"
mw_heuristic,9,39,122,631.0,False,9,Pentaerythritol
mw_heuristic,9,40,471,444.15,False,9,Myrcene
mw_heuristic,9,41,382,427.65,False,9,"2,5-Dimethyl-2-hexanol"
mw_heuristic,9,42,394,451.65,False,9,2-Octanol
mw_heuristic,9,43,426,426.41115,False,9,"3,4,4-Trimethyl-3-pentanol"
mw_heuristic,9,44,442,430.15,False,9,4-Methyl-3-heptanol
mw_heuristic,9,45,472,438.76616,False,9,"2,2,4-Trimethyl-1-pentanol"
mw_heuristic,9,46,1083,440.64,False,9,"(E,Z)-2,6-Dimethylocta-2,4,6-triene"
mw_heuristic,9,47,46,423.15,False,9,Triallylamine
mw_heuristic,9,48,490,439.15,False,9,3-Methyl-2-heptanol
mw_heuristic,9,49,497,445.15,False,9,5-Methyl-2-heptanol
mw_heuristic,9,50,506,438.15,False,9,3-(Diethylamino)propylamine
mw_heuristic,9,51,276,447.15,False,9,1-Decyne
mw_heuristic,9,52,322,437.15,False,9,"1,9-Decadiene"
mw_heuristic,9,53,330,451.15,False,9,5-Decyne
mw_heuristic,9,54,348,437.4,False,9,4-Decyne
mw_heuristic,9,55,352,439.15,False,9,Dihydromyrcene
mw_heuristic,9,56,560,457.75,True,10,2-Decyne
mw_heuristic,9,57,748,430.94,False,10,Di-t-butylacetylene
mw_heuristic,9,58,834,439.88857,False,10,"2,7-Dimethyl-2,6-octadiene"
mw_heuristic,9,59,944,434.17,False,10,"2,2-Dimethyl-3-octyne"
mw_heuristic,9,60,1000,441.15,False,10,"cis-2,6-Dimethyl-2,6-octadiene"
mw_heuristic,9,61,500,506.02,False,10,"3,6-Nonadien-1-ol"
mw_heuristic,9,62,683,376.4,False,10,Non-3-yn-1-ol
mw_heuristic,9,63,280,444.15,False,10,1-Decene
mw_heuristic,9,64,391,436.15,False,10,"2,6-Dimethyl-2-octene"
mw_heuristic,9,65,428,442.75,False,10,5-Decene
mw_heuristic,9,66,126,479.15,False,10,"2,5-Dimethyl-3-hexyne-2,5-diol"
mw_heuristic,9,67,625,466.65,True,11,1-Nonen-3-ol
mw_heuristic,9,68,279,440.15,False,11,2-Methylnonane
mw_heuristic,9,69,295,410.15,False,11,"2,2,5,5-Tetramethylhexane"
mw_heuristic,9,70,297,433.15,False,11,"2,7-Dimethyloctane"
mw_heuristic,9,71,45,426.15,False,11,Tripropylamine
mw_heuristic,9,72,331,471.15,True,12,Nonylamine
mw_heuristic,9,73,334,445.15,False,12,"N,N-Dimethylheptylamine"
mw_heuristic,9,74,376,432.15,False,12,N-Methyldibutylamine
mw_heuristic,9,75,563,351.65,False,12,n-Methyloctan-1-amine
mw_heuristic,9,76,997,460.44,True,13,"(E,E,Z)-Undeca-1,3,5,8-tetraene"
mw_heuristic,9,77,83,506.15,False,13,"2,5-Dimethyl-2,5-hexanediol"
mw_heuristic,9,78,109,481.15,False,13,2-(Hexyloxy)ethanol
mw_heuristic,9,79,133,503.25,False,13,"2,2,4-Trimethyl-1,3-pentanediol"
mw_heuristic,9,80,537,418.15,False,13,"1,8-Octanediol"
mw_heuristic,9,81,572,370.65,False,13,Tris(2-aminoethyl)amine
mw_heuristic,9,82,54,505.15,False,13,"N,N-Bis(3-aminopropyl)methylamine"
mw_heuristic,9,83,42,438.2,False,13,"N,N,N',N'-Tetramethyl-1,3-butanediamine"
mw_heuristic,9,84,123,394.15,False,13,"N,N-Diisopropylethylenediamine"
mw_heuristic,9,85,518,327.65,False,13,"N,N,N'-Triethylethylenediamine"
mw_heuristic,9,86,712,471.09534,True,14,5-Undecyne
mw_heuristic,9,87,734,462.0,True,15,"1,10-Undecadiene"
mw_heuristic,9,88,786,479.15,False,15,2-Undecyne
mw_heuristic,9,89,787,473.15,False,15,3-Undecyne
mw_heuristic,9,90,788,471.65,True,16,4-Undecyne
mw_heuristic,9,91,1216,457.05,True,17,"3,3-Dimethylnon-4-yne"
mw_heuristic,9,92,967,502.15,False,17,Nerol
mw_heuristic,9,93,278,465.85,True,18,1-Undecene
mw_heuristic,9,94,696,455.44,True,19,Undec-4-ene
mw_heuristic,9,95,699,465.45,True,20,5-Undecene
mw_heuristic,9,96,825,463.85,True,21,2-Methyl-1-decene
mw_heuristic,9,97,1021,466.15,True,22,(E)-4-Undecene
mw_heuristic,9,98,57,497.15,False,22,(-)-Citronellol
mw_heuristic,9,99,1001,524.74,False,22,(E)-3-Decenol
mw_heuristic,9,100,1061,524.74,False,22,2-Decen-1-ol
mw_heuristic,9,101,520,441.15,False,22,"N,N,N',N'-Tetramethyl-1,4-butanediamine"
mw_heuristic,9,102,221,467.9,True,23,3-Nonanol
mw_heuristic,9,103,239,466.65,True,24,2-Nonanol
mw_heuristic,9,104,319,446.15,False,24,"3,6-Dimethyl-3-heptanol"
mw_heuristic,9,105,351,479.15,False,24,Isononyl alcohol
mw_heuristic,9,106,379,466.15,True,25,"3,5,5-Trimethyl-1-hexanol"
mw_heuristic,9,107,409,462.15,True,26,3-Methyl-3-octanol
mw_heuristic,9,108,412,465.65,True,27,4-Nonanol
mw_heuristic,9,109,467,448.15,False,27,"2,6-Dimethyl-3-heptanol"
mw_heuristic,9,110,468,452.15,False,27,"3,5-Dimethyl-4-heptanol"
mw_heuristic,9,111,533,452.15,False,27,4-Ethyl-4-heptanol
mw_heuristic,9,112,594,443.15,False,27,"2,6-Dimethyl-2-heptanol"
mw_heuristic,9,113,646,443.15,False,27,"2,2,3-Trimethylhexan-3-ol"
mw_heuristic,9,114,658,454.65,True,28,2-Methyl-3-octanol
mw_heuristic,9,115,669,465.4,True,29,4-Methyl-2-propylpentan-1-ol
mw_heuristic,9,116,735,439.15,False,29,"2,2,4,4-Tetramethylpentan-3-ol"
mw_heuristic,9,117,769,453.22759,True,30,4-Methyl-4-octanol
mw_heuristic,9,118,811,451.05,False,30,"3-Ethyl-2,4-dimethylpentan-3-ol"
mw_heuristic,9,119,864,479.15,False,30,6-Methyloctan-1-ol
mw_heuristic,9,120,905,438.65,False,30,"3,4,4-Trimethylhexan-3-ol"
mw_heuristic,9,121,906,444.86543,False,30,"2,4,4-Trimethyl-3-hexanol"
mw_heuristic,9,122,978,447.15,False,30,"3-Ethyl-2,2-dimethyl-3-pentanol"
mw_heuristic,9,123,981,453.15,True,31,3-Methyl-4-octanol
mw_heuristic,9,124,1108,447.15,False,31,"2,2-Dimethyl-4-heptanol"
mw_heuristic,9,125,1178,452.15,False,31,"2,3,4-Trimethylhexan-3-ol"
mw_heuristic,9,126,1211,468.15,True,32,2-Ethyl-4-methylhexan-1-ol
mw_heuristic,9,127,1092,524.74,False,32,Dec-4-en-1-ol
mw_heuristic,9,128,302,469.05,True,33,Undecane
mw_heuristic,9,129,360,461.15,True,34,4-Methyldecane
mw_heuristic,9,130,419,462.35,True,35,2-Methyldecane
mw_heuristic,9,131,306,426.15,False,35,"2,5,5-Trimethylheptane"
mw_heuristic,9,132,325,447.25,False,35,Decane
mw_heuristic,9,133,337,431.15,False,35,"2,6-Dimethyloctane"
mw_heuristic,9,134,387,413.06493,False,35,"2,3,6-Trimethylheptane"
mw_heuristic,9,135,411,441.15,False,35,3-Methylnonane
mw_heuristic,9,136,457,452.15,False,35,"2,5-Dimethylnonane"
mw_heuristic,9,137,458,452.15,False,35,"2,6-Dimethylnonane"
mw_heuristic,9,138,459,457.15,True,36,"3,7-Dimethylnonane"
mw_heuristic,9,139,503,452.15,False,36,"2,3,7-Trimethyloctane"
mw_heuristic,9,140,606,455.15,True,37,"4,5-Dimethylnonane"
mw_heuristic,9,141,627,465.15,True,38,3-Methyldecane
mw_heuristic,9,142,635,459.15,True,39,5-Methyldecane
mw_heuristic,9,143,676,453.15,True,40,"2,3,6-Trimethyloctane"
mw_heuristic,9,144,777,436.15,False,40,"2,2,6,6-Tetramethylheptane"
mw_heuristic,9,145,791,449.15,False,40,"2,2,4,4,5-Pentamethylhexane"
mw_heuristic,9,146,793,439.15,False,40,"2,2,5,5-Tetramethylheptane"
mw_heuristic,9,147,794,453.15,True,41,"3,3,5,5-Tetramethylheptane"
mw_heuristic,9,148,804,450.15,False,41,"2,3,5-Trimethyloctane"
mw_heuristic,9,149,845,443.15834,False,41,"2,2,4-Trimethyloctane"
mw_heuristic,9,150,856,448.0,False,41,"2,3-Dimethylnonane"
greedy_gp,9,1,1195,544.15,False,0,3-Pentadecyne
greedy_gp,9,2,1081,461.15,True,1,"2,6-Dimethyl-2,4,6-octatriene"
greedy_gp,9,3,357,368.15,False,1,2-Methyl-2-hexene
greedy_gp,9,4,523,459.00627,True,2,"2,2,7,7-Tetramethyloctane"
greedy_gp,9,5,752,432.32942,False,2,2-Nonyne
greedy_gp,9,6,142,487.85,False,2,"1,3-Propanediol"
greedy_gp,9,7,833,504.45,False,2,2-Methyl-1-dodecene
greedy_gp,9,8,971,410.15,False,2,(3R)-3-methylhex-1-yn-3-ol
greedy_gp,9,9,803,452.15,False,2,"2,2,3-Trimethyloctane"
greedy_gp,9,10,895,378.17949,False,2,"3,3,4-Trimethylpent-1-ene"
greedy_gp,9,11,773,387.0,False,2,"1,3,4-Hexatriene"
greedy_gp,9,12,551,388.65,False,2,"1,4-Pentadien-3-ol"
greedy_gp,9,13,6,351.39,False,2,Ethanol
greedy_gp,9,14,394,451.65,False,2,2-Octanol
greedy_gp,9,15,972,449.65,False,2,(S)-(+)-2-Octanol
greedy_gp,9,16,981,453.15,True,3,3-Methyl-4-octanol
greedy_gp,9,17,669,465.4,True,4,4-Methyl-2-propylpentan-1-ol
greedy_gp,9,18,1211,468.15,True,5,2-Ethyl-4-methylhexan-1-ol
greedy_gp,9,19,1097,456.15,True,6,"2,8-Dimethylnonane"
greedy_gp,9,20,1096,453.15,True,7,"2,7-Dimethylnonane"
greedy_gp,9,21,322,437.15,False,7,"1,9-Decadiene"
greedy_gp,9,22,331,471.15,True,8,Nonylamine
greedy_gp,9,23,419,462.35,True,9,2-Methyldecane
greedy_gp,9,24,627,465.15,True,10,3-Methyldecane
greedy_gp,9,25,360,461.15,True,11,4-Methyldecane
greedy_gp,9,26,979,452.15,False,11,"2,3,4,5-Tetramethylheptane"
greedy_gp,9,27,1215,449.15,False,11,"2,4,5-Trimethyloctane"
greedy_gp,9,28,530,450.15,False,11,"2-Methylpropane-1,2-diol"
greedy_gp,9,29,625,466.65,True,12,1-Nonen-3-ol
greedy_gp,9,30,1152,452.15,False,12,"3,4,6-Trimethyloctane"
greedy_gp,9,31,58,443.15,False,12,"1,2,6-Hexanetriol"
greedy_gp,9,32,792,455.15,True,13,"2,4,6-Trimethyl-4-heptanol"
greedy_gp,9,33,555,640.15,False,13,1-Docosene
greedy_gp,9,34,736,518.0,False,13,"2,3,4-Pentanetriol"
greedy_gp,9,35,478,528.15,False,13,"2,4,7,9-Tetramethyl-5-decyne-4,7-diol"
greedy_gp,9,36,559,469.15,True,14,1-Undecyne
greedy_gp,9,37,1183,457.0,True,15,"2,4,4,7-Tetramethyloctane"
greedy_gp,9,38,647,448.15,False,15,"2-Methylbutane-2,3-diol"
greedy_gp,9,39,681,112.15,False,15,(2H4)Methane
greedy_gp,9,40,853,484.15,False,15,"2,2-Dimethyl-1-octanol"
greedy_gp,9,41,42,438.2,False,15,"N,N,N',N'-Tetramethyl-1,3-butanediamine"
greedy_gp,9,42,104,444.15,False,15,2-Butoxyethanol
greedy_gp,9,43,520,441.15,False,15,"N,N,N',N'-Tetramethyl-1,4-butanediamine"
greedy_gp,9,44,477,480.15,False,15,Neopentyl glycol
greedy_gp,9,45,1204,479.15,False,15,"3,3-Diethyl-2,2,4-trimethylpentane"
greedy_gp,9,46,1076,456.28,True,16,"1,3,5-Undecatriene"
greedy_gp,9,47,1233,452.15,False,16,3-Methyl-4-propylheptane
greedy_gp,9,48,1241,457.15,True,17,"2,2,5,5-Tetramethyloctane"
greedy_gp,9,49,1166,459.9,True,18,"3,3-Diethylheptane"
greedy_gp,9,50,658,454.65,True,19,2-Methyl-3-octanol
greedy_gp,9,51,635,459.15,True,20,5-Methyldecane
greedy_gp,9,52,505,417.15,False,20,"N,N-Diethylethylenediamine"
greedy_gp,9,53,922,457.15,True,21,4-Ethylnonane
greedy_gp,9,54,529,465.15,True,22,"N,N,N',N'-Tetraethylethylenediamine"
greedy_gp,9,55,932,461.15,True,23,3-Ethylnonane
greedy_gp,9,56,364,471.15,True,24,"1,1,4,7,7-Pentamethyldiethylenetriamine"
greedy_gp,9,57,57,497.15,False,24,(-)-Citronellol
greedy_gp,9,58,916,472.15,True,25,"3,6-Dimethyl-3-ethyl-octane"
greedy_gp,9,59,696,455.44,True,26,Undec-4-ene
greedy_gp,9,60,1021,466.15,True,27,(E)-4-Undecene
greedy_gp,9,61,699,465.45,True,28,5-Undecene
greedy_gp,9,62,242,535.15,False,28,"1,7-Heptanediol"
greedy_gp,9,63,149,460.15,True,29,Diisoamylamine
greedy_gp,9,64,796,479.94,False,29,6-Methyl-6-hepten-4-yn-3-ol
greedy_gp,9,65,241,481.15,False,29,"Hexane-1,6-diol"
greedy_gp,9,66,704,409.64,False,29,"2,4,6-Octatriyne"
greedy_gp,9,67,97,514.15,False,29,"1,5-Pentanediol"
greedy_gp,9,68,1206,462.15,True,30,"3,3-Diethyl-2,4-dimethylpentane"
greedy_gp,9,69,408,445.15,False,30,1-Butoxy-2-propanol
greedy_gp,9,70,581,515.65,False,30,"3,6,9,12,15,18-Hexaoxaicosane-1,20-diol"
greedy_gp,9,71,8,467.85,True,31,1-Octanol
greedy_gp,9,72,903,458.15,True,32,2-(Pentyloxy)ethanol
greedy_gp,9,73,499,473.15,False,32,"2,2,3-Trimethylnonane"
greedy_gp,9,74,734,462.0,True,33,"1,10-Undecadiene"
greedy_gp,9,75,677,460.65,True,34,"2,2,4,4,6-Pentamethylheptane"
greedy_gp,9,76,795,462.9,True,35,"3,3,6,6-Tetramethyloctane"
greedy_gp,9,77,1236,466.15,True,36,"2,2,3,3,6-Pentamethylheptane"
greedy_gp,9,78,933,460.94,True,37,2-Heptyn-1-ol
greedy_gp,9,79,1022,478.54,False,37,3-Octen-2-OL
greedy_gp,9,80,1216,457.05,True,38,"3,3-Dimethylnon-4-yne"
greedy_gp,9,81,974,447.15,False,38,(S)-1-Octen-3-ol
greedy_gp,9,82,712,471.09534,True,39,5-Undecyne
greedy_gp,9,83,788,471.65,True,40,4-Undecyne
greedy_gp,9,84,787,473.15,False,40,3-Undecyne
greedy_gp,9,85,786,479.15,False,40,2-Undecyne
greedy_gp,9,86,1070,448.15,False,40,2-Octen-4-ol
greedy_gp,9,87,1074,460.26,True,41,"Hepta-2,4-dien-1-ol"
greedy_gp,9,88,1240,459.15,True,42,"2,2,5,5,6-Pentamethylheptane"
greedy_gp,9,89,1199,468.15,True,43,"2,2,3,3,5,5-Hexamethylhexane"
greedy_gp,9,90,1221,463.15,True,44,"2,6,6-Trimethylnonane"
greedy_gp,9,91,438,451.15,False,44,"2,2,4,6,6-Pentamethylheptane"
greedy_gp,9,92,1164,464.15,True,45,"2,2,4-Trimethylnonane"
greedy_gp,9,93,1223,463.15,True,46,"2,5,5-Trimethylnonane"
greedy_gp,9,94,1115,462.15,True,47,"3,3-Diethyl-2,2-dimethylpentane"
greedy_gp,9,95,1,455.15,True,48,"2,3-Butanediol"
greedy_gp,9,96,9,460.45,True,49,Propylene Glycol
greedy_gp,9,97,814,461.15,True,50,"R-1,2-Propanediol"
greedy_gp,9,98,0,470.65,True,51,Ethylene Glycol
greedy_gp,9,99,807,456.65,True,52,"meso-2,3-Butanediol"
greedy_gp,9,100,810,350.5,False,52,"(R,R)-2,3-butanediol"
greedy_gp,9,101,661,478.65,False,52,"3,3-Dimethyl-1,2-butanediol"
greedy_gp,9,102,1133,464.89743,True,53,"2,2,3,4-Tetramethylhexan-3-ol"
greedy_gp,9,103,1232,467.8,True,54,"3,4,5,5-Tetramethylhexan-3-ol"
greedy_gp,9,104,1249,460.65,True,55,"2,2,4,4-Tetramethyl-3-hexanol"
greedy_gp,9,105,267,473.15,False,55,"2-Methyl-1,3-butanediol"
greedy_gp,9,106,139,469.65,True,56,"3-Butene-1,2-diol"
greedy_gp,9,107,30,447.15,False,56,Pinacol
greedy_gp,9,108,825,463.85,True,57,2-Methyl-1-decene
greedy_gp,9,109,997,460.44,True,58,"(E,E,Z)-Undeca-1,3,5,8-tetraene"
greedy_gp,9,110,1225,447.15,False,58,2-Methyl-4-propylheptane
greedy_gp,9,111,122,631.0,False,58,Pentaerythritol
greedy_gp,9,112,558,494.15,False,58,"2-Methyl-1,3-propanediol"
greedy_gp,9,113,170,469.1,True,59,"1,2-Butanediol"
greedy_gp,9,114,54,505.15,False,59,"N,N-Bis(3-aminopropyl)methylamine"
greedy_gp,9,115,1135,476.15,False,59,"3,3-Dimethyldecane"
greedy_gp,9,116,813,481.15,False,59,"3-Methyl-1,3-butanediol"
greedy_gp,9,117,1154,459.4,True,60,"2,4,5,7-Tetramethyloctane"
greedy_gp,9,118,1182,453.15,True,61,4-Ethyl-5-methyloctane
greedy_gp,9,119,533,452.15,False,61,4-Ethyl-4-heptanol
greedy_gp,9,120,1245,469.15,True,62,"2,4,4,5,5-Pentamethylheptane"
greedy_gp,9,121,15,355.36,False,62,Isopropyl Alcohol
greedy_gp,9,122,1105,468.15,True,63,"2,3,4,5,6-Pentamethylheptane"
greedy_gp,9,123,864,479.15,False,63,6-Methyloctan-1-ol
greedy_gp,9,124,221,467.9,True,64,3-Nonanol
greedy_gp,9,125,1114,459.15,True,65,"3-Ethyl-2,2,3,4-tetramethylpentane"
greedy_gp,9,126,468,452.15,False,65,"3,5-Dimethyl-4-heptanol"
greedy_gp,9,127,460,474.15,False,65,"2,2-Dimethyldecane"
greedy_gp,9,128,1160,460.15,True,66,"4-Ethyl-2,2-dimethyloctane"
greedy_gp,9,129,1192,452.15,False,66,"3,5-Diethylheptane"
greedy_gp,9,130,123,394.15,False,66,"N,N-Diisopropylethylenediamine"
greedy_gp,9,131,1116,467.15,True,67,"2,2,3,3,4,4-Hexamethylpentane"
greedy_gp,9,132,12,478.2,False,67,3-(Dibutylamino)propylamine
greedy_gp,9,133,1141,458.15,True,68,4-Tert-butyl-2-methylheptane
greedy_gp,9,134,621,465.15,True,69,"4,7-Dimethyloctan-4-ol"
greedy_gp,9,135,1150,463.0,True,70,"2,5,8-Trimethylnonane"
greedy_gp,9,136,1187,464.15,True,71,4-Tert-butyloctane
greedy_gp,9,137,1136,464.15,True,72,"4-Ethyl-2,4-dimethyloctane"
greedy_gp,9,138,918,472.15,True,73,"3,4,5,6-Tetramethyloctane"
greedy_gp,9,139,1168,473.15,False,73,"3-Ethyl-3,4-dimethyloctane"
greedy_gp,9,140,919,473.15,False,73,"3,4,7-Trimethylnonane"
greedy_gp,9,141,1203,460.15,True,74,"2,3,3,4,4-Pentamethylhexane"
greedy_gp,9,142,935,469.15,True,75,"3-Ethyl-2,7-dimethyloctane"
greedy_gp,9,143,1174,455.9,True,76,"2,2,6,6-Tetramethyloctane"
greedy_gp,9,144,921,470.15,True,77,"3-Methyl, 3,5-diethyl, heptane"
greedy_gp,9,145,1137,470.15,True,78,"3-Ethyl-2,6-dimethyloctane"
greedy_gp,9,146,1208,459.15,True,79,"3,3-Diethyl-2-methylhexane"
greedy_gp,9,147,1196,459.15,True,80,"3,4-Diethyl-3-methylhexane"
greedy_gp,9,148,1218,462.15,True,81,"2,4-Dimethyl-4-propylheptane"
greedy_gp,9,149,1158,472.15,True,82,"4,4-Dimethyldecane"
greedy_gp,9,150,914,456.46543,True,83,"4,4-Diethylheptane"
prob_in_spec,9,1,1195,544.15,False,0,3-Pentadecyne
prob_in_spec,9,2,1081,461.15,True,1,"2,6-Dimethyl-2,4,6-octatriene"
prob_in_spec,9,3,357,368.15,False,1,2-Methyl-2-hexene
prob_in_spec,9,4,523,459.00627,True,2,"2,2,7,7-Tetramethyloctane"
prob_in_spec,9,5,752,432.32942,False,2,2-Nonyne
prob_in_spec,9,6,142,487.85,False,2,"1,3-Propanediol"
prob_in_spec,9,7,833,504.45,False,2,2-Methyl-1-dodecene
prob_in_spec,9,8,971,410.15,False,2,(3R)-3-methylhex-1-yn-3-ol
prob_in_spec,9,9,803,452.15,False,2,"2,2,3-Trimethyloctane"
prob_in_spec,9,10,895,378.17949,False,2,"3,3,4-Trimethylpent-1-ene"
prob_in_spec,9,11,1083,440.64,False,2,"(E,Z)-2,6-Dimethylocta-2,4,6-triene"
prob_in_spec,9,12,1183,457.0,True,3,"2,4,4,7-Tetramethyloctane"
prob_in_spec,9,13,1174,455.9,True,4,"2,2,6,6-Tetramethyloctane"
prob_in_spec,9,14,1241,457.15,True,5,"2,2,5,5-Tetramethyloctane"
prob_in_spec,9,15,795,462.9,True,6,"3,3,6,6-Tetramethyloctane"
prob_in_spec,9,16,1141,458.15,True,7,4-Tert-butyl-2-methylheptane
prob_in_spec,9,17,1105,468.15,True,8,"2,3,4,5,6-Pentamethylheptane"
prob_in_spec,9,18,1205,473.15,False,8,"3,3-Diethyl-2,4-dimethylhexane"
prob_in_spec,9,19,1154,459.4,True,9,"2,4,5,7-Tetramethyloctane"
prob_in_spec,9,20,918,472.15,True,10,"3,4,5,6-Tetramethyloctane"
prob_in_spec,9,21,1187,464.15,True,11,4-Tert-butyloctane
prob_in_spec,9,22,1136,464.15,True,12,"4-Ethyl-2,4-dimethyloctane"
prob_in_spec,9,23,1218,462.15,True,13,"2,4-Dimethyl-4-propylheptane"
prob_in_spec,9,24,1220,463.15,True,14,"2,5-Dimethyl-4-propylheptane"
prob_in_spec,9,25,916,472.15,True,15,"3,6-Dimethyl-3-ethyl-octane"
prob_in_spec,9,26,1138,463.15,True,16,"4-Ethyl-2,6-dimethyloctane"
prob_in_spec,9,27,499,473.15,False,16,"2,2,3-Trimethylnonane"
prob_in_spec,9,28,935,469.15,True,17,"3-Ethyl-2,7-dimethyloctane"
prob_in_spec,9,29,1137,470.15,True,18,"3-Ethyl-2,6-dimethyloctane"
prob_in_spec,9,30,919,473.15,False,18,"3,4,7-Trimethylnonane"
prob_in_spec,9,31,1223,463.15,True,19,"2,5,5-Trimethylnonane"
prob_in_spec,9,32,1164,464.15,True,20,"2,2,4-Trimethylnonane"
prob_in_spec,9,33,1221,463.15,True,21,"2,6,6-Trimethylnonane"
prob_in_spec,9,34,1236,466.15,True,22,"2,2,3,3,6-Pentamethylheptane"
prob_in_spec,9,35,1222,457.75,True,23,"2,6-Dimethyl-4-propylheptane"
prob_in_spec,9,36,1226,462.0,True,24,2-Methyl-5-propyloctane
prob_in_spec,9,37,1240,459.15,True,25,"2,2,5,5,6-Pentamethylheptane"
prob_in_spec,9,38,1160,460.15,True,26,"4-Ethyl-2,2-dimethyloctane"
prob_in_spec,9,39,1112,470.15,True,27,"5,5-Dimethyldecane"
prob_in_spec,9,40,1150,463.0,True,28,"2,5,8-Trimethylnonane"
prob_in_spec,9,41,1243,467.15,True,29,"2,3-Dimethyl-4-propylheptane"
prob_in_spec,9,42,1230,469.15,True,30,"3,3-Dimethyl-4-propylheptane"
prob_in_spec,9,43,1245,469.15,True,31,"2,4,4,5,5-Pentamethylheptane"
prob_in_spec,9,44,1229,469.15,True,32,"3,5-Dimethyl-4-propylheptane"
prob_in_spec,9,45,1199,468.15,True,33,"2,2,3,3,5,5-Hexamethylhexane"
prob_in_spec,9,46,932,461.15,True,34,3-Ethylnonane
prob_in_spec,9,47,627,465.15,True,35,3-Methyldecane
prob_in_spec,9,48,360,461.15,True,36,4-Methyldecane
prob_in_spec,9,49,419,462.35,True,37,2-Methyldecane
prob_in_spec,9,50,635,459.15,True,38,5-Methyldecane
prob_in_spec,9,51,856,448.0,False,38,"2,3-Dimethylnonane"
prob_in_spec,9,52,459,457.15,True,39,"3,7-Dimethylnonane"
prob_in_spec,9,53,1119,458.15,True,40,"3,4-Dimethylnonane"
prob_in_spec,9,54,922,457.15,True,41,4-Ethylnonane
prob_in_spec,9,55,1096,453.15,True,42,"2,7-Dimethylnonane"
prob_in_spec,9,56,1166,459.9,True,43,"3,3-Diethylheptane"
prob_in_spec,9,57,1196,459.15,True,44,"3,4-Diethyl-3-methylhexane"
prob_in_spec,9,58,1208,459.15,True,45,"3,3-Diethyl-2-methylhexane"
prob_in_spec,9,59,1227,457.15,True,46,"3,3,4,4-Tetramethylheptane"
prob_in_spec,9,60,1177,457.15,True,47,"2,2,3,3,4-Pentamethylhexane"
prob_in_spec,9,61,1115,462.15,True,48,"3,3-Diethyl-2,2-dimethylpentane"
prob_in_spec,9,62,1206,462.15,True,49,"3,3-Diethyl-2,4-dimethylpentane"
prob_in_spec,9,63,1203,460.15,True,50,"2,3,3,4,4-Pentamethylhexane"
prob_in_spec,9,64,1114,459.15,True,51,"3-Ethyl-2,2,3,4-tetramethylpentane"
prob_in_spec,9,65,1116,467.15,True,52,"2,2,3,3,4,4-Hexamethylpentane"
prob_in_spec,9,66,1146,458.15,True,53,"3,4,4,5-Tetramethylheptane"
prob_in_spec,9,67,914,456.46543,True,54,"4,4-Diethylheptane"
prob_in_spec,9,68,921,470.15,True,55,"3-Methyl, 3,5-diethyl, heptane"
prob_in_spec,9,69,302,469.05,True,56,Undecane
prob_in_spec,9,70,1156,471.15,True,57,5-Ethyl-5-methylnonane
prob_in_spec,9,71,924,471.15,True,58,"4,6-Dimethyldecane"
prob_in_spec,9,72,1190,470.15,True,59,"3,5-Diethyloctane"
prob_in_spec,9,73,831,466.15,True,60,"4,5-Diethyloctane"
prob_in_spec,9,74,1179,454.15,True,61,"2,3,3,4,5-Pentamethylhexane"
prob_in_spec,9,75,825,463.85,True,62,2-Methyl-1-decene
prob_in_spec,9,76,699,465.45,True,63,5-Undecene
prob_in_spec,9,77,696,455.44,True,64,Undec-4-ene
prob_in_spec,9,78,1021,466.15,True,65,(E)-4-Undecene
prob_in_spec,9,79,278,465.85,True,66,1-Undecene
prob_in_spec,9,80,1228,471.15,True,67,"3,4-Dimethyl-4-propylheptane"
prob_in_spec,9,81,830,472.15,True,68,4-Ethyl-5-methylnonane
prob_in_spec,9,82,1097,456.15,True,69,"2,8-Dimethylnonane"
prob_in_spec,9,83,734,462.0,True,70,"1,10-Undecadiene"
prob_in_spec,9,84,1076,456.28,True,71,"1,3,5-Undecatriene"
prob_in_spec,9,85,1158,472.15,True,72,"4,4-Dimethyldecane"
prob_in_spec,9,86,997,460.44,True,73,"(E,E,Z)-Undeca-1,3,5,8-tetraene"
prob_in_spec,9,87,659,502.15,False,73,5-Undecanol
prob_in_spec,9,88,323,504.15,False,73,2-Undecanol
prob_in_spec,9,89,480,501.15,False,73,6-Undecanol
prob_in_spec,9,90,113,519.15,False,73,1-Undecanol
prob_in_spec,9,91,1172,454.15,True,74,"3,3,4,5-Tetramethylheptane"
prob_in_spec,9,92,786,479.15,False,74,2-Undecyne
prob_in_spec,9,93,559,469.15,True,75,1-Undecyne
prob_in_spec,9,94,787,473.15,False,75,3-Undecyne
prob_in_spec,9,95,788,471.65,True,76,4-Undecyne
prob_in_spec,9,96,621,465.15,True,77,"4,7-Dimethyloctan-4-ol"
prob_in_spec,9,97,1217,477.15,False,77,4-Methyl-2-(2-methylpropyl)pentan-1-ol
prob_in_spec,9,98,650,484.15,False,77,Tetrahydrolavandulol
prob_in_spec,9,99,710,467.14283,True,78,4-Propyl-4-heptanol
prob_in_spec,9,100,774,475.15,False,78,5-Methyl-5-nonanol
prob_in_spec,9,101,792,455.15,True,79,"2,4,6-Trimethyl-4-heptanol"
prob_in_spec,9,102,1194,462.15,True,80,4-Isopropyl-4-heptanol
prob_in_spec,9,103,1232,467.8,True,81,"3,4,5,5-Tetramethylhexan-3-ol"
prob_in_spec,9,104,1249,460.65,True,82,"2,2,4,4-Tetramethyl-3-hexanol"
prob_in_spec,9,105,1133,464.89743,True,83,"2,2,3,4-Tetramethylhexan-3-ol"
prob_in_spec,9,106,769,453.22759,True,84,4-Methyl-4-octanol
prob_in_spec,9,107,409,462.15,True,85,3-Methyl-3-octanol
prob_in_spec,9,108,594,443.15,False,85,"2,6-Dimethyl-2-heptanol"
prob_in_spec,9,109,379,466.15,True,86,"3,5,5-Trimethyl-1-hexanol"
prob_in_spec,9,110,319,446.15,False,86,"3,6-Dimethyl-3-heptanol"
prob_in_spec,9,111,467,448.15,False,86,"2,6-Dimethyl-3-heptanol"
prob_in_spec,9,112,468,452.15,False,86,"3,5-Dimethyl-4-heptanol"
prob_in_spec,9,113,981,453.15,True,87,3-Methyl-4-octanol
prob_in_spec,9,114,533,452.15,False,87,4-Ethyl-4-heptanol
prob_in_spec,9,115,276,447.15,False,87,1-Decyne
prob_in_spec,9,116,412,465.65,True,88,4-Nonanol
prob_in_spec,9,117,221,467.9,True,89,3-Nonanol
prob_in_spec,9,118,864,479.15,False,89,6-Methyloctan-1-ol
prob_in_spec,9,119,658,454.65,True,90,2-Methyl-3-octanol
prob_in_spec,9,120,239,466.65,True,91,2-Nonanol
prob_in_spec,9,121,1211,468.15,True,92,2-Ethyl-4-methylhexan-1-ol
prob_in_spec,9,122,669,465.4,True,93,4-Methyl-2-propylpentan-1-ol
prob_in_spec,9,123,1169,473.15,False,93,"4,4-Diethyloctane"
prob_in_spec,9,124,351,479.15,False,93,Isononyl alcohol
prob_in_spec,9,125,903,458.15,True,94,2-(Pentyloxy)ethanol
prob_in_spec,9,126,8,467.85,True,95,1-Octanol
prob_in_spec,9,127,1209,451.15,False,95,"3-Ethyl-2,4,4-trimethylhexane"
prob_in_spec,9,128,1132,454.15,True,96,"4-Ethyl-3,5-dimethylheptane"
prob_in_spec,9,129,1237,459.15,True,97,"2,2,3,4,4-Pentamethylhexane"
prob_in_spec,9,130,460,474.15,False,97,"2,2-Dimethyldecane"
prob_in_spec,9,131,1168,473.15,False,97,"3-Ethyl-3,4-dimethyloctane"
prob_in_spec,9,132,149,460.15,True,98,Diisoamylamine
prob_in_spec,9,133,1207,476.15,False,98,"3,3-Diethyl-2-methylheptane"
prob_in_spec,9,134,1188,455.15,True,99,3-Ethyl-6-methyloctane
prob_in_spec,9,135,1135,476.15,False,99,"3,3-Dimethyldecane"
prob_in_spec,9,136,677,460.65,True,100,"2,2,4,4,6-Pentamethylheptane"
prob_in_spec,9,137,438,451.15,False,100,"2,2,4,6,6-Pentamethylheptane"
prob_in_spec,9,138,625,466.65,True,101,1-Nonen-3-ol
prob_in_spec,9,139,133,503.25,False,101,"2,2,4-Trimethyl-1,3-pentanediol"
prob_in_spec,9,140,121,517.15,False,101,"2,2-Diethyl-1,3-propanediol"
prob_in_spec,9,141,556,472.15,True,102,3-Ethyloctan-3-ol
prob_in_spec,9,142,109,481.15,False,102,2-(Hexyloxy)ethanol
prob_in_spec,9,143,408,445.15,False,102,1-Butoxy-2-propanol
prob_in_spec,9,144,712,471.09534,True,103,5-Undecyne
prob_in_spec,9,145,563,351.65,False,103,n-Methyloctan-1-amine
prob_in_spec,9,146,668,514.75,False,103,"3,7-Dimethylocta-1,5,7-trien-3-ol"
prob_in_spec,9,147,1072,514.75,False,103,Hotrienol
prob_in_spec,9,148,394,451.65,False,103,2-Octanol
prob_in_spec,9,149,972,449.65,False,103,(S)-(+)-2-Octanol
prob_in_spec,9,150,822,459.15,True,104,3-Methyl-1-heptanol
qlogei_target,9,1,1195,544.15,False,0,3-Pentadecyne
qlogei_target,9,2,1081,461.15,True,1,"2,6-Dimethyl-2,4,6-octatriene"
qlogei_target,9,3,357,368.15,False,1,2-Methyl-2-hexene
qlogei_target,9,4,523,459.00627,True,2,"2,2,7,7-Tetramethyloctane"
qlogei_target,9,5,752,432.32942,False,2,2-Nonyne
qlogei_target,9,6,142,487.85,False,2,"1,3-Propanediol"
qlogei_target,9,7,833,504.45,False,2,2-Methyl-1-dodecene
qlogei_target,9,8,971,410.15,False,2,(3R)-3-methylhex-1-yn-3-ol
qlogei_target,9,9,803,452.15,False,2,"2,2,3-Trimethyloctane"
qlogei_target,9,10,895,378.17949,False,2,"3,3,4-Trimethylpent-1-ene"
qlogei_target,9,11,1083,440.64,False,2,"(E,Z)-2,6-Dimethylocta-2,4,6-triene"
qlogei_target,9,12,1183,457.0,True,3,"2,4,4,7-Tetramethyloctane"
qlogei_target,9,13,1241,457.15,True,4,"2,2,5,5-Tetramethyloctane"
qlogei_target,9,14,930,455.15,True,5,"3,3-Dimethylnonane"
qlogei_target,9,15,1136,464.15,True,6,"4-Ethyl-2,4-dimethyloctane"
qlogei_target,9,16,1187,464.15,True,7,4-Tert-butyloctane
qlogei_target,9,17,1141,458.15,True,8,4-Tert-butyl-2-methylheptane
qlogei_target,9,18,1184,453.15,True,9,3-Ethyl-5-methyloctane
qlogei_target,9,19,499,473.15,False,9,"2,2,3-Trimethylnonane"
qlogei_target,9,20,458,452.15,False,9,"2,6-Dimethylnonane"
qlogei_target,9,21,1218,462.15,True,10,"2,4-Dimethyl-4-propylheptane"
qlogei_target,9,22,1154,459.4,True,11,"2,4,5,7-Tetramethyloctane"
qlogei_target,9,23,918,472.15,True,12,"3,4,5,6-Tetramethyloctane"
qlogei_target,9,24,922,457.15,True,13,4-Ethylnonane
qlogei_target,9,25,1105,468.15,True,14,"2,3,4,5,6-Pentamethylheptane"
qlogei_target,9,26,795,462.9,True,15,"3,3,6,6-Tetramethyloctane"
qlogei_target,9,27,1223,463.15,True,16,"2,5,5-Trimethylnonane"
qlogei_target,9,28,1160,460.15,True,17,"4-Ethyl-2,2-dimethyloctane"
qlogei_target,9,29,1221,463.15,True,18,"2,6,6-Trimethylnonane"
qlogei_target,9,30,1220,463.15,True,19,"2,5-Dimethyl-4-propylheptane"
qlogei_target,9,31,1164,464.15,True,20,"2,2,4-Trimethylnonane"
qlogei_target,9,32,1236,466.15,True,21,"2,2,3,3,6-Pentamethylheptane"
qlogei_target,9,33,1138,463.15,True,22,"4-Ethyl-2,6-dimethyloctane"
qlogei_target,9,34,1226,462.0,True,23,2-Methyl-5-propyloctane
qlogei_target,9,35,1174,455.9,True,24,"2,2,6,6-Tetramethyloctane"
qlogei_target,9,36,1150,463.0,True,25,"2,5,8-Trimethylnonane"
qlogei_target,9,37,1112,470.15,True,26,"5,5-Dimethyldecane"
qlogei_target,9,38,932,461.15,True,27,3-Ethylnonane
qlogei_target,9,39,1240,459.15,True,28,"2,2,5,5,6-Pentamethylheptane"
qlogei_target,9,40,983,450.15,False,28,"3-Ethyl-2,4,5-trimethylhexane"
qlogei_target,9,41,696,455.44,True,29,Undec-4-ene
qlogei_target,9,42,1180,444.15,False,29,"2,2,5-Trimethyloctane"
qlogei_target,9,43,129,490.15,False,29,Decylamine
qlogei_target,9,44,1169,473.15,False,29,"4,4-Diethyloctane"
qlogei_target,9,45,1151,451.15,False,29,4-Methyl-4-propylheptane
qlogei_target,9,46,734,462.0,True,30,"1,10-Undecadiene"
qlogei_target,9,47,361,539.5,False,30,3-Methylpentadecane
qlogei_target,9,48,725,383.7,False,30,3-Ethyl-3-methyl-1-pentene
qlogei_target,9,49,45,426.15,False,30,Tripropylamine
qlogei_target,9,50,379,466.15,True,31,"3,5,5-Trimethyl-1-hexanol"
qlogei_target,9,51,903,458.15,True,32,2-(Pentyloxy)ethanol
qlogei_target,9,52,468,452.15,False,32,"3,5-Dimethyl-4-heptanol"
qlogei_target,9,53,1,455.15,True,33,"2,3-Butanediol"
qlogei_target,9,54,1244,555.15,False,33,"2,3-Dimethyltetradecane"
qlogei_target,9,55,1238,447.15,False,33,"2,2,3,4,5-Pentamethylhexane"
qlogei_target,9,56,650,484.15,False,33,Tetrahydrolavandulol
qlogei_target,9,57,871,540.15,False,33,2-Methyl-1-tetradecene
qlogei_target,9,58,1199,468.15,True,34,"2,2,3,3,5,5-Hexamethylhexane"
qlogei_target,9,59,572,370.65,False,34,Tris(2-aminoethyl)amine
qlogei_target,9,60,568,358.15,False,34,5-Methyl-1-hexene
qlogei_target,9,61,603,433.95,False,34,"3,6-Dimethyloctane"
qlogei_target,9,62,999,607.14,False,34,"2,6-Dimethyl-3,7-octadiene-2,6-diol"
qlogei_target,9,63,897,381.65,False,34,Diethylisopropylamine
qlogei_target,9,64,464,604.15,False,34,1-Nonadecene
qlogei_target,9,65,1203,460.15,True,35,"2,3,3,4,4-Pentamethylhexane"
qlogei_target,9,66,1211,468.15,True,36,2-Ethyl-4-methylhexan-1-ol
qlogei_target,9,67,177,448.15,False,36,4-Octanol
qlogei_target,9,68,688,349.15,False,36,"1,2-Hexadiene"
qlogei_target,9,69,896,377.0,False,36,"3,4,4-Trimethylpent-1-ene"
qlogei_target,9,70,715,440.15,False,36,2-Methyl-1-nonene
qlogei_target,9,71,906,444.86543,False,36,"2,4,4-Trimethyl-3-hexanol"
qlogei_target,9,72,800,494.15,False,36,"2,2-Dimethylundecane"
qlogei_target,9,73,302,469.05,True,37,Undecane
qlogei_target,9,74,109,481.15,False,37,2-(Hexyloxy)ethanol
qlogei_target,9,75,773,387.0,False,37,"1,3,4-Hexatriene"
qlogei_target,9,76,409,462.15,True,38,3-Methyl-3-octanol
qlogei_target,9,77,825,463.85,True,39,2-Methyl-1-decene
qlogei_target,9,78,600,587.15,False,39,2-Hexadecanol
qlogei_target,9,79,1048,478.32,False,39,cis-2-Dodecene
qlogei_target,9,80,1005,367.65,False,39,3-Methyl-2-hexene
qlogei_target,9,81,1116,467.15,True,40,"2,2,3,3,4,4-Hexamethylpentane"
qlogei_target,9,82,286,365.35,False,40,"N,N-Dimethylbutylamine"
qlogei_target,9,83,729,334.15,False,40,4-Methyl-1-pentyne
qlogei_target,9,84,787,473.15,False,40,3-Undecyne
qlogei_target,9,85,750,523.15,False,40,2-Methyl-1-tridecene
qlogei_target,9,86,981,453.15,True,41,3-Methyl-4-octanol
qlogei_target,9,87,663,506.65,False,41,"3,4-Hexanediol"
qlogei_target,9,88,320,411.15,False,41,Pent-2-en-1-ol
qlogei_target,9,89,846,429.15,False,41,3-Ethyl-2-methyl-2-pentanol
qlogei_target,9,90,360,461.15,True,42,4-Methyldecane
qlogei_target,9,91,47,480.15,False,42,Tributylamine
qlogei_target,9,92,597,370.15,False,42,3-Octyn-1-ol
qlogei_target,9,93,861,385.15,False,42,"3,5-Dimethylhex-2-ene"
qlogei_target,9,94,887,435.31525,False,42,"2,3,4,4-Tetramethylhexane"
qlogei_target,9,95,796,479.94,False,42,6-Methyl-6-hepten-4-yn-3-ol
qlogei_target,9,96,587,357.15,False,42,Tris(2-methylallyl)amine
qlogei_target,9,97,937,447.15,False,42,"2,4,6-Trimethyloctane"
qlogei_target,9,98,1227,457.15,True,43,"3,3,4,4-Tetramethylheptane"
qlogei_target,9,99,686,434.83,False,43,2-Methyl-3-pentyn-2-ol
qlogei_target,9,100,235,424.15,False,43,5-Methyl-2-hexanol
qlogei_target,9,101,139,469.65,True,44,"3-Butene-1,2-diol"
qlogei_target,9,102,344,415.15,False,44,4-Methyloctane
qlogei_target,9,103,12,478.2,False,44,3-(Dibutylamino)propylamine
qlogei_target,9,104,1147,448.15,False,44,"2,3,5,6-Tetramethylheptane"
qlogei_target,9,105,994,310.05,False,44,cis-2-PENTENE
qlogei_target,9,106,945,416.85,False,44,"7-Methyl-1,6-octadiene"
qlogei_target,9,107,463,489.15,False,44,"2,4-Dimethylundecane"
qlogei_target,9,108,70,369.15,False,44,Isoamylamine
qlogei_target,9,109,53,405.65,False,44,"1,3-Dimethylpentylamine"
qlogei_target,9,110,485,384.75,False,44,"2,5-Dimethyl-1-hexene"
qlogei_target,9,111,467,448.15,False,44,"2,6-Dimethyl-3-heptanol"
qlogei_target,9,112,742,392.86269,False,44,"2,3-Diethyl-1,3-butadiene"
qlogei_target,9,113,9,460.45,True,45,Propylene Glycol
qlogei_target,9,114,977,395.15,False,45,(3-Methylpentyl)amine
qlogei_target,9,115,599,427.15,False,45,"2,2-Dimethyloctane"
qlogei_target,9,116,1222,457.75,True,46,"2,6-Dimethyl-4-propylheptane"
qlogei_target,9,117,790,528.92,False,46,5-Tetradecyne
qlogei_target,9,118,1209,451.15,False,46,"3-Ethyl-2,4,4-trimethylhexane"
qlogei_target,9,119,1131,443.15,False,46,"2,4,7-Trimethyloctane"
qlogei_target,9,120,672,521.85,False,46,3-Methyltridecane
qlogei_target,9,121,1114,459.15,True,47,"3-Ethyl-2,2,3,4-tetramethylpentane"
qlogei_target,9,122,1076,456.28,True,48,"1,3,5-Undecatriene"
qlogei_target,9,123,87,511.15,False,48,"2-Butyne-1,4-diol"
qlogei_target,9,124,206,309.65,False,48,"N,N-Dimethylethylamine"
qlogei_target,9,125,123,394.15,False,48,"N,N-Diisopropylethylenediamine"
qlogei_target,9,126,627,465.15,True,49,3-Methyldecane
qlogei_target,9,127,268,327.15,False,49,4-Methyl-1-pentene
qlogei_target,9,128,842,478.15,False,49,"3,8-Dimethyldecane"
qlogei_target,9,129,353,505.95,False,49,1-Tridecene
qlogei_target,9,130,553,507.15,False,49,"N,N-Dimethyldecylamine"
qlogei_target,9,131,1232,467.8,True,50,"3,4,5,5-Tetramethylhexan-3-ol"
qlogei_target,9,132,50,445.15,False,50,2-Ethylhexylamine
qlogei_target,9,133,491,456.1,True,51,Hept-2-en-1-ol
qlogei_target,9,134,1144,447.15,False,51,"3,3,5-Trimethyloctane"
qlogei_target,9,135,1172,454.15,True,52,"3,3,4,5-Tetramethylheptane"
qlogei_target,9,136,769,453.22759,True,53,4-Methyl-4-octanol
qlogei_target,9,137,388,357.15,False,53,3-Ethyl-1-pentene
qlogei_target,9,138,6,351.39,False,53,Ethanol
qlogei_target,9,139,450,412.15,False,53,"3,3,4-Trimethylhexane"
qlogei_target,9,140,424,430.15,False,53,"3,3,5-Trimethylheptane"
qlogei_target,9,141,669,465.4,True,54,4-Methyl-2-propylpentan-1-ol
qlogei_target,9,142,998,367.15,False,54,(E)-3-Methyl-3-hexene
qlogei_target,9,143,256,705.15,False,54,Octacosane
qlogei_target,9,144,137,353.95,False,54,"2,2,3-Trimethylbutane"
qlogei_target,9,145,8,467.85,True,55,1-Octanol
qlogei_target,9,146,278,465.85,True,56,1-Undecene
qlogei_target,9,147,260,777.15,False,56,Hexatriacontane
qlogei_target,9,148,987,395.15,False,56,Nerolidol
qlogei_target,9,149,182,352.35,False,56,"2,2-Dimethylpentane"
qlogei_target,9,150,909,433.26,False,56,"3-Ethyl-2,4-dimethylhexane"
random,10,1,186,299.05,False,0,"1,4-Pentadiene"
random,10,2,1033,367.15337,False,0,"1,5-Heptadiene"
random,10,3,1041,397.15,False,0,2-Octene
random,10,4,964,356.15,False,0,"cis,trans-Hexa-2,4-diene"
random,10,5,642,613.15,False,0,3-Methylnonadecane
random,10,6,328,579.15,False,0,Pristane
random,10,7,987,395.15,False,0,Nerolidol
random,10,8,258,731.15,False,0,Hentriacontane
random,10,9,641,586.15,False,0,3-Methylheptadecane
random,10,10,1188,455.15,True,1,3-Ethyl-6-methyloctane
random,10,11,259,748.15,False,1,Tritriacontane
random,10,12,1193,443.15,False,1,"3,5,5-Trimethyloctane"
random,10,13,966,508.15,False,1,"cis-2-Butene-1,4-Diol"
random,10,14,330,451.15,False,1,5-Decyne
random,10,15,990,442.65,False,1,3-Hepten-1-ol
random,10,16,190,332.35,False,1,"1,5-Hexadiene"
random,10,17,858,557.15,False,1,2-Methyl-1-pentadecene
random,10,18,636,441.15,False,1,N-Heptylmethylamine
random,10,19,512,380.65,False,1,"2,3,4-Trimethylpent-1-ene"
random,10,20,167,389.15,False,1,"2,3,4-Trimethyl-2-pentene"
random,10,21,654,534.65,False,1,7-Ethyl-2-methyl-4-undecanol
random,10,22,1031,392.15,False,1,"1,4-Octadiene"
random,10,23,88,364.15,False,1,N-Methylbutylamine
random,10,24,294,406.15,False,1,"2,2-Dimethylheptane"
random,10,25,1195,544.15,False,1,3-Pentadecyne
random,10,26,168,390.85,False,1,"3,4-Dimethylhexane"
random,10,27,1140,443.15,False,1,"3-Ethyl-2,2,5-trimethylhexane"
random,10,28,1032,397.65,False,1,"2,6-Octadiene"
random,10,29,935,469.15,True,2,"3-Ethyl-2,7-dimethyloctane"
random,10,30,1166,459.9,True,3,"3,3-Diethylheptane"
random,10,31,392,653.15,False,3,Pentaethylenehexamine
random,10,32,1130,453.15,True,4,4-Ethyl-4-methyloctane
random,10,33,483,501.2,False,4,2-Tridecene
random,10,34,978,447.15,False,4,"3-Ethyl-2,2-dimethyl-3-pentanol"
random,10,35,172,364.15,False,4,3-Methylhexane
random,10,36,1212,446.17573,False,4,"2,2,3,3,5-Pentamethylhexane"
random,10,37,382,427.65,False,4,"2,5-Dimethyl-2-hexanol"
random,10,38,646,443.15,False,4,"2,2,3-Trimethylhexan-3-ol"
random,10,39,139,469.65,True,5,"3-Butene-1,2-diol"
random,10,40,292,404.15,False,5,"2,3,5-Trimethylhexane"
random,10,41,855,382.35,False,5,"2-Methylhexa-2,4-diene"
random,10,42,220,442.15,False,5,"1,3-Dimethoxy-2-propanol"
random,10,43,1042,444.45,False,5,cis-5-Decene
random,10,44,753,424.15,False,5,"3,4-Dimethyl-3-hexanol"
random,10,45,418,503.15,False,5,"3,4-Diethyl-3,4-hexanediol"
random,10,46,748,430.94,False,5,Di-t-butylacetylene
random,10,47,312,570.15,False,5,2-Methylhexadecane
random,10,48,430,437.15,False,5,"2,3-Dimethyl-1-pentanol"
random,10,49,980,419.15,False,5,2-Methyl-3-hexyn-2-ol
random,10,50,1085,371.8,False,5,"cis-2,5-Dimethyl-3-hexene"
random,10,51,603,433.95,False,5,"3,6-Dimethyloctane"
random,10,52,310,599.15,False,5,2-Methyloctadecane
random,10,53,26,304.95,False,5,Isopropylamine
random,10,54,305,406.15,False,5,"2,2,3,4-Tetramethylpentane"
random,10,55,165,401.05,False,5,2-Methyl-3-pentanol
random,10,56,962,339.55,False,5,cis-3-Hexene
random,10,57,138,393.15,False,5,"3,3-Dimethyl-2-butanol"
random,10,58,74,405.15,False,5,4-Methyl-2-pentanol
random,10,59,428,442.75,False,5,5-Decene
random,10,60,1045,418.15,False,5,Trans-4-NONENE
random,10,61,529,465.15,True,6,"N,N,N',N'-Tetraethylethylenediamine"
random,10,62,450,412.15,False,6,"3,3,4-Trimethylhexane"
random,10,63,777,436.15,False,6,"2,2,6,6-Tetramethylheptane"
random,10,64,717,440.15,False,6,4-Propylheptane
random,10,65,548,428.9,False,6,5-Hexen-1-ol
random,10,66,140,373.65,False,6,Octamylamine
random,10,67,1039,409.68,False,6,trans-3-Nonene
random,10,68,289,391.35,False,6,3-Ethyl-3-methylpentane
random,10,69,415,411.15,False,6,3-Ethyl-1-pentyn-3-ol
random,10,70,953,694.45,False,6,Squalene
random,10,71,1055,387.4,False,6,"2,6-Dimethyl-3-heptene"
random,10,72,915,476.0,False,6,"3,6-Diethyl-octane"
random,10,73,306,426.15,False,6,"2,5,5-Trimethylheptane"
random,10,74,993,329.55,False,6,cis-4-Methyl-2-pentene
random,10,75,700,431.4,False,6,"3,4-Diethyl-3-hexene"
random,10,76,462,503.45,False,6,3-Methyldodecane
random,10,77,720,433.23942,False,6,"3,3-Dimethyloctane"
random,10,78,564,620.15,False,6,N-Methyloctadecylamine
random,10,79,342,414.15,False,6,4-Ethylheptane
random,10,80,43,368.15,False,6,Triethylborane
random,10,81,1017,387.13,False,6,(E)-2-Methylhept-3-ene
random,10,82,1104,393.42017,False,6,(R)-(-)-2-Pentanol
random,10,83,579,528.2,False,6,"1,2-Decanediol"
random,10,84,197,715.15,False,6,Heptacosane
random,10,85,815,492.15,False,6,5-Butylnonane
random,10,86,687,321.35,False,6,"2,3-Pentadiene"
random,10,87,757,432.32,False,6,2-Methyl-3-ethyl-2-heptene
random,10,88,82,328.55,False,6,Diethylamine
random,10,89,427,355.15,False,6,"3,4-Dimethyl-1-pentene"
random,10,90,651,484.65,False,6,"3-Methylpentane-2,4-diol"
random,10,91,349,362.15,False,6,"1,6-Heptadiene"
random,10,92,1206,462.15,True,7,"3,3-Diethyl-2,4-dimethylpentane"
random,10,93,783,511.15,False,7,3-Tridecyne
random,10,94,852,478.15,False,7,"2,3-Hexanediol"
random,10,95,572,370.65,False,7,Tris(2-aminoethyl)amine
random,10,96,633,483.65,False,7,"1,2-Pentanediol"
random,10,97,655,433.76714,False,7,"2,4-Dimethyl-3-hexanol"
random,10,98,58,443.15,False,7,"1,2,6-Hexanetriol"
random,10,99,261,762.15,False,7,Pentatriacontane
random,10,100,580,423.15,False,7,4-Pentyn-1-ol
random,10,101,811,451.05,False,7,"3-Ethyl-2,4-dimethylpentan-3-ol"
random,10,102,894,409.0,False,7,"2,6-Dimethyl-2-heptene"
random,10,103,374,357.15,False,7,"2,3-Dimethyl-1-pentene"
random,10,104,1000,441.15,False,7,"cis-2,6-Dimethyl-2,6-octadiene"
random,10,105,1138,463.15,True,8,"4-Ethyl-2,6-dimethyloctane"
random,10,106,1025,501.2,False,8,cis-2-Tridecene
random,10,107,229,491.15,False,8,"2,4-Pentanediol"
random,10,108,348,437.4,False,8,4-Decyne
random,10,109,610,427.15,False,8,5-Methyl-3-heptanol
random,10,110,1126,382.4,False,8,"4-Methylhepta-1,6-diene"
random,10,111,979,452.15,False,8,"2,3,4,5-Tetramethylheptane"
random,10,112,144,311.65,False,8,2-Methyl-2-butene
random,10,113,882,435.26,False,8,"3-Ethyl-3,4-dimethylhexane"
random,10,114,986,426.15,False,8,trans-3-Hexen-1-ol
random,10,115,1044,409.68,False,8,cis-3-Nonene
random,10,116,975,481.65,False,8,4-Methyl-2-propylhexan-1-ol
random,10,117,309,504.15,False,8,2-(2-Ethylhexyloxy)ethanol
random,10,118,950,364.15,False,8,"trans-3,4-Dimethyl-2-pentene"
random,10,119,985,430.15,False,8,cis-3-Hexen-1-ol
random,10,120,531,252.95,False,8,Trimethylborane
random,10,121,22,231.04,False,8,Propane
random,10,122,1064,338.15,False,8,"1,4-Hexadiene"
random,10,123,779,506.04,False,8,6-Tridecyne
random,10,124,487,513.15,False,8,2-Tetradecene
random,10,125,794,453.15,True,9,"3,3,5,5-Tetramethylheptane"
random,10,126,177,448.15,False,9,4-Octanol
random,10,127,1012,398.75,False,9,cis-2-Octene
random,10,128,176,434.15,False,9,4-Heptanol
random,10,129,509,542.15,False,9,"2-Butyl-2-ethyl-1,3-propanediol"
random,10,130,550,366.4,False,9,"N,N-Dimethyl-2-butanamine"
random,10,131,1052,478.32,False,9,trans-6-Dodecene
random,10,132,1002,361.15,False,9,(E)-2-Methyl-3-hexene
random,10,133,414,365.15,False,9,2-Methyl-1-hexene
random,10,134,320,411.15,False,9,Pent-2-en-1-ol
random,10,135,1174,455.9,True,10,"2,2,6,6-Tetramethyloctane"
random,10,136,224,406.15,False,10,"2,4-Dimethyl-2-pentanol"
random,10,137,315,521.05,False,10,2-Methyltridecane
random,10,138,1084,360.6,False,10,"1,3-Heptadiene"
random,10,139,999,607.14,False,10,"2,6-Dimethyl-3,7-octadiene-2,6-diol"
random,10,140,141,300.25,False,10,2-Butyne
random,10,141,357,368.15,False,10,2-Methyl-2-hexene
random,10,142,670,457.15,True,11,4-Methyl-1-heptanol
random,10,143,1204,479.15,False,11,"3,3-Diethyl-2,2,4-trimethylpentane"
random,10,144,1106,491.65,False,11,"4-Methylpentane-1,4-diol"
random,10,145,153,314.39,False,11,"3,3-Dimethyl-1-butene"
random,10,146,1192,452.15,False,11,"3,5-Diethylheptane"
random,10,147,1220,463.15,True,12,"2,5-Dimethyl-4-propylheptane"
random,10,148,333,603.15,False,12,Hexadecyldimethylamine
random,10,149,498,412.15,False,12,5-Hexen-2-OL
random,10,150,1199,468.15,True,13,"2,2,3,3,5,5-Hexamethylhexane"
mw_heuristic,10,1,186,299.05,False,0,"1,4-Pentadiene"
mw_heuristic,10,2,1033,367.15337,False,0,"1,5-Heptadiene"
mw_heuristic,10,3,1041,397.15,False,0,2-Octene
mw_heuristic,10,4,964,356.15,False,0,"cis,trans-Hexa-2,4-diene"
mw_heuristic,10,5,642,613.15,False,0,3-Methylnonadecane
mw_heuristic,10,6,328,579.15,False,0,Pristane
mw_heuristic,10,7,987,395.15,False,0,Nerolidol
mw_heuristic,10,8,258,731.15,False,0,Hentriacontane
mw_heuristic,10,9,641,586.15,False,0,3-Methylheptadecane
mw_heuristic,10,10,1188,455.15,True,1,3-Ethyl-6-methyloctane
mw_heuristic,10,11,57,497.15,False,1,(-)-Citronellol
mw_heuristic,10,12,1001,524.74,False,1,(E)-3-Decenol
mw_heuristic,10,13,1061,524.74,False,1,2-Decen-1-ol
mw_heuristic,10,14,1092,524.74,False,1,Dec-4-en-1-ol
mw_heuristic,10,15,302,469.05,True,2,Undecane
mw_heuristic,10,16,54,505.15,False,2,"N,N-Bis(3-aminopropyl)methylamine"
mw_heuristic,10,17,42,438.2,False,2,"N,N,N',N'-Tetramethyl-1,3-butanediamine"
mw_heuristic,10,18,123,394.15,False,2,"N,N-Diisopropylethylenediamine"
mw_heuristic,10,19,518,327.65,False,2,"N,N,N'-Triethylethylenediamine"
mw_heuristic,10,20,520,441.15,False,2,"N,N,N',N'-Tetramethyl-1,4-butanediamine"
mw_heuristic,10,21,559,469.15,True,3,1-Undecyne
mw_heuristic,10,22,712,471.09534,True,4,5-Undecyne
mw_heuristic,10,23,734,462.0,True,5,"1,10-Undecadiene"
mw_heuristic,10,24,786,479.15,False,5,2-Undecyne
mw_heuristic,10,25,787,473.15,False,5,3-Undecyne
mw_heuristic,10,26,39,653.15,False,5,Xylitol
mw_heuristic,10,27,668,514.75,False,5,"3,7-Dimethylocta-1,5,7-trien-3-ol"
mw_heuristic,10,28,1072,514.75,False,5,Hotrienol
mw_heuristic,10,29,788,471.65,True,6,4-Undecyne
mw_heuristic,10,30,1216,457.05,True,7,"3,3-Dimethylnon-4-yne"
mw_heuristic,10,31,221,467.9,True,8,3-Nonanol
mw_heuristic,10,32,239,466.65,True,9,2-Nonanol
mw_heuristic,10,33,319,446.15,False,9,"3,6-Dimethyl-3-heptanol"
mw_heuristic,10,34,351,479.15,False,9,Isononyl alcohol
mw_heuristic,10,35,379,466.15,True,10,"3,5,5-Trimethyl-1-hexanol"
mw_heuristic,10,36,409,462.15,True,11,3-Methyl-3-octanol
mw_heuristic,10,37,412,465.65,True,12,4-Nonanol
mw_heuristic,10,38,467,448.15,False,12,"2,6-Dimethyl-3-heptanol"
mw_heuristic,10,39,468,452.15,False,12,"3,5-Dimethyl-4-heptanol"
mw_heuristic,10,40,533,452.15,False,12,4-Ethyl-4-heptanol
mw_heuristic,10,41,594,443.15,False,12,"2,6-Dimethyl-2-heptanol"
mw_heuristic,10,42,646,443.15,False,12,"2,2,3-Trimethylhexan-3-ol"
mw_heuristic,10,43,658,454.65,True,13,2-Methyl-3-octanol
mw_heuristic,10,44,669,465.4,True,14,4-Methyl-2-propylpentan-1-ol
mw_heuristic,10,45,735,439.15,False,14,"2,2,4,4-Tetramethylpentan-3-ol"
mw_heuristic,10,46,83,506.15,False,14,"2,5-Dimethyl-2,5-hexanediol"
mw_heuristic,10,47,109,481.15,False,14,2-(Hexyloxy)ethanol
mw_heuristic,10,48,133,503.25,False,14,"2,2,4-Trimethyl-1,3-pentanediol"
mw_heuristic,10,49,537,418.15,False,14,"1,8-Octanediol"
mw_heuristic,10,50,572,370.65,False,14,Tris(2-aminoethyl)amine
mw_heuristic,10,51,997,460.44,True,15,"(E,E,Z)-Undeca-1,3,5,8-tetraene"
mw_heuristic,10,52,769,453.22759,True,16,4-Methyl-4-octanol
mw_heuristic,10,53,811,451.05,False,16,"3-Ethyl-2,4-dimethylpentan-3-ol"
mw_heuristic,10,54,864,479.15,False,16,6-Methyloctan-1-ol
mw_heuristic,10,55,905,438.65,False,16,"3,4,4-Trimethylhexan-3-ol"
mw_heuristic,10,56,906,444.86543,False,16,"2,4,4-Trimethyl-3-hexanol"
mw_heuristic,10,57,978,447.15,False,16,"3-Ethyl-2,2-dimethyl-3-pentanol"
mw_heuristic,10,58,981,453.15,True,17,3-Methyl-4-octanol
mw_heuristic,10,59,1108,447.15,False,17,"2,2-Dimethyl-4-heptanol"
mw_heuristic,10,60,1178,452.15,False,17,"2,3,4-Trimethylhexan-3-ol"
mw_heuristic,10,61,1076,456.28,True,18,"1,3,5-Undecatriene"
mw_heuristic,10,62,1211,468.15,True,19,2-Ethyl-4-methylhexan-1-ol
mw_heuristic,10,63,45,426.15,False,19,Tripropylamine
mw_heuristic,10,64,331,471.15,True,20,Nonylamine
mw_heuristic,10,65,334,445.15,False,20,"N,N-Dimethylheptylamine"
mw_heuristic,10,66,376,432.15,False,20,N-Methyldibutylamine
mw_heuristic,10,67,563,351.65,False,20,n-Methyloctan-1-amine
mw_heuristic,10,68,279,440.15,False,20,2-Methylnonane
mw_heuristic,10,69,295,410.15,False,20,"2,2,5,5-Tetramethylhexane"
mw_heuristic,10,70,297,433.15,False,20,"2,7-Dimethyloctane"
mw_heuristic,10,71,967,502.15,False,20,Nerol
mw_heuristic,10,72,278,465.85,True,21,1-Undecene
mw_heuristic,10,73,696,455.44,True,22,Undec-4-ene
mw_heuristic,10,74,699,465.45,True,23,5-Undecene
mw_heuristic,10,75,825,463.85,True,24,2-Methyl-1-decene
mw_heuristic,10,76,1021,466.15,True,25,(E)-4-Undecene
mw_heuristic,10,77,360,461.15,True,26,4-Methyldecane
mw_heuristic,10,78,419,462.35,True,27,2-Methyldecane
mw_heuristic,10,79,457,452.15,False,27,"2,5-Dimethylnonane"
mw_heuristic,10,80,458,452.15,False,27,"2,6-Dimethylnonane"
mw_heuristic,10,81,459,457.15,True,28,"3,7-Dimethylnonane"
mw_heuristic,10,82,503,452.15,False,28,"2,3,7-Trimethyloctane"
mw_heuristic,10,83,606,455.15,True,29,"4,5-Dimethylnonane"
mw_heuristic,10,84,627,465.15,True,30,3-Methyldecane
mw_heuristic,10,85,635,459.15,True,31,5-Methyldecane
mw_heuristic,10,86,676,453.15,True,32,"2,3,6-Trimethyloctane"
mw_heuristic,10,87,777,436.15,False,32,"2,2,6,6-Tetramethylheptane"
mw_heuristic,10,88,791,449.15,False,32,"2,2,4,4,5-Pentamethylhexane"
mw_heuristic,10,89,793,439.15,False,32,"2,2,5,5-Tetramethylheptane"
mw_heuristic,10,90,794,453.15,True,33,"3,3,5,5-Tetramethylheptane"
mw_heuristic,10,91,803,452.15,False,33,"2,2,3-Trimethyloctane"
mw_heuristic,10,92,804,450.15,False,33,"2,3,5-Trimethyloctane"
mw_heuristic,10,93,845,443.15834,False,33,"2,2,4-Trimethyloctane"
mw_heuristic,10,94,856,448.0,False,33,"2,3-Dimethylnonane"
mw_heuristic,10,95,904,447.15,False,33,"2,2,6-Trimethyloctane"
mw_heuristic,10,96,913,451.15,False,33,"2,4-Dimethylnonane"
mw_heuristic,10,97,914,456.46543,True,34,"4,4-Diethylheptane"
mw_heuristic,10,98,922,457.15,True,35,4-Ethylnonane
mw_heuristic,10,99,930,455.15,True,36,"3,3-Dimethylnonane"
mw_heuristic,10,100,932,461.15,True,37,3-Ethylnonane
mw_heuristic,10,101,934,455.15,True,38,"2,3,3-Trimethyloctane"
mw_heuristic,10,102,936,451.15,False,38,"2,5,6-Trimethyloctane"
mw_heuristic,10,103,937,447.15,False,38,"2,4,6-Trimethyloctane"
mw_heuristic,10,104,938,447.15,False,38,"2,2,3,5-Tetramethylheptane"
mw_heuristic,10,105,979,452.15,False,38,"2,3,4,5-Tetramethylheptane"
mw_heuristic,10,106,983,450.15,False,38,"3-Ethyl-2,4,5-trimethylhexane"
mw_heuristic,10,107,1096,453.15,True,39,"2,7-Dimethylnonane"
mw_heuristic,10,108,1097,456.15,True,40,"2,8-Dimethylnonane"
mw_heuristic,10,109,1113,454.15,True,41,"3,4,5-Trimethyloctane"
mw_heuristic,10,110,1114,459.15,True,42,"3-Ethyl-2,2,3,4-tetramethylpentane"
mw_heuristic,10,111,1115,462.15,True,43,"3,3-Diethyl-2,2-dimethylpentane"
mw_heuristic,10,112,1116,467.15,True,44,"2,2,3,3,4,4-Hexamethylpentane"
mw_heuristic,10,113,1119,458.15,True,45,"3,4-Dimethylnonane"
mw_heuristic,10,114,1127,447.15,False,45,4-Tert-butylheptane
mw_heuristic,10,115,1129,453.15,True,46,"2,3,4-Trimethyloctane"
mw_heuristic,10,116,1130,453.15,True,47,4-Ethyl-4-methyloctane
mw_heuristic,10,117,1131,443.15,False,47,"2,4,7-Trimethyloctane"
mw_heuristic,10,118,1132,454.15,True,48,"4-Ethyl-3,5-dimethylheptane"
mw_heuristic,10,119,1139,451.15,False,48,4-Isopropyloctane
mw_heuristic,10,120,1140,443.15,False,48,"3-Ethyl-2,2,5-trimethylhexane"
mw_heuristic,10,121,1143,442.15,False,48,"2,2,4,5-Tetramethylheptane"
mw_heuristic,10,122,1144,447.15,False,48,"3,3,5-Trimethyloctane"
mw_heuristic,10,123,1145,443.15,False,48,"2,2,4,4-Tetramethylheptane"
mw_heuristic,10,124,1146,458.15,True,49,"3,4,4,5-Tetramethylheptane"
mw_heuristic,10,125,1147,448.15,False,49,"2,3,5,6-Tetramethylheptane"
mw_heuristic,10,126,1149,437.15,False,49,"2,4,4,6-Tetramethylheptane"
mw_heuristic,10,127,1151,451.15,False,49,4-Methyl-4-propylheptane
mw_heuristic,10,128,1152,452.15,False,49,"3,4,6-Trimethyloctane"
mw_heuristic,10,129,1153,438.275,False,49,"2,2,3,5,5-Pentamethylhexane"
mw_heuristic,10,130,1157,450.15,False,49,"5,5-Dimethylnonane"
mw_heuristic,10,131,1162,441.15,False,49,"4-Ethyl-2,2-dimethylheptane"
mw_heuristic,10,132,1163,443.15,False,49,"2,2,7-Trimethyloctane"
mw_heuristic,10,133,1165,449.15,False,49,"3-Ethyl-2,5-dimethylheptane"
mw_heuristic,10,134,1166,459.9,True,50,"3,3-Diethylheptane"
mw_heuristic,10,135,1167,455.15,True,51,"3,3,4-Trimethyloctane"
mw_heuristic,10,136,1170,455.15,True,52,"3,6-Dimethylnonane"
mw_heuristic,10,137,1171,452.8,False,52,"2,2,3,3-Tetramethylheptane"
mw_heuristic,10,138,1172,454.15,True,53,"3,3,4,5-Tetramethylheptane"
mw_heuristic,10,139,1175,443.15,False,53,"2,5-Dimethyl-3-isopropylhexane"
mw_heuristic,10,140,1176,449.15,False,53,"3-Ethyl-2,2-dimethylheptane"
mw_heuristic,10,141,1177,457.15,True,54,"2,2,3,3,4-Pentamethylhexane"
mw_heuristic,10,142,1179,454.15,True,55,"2,3,3,4,5-Pentamethylhexane"
mw_heuristic,10,143,1180,444.15,False,55,"2,2,5-Trimethyloctane"
mw_heuristic,10,144,1181,445.15,False,55,2-Methyl-4-isopropylheptane
mw_heuristic,10,145,1182,453.15,True,56,4-Ethyl-5-methyloctane
mw_heuristic,10,146,129,490.15,False,56,Decylamine
mw_heuristic,10,147,149,460.15,True,57,Diisoamylamine
mw_heuristic,10,148,336,477.15,False,57,Dipentylamine
mw_heuristic,10,149,984,480.15,False,57,Methylnonylamine
mw_heuristic,10,150,1110,475.15,False,57,N-Ethyloctylamine
greedy_gp,10,1,186,299.05,False,0,"1,4-Pentadiene"
greedy_gp,10,2,1033,367.15337,False,0,"1,5-Heptadiene"
greedy_gp,10,3,1041,397.15,False,0,2-Octene
greedy_gp,10,4,964,356.15,False,0,"cis,trans-Hexa-2,4-diene"
greedy_gp,10,5,642,613.15,False,0,3-Methylnonadecane
greedy_gp,10,6,328,579.15,False,0,Pristane
greedy_gp,10,7,987,395.15,False,0,Nerolidol
greedy_gp,10,8,258,731.15,False,0,Hentriacontane
greedy_gp,10,9,641,586.15,False,0,3-Methylheptadecane
greedy_gp,10,10,1188,455.15,True,1,3-Ethyl-6-methyloctane
greedy_gp,10,11,130,509.15,False,1,Dihexylamine
greedy_gp,10,12,392,653.15,False,1,Pentaethylenehexamine
greedy_gp,10,13,635,459.15,True,2,5-Methyldecane
greedy_gp,10,14,1210,450.15,False,2,3-Methyl-4-isopropylheptane
greedy_gp,10,15,1206,462.15,True,3,"3,3-Diethyl-2,4-dimethylpentane"
greedy_gp,10,16,1112,470.15,True,4,"5,5-Dimethyldecane"
greedy_gp,10,17,1182,453.15,True,5,4-Ethyl-5-methyloctane
greedy_gp,10,18,607,479.15,False,5,"2,3-Dimethyldecane"
greedy_gp,10,19,914,456.46543,True,6,"4,4-Diethylheptane"
greedy_gp,10,20,932,461.15,True,7,3-Ethylnonane
greedy_gp,10,21,1240,459.15,True,8,"2,2,5,5,6-Pentamethylheptane"
greedy_gp,10,22,1203,460.15,True,9,"2,3,3,4,4-Pentamethylhexane"
greedy_gp,10,23,786,479.15,False,9,2-Undecyne
greedy_gp,10,24,1141,458.15,True,10,4-Tert-butyl-2-methylheptane
greedy_gp,10,25,627,465.15,True,11,3-Methyldecane
greedy_gp,10,26,1174,455.9,True,12,"2,2,6,6-Tetramethyloctane"
greedy_gp,10,27,647,448.15,False,12,"2-Methylbutane-2,3-diol"
greedy_gp,10,28,734,462.0,True,13,"1,10-Undecadiene"
greedy_gp,10,29,918,472.15,True,14,"3,4,5,6-Tetramethyloctane"
greedy_gp,10,30,242,535.15,False,14,"1,7-Heptanediol"
greedy_gp,10,31,1236,466.15,True,15,"2,2,3,3,6-Pentamethylheptane"
greedy_gp,10,32,1218,462.15,True,16,"2,4-Dimethyl-4-propylheptane"
greedy_gp,10,33,1187,464.15,True,17,4-Tert-butyloctane
greedy_gp,10,34,1223,463.15,True,18,"2,5,5-Trimethylnonane"
greedy_gp,10,35,795,462.9,True,19,"3,3,6,6-Tetramethyloctane"
greedy_gp,10,36,50,445.15,False,19,2-Ethylhexylamine
greedy_gp,10,37,653,572.15,False,19,2-Pentadecanol
greedy_gp,10,38,520,441.15,False,19,"N,N,N',N'-Tetramethyl-1,4-butanediamine"
greedy_gp,10,39,419,462.35,True,20,2-Methyldecane
greedy_gp,10,40,46,423.15,False,20,Triallylamine
greedy_gp,10,41,298,467.15,True,21,Triisobutylamine
greedy_gp,10,42,394,451.65,False,21,2-Octanol
greedy_gp,10,43,972,449.65,False,21,(S)-(+)-2-Octanol
greedy_gp,10,44,1217,477.15,False,21,4-Methyl-2-(2-methylpropyl)pentan-1-ol
greedy_gp,10,45,1211,468.15,True,22,2-Ethyl-4-methylhexan-1-ol
greedy_gp,10,46,769,453.22759,True,23,4-Methyl-4-octanol
greedy_gp,10,47,1154,459.4,True,24,"2,4,5,7-Tetramethyloctane"
greedy_gp,10,48,467,448.15,False,24,"2,6-Dimethyl-3-heptanol"
greedy_gp,10,49,700,431.4,False,24,"3,4-Diethyl-3-hexene"
greedy_gp,10,50,26,304.95,False,24,Isopropylamine
greedy_gp,10,51,1232,467.8,True,25,"3,4,5,5-Tetramethylhexan-3-ol"
greedy_gp,10,52,1249,460.65,True,26,"2,2,4,4-Tetramethyl-3-hexanol"
greedy_gp,10,53,229,491.15,False,26,"2,4-Pentanediol"
greedy_gp,10,54,1102,491.15,False,26,"(R*,S*)-Pentane-2,4-diol"
greedy_gp,10,55,989,470.15,True,27,"(4R)-2-Methylpentane-2,4-diol"
greedy_gp,10,56,658,454.65,True,28,2-Methyl-3-octanol
greedy_gp,10,57,477,480.15,False,28,Neopentyl glycol
greedy_gp,10,58,123,394.15,False,28,"N,N-Diisopropylethylenediamine"
greedy_gp,10,59,1221,463.15,True,29,"2,6,6-Trimethylnonane"
greedy_gp,10,60,1199,468.15,True,30,"2,2,3,3,5,5-Hexamethylhexane"
greedy_gp,10,61,1114,459.15,True,31,"3-Ethyl-2,2,3,4-tetramethylpentane"
greedy_gp,10,62,499,473.15,False,31,"2,2,3-Trimethylnonane"
greedy_gp,10,63,681,112.15,False,31,(2H4)Methane
greedy_gp,10,64,360,461.15,True,32,4-Methyldecane
greedy_gp,10,65,1160,460.15,True,33,"4-Ethyl-2,2-dimethyloctane"
greedy_gp,10,66,981,453.15,True,34,3-Methyl-4-octanol
greedy_gp,10,67,621,465.15,True,35,"4,7-Dimethyloctan-4-ol"
greedy_gp,10,68,217,440.15,False,35,"2,2-Diethoxyethanol"
greedy_gp,10,69,533,452.15,False,35,4-Ethyl-4-heptanol
greedy_gp,10,70,276,447.15,False,35,1-Decyne
greedy_gp,10,71,529,465.15,True,36,"N,N,N',N'-Tetraethylethylenediamine"
greedy_gp,10,72,530,450.15,False,36,"2-Methylpropane-1,2-diol"
greedy_gp,10,73,12,478.2,False,36,3-(Dibutylamino)propylamine
greedy_gp,10,74,1164,464.15,True,37,"2,2,4-Trimethylnonane"
greedy_gp,10,75,8,467.85,True,38,1-Octanol
greedy_gp,10,76,139,469.65,True,39,"3-Butene-1,2-diol"
greedy_gp,10,77,14,390.05,False,39,Ethylenediamine
greedy_gp,10,78,765,483.82,False,39,2-Octyn-1-ol
greedy_gp,10,79,597,370.15,False,39,3-Octyn-1-ol
greedy_gp,10,80,903,458.15,True,40,2-(Pentyloxy)ethanol
greedy_gp,10,81,1183,457.0,True,41,"2,4,4,7-Tetramethyloctane"
greedy_gp,10,82,30,447.15,False,41,Pinacol
greedy_gp,10,83,1133,464.89743,True,42,"2,2,3,4-Tetramethylhexan-3-ol"
greedy_gp,10,84,126,479.15,False,42,"2,5-Dimethyl-3-hexyne-2,5-diol"
greedy_gp,10,85,365,529.36,False,42,"3-Hexyne-2,5-diol"
greedy_gp,10,86,922,457.15,True,43,4-Ethylnonane
greedy_gp,10,87,696,455.44,True,44,Undec-4-ene
greedy_gp,10,88,1021,466.15,True,45,(E)-4-Undecene
greedy_gp,10,89,699,465.45,True,46,5-Undecene
greedy_gp,10,90,792,455.15,True,47,"2,4,6-Trimethyl-4-heptanol"
greedy_gp,10,91,1061,524.74,False,47,2-Decen-1-ol
greedy_gp,10,92,704,409.64,False,47,"2,4,6-Octatriyne"
greedy_gp,10,93,1001,524.74,False,47,(E)-3-Decenol
greedy_gp,10,94,1116,467.15,True,48,"2,2,3,3,4,4-Hexamethylpentane"
greedy_gp,10,95,1092,524.74,False,48,Dec-4-en-1-ol
greedy_gp,10,96,1070,448.15,False,48,2-Octen-4-ol
greedy_gp,10,97,39,653.15,False,48,Xylitol
greedy_gp,10,98,16,704.0,False,48,Sorbitol
greedy_gp,10,99,819,1167.92,False,48,Lycopene
greedy_gp,10,100,712,471.09534,True,49,5-Undecyne
greedy_gp,10,101,1109,471.15,True,50,"N,N-Diethylheptylamine"
greedy_gp,10,102,1100,716.1,False,50,Linolenyl alcohol
greedy_gp,10,103,677,460.65,True,51,"2,2,4,4,6-Pentamethylheptane"
greedy_gp,10,104,788,471.65,True,52,4-Undecyne
greedy_gp,10,105,1115,462.15,True,53,"3,3-Diethyl-2,2-dimethylpentane"
greedy_gp,10,106,351,479.15,False,53,Isononyl alcohol
greedy_gp,10,107,239,466.65,True,54,2-Nonanol
greedy_gp,10,108,864,479.15,False,54,6-Methyloctan-1-ol
greedy_gp,10,109,460,474.15,False,54,"2,2-Dimethyldecane"
greedy_gp,10,110,221,467.9,True,55,3-Nonanol
greedy_gp,10,111,754,482.28,False,55,"2,9-Dimethyl-5-decyne"
greedy_gp,10,112,57,497.15,False,55,(-)-Citronellol
greedy_gp,10,113,438,451.15,False,55,"2,2,4,6,6-Pentamethylheptane"
greedy_gp,10,114,1241,457.15,True,56,"2,2,5,5-Tetramethyloctane"
greedy_gp,10,115,625,466.65,True,57,1-Nonen-3-ol
greedy_gp,10,116,99,479.65,False,57,Diethylenetriamine
greedy_gp,10,117,916,472.15,True,58,"3,6-Dimethyl-3-ethyl-octane"
greedy_gp,10,118,683,376.4,False,58,Non-3-yn-1-ol
greedy_gp,10,119,1105,468.15,True,59,"2,3,4,5,6-Pentamethylheptane"
greedy_gp,10,120,1136,464.15,True,60,"4-Ethyl-2,4-dimethyloctane"
greedy_gp,10,121,378,423.95,False,60,1-Nonyne
greedy_gp,10,122,796,479.94,False,60,6-Methyl-6-hepten-4-yn-3-ol
greedy_gp,10,123,559,469.15,True,61,1-Undecyne
greedy_gp,10,124,1,455.15,True,62,"2,3-Butanediol"
greedy_gp,10,125,807,456.65,True,63,"meso-2,3-Butanediol"
greedy_gp,10,126,9,460.45,True,64,Propylene Glycol
greedy_gp,10,127,814,461.15,True,65,"R-1,2-Propanediol"
greedy_gp,10,128,810,350.5,False,65,"(R,R)-2,3-butanediol"
greedy_gp,10,129,818,453.65,True,66,"(2S,3S)-butane-2,3-diol"
greedy_gp,10,130,478,528.15,False,66,"2,4,7,9-Tetramethyl-5-decyne-4,7-diol"
greedy_gp,10,131,1216,457.05,True,67,"3,3-Dimethylnon-4-yne"
greedy_gp,10,132,813,481.15,False,67,"3-Methyl-1,3-butanediol"
greedy_gp,10,133,1150,463.0,True,68,"2,5,8-Trimethylnonane"
greedy_gp,10,134,787,473.15,False,68,3-Undecyne
greedy_gp,10,135,331,471.15,True,69,Nonylamine
greedy_gp,10,136,935,469.15,True,70,"3-Ethyl-2,7-dimethyloctane"
greedy_gp,10,137,919,473.15,False,70,"3,4,7-Trimethylnonane"
greedy_gp,10,138,1245,469.15,True,71,"2,4,4,5,5-Pentamethylheptane"
greedy_gp,10,139,669,465.4,True,72,4-Methyl-2-propylpentan-1-ol
greedy_gp,10,140,661,478.65,False,72,"3,3-Dimethyl-1,2-butanediol"
greedy_gp,10,141,1233,452.15,False,72,3-Methyl-4-propylheptane
greedy_gp,10,142,1137,470.15,True,73,"3-Ethyl-2,6-dimethyloctane"
greedy_gp,10,143,170,469.1,True,74,"1,2-Butanediol"
greedy_gp,10,144,558,494.15,False,74,"2-Methyl-1,3-propanediol"
greedy_gp,10,145,748,430.94,False,74,Di-t-butylacetylene
greedy_gp,10,146,0,470.65,True,75,Ethylene Glycol
greedy_gp,10,147,325,447.25,False,75,Decane
greedy_gp,10,148,678,575.34,False,75,9-Dodecyn-1-ol
greedy_gp,10,149,1138,463.15,True,76,"4-Ethyl-2,6-dimethyloctane"
greedy_gp,10,150,1192,452.15,False,76,"3,5-Diethylheptane"
prob_in_spec,10,1,186,299.05,False,0,"1,4-Pentadiene"
prob_in_spec,10,2,1033,367.15337,False,0,"1,5-Heptadiene"
prob_in_spec,10,3,1041,397.15,False,0,2-Octene
prob_in_spec,10,4,964,356.15,False,0,"cis,trans-Hexa-2,4-diene"
prob_in_spec,10,5,642,613.15,False,0,3-Methylnonadecane
prob_in_spec,10,6,328,579.15,False,0,Pristane
prob_in_spec,10,7,987,395.15,False,0,Nerolidol
prob_in_spec,10,8,258,731.15,False,0,Hentriacontane
prob_in_spec,10,9,641,586.15,False,0,3-Methylheptadecane
prob_in_spec,10,10,1188,455.15,True,1,3-Ethyl-6-methyloctane
prob_in_spec,10,11,635,459.15,True,2,5-Methyldecane
prob_in_spec,10,12,932,461.15,True,3,3-Ethylnonane
prob_in_spec,10,13,360,461.15,True,4,4-Methyldecane
prob_in_spec,10,14,607,479.15,False,4,"2,3-Dimethyldecane"
prob_in_spec,10,15,842,478.15,False,4,"3,8-Dimethyldecane"
prob_in_spec,10,16,627,465.15,True,5,3-Methyldecane
prob_in_spec,10,17,419,462.35,True,6,2-Methyldecane
prob_in_spec,10,18,922,457.15,True,7,4-Ethylnonane
prob_in_spec,10,19,302,469.05,True,8,Undecane
prob_in_spec,10,20,1096,453.15,True,9,"2,7-Dimethylnonane"
prob_in_spec,10,21,1221,463.15,True,10,"2,6,6-Trimethylnonane"
prob_in_spec,10,22,1223,463.15,True,11,"2,5,5-Trimethylnonane"
prob_in_spec,10,23,1164,464.15,True,12,"2,2,4-Trimethylnonane"
prob_in_spec,10,24,1160,460.15,True,13,"4-Ethyl-2,2-dimethyloctane"
prob_in_spec,10,25,1138,463.15,True,14,"4-Ethyl-2,6-dimethyloctane"
prob_in_spec,10,26,1222,457.75,True,15,"2,6-Dimethyl-4-propylheptane"
prob_in_spec,10,27,1154,459.4,True,16,"2,4,5,7-Tetramethyloctane"
prob_in_spec,10,28,1220,463.15,True,17,"2,5-Dimethyl-4-propylheptane"
prob_in_spec,10,29,1243,467.15,True,18,"2,3-Dimethyl-4-propylheptane"
prob_in_spec,10,30,1187,464.15,True,19,4-Tert-butyloctane
prob_in_spec,10,31,1136,464.15,True,20,"4-Ethyl-2,4-dimethyloctane"
prob_in_spec,10,32,1218,462.15,True,21,"2,4-Dimethyl-4-propylheptane"
prob_in_spec,10,33,795,462.9,True,22,"3,3,6,6-Tetramethyloctane"
prob_in_spec,10,34,1150,463.0,True,23,"2,5,8-Trimethylnonane"
prob_in_spec,10,35,1174,455.9,True,24,"2,2,6,6-Tetramethyloctane"
prob_in_spec,10,36,1236,466.15,True,25,"2,2,3,3,6-Pentamethylheptane"
prob_in_spec,10,37,1105,468.15,True,26,"2,3,4,5,6-Pentamethylheptane"
prob_in_spec,10,38,1245,469.15,True,27,"2,4,4,5,5-Pentamethylheptane"
prob_in_spec,10,39,1226,462.0,True,28,2-Methyl-5-propyloctane
prob_in_spec,10,40,935,469.15,True,29,"3-Ethyl-2,7-dimethyloctane"
prob_in_spec,10,41,1240,459.15,True,30,"2,2,5,5,6-Pentamethylheptane"
prob_in_spec,10,42,1141,458.15,True,31,4-Tert-butyl-2-methylheptane
prob_in_spec,10,43,1199,468.15,True,32,"2,2,3,3,5,5-Hexamethylhexane"
prob_in_spec,10,44,1112,470.15,True,33,"5,5-Dimethyldecane"
prob_in_spec,10,45,856,448.0,False,33,"2,3-Dimethylnonane"
prob_in_spec,10,46,1137,470.15,True,34,"3-Ethyl-2,6-dimethyloctane"
prob_in_spec,10,47,1229,469.15,True,35,"3,5-Dimethyl-4-propylheptane"
prob_in_spec,10,48,1230,469.15,True,36,"3,3-Dimethyl-4-propylheptane"
prob_in_spec,10,49,921,470.15,True,37,"3-Methyl, 3,5-diethyl, heptane"
prob_in_spec,10,50,918,472.15,True,38,"3,4,5,6-Tetramethyloctane"
prob_in_spec,10,51,1196,459.15,True,39,"3,4-Diethyl-3-methylhexane"
prob_in_spec,10,52,1208,459.15,True,40,"3,3-Diethyl-2-methylhexane"
prob_in_spec,10,53,1227,457.15,True,41,"3,3,4,4-Tetramethylheptane"
prob_in_spec,10,54,1146,458.15,True,42,"3,4,4,5-Tetramethylheptane"
prob_in_spec,10,55,1179,454.15,True,43,"2,3,3,4,5-Pentamethylhexane"
prob_in_spec,10,56,1206,462.15,True,44,"3,3-Diethyl-2,4-dimethylpentane"
prob_in_spec,10,57,1203,460.15,True,45,"2,3,3,4,4-Pentamethylhexane"
prob_in_spec,10,58,1177,457.15,True,46,"2,2,3,3,4-Pentamethylhexane"
prob_in_spec,10,59,1114,459.15,True,47,"3-Ethyl-2,2,3,4-tetramethylpentane"
prob_in_spec,10,60,1115,462.15,True,48,"3,3-Diethyl-2,2-dimethylpentane"
prob_in_spec,10,61,1116,467.15,True,49,"2,2,3,3,4,4-Hexamethylpentane"
prob_in_spec,10,62,1166,459.9,True,50,"3,3-Diethylheptane"
prob_in_spec,10,63,914,456.46543,True,51,"4,4-Diethylheptane"
prob_in_spec,10,64,1156,471.15,True,52,5-Ethyl-5-methylnonane
prob_in_spec,10,65,499,473.15,False,52,"2,2,3-Trimethylnonane"
prob_in_spec,10,66,278,465.85,True,53,1-Undecene
prob_in_spec,10,67,696,455.44,True,54,Undec-4-ene
prob_in_spec,10,68,1021,466.15,True,55,(E)-4-Undecene
prob_in_spec,10,69,699,465.45,True,56,5-Undecene
prob_in_spec,10,70,825,463.85,True,57,2-Methyl-1-decene
prob_in_spec,10,71,734,462.0,True,58,"1,10-Undecadiene"
prob_in_spec,10,72,1119,458.15,True,59,"3,4-Dimethylnonane"
prob_in_spec,10,73,523,459.00627,True,60,"2,2,7,7-Tetramethyloctane"
prob_in_spec,10,74,1241,457.15,True,61,"2,2,5,5-Tetramethyloctane"
prob_in_spec,10,75,924,471.15,True,62,"4,6-Dimethyldecane"
prob_in_spec,10,76,459,457.15,True,63,"3,7-Dimethylnonane"
prob_in_spec,10,77,1183,457.0,True,64,"2,4,4,7-Tetramethyloctane"
prob_in_spec,10,78,1190,470.15,True,65,"3,5-Diethyloctane"
prob_in_spec,10,79,831,466.15,True,66,"4,5-Diethyloctane"
prob_in_spec,10,80,1097,456.15,True,67,"2,8-Dimethylnonane"
prob_in_spec,10,81,1228,471.15,True,68,"3,4-Dimethyl-4-propylheptane"
prob_in_spec,10,82,916,472.15,True,69,"3,6-Dimethyl-3-ethyl-octane"
prob_in_spec,10,83,1172,454.15,True,70,"3,3,4,5-Tetramethylheptane"
prob_in_spec,10,84,830,472.15,True,71,4-Ethyl-5-methylnonane
prob_in_spec,10,85,919,473.15,False,71,"3,4,7-Trimethylnonane"
prob_in_spec,10,86,1167,455.15,True,72,"3,3,4-Trimethyloctane"
prob_in_spec,10,87,1132,454.15,True,73,"4-Ethyl-3,5-dimethylheptane"
prob_in_spec,10,88,930,455.15,True,74,"3,3-Dimethylnonane"
prob_in_spec,10,89,1158,472.15,True,75,"4,4-Dimethyldecane"
prob_in_spec,10,90,912,470.15,True,76,5-Propylnonane
prob_in_spec,10,91,1192,452.15,False,76,"3,5-Diethylheptane"
prob_in_spec,10,92,606,455.15,True,77,"4,5-Dimethylnonane"
prob_in_spec,10,93,840,471.15,True,78,"2,5-Dimethyldecane"
prob_in_spec,10,94,1209,451.15,False,78,"3-Ethyl-2,4,4-trimethylhexane"
prob_in_spec,10,95,1113,454.15,True,79,"3,4,5-Trimethyloctane"
prob_in_spec,10,96,1186,472.15,True,80,"3,4-Diethyloctane"
prob_in_spec,10,97,925,472.15,True,81,"4,7-Dimethyldecane"
prob_in_spec,10,98,923,473.15,False,81,"3,5-Dimethyldecane"
prob_in_spec,10,99,854,473.15,False,81,"2,4-Dimethyldecane"
prob_in_spec,10,100,732,471.15,True,82,"2,6-Dimethyldecane"
prob_in_spec,10,101,934,455.15,True,83,"2,3,3-Trimethyloctane"
prob_in_spec,10,102,1231,454.15,True,84,"3,4,4-Trimethyloctane"
prob_in_spec,10,103,1076,456.28,True,85,"1,3,5-Undecatriene"
prob_in_spec,10,104,1182,453.15,True,86,4-Ethyl-5-methyloctane
prob_in_spec,10,105,1170,455.15,True,87,"3,6-Dimethylnonane"
prob_in_spec,10,106,997,460.44,True,88,"(E,E,Z)-Undeca-1,3,5,8-tetraene"
prob_in_spec,10,107,1171,452.8,False,88,"2,2,3,3-Tetramethylheptane"
prob_in_spec,10,108,1130,453.15,True,89,4-Ethyl-4-methyloctane
prob_in_spec,10,109,1237,459.15,True,90,"2,2,3,4,4-Pentamethylhexane"
prob_in_spec,10,110,1169,473.15,False,90,"4,4-Diethyloctane"
prob_in_spec,10,111,832,474.15,False,90,"5,6-Dimethyldecane"
prob_in_spec,10,112,728,486.15,False,90,6-Dodecyne
prob_in_spec,10,113,755,483.16,False,90,5-Dodecyne
prob_in_spec,10,114,767,483.16,False,90,4-Dodecyne
prob_in_spec,10,115,727,492.55,False,90,3-Dodecyne
prob_in_spec,10,116,712,471.09534,True,91,5-Undecyne
prob_in_spec,10,117,788,471.65,True,92,4-Undecyne
prob_in_spec,10,118,787,473.15,False,92,3-Undecyne
prob_in_spec,10,119,754,482.28,False,92,"2,9-Dimethyl-5-decyne"
prob_in_spec,10,120,276,447.15,False,92,1-Decyne
prob_in_spec,10,121,786,479.15,False,92,2-Undecyne
prob_in_spec,10,122,559,469.15,True,93,1-Undecyne
prob_in_spec,10,123,1216,457.05,True,94,"3,3-Dimethylnon-4-yne"
prob_in_spec,10,124,748,430.94,False,94,Di-t-butylacetylene
prob_in_spec,10,125,944,434.17,False,94,"2,2-Dimethyl-3-octyne"
prob_in_spec,10,126,458,452.15,False,94,"2,6-Dimethylnonane"
prob_in_spec,10,127,979,452.15,False,94,"2,3,4,5-Tetramethylheptane"
prob_in_spec,10,128,841,474.15,False,94,"3,6-Dimethyldecane"
prob_in_spec,10,129,1207,476.15,False,94,"3,3-Diethyl-2-methylheptane"
prob_in_spec,10,130,1129,453.15,True,95,"2,3,4-Trimethyloctane"
prob_in_spec,10,131,47,480.15,False,95,Tributylamine
prob_in_spec,10,132,1109,471.15,True,96,"N,N-Diethylheptylamine"
prob_in_spec,10,133,940,488.15,False,96,"N,N-Dimethylnonylamine"
prob_in_spec,10,134,587,357.15,False,96,Tris(2-methylallyl)amine
prob_in_spec,10,135,529,465.15,True,97,"N,N,N',N'-Tetraethylethylenediamine"
prob_in_spec,10,136,298,467.15,True,98,Triisobutylamine
prob_in_spec,10,137,334,445.15,False,98,"N,N-Dimethylheptylamine"
prob_in_spec,10,138,42,438.2,False,98,"N,N,N',N'-Tetramethyl-1,3-butanediamine"
prob_in_spec,10,139,84,394.15,False,98,"N,N,N',N'-Tetramethylethylenediamine"
prob_in_spec,10,140,17,356.65,False,98,"N,N,N',N'-Tetramethylmethanediamine"
prob_in_spec,10,141,520,441.15,False,98,"N,N,N',N'-Tetramethyl-1,4-butanediamine"
prob_in_spec,10,142,510,498.55,False,98,"2,6,8-Trimethyl-4-nonanol"
prob_in_spec,10,143,49,498.15,False,98,5-Ethyl-2-nonanol
prob_in_spec,10,144,847,498.55,False,98,5-Ethyl-3-nonanol
prob_in_spec,10,145,301,484.18843,False,98,2-Decanol
prob_in_spec,10,146,351,479.15,False,98,Isononyl alcohol
prob_in_spec,10,147,239,466.65,True,99,2-Nonanol
prob_in_spec,10,148,864,479.15,False,99,6-Methyloctan-1-ol
prob_in_spec,10,149,412,465.65,True,100,4-Nonanol
prob_in_spec,10,150,221,467.9,True,101,3-Nonanol
qlogei_target,10,1,186,299.05,False,0,"1,4-Pentadiene"
qlogei_target,10,2,1033,367.15337,False,0,"1,5-Heptadiene"
qlogei_target,10,3,1041,397.15,False,0,2-Octene
qlogei_target,10,4,964,356.15,False,0,"cis,trans-Hexa-2,4-diene"
qlogei_target,10,5,642,613.15,False,0,3-Methylnonadecane
qlogei_target,10,6,328,579.15,False,0,Pristane
qlogei_target,10,7,987,395.15,False,0,Nerolidol
qlogei_target,10,8,258,731.15,False,0,Hentriacontane
qlogei_target,10,9,641,586.15,False,0,3-Methylheptadecane
qlogei_target,10,10,1188,455.15,True,1,3-Ethyl-6-methyloctane
qlogei_target,10,11,635,459.15,True,2,5-Methyldecane
qlogei_target,10,12,935,469.15,True,3,"3-Ethyl-2,7-dimethyloctane"
qlogei_target,10,13,278,465.85,True,4,1-Undecene
qlogei_target,10,14,627,465.15,True,5,3-Methyldecane
qlogei_target,10,15,461,475.15,False,5,"3,7-Dimethyldecane"
qlogei_target,10,16,360,461.15,True,6,4-Methyldecane
qlogei_target,10,17,1184,453.15,True,7,3-Ethyl-5-methyloctane
qlogei_target,10,18,932,461.15,True,8,3-Ethylnonane
qlogei_target,10,19,606,455.15,True,9,"4,5-Dimethylnonane"
qlogei_target,10,20,1139,451.15,False,9,4-Isopropyloctane
qlogei_target,10,21,696,455.44,True,10,Undec-4-ene
qlogei_target,10,22,1138,463.15,True,11,"4-Ethyl-2,6-dimethyloctane"
qlogei_target,10,23,825,463.85,True,12,2-Methyl-1-decene
qlogei_target,10,24,419,462.35,True,13,2-Methyldecane
qlogei_target,10,25,1097,456.15,True,14,"2,8-Dimethylnonane"
qlogei_target,10,26,1223,463.15,True,15,"2,5,5-Trimethylnonane"
qlogei_target,10,27,1154,459.4,True,16,"2,4,5,7-Tetramethyloctane"
qlogei_target,10,28,1160,460.15,True,17,"4-Ethyl-2,2-dimethyloctane"
qlogei_target,10,29,734,462.0,True,18,"1,10-Undecadiene"
qlogei_target,10,30,1214,450.15,False,18,"3,3,6-Trimethyloctane"
qlogei_target,10,31,1164,464.15,True,19,"2,2,4-Trimethylnonane"
qlogei_target,10,32,1174,455.9,True,20,"2,2,6,6-Tetramethyloctane"
qlogei_target,10,33,831,466.15,True,21,"4,5-Diethyloctane"
qlogei_target,10,34,1136,464.15,True,22,"4-Ethyl-2,4-dimethyloctane"
qlogei_target,10,35,1144,447.15,False,22,"3,3,5-Trimethyloctane"
qlogei_target,10,36,1220,463.15,True,23,"2,5-Dimethyl-4-propylheptane"
qlogei_target,10,37,1243,467.15,True,24,"2,3-Dimethyl-4-propylheptane"
qlogei_target,10,38,921,470.15,True,25,"3-Methyl, 3,5-diethyl, heptane"
qlogei_target,10,39,797,551.11,False,25,"2,2,5,5,8,8-Hexamethylnona-3,6-diyne"
qlogei_target,10,40,918,472.15,True,26,"3,4,5,6-Tetramethyloctane"
qlogei_target,10,41,1218,462.15,True,27,"2,4-Dimethyl-4-propylheptane"
qlogei_target,10,42,1166,459.9,True,28,"3,3-Diethylheptane"
qlogei_target,10,43,1141,458.15,True,29,4-Tert-butyl-2-methylheptane
qlogei_target,10,44,1187,464.15,True,30,4-Tert-butyloctane
qlogei_target,10,45,914,456.46543,True,31,"4,4-Diethylheptane"
qlogei_target,10,46,1196,459.15,True,32,"3,4-Diethyl-3-methylhexane"
qlogei_target,10,47,1115,462.15,True,33,"3,3-Diethyl-2,2-dimethylpentane"
qlogei_target,10,48,1198,448.15,False,33,"4-Ethyl-2,5-dimethylheptane"
qlogei_target,10,49,1245,469.15,True,34,"2,4,4,5,5-Pentamethylheptane"
qlogei_target,10,50,1113,454.15,True,35,"3,4,5-Trimethyloctane"
qlogei_target,10,51,1206,462.15,True,36,"3,3-Diethyl-2,4-dimethylpentane"
qlogei_target,10,52,1236,466.15,True,37,"2,2,3,3,6-Pentamethylheptane"
qlogei_target,10,53,795,462.9,True,38,"3,3,6,6-Tetramethyloctane"
qlogei_target,10,54,1221,463.15,True,39,"2,6,6-Trimethylnonane"
qlogei_target,10,55,1145,443.15,False,39,"2,2,4,4-Tetramethylheptane"
qlogei_target,10,56,1114,459.15,True,40,"3-Ethyl-2,2,3,4-tetramethylpentane"
qlogei_target,10,57,1203,460.15,True,41,"2,3,3,4,4-Pentamethylhexane"
qlogei_target,10,58,1177,457.15,True,42,"2,2,3,3,4-Pentamethylhexane"
qlogei_target,10,59,1199,468.15,True,43,"2,2,3,3,5,5-Hexamethylhexane"
qlogei_target,10,60,632,392.6,False,43,"3,5,5-Trimethyl-1-hexene"
qlogei_target,10,61,1116,467.15,True,44,"2,2,3,3,4,4-Hexamethylpentane"
qlogei_target,10,62,950,364.15,False,44,"trans-3,4-Dimethyl-2-pentene"
qlogei_target,10,63,1146,458.15,True,45,"3,4,4,5-Tetramethylheptane"
qlogei_target,10,64,912,470.15,True,46,5-Propylnonane
qlogei_target,10,65,1235,451.15,False,46,"4,4-Dimethylnonane"
qlogei_target,10,66,759,479.15,False,46,"2,4-Hexanediol"
qlogei_target,10,67,553,507.15,False,46,"N,N-Dimethyldecylamine"
qlogei_target,10,68,298,467.15,True,47,Triisobutylamine
qlogei_target,10,69,429,336.15,False,47,Sec-butylamine
qlogei_target,10,70,177,448.15,False,47,4-Octanol
qlogei_target,10,71,226,446.15,False,47,2-Methyl-2-heptanol
qlogei_target,10,72,8,467.85,True,48,1-Octanol
qlogei_target,10,73,18,410.75,False,48,1-Pentanol
qlogei_target,10,74,1001,524.74,False,48,(E)-3-Decenol
qlogei_target,10,75,655,433.76714,False,48,"2,4-Dimethyl-3-hexanol"
qlogei_target,10,76,658,454.65,True,49,2-Methyl-3-octanol
qlogei_target,10,77,29,375.55,False,49,2-Methyl-2-butanol
qlogei_target,10,78,416,431.0,False,49,"2,4-Dimethyl-1-pentanol"
qlogei_target,10,79,412,465.65,True,50,4-Nonanol
qlogei_target,10,80,312,570.15,False,50,2-Methylhexadecane
qlogei_target,10,81,853,484.15,False,50,"2,2-Dimethyl-1-octanol"
qlogei_target,10,82,566,491.65,False,50,2-Butylhexanol
qlogei_target,10,83,510,498.55,False,50,"2,6,8-Trimethyl-4-nonanol"
qlogei_target,10,84,978,447.15,False,50,"3-Ethyl-2,2-dimethyl-3-pentanol"
qlogei_target,10,85,406,426.9,False,50,1-Hepten-3-OL
qlogei_target,10,86,594,443.15,False,50,"2,6-Dimethyl-2-heptanol"
qlogei_target,10,87,396,519.15,False,50,"2,2,4,4,6,8,8-Heptamethylnonane"
qlogei_target,10,88,1100,716.1,False,50,Linolenyl alcohol
qlogei_target,10,89,229,491.15,False,50,"2,4-Pentanediol"
qlogei_target,10,90,103,451.15,False,50,1-Heptanol
qlogei_target,10,91,792,455.15,True,51,"2,4,6-Trimethyl-4-heptanol"
qlogei_target,10,92,1022,478.54,False,51,3-Octen-2-OL
qlogei_target,10,93,670,457.15,True,52,4-Methyl-1-heptanol
qlogei_target,10,94,1091,398.25,False,52,"(E)-2,2,5,5-Tetramethylhex-3-ene"
qlogei_target,10,95,659,502.15,False,52,5-Undecanol
qlogei_target,10,96,669,465.4,True,53,4-Methyl-2-propylpentan-1-ol
qlogei_target,10,97,1211,468.15,True,54,2-Ethyl-4-methylhexan-1-ol
qlogei_target,10,98,811,451.05,False,54,"3-Ethyl-2,4-dimethylpentan-3-ol"
qlogei_target,10,99,905,438.65,False,54,"3,4,4-Trimethylhexan-3-ol"
qlogei_target,10,100,533,452.15,False,54,4-Ethyl-4-heptanol
qlogei_target,10,101,621,465.15,True,55,"4,7-Dimethyloctan-4-ol"
qlogei_target,10,102,1070,448.15,False,55,2-Octen-4-ol
qlogei_target,10,103,1232,467.8,True,56,"3,4,5,5-Tetramethylhexan-3-ol"
qlogei_target,10,104,852,478.15,False,56,"2,3-Hexanediol"
qlogei_target,10,105,289,391.35,False,56,3-Ethyl-3-methylpentane
qlogei_target,10,106,523,459.00627,True,57,"2,2,7,7-Tetramethyloctane"
qlogei_target,10,107,334,445.15,False,57,"N,N-Dimethylheptylamine"
qlogei_target,10,108,102,426.15,False,57,Heptylamine
qlogei_target,10,109,438,451.15,False,57,"2,2,4,6,6-Pentamethylheptane"
qlogei_target,10,110,832,474.15,False,57,"5,6-Dimethyldecane"
qlogei_target,10,111,981,453.15,True,58,3-Methyl-4-octanol
qlogei_target,10,112,221,467.9,True,59,3-Nonanol
qlogei_target,10,113,394,451.65,False,59,2-Octanol
qlogei_target,10,114,864,479.15,False,59,6-Methyloctan-1-ol
qlogei_target,10,115,1194,462.15,True,60,4-Isopropyl-4-heptanol
qlogei_target,10,116,400,459.15,True,61,6-Methylhept-5-en-2-ol
qlogei_target,10,117,735,439.15,False,61,"2,2,4,4-Tetramethylpentan-3-ol"
qlogei_target,10,118,293,395.35,False,61,"2,2,4,4-Tetramethylpentane"
qlogei_target,10,119,401,410.15,False,61,2-Methylbut-2-en-1-ol
qlogei_target,10,120,52,430.15,False,61,2-Methyl-1-pentanol
qlogei_target,10,121,1052,478.32,False,61,trans-6-Dodecene
qlogei_target,10,122,1007,593.56,False,61,"(Z,Z)-Heptadeca-1,8,11-triene"
qlogei_target,10,123,1222,457.75,True,62,"2,6-Dimethyl-4-propylheptane"
qlogei_target,10,124,871,540.15,False,62,2-Methyl-1-tetradecene
qlogei_target,10,125,784,506.04,False,62,4-Tridecyne
qlogei_target,10,126,1249,460.65,True,63,"2,2,4,4-Tetramethyl-3-hexanol"
qlogei_target,10,127,1021,466.15,True,64,(E)-4-Undecene
qlogei_target,10,128,788,471.65,True,65,4-Undecyne
qlogei_target,10,129,560,457.75,True,66,2-Decyne
qlogei_target,10,130,872,429.36,False,66,4-Ethyl-2-methylheptane
qlogei_target,10,131,699,465.45,True,67,5-Undecene
qlogei_target,10,132,499,473.15,False,67,"2,2,3-Trimethylnonane"
qlogei_target,10,133,1240,459.15,True,68,"2,2,5,5,6-Pentamethylheptane"
qlogei_target,10,134,850,478.32,False,68,Dodec-4-ene
qlogei_target,10,135,424,430.15,False,68,"3,3,5-Trimethylheptane"
qlogei_target,10,136,1133,464.89743,True,69,"2,2,3,4-Tetramethylhexan-3-ol"
qlogei_target,10,137,1204,479.15,False,69,"3,3-Diethyl-2,2,4-trimethylpentane"
qlogei_target,10,138,418,503.15,False,69,"3,4-Diethyl-3,4-hexanediol"
qlogei_target,10,139,1178,452.15,False,69,"2,3,4-Trimethylhexan-3-ol"
qlogei_target,10,140,1005,367.65,False,69,3-Methyl-2-hexene
qlogei_target,10,141,974,447.15,False,69,(S)-1-Octen-3-ol
qlogei_target,10,142,710,467.14283,True,70,4-Propyl-4-heptanol
qlogei_target,10,143,136,282.65,False,70,Neopentane
qlogei_target,10,144,156,359.15,False,70,"3,3-Dimethylpentane"
qlogei_target,10,145,1148,429.73095,False,70,"2,2,3-Trimethylbutan-1-ol"
qlogei_target,10,146,302,469.05,True,71,Undecane
qlogei_target,10,147,455,488.15,False,71,"2,5-Dimethylundecane"
qlogei_target,10,148,563,351.65,False,71,n-Methyloctan-1-amine
qlogei_target,10,149,17,356.65,False,71,"N,N,N',N'-Tetramethylmethanediamine"
qlogei_target,10,150,482,446.55,False,71,trans-2-Decene
random,11,1,35,341.95,False,0,Isobutylamine
random,11,2,159,304.25,False,0,2-Methyl-1-butene
random,11,3,991,355.55,False,0,"(2Z,4Z)-2,4-Hexadiene"
random,11,4,750,523.15,False,0,2-Methyl-1-tridecene
random,11,5,888,428.93767,False,0,"2,3,4,5-Tetramethylhexane"
random,11,6,621,465.15,True,1,"4,7-Dimethyloctan-4-ol"
random,11,7,166,386.55,False,1,"2,3,4-Trimethylpentane"
random,11,8,185,363.15,False,1,2-Methylhexane
random,11,9,606,455.15,True,2,"4,5-Dimethylnonane"
random,11,10,735,439.15,False,2,"2,2,4,4-Tetramethylpentan-3-ol"
random,11,11,161,346.34,False,2,"2,3-Dimethyl-2-butene"
random,11,12,739,430.15,False,2,"2,5-Dimethyloctane"
random,11,13,168,390.85,False,2,"3,4-Dimethylhexane"
random,11,14,997,460.44,True,3,"(E,E,Z)-Undeca-1,3,5,8-tetraene"
random,11,15,625,466.65,True,4,1-Nonen-3-ol
random,11,16,685,397.65,False,4,Butylisopropylamine
random,11,17,501,601.15,False,4,2-Heptadecanol
random,11,18,88,364.15,False,4,N-Methylbutylamine
random,11,19,188,390.75,False,4,2-Methylheptane
random,11,20,1160,460.15,True,5,"4-Ethyl-2,2-dimethyloctane"
random,11,21,1221,463.15,True,6,"2,6,6-Trimethylnonane"
random,11,22,186,299.05,False,6,"1,4-Pentadiene"
random,11,23,461,475.15,False,6,"3,7-Dimethyldecane"
random,11,24,779,506.04,False,6,6-Tridecyne
random,11,25,1086,385.15,False,6,5-Methyl-3-heptene
random,11,26,345,355.35,False,6,"Hexa-1,3,5-triene"
random,11,27,434,445.35,False,6,3-Methyl-1-hexanol
random,11,28,986,426.15,False,6,trans-3-Hexen-1-ol
random,11,29,174,382.55,False,6,"2,4-Dimethylhexane"
random,11,30,1068,388.97729,False,6,"4-Methyl-1,5-Heptadiene"
random,11,31,1020,378.55,False,6,"cis-2,2-Dimethyl-3-hexene"
random,11,32,1048,478.32,False,6,cis-2-Dodecene
random,11,33,687,321.35,False,6,"2,3-Pentadiene"
random,11,34,1174,455.9,True,7,"2,2,6,6-Tetramethyloctane"
random,11,35,1229,469.15,True,8,"3,5-Dimethyl-4-propylheptane"
random,11,36,1027,570.5,False,8,cis-7-Dodecen-1-ol
random,11,37,690,433.15,False,8,3-Ethyl-2-methyl-3-pentanol
random,11,38,1230,469.15,True,9,"3,3-Dimethyl-4-propylheptane"
random,11,39,601,436.15,False,9,4-Ethyloctane
random,11,40,441,421.45,False,9,"2,2,4-Trimethylheptane"
random,11,41,1208,459.15,True,10,"3,3-Diethyl-2-methylhexane"
random,11,42,1107,524.15,False,10,"2,4-Dimethyltridecane"
random,11,43,999,607.14,False,10,"2,6-Dimethyl-3,7-octadiene-2,6-diol"
random,11,44,1083,440.64,False,10,"(E,Z)-2,6-Dimethylocta-2,4,6-triene"
random,11,45,737,434.36,False,10,3-Ethyl-2-methylheptane
random,11,46,1214,450.15,False,10,"3,3,6-Trimethyloctane"
random,11,47,102,426.15,False,10,Heptylamine
random,11,48,343,417.15,False,10,3-Methyloctane
random,11,49,1119,458.15,True,11,"3,4-Dimethylnonane"
random,11,50,17,356.65,False,11,"N,N,N',N'-Tetramethylmethanediamine"
random,11,51,94,693.15,False,11,Squalane
random,11,52,836,439.15,False,11,"2,2,3,3,4-Pentamethylpentane"
random,11,53,1064,338.15,False,11,"1,4-Hexadiene"
random,11,54,254,675.05,False,11,Pentacosane
random,11,55,702,356.15,False,11,"4,4-Dimethyl-2-pentyne"
random,11,56,41,368.70133,False,11,2-Methylbutylamine
random,11,57,252,629.15,False,11,1-Eicosanol
random,11,58,429,336.15,False,11,Sec-butylamine
random,11,59,221,467.9,True,12,3-Nonanol
random,11,60,548,428.9,False,12,5-Hexen-1-ol
random,11,61,422,395.15,False,12,"2,3-Dimethyl-2-hexene"
random,11,62,926,694.15,False,12,1-Heptacosene
random,11,63,1113,454.15,True,13,"3,4,5-Trimethyloctane"
random,11,64,867,377.15,False,13,N-Methylisoamylamine
random,11,65,780,391.2,False,13,6-Methyl-3-heptyne
random,11,66,570,422.7,False,13,"2,4,4-Trimethylheptane"
random,11,67,1019,369.15,False,13,trans-3-Heptene
random,11,68,112,486.55,False,13,1-Dodecene
random,11,69,1242,442.15,False,13,"2,2,5,6-Tetramethylheptane"
random,11,70,860,367.15,False,13,2-Ethyl-1-pentene
random,11,71,24,289.75,False,13,Ethylamine
random,11,72,90,407.85,False,13,2-Ethoxyethanol
random,11,73,241,481.15,False,13,"Hexane-1,6-diol"
random,11,74,729,334.15,False,13,4-Methyl-1-pentyne
random,11,75,1051,413.65,False,13,(Z)-Pent-3-en-1-ol
random,11,76,959,432.15,False,13,4-Hexen-1-OL
random,11,77,219,420.15,False,13,5-Methyl-3-hexanol
random,11,78,30,447.15,False,13,Pinacol
random,11,79,619,358.15,False,13,N-Ethylpropylamine
random,11,80,113,519.15,False,13,1-Undecanol
random,11,81,160,328.74,False,13,"2,3-Dimethyl-1-butene"
random,11,82,803,452.15,False,13,"2,2,3-Trimethyloctane"
random,11,83,1232,467.8,True,14,"3,4,5,5-Tetramethylhexan-3-ol"
random,11,84,918,472.15,True,15,"3,4,5,6-Tetramethyloctane"
random,11,85,530,450.15,False,15,"2-Methylpropane-1,2-diol"
random,11,86,34,307.15,False,15,Isoprene
random,11,87,744,385.15,False,15,"3,4-Dimethyl-1-hexene"
random,11,88,1079,606.15,False,15,Elaidyl alcohol
random,11,89,920,483.15,False,15,"3,4-Dimethyl-3,4-diethyl-hexane"
random,11,90,1117,456.27755,True,16,(S)-(+)-5-Methyl-1-heptanol
random,11,91,843,501.15,False,16,"2,3-Dimethylundecane"
random,11,92,450,412.15,False,16,"3,3,4-Trimethylhexane"
random,11,93,865,397.15,False,16,2-Methyl-n-propyl-1-propanamine
random,11,94,21,266.75,False,16,Methylamine
random,11,95,119,225.55,False,16,Propylene
random,11,96,1061,524.74,False,16,2-Decen-1-ol
random,11,97,610,427.15,False,16,5-Methyl-3-heptanol
random,11,98,1181,445.15,False,16,2-Methyl-4-isopropylheptane
random,11,99,279,440.15,False,16,2-Methylnonane
random,11,100,360,461.15,True,17,4-Methyldecane
random,11,101,502,441.65,False,17,2-Methylhexan-1-ol
random,11,102,459,457.15,True,18,"3,7-Dimethylnonane"
random,11,103,626,557.0,False,18,"2,5,8,11-Tetraoxatridecan-13-ol"
random,11,104,1173,415.15,False,18,4-Methyl-octane
random,11,105,1218,462.15,True,19,"2,4-Dimethyl-4-propylheptane"
random,11,106,927,674.15,False,19,1-Pentacosene
random,11,107,1093,638.04,False,19,cis-2-Methyl-7-octadecene
random,11,108,1246,444.15,False,19,"2,4,4-Trimethyloctane"
random,11,109,52,430.15,False,19,2-Methyl-1-pentanol
random,11,110,390,341.0,False,19,2-Hexene
random,11,111,216,391.65,False,19,3-Ethylhexane
random,11,112,1216,457.05,True,20,"3,3-Dimethylnon-4-yne"
random,11,113,377,614.15,False,20,1-Eicosene
random,11,114,308,597.15,False,20,1-Heptadecanol
random,11,115,1047,432.56,False,20,trans-4-Decene
random,11,116,967,502.15,False,20,Nerol
random,11,117,817,384.15,False,20,"1,6-Heptadiyne"
random,11,118,1138,463.15,True,21,"4-Ethyl-2,6-dimethyloctane"
random,11,119,1094,479.64,False,21,"Butene-1,4-diol"
random,11,120,856,448.0,False,21,"2,3-Dimethylnonane"
random,11,121,682,810.15,False,21,Dotetracontane
random,11,122,183,394.15,False,21,2-Methylpentan-2-ol
random,11,123,820,439.45,False,21,"3,3-Diethylhexane"
random,11,124,772,356.98,False,21,Propen-2-ol
random,11,125,225,415.15,False,21,2-Methyl-2-hexanol
random,11,126,939,409.15,False,21,N-Ethylpentylamine
random,11,127,46,423.15,False,21,Triallylamine
random,11,128,666,383.45,False,21,3-Ethylhex-1-ene
random,11,129,212,339.05,False,21,"N,N-Diethylmethylamine"
random,11,130,1110,475.15,False,21,N-Ethyloctylamine
random,11,131,669,465.4,True,22,4-Methyl-2-propylpentan-1-ol
random,11,132,181,284.15,False,22,"1,2-Butadiene"
random,11,133,1203,460.15,True,23,"2,3,3,4,4-Pentamethylhexane"
random,11,134,184,379.95,False,23,"2,2-Dimethylhexane"
random,11,135,1245,469.15,True,24,"2,4,4,5,5-Pentamethylheptane"
random,11,136,788,471.65,True,25,4-Undecyne
random,11,137,1077,378.25,False,25,"3-Methyl-1,4-heptadiene"
random,11,138,420,484.15,False,25,2-Methylundecane
random,11,139,76,414.75,False,25,2-Isopropoxyethanol
random,11,140,782,523.84,False,25,"4,5-Dipropyl-4-octene"
random,11,141,290,419.35,False,25,"3,3-Diethylpentane"
random,11,142,454,421.05,False,25,"2,2,4,5-Tetramethylhexane"
random,11,143,755,483.16,False,25,5-Dodecyne
random,11,144,641,586.15,False,25,3-Methylheptadecane
random,11,145,100,431.65,False,25,2-Allyloxyethanol
random,11,146,791,449.15,False,25,"2,2,4,4,5-Pentamethylhexane"
random,11,147,684,327.66,False,25,Ethynol
random,11,148,318,404.15,False,25,1-Ethoxy-2-propanol
random,11,149,1043,447.35,False,25,cis-2-Decene
random,11,150,144,311.65,False,25,2-Methyl-2-butene
mw_heuristic,11,1,35,341.95,False,0,Isobutylamine
mw_heuristic,11,2,159,304.25,False,0,2-Methyl-1-butene
mw_heuristic,11,3,991,355.55,False,0,"(2Z,4Z)-2,4-Hexadiene"
mw_heuristic,11,4,750,523.15,False,0,2-Methyl-1-tridecene
mw_heuristic,11,5,888,428.93767,False,0,"2,3,4,5-Tetramethylhexane"
mw_heuristic,11,6,621,465.15,True,1,"4,7-Dimethyloctan-4-ol"
mw_heuristic,11,7,166,386.55,False,1,"2,3,4-Trimethylpentane"
mw_heuristic,11,8,185,363.15,False,1,2-Methylhexane
mw_heuristic,11,9,606,455.15,True,2,"4,5-Dimethylnonane"
mw_heuristic,11,10,735,439.15,False,2,"2,2,4,4-Tetramethylpentan-3-ol"
mw_heuristic,11,11,509,542.15,False,2,"2-Butyl-2-ethyl-1,3-propanediol"
mw_heuristic,11,12,56,497.15,False,2,"3,7-Dimethyloctan-1-ol"
mw_heuristic,11,13,110,502.15,False,2,1-Decanol
mw_heuristic,11,14,301,484.18843,False,2,2-Decanol
mw_heuristic,11,15,338,487.15,False,2,4-Decanol
mw_heuristic,11,16,54,505.15,False,2,"N,N-Bis(3-aminopropyl)methylamine"
mw_heuristic,11,17,83,506.15,False,2,"2,5-Dimethyl-2,5-hexanediol"
mw_heuristic,11,18,109,481.15,False,2,2-(Hexyloxy)ethanol
mw_heuristic,11,19,133,503.25,False,2,"2,2,4-Trimethyl-1,3-pentanediol"
mw_heuristic,11,20,537,418.15,False,2,"1,8-Octanediol"
mw_heuristic,11,21,126,479.15,False,2,"2,5-Dimethyl-3-hexyne-2,5-diol"
mw_heuristic,11,22,625,466.65,True,3,1-Nonen-3-ol
mw_heuristic,11,23,279,440.15,False,3,2-Methylnonane
mw_heuristic,11,24,295,410.15,False,3,"2,2,5,5-Tetramethylhexane"
mw_heuristic,11,25,297,433.15,False,3,"2,7-Dimethyloctane"
mw_heuristic,11,26,42,438.2,False,3,"N,N,N',N'-Tetramethyl-1,3-butanediamine"
mw_heuristic,11,27,123,394.15,False,3,"N,N-Diisopropylethylenediamine"
mw_heuristic,11,28,518,327.65,False,3,"N,N,N'-Triethylethylenediamine"
mw_heuristic,11,29,520,441.15,False,3,"N,N,N',N'-Tetramethyl-1,4-butanediamine"
mw_heuristic,11,30,221,467.9,True,4,3-Nonanol
mw_heuristic,11,31,1076,456.28,True,5,"1,3,5-Undecatriene"
mw_heuristic,11,32,39,653.15,False,5,Xylitol
mw_heuristic,11,33,668,514.75,False,5,"3,7-Dimethylocta-1,5,7-trien-3-ol"
mw_heuristic,11,34,1072,514.75,False,5,Hotrienol
mw_heuristic,11,35,559,469.15,True,6,1-Undecyne
mw_heuristic,11,36,239,466.65,True,7,2-Nonanol
mw_heuristic,11,37,319,446.15,False,7,"3,6-Dimethyl-3-heptanol"
mw_heuristic,11,38,351,479.15,False,7,Isononyl alcohol
mw_heuristic,11,39,379,466.15,True,8,"3,5,5-Trimethyl-1-hexanol"
mw_heuristic,11,40,409,462.15,True,9,3-Methyl-3-octanol
mw_heuristic,11,41,412,465.65,True,10,4-Nonanol
mw_heuristic,11,42,467,448.15,False,10,"2,6-Dimethyl-3-heptanol"
mw_heuristic,11,43,468,452.15,False,10,"3,5-Dimethyl-4-heptanol"
mw_heuristic,11,44,533,452.15,False,10,4-Ethyl-4-heptanol
mw_heuristic,11,45,594,443.15,False,10,"2,6-Dimethyl-2-heptanol"
mw_heuristic,11,46,646,443.15,False,10,"2,2,3-Trimethylhexan-3-ol"
mw_heuristic,11,47,658,454.65,True,11,2-Methyl-3-octanol
mw_heuristic,11,48,669,465.4,True,12,4-Methyl-2-propylpentan-1-ol
mw_heuristic,11,49,769,453.22759,True,13,4-Methyl-4-octanol
mw_heuristic,11,50,811,451.05,False,13,"3-Ethyl-2,4-dimethylpentan-3-ol"
mw_heuristic,11,51,572,370.65,False,13,Tris(2-aminoethyl)amine
mw_heuristic,11,52,864,479.15,False,13,6-Methyloctan-1-ol
mw_heuristic,11,53,905,438.65,False,13,"3,4,4-Trimethylhexan-3-ol"
mw_heuristic,11,54,906,444.86543,False,13,"2,4,4-Trimethyl-3-hexanol"
mw_heuristic,11,55,978,447.15,False,13,"3-Ethyl-2,2-dimethyl-3-pentanol"
mw_heuristic,11,56,997,460.44,True,14,"(E,E,Z)-Undeca-1,3,5,8-tetraene"
mw_heuristic,11,57,981,453.15,True,15,3-Methyl-4-octanol
mw_heuristic,11,58,1108,447.15,False,15,"2,2-Dimethyl-4-heptanol"
mw_heuristic,11,59,1178,452.15,False,15,"2,3,4-Trimethylhexan-3-ol"
mw_heuristic,11,60,1211,468.15,True,16,2-Ethyl-4-methylhexan-1-ol
mw_heuristic,11,61,45,426.15,False,16,Tripropylamine
mw_heuristic,11,62,331,471.15,True,17,Nonylamine
mw_heuristic,11,63,334,445.15,False,17,"N,N-Dimethylheptylamine"
mw_heuristic,11,64,376,432.15,False,17,N-Methyldibutylamine
mw_heuristic,11,65,563,351.65,False,17,n-Methyloctan-1-amine
mw_heuristic,11,66,712,471.09534,True,18,5-Undecyne
mw_heuristic,11,67,734,462.0,True,19,"1,10-Undecadiene"
mw_heuristic,11,68,786,479.15,False,19,2-Undecyne
mw_heuristic,11,69,787,473.15,False,19,3-Undecyne
mw_heuristic,11,70,788,471.65,True,20,4-Undecyne
mw_heuristic,11,71,1216,457.05,True,21,"3,3-Dimethylnon-4-yne"
mw_heuristic,11,72,967,502.15,False,21,Nerol
mw_heuristic,11,73,278,465.85,True,22,1-Undecene
mw_heuristic,11,74,696,455.44,True,23,Undec-4-ene
mw_heuristic,11,75,699,465.45,True,24,5-Undecene
mw_heuristic,11,76,825,463.85,True,25,2-Methyl-1-decene
mw_heuristic,11,77,1021,466.15,True,26,(E)-4-Undecene
mw_heuristic,11,78,306,426.15,False,26,"2,5,5-Trimethylheptane"
mw_heuristic,11,79,325,447.25,False,26,Decane
mw_heuristic,11,80,337,431.15,False,26,"2,6-Dimethyloctane"
mw_heuristic,11,81,57,497.15,False,26,(-)-Citronellol
mw_heuristic,11,82,1001,524.74,False,26,(E)-3-Decenol
mw_heuristic,11,83,1061,524.74,False,26,2-Decen-1-ol
mw_heuristic,11,84,1092,524.74,False,26,Dec-4-en-1-ol
mw_heuristic,11,85,302,469.05,True,27,Undecane
mw_heuristic,11,86,387,413.06493,False,27,"2,3,6-Trimethylheptane"
mw_heuristic,11,87,411,441.15,False,27,3-Methylnonane
mw_heuristic,11,88,423,437.15,False,27,"2,3-Dimethyloctane"
mw_heuristic,11,89,424,430.15,False,27,"3,3,5-Trimethylheptane"
mw_heuristic,11,90,436,432.86,False,27,5-Ethyl-2-methylheptane
mw_heuristic,11,91,437,433.15,False,27,"2,2,3,3-Tetramethylhexane"
mw_heuristic,11,92,441,421.45,False,27,"2,2,4-Trimethylheptane"
mw_heuristic,11,93,443,437.15,False,27,5-Methylnonane
mw_heuristic,11,94,454,421.05,False,27,"2,2,4,5-Tetramethylhexane"
mw_heuristic,11,95,456,439.15,False,27,4-Methylnonane
mw_heuristic,11,96,360,461.15,True,28,4-Methyldecane
mw_heuristic,11,97,419,462.35,True,29,2-Methyldecane
mw_heuristic,11,98,457,452.15,False,29,"2,5-Dimethylnonane"
mw_heuristic,11,99,458,452.15,False,29,"2,6-Dimethylnonane"
mw_heuristic,11,100,459,457.15,True,30,"3,7-Dimethylnonane"
mw_heuristic,11,101,503,452.15,False,30,"2,3,7-Trimethyloctane"
mw_heuristic,11,102,627,465.15,True,31,3-Methyldecane
mw_heuristic,11,103,635,459.15,True,32,5-Methyldecane
mw_heuristic,11,104,676,453.15,True,33,"2,3,6-Trimethyloctane"
mw_heuristic,11,105,777,436.15,False,33,"2,2,6,6-Tetramethylheptane"
mw_heuristic,11,106,791,449.15,False,33,"2,2,4,4,5-Pentamethylhexane"
mw_heuristic,11,107,793,439.15,False,33,"2,2,5,5-Tetramethylheptane"
mw_heuristic,11,108,794,453.15,True,34,"3,3,5,5-Tetramethylheptane"
mw_heuristic,11,109,803,452.15,False,34,"2,2,3-Trimethyloctane"
mw_heuristic,11,110,804,450.15,False,34,"2,3,5-Trimethyloctane"
mw_heuristic,11,111,845,443.15834,False,34,"2,2,4-Trimethyloctane"
mw_heuristic,11,112,856,448.0,False,34,"2,3-Dimethylnonane"
mw_heuristic,11,113,904,447.15,False,34,"2,2,6-Trimethyloctane"
mw_heuristic,11,114,913,451.15,False,34,"2,4-Dimethylnonane"
mw_heuristic,11,115,914,456.46543,True,35,"4,4-Diethylheptane"
mw_heuristic,11,116,922,457.15,True,36,4-Ethylnonane
mw_heuristic,11,117,930,455.15,True,37,"3,3-Dimethylnonane"
mw_heuristic,11,118,932,461.15,True,38,3-Ethylnonane
mw_heuristic,11,119,934,455.15,True,39,"2,3,3-Trimethyloctane"
mw_heuristic,11,120,936,451.15,False,39,"2,5,6-Trimethyloctane"
mw_heuristic,11,121,937,447.15,False,39,"2,4,6-Trimethyloctane"
mw_heuristic,11,122,938,447.15,False,39,"2,2,3,5-Tetramethylheptane"
mw_heuristic,11,123,979,452.15,False,39,"2,3,4,5-Tetramethylheptane"
mw_heuristic,11,124,983,450.15,False,39,"3-Ethyl-2,4,5-trimethylhexane"
mw_heuristic,11,125,1096,453.15,True,40,"2,7-Dimethylnonane"
mw_heuristic,11,126,1097,456.15,True,41,"2,8-Dimethylnonane"
mw_heuristic,11,127,1113,454.15,True,42,"3,4,5-Trimethyloctane"
mw_heuristic,11,128,1114,459.15,True,43,"3-Ethyl-2,2,3,4-tetramethylpentane"
mw_heuristic,11,129,1115,462.15,True,44,"3,3-Diethyl-2,2-dimethylpentane"
mw_heuristic,11,130,1116,467.15,True,45,"2,2,3,3,4,4-Hexamethylpentane"
mw_heuristic,11,131,1119,458.15,True,46,"3,4-Dimethylnonane"
mw_heuristic,11,132,1127,447.15,False,46,4-Tert-butylheptane
mw_heuristic,11,133,1129,453.15,True,47,"2,3,4-Trimethyloctane"
mw_heuristic,11,134,1130,453.15,True,48,4-Ethyl-4-methyloctane
mw_heuristic,11,135,1131,443.15,False,48,"2,4,7-Trimethyloctane"
mw_heuristic,11,136,1132,454.15,True,49,"4-Ethyl-3,5-dimethylheptane"
mw_heuristic,11,137,1139,451.15,False,49,4-Isopropyloctane
mw_heuristic,11,138,1140,443.15,False,49,"3-Ethyl-2,2,5-trimethylhexane"
mw_heuristic,11,139,1143,442.15,False,49,"2,2,4,5-Tetramethylheptane"
mw_heuristic,11,140,1144,447.15,False,49,"3,3,5-Trimethyloctane"
mw_heuristic,11,141,1145,443.15,False,49,"2,2,4,4-Tetramethylheptane"
mw_heuristic,11,142,1146,458.15,True,50,"3,4,4,5-Tetramethylheptane"
mw_heuristic,11,143,1147,448.15,False,50,"2,3,5,6-Tetramethylheptane"
mw_heuristic,11,144,1149,437.15,False,50,"2,4,4,6-Tetramethylheptane"
mw_heuristic,11,145,1151,451.15,False,50,4-Methyl-4-propylheptane
mw_heuristic,11,146,1152,452.15,False,50,"3,4,6-Trimethyloctane"
mw_heuristic,11,147,1153,438.275,False,50,"2,2,3,5,5-Pentamethylhexane"
mw_heuristic,11,148,1157,450.15,False,50,"5,5-Dimethylnonane"
mw_heuristic,11,149,1162,441.15,False,50,"4-Ethyl-2,2-dimethylheptane"
mw_heuristic,11,150,1163,443.15,False,50,"2,2,7-Trimethyloctane"
greedy_gp,11,1,35,341.95,False,0,Isobutylamine
greedy_gp,11,2,159,304.25,False,0,2-Methyl-1-butene
greedy_gp,11,3,991,355.55,False,0,"(2Z,4Z)-2,4-Hexadiene"
greedy_gp,11,4,750,523.15,False,0,2-Methyl-1-tridecene
greedy_gp,11,5,888,428.93767,False,0,"2,3,4,5-Tetramethylhexane"
greedy_gp,11,6,621,465.15,True,1,"4,7-Dimethyloctan-4-ol"
greedy_gp,11,7,166,386.55,False,1,"2,3,4-Trimethylpentane"
greedy_gp,11,8,185,363.15,False,1,2-Methylhexane
greedy_gp,11,9,606,455.15,True,2,"4,5-Dimethylnonane"
greedy_gp,11,10,735,439.15,False,2,"2,2,4,4-Tetramethylpentan-3-ol"
greedy_gp,11,11,559,469.15,True,3,1-Undecyne
greedy_gp,11,12,792,455.15,True,4,"2,4,6-Trimethyl-4-heptanol"
greedy_gp,11,13,1194,462.15,True,5,4-Isopropyl-4-heptanol
greedy_gp,11,14,786,479.15,False,5,2-Undecyne
greedy_gp,11,15,581,515.65,False,5,"3,6,9,12,15,18-Hexaoxaicosane-1,20-diol"
greedy_gp,11,16,1199,468.15,True,6,"2,2,3,3,5,5-Hexamethylhexane"
greedy_gp,11,17,710,467.14283,True,7,4-Propyl-4-heptanol
greedy_gp,11,18,322,437.15,False,7,"1,9-Decadiene"
greedy_gp,11,19,1217,477.15,False,7,4-Methyl-2-(2-methylpropyl)pentan-1-ol
greedy_gp,11,20,650,484.15,False,7,Tetrahydrolavandulol
greedy_gp,11,21,1202,452.15,False,7,"4,6-Dimethylnonane"
greedy_gp,11,22,1170,455.15,True,8,"3,6-Dimethylnonane"
greedy_gp,11,23,1119,458.15,True,9,"3,4-Dimethylnonane"
greedy_gp,11,24,459,457.15,True,10,"3,7-Dimethylnonane"
greedy_gp,11,25,1188,455.15,True,11,3-Ethyl-6-methyloctane
greedy_gp,11,26,734,462.0,True,12,"1,10-Undecadiene"
greedy_gp,11,27,1221,463.15,True,13,"2,6,6-Trimethylnonane"
greedy_gp,11,28,932,461.15,True,14,3-Ethylnonane
greedy_gp,11,29,922,457.15,True,15,4-Ethylnonane
greedy_gp,11,30,259,748.15,False,15,Tritriacontane
greedy_gp,11,31,1159,478.0,False,15,"3,3-Diethyloctane"
greedy_gp,11,32,627,465.15,True,16,3-Methyldecane
greedy_gp,11,33,133,503.25,False,16,"2,2,4-Trimethyl-1,3-pentanediol"
greedy_gp,11,34,419,462.35,True,17,2-Methyldecane
greedy_gp,11,35,506,438.15,False,17,3-(Diethylamino)propylamine
greedy_gp,11,36,360,461.15,True,18,4-Methyldecane
greedy_gp,11,37,467,448.15,False,18,"2,6-Dimethyl-3-heptanol"
greedy_gp,11,38,635,459.15,True,19,5-Methyldecane
greedy_gp,11,39,1236,466.15,True,20,"2,2,3,3,6-Pentamethylheptane"
greedy_gp,11,40,1076,456.28,True,21,"1,3,5-Undecatriene"
greedy_gp,11,41,229,491.15,False,21,"2,4-Pentanediol"
greedy_gp,11,42,1102,491.15,False,21,"(R*,S*)-Pentane-2,4-diol"
greedy_gp,11,43,1183,457.0,True,22,"2,4,4,7-Tetramethyloctane"
greedy_gp,11,44,1245,469.15,True,23,"2,4,4,5,5-Pentamethylheptane"
greedy_gp,11,45,523,459.00627,True,24,"2,2,7,7-Tetramethyloctane"
greedy_gp,11,46,658,454.65,True,25,2-Methyl-3-octanol
greedy_gp,11,47,1223,463.15,True,26,"2,5,5-Trimethylnonane"
greedy_gp,11,48,331,471.15,True,27,Nonylamine
greedy_gp,11,49,1240,459.15,True,28,"2,2,5,5,6-Pentamethylheptane"
greedy_gp,11,50,981,453.15,True,29,3-Methyl-4-octanol
greedy_gp,11,51,625,466.65,True,30,1-Nonen-3-ol
greedy_gp,11,52,8,467.85,True,31,1-Octanol
greedy_gp,11,53,1164,464.15,True,32,"2,2,4-Trimethylnonane"
greedy_gp,11,54,1160,460.15,True,33,"4-Ethyl-2,2-dimethyloctane"
greedy_gp,11,55,149,460.15,True,34,Diisoamylamine
greedy_gp,11,56,104,444.15,False,34,2-Butoxyethanol
greedy_gp,11,57,1116,467.15,True,35,"2,2,3,3,4,4-Hexamethylpentane"
greedy_gp,11,58,1141,458.15,True,36,4-Tert-butyl-2-methylheptane
greedy_gp,11,59,1218,462.15,True,37,"2,4-Dimethyl-4-propylheptane"
greedy_gp,11,60,1136,464.15,True,38,"4-Ethyl-2,4-dimethyloctane"
greedy_gp,11,61,1222,457.75,True,39,"2,6-Dimethyl-4-propylheptane"
greedy_gp,11,62,587,357.15,False,39,Tris(2-methylallyl)amine
greedy_gp,11,63,1154,459.4,True,40,"2,4,5,7-Tetramethyloctane"
greedy_gp,11,64,1187,464.15,True,41,4-Tert-butyloctane
greedy_gp,11,65,1114,459.15,True,42,"3-Ethyl-2,2,3,4-tetramethylpentane"
greedy_gp,11,66,684,327.66,False,42,Ethynol
greedy_gp,11,67,795,462.9,True,43,"3,3,6,6-Tetramethyloctane"
greedy_gp,11,68,1220,463.15,True,44,"2,5-Dimethyl-4-propylheptane"
greedy_gp,11,69,1138,463.15,True,45,"4-Ethyl-2,6-dimethyloctane"
greedy_gp,11,70,1105,468.15,True,46,"2,3,4,5,6-Pentamethylheptane"
greedy_gp,11,71,348,437.4,False,46,4-Decyne
greedy_gp,11,72,1174,455.9,True,47,"2,2,6,6-Tetramethyloctane"
greedy_gp,11,73,699,465.45,True,48,5-Undecene
greedy_gp,11,74,330,451.15,False,48,5-Decyne
greedy_gp,11,75,696,455.44,True,49,Undec-4-ene
greedy_gp,11,76,1021,466.15,True,50,(E)-4-Undecene
greedy_gp,11,77,9,460.45,True,51,Propylene Glycol
greedy_gp,11,78,814,461.15,True,52,"R-1,2-Propanediol"
greedy_gp,11,79,139,469.65,True,53,"3-Butene-1,2-diol"
greedy_gp,11,80,1,455.15,True,54,"2,3-Butanediol"
greedy_gp,11,81,668,514.75,False,54,"3,7-Dimethylocta-1,5,7-trien-3-ol"
greedy_gp,11,82,1072,514.75,False,54,Hotrienol
greedy_gp,11,83,530,450.15,False,54,"2-Methylpropane-1,2-diol"
greedy_gp,11,84,647,448.15,False,54,"2-Methylbutane-2,3-diol"
greedy_gp,11,85,1203,460.15,True,55,"2,3,3,4,4-Pentamethylhexane"
greedy_gp,11,86,477,480.15,False,55,Neopentyl glycol
greedy_gp,11,87,108,533.15,False,55,"N,N-Dimethyldodecylamine"
greedy_gp,11,88,0,470.65,True,56,Ethylene Glycol
greedy_gp,11,89,54,505.15,False,56,"N,N-Bis(3-aminopropyl)methylamine"
greedy_gp,11,90,278,465.85,True,57,1-Undecene
greedy_gp,11,91,42,438.2,False,57,"N,N,N',N'-Tetramethyl-1,3-butanediamine"
greedy_gp,11,92,99,479.65,False,57,Diethylenetriamine
greedy_gp,11,93,91,417.15,False,57,"N,N,N',N'-Tetramethyl-1,3-propanediamine"
greedy_gp,11,94,30,447.15,False,57,Pinacol
greedy_gp,11,95,997,460.44,True,58,"(E,E,Z)-Undeca-1,3,5,8-tetraene"
greedy_gp,11,96,531,252.95,False,58,Trimethylborane
greedy_gp,11,97,563,351.65,False,58,n-Methyloctan-1-amine
greedy_gp,11,98,499,473.15,False,58,"2,2,3-Trimethylnonane"
greedy_gp,11,99,1230,469.15,True,59,"3,3-Dimethyl-4-propylheptane"
greedy_gp,11,100,921,470.15,True,60,"3-Methyl, 3,5-diethyl, heptane"
greedy_gp,11,101,529,465.15,True,61,"N,N,N',N'-Tetraethylethylenediamine"
greedy_gp,11,102,807,456.65,True,62,"meso-2,3-Butanediol"
greedy_gp,11,103,810,350.5,False,62,"(R,R)-2,3-butanediol"
greedy_gp,11,104,818,453.65,True,63,"(2S,3S)-butane-2,3-diol"
greedy_gp,11,105,481,431.55,False,63,"4-Methylhepta-1,6-dien-4-ol"
greedy_gp,11,106,677,460.65,True,64,"2,2,4,4,6-Pentamethylheptane"
greedy_gp,11,107,131,493.15,False,64,Bis(hexamethylene)triamine
greedy_gp,11,108,916,472.15,True,65,"3,6-Dimethyl-3-ethyl-octane"
greedy_gp,11,109,813,481.15,False,65,"3-Methyl-1,3-butanediol"
greedy_gp,11,110,577,326.45,False,65,N-Methylisopropylamine
greedy_gp,11,111,1109,471.15,True,66,"N,N-Diethylheptylamine"
greedy_gp,11,112,1241,457.15,True,67,"2,2,5,5-Tetramethyloctane"
greedy_gp,11,113,140,373.65,False,67,Octamylamine
greedy_gp,11,114,918,472.15,True,68,"3,4,5,6-Tetramethyloctane"
greedy_gp,11,115,712,471.09534,True,69,5-Undecyne
greedy_gp,11,116,564,620.15,False,69,N-Methyloctadecylamine
greedy_gp,11,117,438,451.15,False,69,"2,2,4,6,6-Pentamethylheptane"
greedy_gp,11,118,903,458.15,True,70,2-(Pentyloxy)ethanol
greedy_gp,11,119,1168,473.15,False,70,"3-Ethyl-3,4-dimethyloctane"
greedy_gp,11,120,460,474.15,False,70,"2,2-Dimethyldecane"
greedy_gp,11,121,754,482.28,False,70,"2,9-Dimethyl-5-decyne"
greedy_gp,11,122,1211,468.15,True,71,2-Ethyl-4-methylhexan-1-ol
greedy_gp,11,123,669,465.4,True,72,4-Methyl-2-propylpentan-1-ol
greedy_gp,11,124,685,397.65,False,72,Butylisopropylamine
greedy_gp,11,125,865,397.15,False,72,2-Methyl-n-propyl-1-propanamine
greedy_gp,11,126,1150,463.0,True,73,"2,5,8-Trimethylnonane"
greedy_gp,11,127,935,469.15,True,74,"3-Ethyl-2,7-dimethyloctane"
greedy_gp,11,128,919,473.15,False,74,"3,4,7-Trimethylnonane"
greedy_gp,11,129,1137,470.15,True,75,"3-Ethyl-2,6-dimethyloctane"
greedy_gp,11,130,1228,471.15,True,76,"3,4-Dimethyl-4-propylheptane"
greedy_gp,11,131,787,473.15,False,76,3-Undecyne
greedy_gp,11,132,788,471.65,True,77,4-Undecyne
greedy_gp,11,133,940,488.15,False,77,"N,N-Dimethylnonylamine"
greedy_gp,11,134,412,465.65,True,78,4-Nonanol
greedy_gp,11,135,409,462.15,True,79,3-Methyl-3-octanol
greedy_gp,11,136,565,539.15,False,79,Diheptylamine
greedy_gp,11,137,276,447.15,False,79,1-Decyne
greedy_gp,11,138,1207,476.15,False,79,"3,3-Diethyl-2-methylheptane"
greedy_gp,11,139,769,453.22759,True,80,4-Methyl-4-octanol
greedy_gp,11,140,1243,467.15,True,81,"2,3-Dimethyl-4-propylheptane"
greedy_gp,11,141,920,483.15,False,81,"3,4-Dimethyl-3,4-diethyl-hexane"
greedy_gp,11,142,1205,473.15,False,81,"3,3-Diethyl-2,4-dimethylhexane"
greedy_gp,11,143,1204,479.15,False,81,"3,3-Diethyl-2,2,4-trimethylpentane"
greedy_gp,11,144,615,484.75,False,81,2-Methyl-1-undecene
greedy_gp,11,145,1133,464.89743,True,82,"2,2,3,4-Tetramethylhexan-3-ol"
greedy_gp,11,146,1232,467.8,True,83,"3,4,5,5-Tetramethylhexan-3-ol"
greedy_gp,11,147,1249,460.65,True,84,"2,2,4,4-Tetramethyl-3-hexanol"
greedy_gp,11,148,864,479.15,False,84,6-Methyloctan-1-ol
greedy_gp,11,149,221,467.9,True,85,3-Nonanol
greedy_gp,11,150,351,479.15,False,85,Isononyl alcohol
prob_in_spec,11,1,35,341.95,False,0,Isobutylamine
prob_in_spec,11,2,159,304.25,False,0,2-Methyl-1-butene
prob_in_spec,11,3,991,355.55,False,0,"(2Z,4Z)-2,4-Hexadiene"
prob_in_spec,11,4,750,523.15,False,0,2-Methyl-1-tridecene
prob_in_spec,11,5,888,428.93767,False,0,"2,3,4,5-Tetramethylhexane"
prob_in_spec,11,6,621,465.15,True,1,"4,7-Dimethyloctan-4-ol"
prob_in_spec,11,7,166,386.55,False,1,"2,3,4-Trimethylpentane"
prob_in_spec,11,8,185,363.15,False,1,2-Methylhexane
prob_in_spec,11,9,606,455.15,True,2,"4,5-Dimethylnonane"
prob_in_spec,11,10,735,439.15,False,2,"2,2,4,4-Tetramethylpentan-3-ol"
prob_in_spec,11,11,792,455.15,True,3,"2,4,6-Trimethyl-4-heptanol"
prob_in_spec,11,12,1217,477.15,False,3,4-Methyl-2-(2-methylpropyl)pentan-1-ol
prob_in_spec,11,13,650,484.15,False,3,Tetrahydrolavandulol
prob_in_spec,11,14,556,472.15,True,4,3-Ethyloctan-3-ol
prob_in_spec,11,15,710,467.14283,True,5,4-Propyl-4-heptanol
prob_in_spec,11,16,1119,458.15,True,6,"3,4-Dimethylnonane"
prob_in_spec,11,17,1188,455.15,True,7,3-Ethyl-6-methyloctane
prob_in_spec,11,18,1170,455.15,True,8,"3,6-Dimethylnonane"
prob_in_spec,11,19,459,457.15,True,9,"3,7-Dimethylnonane"
prob_in_spec,11,20,856,448.0,False,9,"2,3-Dimethylnonane"
prob_in_spec,11,21,932,461.15,True,10,3-Ethylnonane
prob_in_spec,11,22,922,457.15,True,11,4-Ethylnonane
prob_in_spec,11,23,635,459.15,True,12,5-Methyldecane
prob_in_spec,11,24,360,461.15,True,13,4-Methyldecane
prob_in_spec,11,25,627,465.15,True,14,3-Methyldecane
prob_in_spec,11,26,419,462.35,True,15,2-Methyldecane
prob_in_spec,11,27,1194,462.15,True,16,4-Isopropyl-4-heptanol
prob_in_spec,11,28,468,452.15,False,16,"3,5-Dimethyl-4-heptanol"
prob_in_spec,11,29,467,448.15,False,16,"2,6-Dimethyl-3-heptanol"
prob_in_spec,11,30,658,454.65,True,17,2-Methyl-3-octanol
prob_in_spec,11,31,864,479.15,False,17,6-Methyloctan-1-ol
prob_in_spec,11,32,351,479.15,False,17,Isononyl alcohol
prob_in_spec,11,33,221,467.9,True,18,3-Nonanol
prob_in_spec,11,34,412,465.65,True,19,4-Nonanol
prob_in_spec,11,35,239,466.65,True,20,2-Nonanol
prob_in_spec,11,36,669,465.4,True,21,4-Methyl-2-propylpentan-1-ol
prob_in_spec,11,37,1211,468.15,True,22,2-Ethyl-4-methylhexan-1-ol
prob_in_spec,11,38,981,453.15,True,23,3-Methyl-4-octanol
prob_in_spec,11,39,1223,463.15,True,24,"2,5,5-Trimethylnonane"
prob_in_spec,11,40,1221,463.15,True,25,"2,6,6-Trimethylnonane"
prob_in_spec,11,41,1160,460.15,True,26,"4-Ethyl-2,2-dimethyloctane"
prob_in_spec,11,42,1164,464.15,True,27,"2,2,4-Trimethylnonane"
prob_in_spec,11,43,499,473.15,False,27,"2,2,3-Trimethylnonane"
prob_in_spec,11,44,916,472.15,True,28,"3,6-Dimethyl-3-ethyl-octane"
prob_in_spec,11,45,1136,464.15,True,29,"4-Ethyl-2,4-dimethyloctane"
prob_in_spec,11,46,1183,457.0,True,30,"2,4,4,7-Tetramethyloctane"
prob_in_spec,11,47,1141,458.15,True,31,4-Tert-butyl-2-methylheptane
prob_in_spec,11,48,1218,462.15,True,32,"2,4-Dimethyl-4-propylheptane"
prob_in_spec,11,49,1187,464.15,True,33,4-Tert-butyloctane
prob_in_spec,11,50,1230,469.15,True,34,"3,3-Dimethyl-4-propylheptane"
prob_in_spec,11,51,921,470.15,True,35,"3-Methyl, 3,5-diethyl, heptane"
prob_in_spec,11,52,1228,471.15,True,36,"3,4-Dimethyl-4-propylheptane"
prob_in_spec,11,53,1205,473.15,False,36,"3,3-Diethyl-2,4-dimethylhexane"
prob_in_spec,11,54,920,483.15,False,36,"3,4-Dimethyl-3,4-diethyl-hexane"
prob_in_spec,11,55,1105,468.15,True,37,"2,3,4,5,6-Pentamethylheptane"
prob_in_spec,11,56,1154,459.4,True,38,"2,4,5,7-Tetramethyloctane"
prob_in_spec,11,57,1222,457.75,True,39,"2,6-Dimethyl-4-propylheptane"
prob_in_spec,11,58,795,462.9,True,40,"3,3,6,6-Tetramethyloctane"
prob_in_spec,11,59,1236,466.15,True,41,"2,2,3,3,6-Pentamethylheptane"
prob_in_spec,11,60,1206,462.15,True,42,"3,3-Diethyl-2,4-dimethylpentane"
prob_in_spec,11,61,1220,463.15,True,43,"2,5-Dimethyl-4-propylheptane"
prob_in_spec,11,62,1138,463.15,True,44,"4-Ethyl-2,6-dimethyloctane"
prob_in_spec,11,63,1240,459.15,True,45,"2,2,5,5,6-Pentamethylheptane"
prob_in_spec,11,64,1243,467.15,True,46,"2,3-Dimethyl-4-propylheptane"
prob_in_spec,11,65,1115,462.15,True,47,"3,3-Diethyl-2,2-dimethylpentane"
prob_in_spec,11,66,1203,460.15,True,48,"2,3,3,4,4-Pentamethylhexane"
prob_in_spec,11,67,1114,459.15,True,49,"3-Ethyl-2,2,3,4-tetramethylpentane"
prob_in_spec,11,68,1150,463.0,True,50,"2,5,8-Trimethylnonane"
prob_in_spec,11,69,1174,455.9,True,51,"2,2,6,6-Tetramethyloctane"
prob_in_spec,11,70,1199,468.15,True,52,"2,2,3,3,5,5-Hexamethylhexane"
prob_in_spec,11,71,774,475.15,False,52,5-Methyl-5-nonanol
prob_in_spec,11,72,1229,469.15,True,53,"3,5-Dimethyl-4-propylheptane"
prob_in_spec,11,73,1116,467.15,True,54,"2,2,3,3,4,4-Hexamethylpentane"
prob_in_spec,11,74,1177,457.15,True,55,"2,2,3,3,4-Pentamethylhexane"
prob_in_spec,11,75,1196,459.15,True,56,"3,4-Diethyl-3-methylhexane"
prob_in_spec,11,76,1208,459.15,True,57,"3,3-Diethyl-2-methylhexane"
prob_in_spec,11,77,1166,459.9,True,58,"3,3-Diethylheptane"
prob_in_spec,11,78,935,469.15,True,59,"3-Ethyl-2,7-dimethyloctane"
prob_in_spec,11,79,914,456.46543,True,60,"4,4-Diethylheptane"
prob_in_spec,11,80,1227,457.15,True,61,"3,3,4,4-Tetramethylheptane"
prob_in_spec,11,81,1226,462.0,True,62,2-Methyl-5-propyloctane
prob_in_spec,11,82,1137,470.15,True,63,"3-Ethyl-2,6-dimethyloctane"
prob_in_spec,11,83,1245,469.15,True,64,"2,4,4,5,5-Pentamethylheptane"
prob_in_spec,11,84,1146,458.15,True,65,"3,4,4,5-Tetramethylheptane"
prob_in_spec,11,85,918,472.15,True,66,"3,4,5,6-Tetramethyloctane"
prob_in_spec,11,86,831,466.15,True,67,"4,5-Diethyloctane"
prob_in_spec,11,87,1190,470.15,True,68,"3,5-Diethyloctane"
prob_in_spec,11,88,1112,470.15,True,69,"5,5-Dimethyldecane"
prob_in_spec,11,89,1156,471.15,True,70,5-Ethyl-5-methylnonane
prob_in_spec,11,90,924,471.15,True,71,"4,6-Dimethyldecane"
prob_in_spec,11,91,830,472.15,True,72,4-Ethyl-5-methylnonane
prob_in_spec,11,92,1186,472.15,True,73,"3,4-Diethyloctane"
prob_in_spec,11,93,1241,457.15,True,74,"2,2,5,5-Tetramethyloctane"
prob_in_spec,11,94,302,469.05,True,75,Undecane
prob_in_spec,11,95,912,470.15,True,76,5-Propylnonane
prob_in_spec,11,96,1192,452.15,False,76,"3,5-Diethylheptane"
prob_in_spec,11,97,8,467.85,True,77,1-Octanol
prob_in_spec,11,98,1132,454.15,True,78,"4-Ethyl-3,5-dimethylheptane"
prob_in_spec,11,99,1182,453.15,True,79,4-Ethyl-5-methyloctane
prob_in_spec,11,100,825,463.85,True,80,2-Methyl-1-decene
prob_in_spec,11,101,699,465.45,True,81,5-Undecene
prob_in_spec,11,102,696,455.44,True,82,Undec-4-ene
prob_in_spec,11,103,1021,466.15,True,83,(E)-4-Undecene
prob_in_spec,11,104,278,465.85,True,84,1-Undecene
prob_in_spec,11,105,840,471.15,True,85,"2,5-Dimethyldecane"
prob_in_spec,11,106,734,462.0,True,86,"1,10-Undecadiene"
prob_in_spec,11,107,1076,456.28,True,87,"1,3,5-Undecatriene"
prob_in_spec,11,108,997,460.44,True,88,"(E,E,Z)-Undeca-1,3,5,8-tetraene"
prob_in_spec,11,109,1096,453.15,True,89,"2,7-Dimethylnonane"
prob_in_spec,11,110,919,473.15,False,89,"3,4,7-Trimethylnonane"
prob_in_spec,11,111,1097,456.15,True,90,"2,8-Dimethylnonane"
prob_in_spec,11,112,668,514.75,False,90,"3,7-Dimethylocta-1,5,7-trien-3-ol"
prob_in_spec,11,113,1072,514.75,False,90,Hotrienol
prob_in_spec,11,114,754,482.28,False,90,"2,9-Dimethyl-5-decyne"
prob_in_spec,11,115,728,486.15,False,90,6-Dodecyne
prob_in_spec,11,116,930,455.15,True,91,"3,3-Dimethylnonane"
prob_in_spec,11,117,1216,457.05,True,92,"3,3-Dimethylnon-4-yne"
prob_in_spec,11,118,925,472.15,True,93,"4,7-Dimethyldecane"
prob_in_spec,11,119,523,459.00627,True,94,"2,2,7,7-Tetramethyloctane"
prob_in_spec,11,120,1022,478.54,False,94,3-Octen-2-OL
prob_in_spec,11,121,400,459.15,True,95,6-Methylhept-5-en-2-ol
prob_in_spec,11,122,1158,472.15,True,96,"4,4-Dimethyldecane"
prob_in_spec,11,123,491,456.1,True,97,Hept-2-en-1-ol
prob_in_spec,11,124,990,442.65,False,97,3-Hepten-1-ol
prob_in_spec,11,125,670,457.15,True,98,4-Methyl-1-heptanol
prob_in_spec,11,126,974,447.15,False,98,(S)-1-Octen-3-ol
prob_in_spec,11,127,1070,448.15,False,98,2-Octen-4-ol
prob_in_spec,11,128,481,431.55,False,98,"4-Methylhepta-1,6-dien-4-ol"
prob_in_spec,11,129,1074,460.26,True,99,"Hepta-2,4-dien-1-ol"
prob_in_spec,11,130,330,451.15,False,99,5-Decyne
prob_in_spec,11,131,394,451.65,False,99,2-Octanol
prob_in_spec,11,132,972,449.65,False,99,(S)-(+)-2-Octanol
prob_in_spec,11,133,1133,464.89743,True,100,"2,2,3,4-Tetramethylhexan-3-ol"
prob_in_spec,11,134,712,471.09534,True,101,5-Undecyne
prob_in_spec,11,135,788,471.65,True,102,4-Undecyne
prob_in_spec,11,136,1232,467.8,True,103,"3,4,5,5-Tetramethylhexan-3-ol"
prob_in_spec,11,137,1249,460.65,True,104,"2,2,4,4-Tetramethyl-3-hexanol"
prob_in_spec,11,138,787,473.15,False,104,3-Undecyne
prob_in_spec,11,139,811,451.05,False,104,"3-Ethyl-2,4-dimethylpentan-3-ol"
prob_in_spec,11,140,106,451.75,False,104,Octylamine
prob_in_spec,11,141,331,471.15,True,105,Nonylamine
prob_in_spec,11,142,563,351.65,False,105,n-Methyloctan-1-amine
prob_in_spec,11,143,107,435.15,False,105,Dibutylamine
prob_in_spec,11,144,636,441.15,False,105,N-Heptylmethylamine
prob_in_spec,11,145,1179,454.15,True,106,"2,3,3,4,5-Pentamethylhexane"
prob_in_spec,11,146,1172,454.15,True,107,"3,3,4,5-Tetramethylheptane"
prob_in_spec,11,147,45,426.15,False,107,Tripropylamine
prob_in_spec,11,148,376,432.15,False,107,N-Methyldibutylamine
prob_in_spec,11,149,334,445.15,False,107,"N,N-Dimethylheptylamine"
prob_in_spec,11,150,832,474.15,False,107,"5,6-Dimethyldecane"
qlogei_target,11,1,35,341.95,False,0,Isobutylamine
qlogei_target,11,2,159,304.25,False,0,2-Methyl-1-butene
qlogei_target,11,3,991,355.55,False,0,"(2Z,4Z)-2,4-Hexadiene"
qlogei_target,11,4,750,523.15,False,0,2-Methyl-1-tridecene
qlogei_target,11,5,888,428.93767,False,0,"2,3,4,5-Tetramethylhexane"
qlogei_target,11,6,621,465.15,True,1,"4,7-Dimethyloctan-4-ol"
qlogei_target,11,7,166,386.55,False,1,"2,3,4-Trimethylpentane"
qlogei_target,11,8,185,363.15,False,1,2-Methylhexane
qlogei_target,11,9,606,455.15,True,2,"4,5-Dimethylnonane"
qlogei_target,11,10,735,439.15,False,2,"2,2,4,4-Tetramethylpentan-3-ol"
qlogei_target,11,11,792,455.15,True,3,"2,4,6-Trimethyl-4-heptanol"
qlogei_target,11,12,650,484.15,False,3,Tetrahydrolavandulol
qlogei_target,11,13,1194,462.15,True,4,4-Isopropyl-4-heptanol
qlogei_target,11,14,419,462.35,True,5,2-Methyldecane
qlogei_target,11,15,1232,467.8,True,6,"3,4,5,5-Tetramethylhexan-3-ol"
qlogei_target,11,16,635,459.15,True,7,5-Methyldecane
qlogei_target,11,17,1249,460.65,True,8,"2,2,4,4-Tetramethyl-3-hexanol"
qlogei_target,11,18,1119,458.15,True,9,"3,4-Dimethylnonane"
qlogei_target,11,19,795,462.9,True,10,"3,3,6,6-Tetramethyloctane"
qlogei_target,11,20,1192,452.15,False,10,"3,5-Diethylheptane"
qlogei_target,11,21,1241,457.15,True,11,"2,2,5,5-Tetramethyloctane"
qlogei_target,11,22,627,465.15,True,12,3-Methyldecane
qlogei_target,11,23,803,452.15,False,12,"2,2,3-Trimethyloctane"
qlogei_target,11,24,864,479.15,False,12,6-Methyloctan-1-ol
qlogei_target,11,25,1245,469.15,True,13,"2,4,4,5,5-Pentamethylheptane"
qlogei_target,11,26,360,461.15,True,14,4-Methyldecane
qlogei_target,11,27,932,461.15,True,15,3-Ethylnonane
qlogei_target,11,28,1223,463.15,True,16,"2,5,5-Trimethylnonane"
qlogei_target,11,29,1160,460.15,True,17,"4-Ethyl-2,2-dimethyloctane"
qlogei_target,11,30,1187,464.15,True,18,4-Tert-butyloctane
qlogei_target,11,31,1136,464.15,True,19,"4-Ethyl-2,4-dimethyloctane"
qlogei_target,11,32,1218,462.15,True,20,"2,4-Dimethyl-4-propylheptane"
qlogei_target,11,33,1220,463.15,True,21,"2,5-Dimethyl-4-propylheptane"
qlogei_target,11,34,1174,455.9,True,22,"2,2,6,6-Tetramethyloctane"
qlogei_target,11,35,1133,464.89743,True,23,"2,2,3,4-Tetramethylhexan-3-ol"
qlogei_target,11,36,1154,459.4,True,24,"2,4,5,7-Tetramethyloctane"
qlogei_target,11,37,1164,464.15,True,25,"2,2,4-Trimethylnonane"
qlogei_target,11,38,196,589.15,False,25,Octadecane
qlogei_target,11,39,1221,463.15,True,26,"2,6,6-Trimethylnonane"
qlogei_target,11,40,1222,457.75,True,27,"2,6-Dimethyl-4-propylheptane"
qlogei_target,11,41,1236,466.15,True,28,"2,2,3,3,6-Pentamethylheptane"
qlogei_target,11,42,1199,468.15,True,29,"2,2,3,3,5,5-Hexamethylhexane"
qlogei_target,11,43,121,517.15,False,29,"2,2-Diethyl-1,3-propanediol"
qlogei_target,11,44,669,465.4,True,30,4-Methyl-2-propylpentan-1-ol
qlogei_target,11,45,1211,468.15,True,31,2-Ethyl-4-methylhexan-1-ol
qlogei_target,11,46,1138,463.15,True,32,"4-Ethyl-2,6-dimethyloctane"
qlogei_target,11,47,468,452.15,False,32,"3,5-Dimethyl-4-heptanol"
qlogei_target,11,48,710,467.14283,True,33,4-Propyl-4-heptanol
qlogei_target,11,49,872,429.36,False,33,4-Ethyl-2-methylheptane
qlogei_target,11,50,774,475.15,False,33,5-Methyl-5-nonanol
qlogei_target,11,51,1105,468.15,True,34,"2,3,4,5,6-Pentamethylheptane"
qlogei_target,11,52,1243,467.15,True,35,"2,3-Dimethyl-4-propylheptane"
qlogei_target,11,53,918,472.15,True,36,"3,4,5,6-Tetramethyloctane"
qlogei_target,11,54,825,463.85,True,37,2-Methyl-1-decene
qlogei_target,11,55,1157,450.15,False,37,"5,5-Dimethylnonane"
qlogei_target,11,56,696,455.44,True,38,Undec-4-ene
qlogei_target,11,57,278,465.85,True,39,1-Undecene
qlogei_target,11,58,279,440.15,False,39,2-Methylnonane
qlogei_target,11,59,843,501.15,False,39,"2,3-Dimethylundecane"
qlogei_target,11,60,1141,458.15,True,40,4-Tert-butyl-2-methylheptane
qlogei_target,11,61,734,462.0,True,41,"1,10-Undecadiene"
qlogei_target,11,62,302,469.05,True,42,Undecane
qlogei_target,11,63,856,448.0,False,42,"2,3-Dimethylnonane"
qlogei_target,11,64,1115,462.15,True,43,"3,3-Diethyl-2,2-dimethylpentane"
qlogei_target,11,65,297,433.15,False,43,"2,7-Dimethyloctane"
qlogei_target,11,66,1203,460.15,True,44,"2,3,3,4,4-Pentamethylhexane"
qlogei_target,11,67,1114,459.15,True,45,"3-Ethyl-2,2,3,4-tetramethylpentane"
qlogei_target,11,68,336,477.15,False,45,Dipentylamine
qlogei_target,11,69,827,430.15,False,45,"2,4-Dimethyl-3-isopropylpentane"
qlogei_target,11,70,811,451.05,False,45,"3-Ethyl-2,4-dimethylpentan-3-ol"
qlogei_target,11,71,1116,467.15,True,46,"2,2,3,3,4,4-Hexamethylpentane"
qlogei_target,11,72,149,460.15,True,47,Diisoamylamine
qlogei_target,11,73,1021,466.15,True,48,(E)-4-Undecene
qlogei_target,11,74,981,453.15,True,49,3-Methyl-4-octanol
qlogei_target,11,75,639,418.15,False,49,4-Nonene
qlogei_target,11,76,699,465.45,True,50,5-Undecene
qlogei_target,11,77,658,454.65,True,51,2-Methyl-3-octanol
qlogei_target,11,78,563,351.65,False,51,n-Methyloctan-1-amine
qlogei_target,11,79,1152,452.15,False,51,"3,4,6-Trimethyloctane"
qlogei_target,11,80,597,370.15,False,51,3-Octyn-1-ol
qlogei_target,11,81,1150,463.0,True,52,"2,5,8-Trimethylnonane"
qlogei_target,11,82,615,484.75,False,52,2-Methyl-1-undecene
qlogei_target,11,83,1240,459.15,True,53,"2,2,5,5,6-Pentamethylheptane"
qlogei_target,11,84,460,474.15,False,53,"2,2-Dimethyldecane"
qlogei_target,11,85,924,471.15,True,54,"4,6-Dimethyldecane"
qlogei_target,11,86,1177,457.15,True,55,"2,2,3,3,4-Pentamethylhexane"
qlogei_target,11,87,634,571.15,False,55,3-Methylhexadecane
qlogei_target,11,88,744,385.15,False,55,"3,4-Dimethyl-1-hexene"
qlogei_target,11,89,214,366.55,False,55,3-Ethylpentane
qlogei_target,11,90,367,413.15,False,55,3-Ethyl-3-methylhexane
qlogei_target,11,91,971,410.15,False,55,(3R)-3-methylhex-1-yn-3-ol
qlogei_target,11,92,29,375.55,False,55,2-Methyl-2-butanol
qlogei_target,11,93,298,467.15,True,56,Triisobutylamine
qlogei_target,11,94,327,623.15,False,56,Octadecylamine
qlogei_target,11,95,691,439.15,False,56,4-Methyl-4-heptanol
qlogei_target,11,96,531,252.95,False,56,Trimethylborane
qlogei_target,11,97,36,380.99,False,56,Isobutanol
qlogei_target,11,98,237,443.15,False,56,5-Methyl-1-hexanol
qlogei_target,11,99,195,395.55,False,56,Oct-4-ene
qlogei_target,11,100,861,385.15,False,56,"3,5-Dimethylhex-2-ene"
qlogei_target,11,101,628,417.15,False,56,1-Tert-butoxy-2-propanol
qlogei_target,11,102,224,406.15,False,56,"2,4-Dimethyl-2-pentanol"
qlogei_target,11,103,484,396.15,False,56,Oct-3-ene
qlogei_target,11,104,77,309.21,False,56,Pentane
qlogei_target,11,105,50,445.15,False,56,2-Ethylhexylamine
qlogei_target,11,106,256,705.15,False,56,Octacosane
qlogei_target,11,107,285,408.15,False,56,"3,5-Dimethylheptane"
qlogei_target,11,108,706,612.15,False,56,2-Methylnonadecane
qlogei_target,11,109,614,738.15,False,56,1-Dotriacontene
qlogei_target,11,110,1216,457.05,True,57,"3,3-Dimethylnon-4-yne"
qlogei_target,11,111,30,447.15,False,57,Pinacol
qlogei_target,11,112,663,506.65,False,57,"3,4-Hexanediol"
qlogei_target,11,113,1062,547.62,False,57,trans-2-Undecen-1-ol
qlogei_target,11,114,548,428.9,False,57,5-Hexen-1-ol
qlogei_target,11,115,186,299.05,False,57,"1,4-Pentadiene"
qlogei_target,11,116,139,469.65,True,58,"3-Butene-1,2-diol"
qlogei_target,11,117,588,353.15,False,58,"N,N-Dimethylisobutylamine"
qlogei_target,11,118,21,266.75,False,58,Methylamine
qlogei_target,11,119,788,471.65,True,59,4-Undecyne
qlogei_target,11,120,105,423.95,False,59,Nonane
qlogei_target,11,121,335,379.65,False,59,3-Butyn-2-ol
qlogei_target,11,122,816,343.15,False,59,"3,3-Dimethyl-1-pentyne"
qlogei_target,11,123,577,326.45,False,59,N-Methylisopropylamine
qlogei_target,11,124,126,479.15,False,59,"2,5-Dimethyl-3-hexyne-2,5-diol"
qlogei_target,11,125,940,488.15,False,59,"N,N-Dimethylnonylamine"
qlogei_target,11,126,403,398.15,False,59,4-Methyl-1-penten-3-OL
qlogei_target,11,127,799,404.15,False,59,"2-Butene-1,4-diol"
qlogei_target,11,128,393,392.65,False,59,But-2-en-1-ol
qlogei_target,11,129,776,414.08,False,59,7-Methyl-3-octyne
qlogei_target,11,130,620,369.35,False,59,N-Isopropylpropylamine
qlogei_target,11,131,670,457.15,True,60,4-Methyl-1-heptanol
qlogei_target,11,132,592,371.15,False,60,N-tert-Butylisopropylamine
qlogei_target,11,133,625,466.65,True,61,1-Nonen-3-ol
qlogei_target,11,134,870,426.96,False,61,"2,2,4,4-Tetramethylhexane"
qlogei_target,11,135,917,473.15,False,61,3-Methyl-7-ethyl-nonane
qlogei_target,11,136,586,423.15,False,61,2-Pentyn-1-ol
qlogei_target,11,137,295,410.15,False,61,"2,2,5,5-Tetramethylhexane"
qlogei_target,11,138,9,460.45,True,62,Propylene Glycol
qlogei_target,11,139,262,654.15,False,62,Tricosane
qlogei_target,11,140,357,368.15,False,62,2-Methyl-2-hexene
qlogei_target,11,141,104,444.15,False,62,2-Butoxyethanol
qlogei_target,11,142,189,336.55,False,62,1-Hexene
qlogei_target,11,143,1159,478.0,False,62,"3,3-Diethyloctane"
qlogei_target,11,144,578,414.15,False,62,"1,8-Nonadiene"
qlogei_target,11,145,1009,546.96,False,62,7-Pentadecene
qlogei_target,11,146,330,451.15,False,62,5-Decyne
qlogei_target,11,147,667,422.15,False,62,3-Methylhexylamine
qlogei_target,11,148,1098,746.15,False,62,1-Tritriacontene
qlogei_target,11,149,280,444.15,False,62,1-Decene
qlogei_target,11,150,151,560.05,False,62,Hexadecane
random,12,1,311,584.2,False,0,2-Methylheptadecane
random,12,2,236,395.15,False,0,2-Methyl-2-heptene
random,12,3,727,492.55,False,0,3-Dodecyne
random,12,4,248,591.15,False,0,1-Pentadecanol
random,12,5,760,405.15,False,0,"2,4-Dimethyl-4-penten-2-ol"
random,12,6,1178,452.15,False,0,"2,3,4-Trimethylhexan-3-ol"
random,12,7,437,433.15,False,0,"2,2,3,3-Tetramethylhexane"
random,12,8,223,416.15,False,0,"3,3-Dimethyl-1-butanol"
random,12,9,1210,450.15,False,0,3-Methyl-4-isopropylheptane
random,12,10,80,388.65,False,0,N-Methylethylenediamine
random,12,11,1215,449.15,False,0,"2,4,5-Trimethyloctane"
random,12,12,315,521.05,False,0,2-Methyltridecane
random,12,13,1182,453.15,True,1,4-Ethyl-5-methyloctane
random,12,14,79,350.15,False,1,Butylamine
random,12,15,765,483.82,False,1,2-Octyn-1-ol
random,12,16,289,391.35,False,1,3-Ethyl-3-methylpentane
random,12,17,603,433.95,False,1,"3,6-Dimethyloctane"
random,12,18,839,479.15,False,1,6-Methylundecane
random,12,19,439,413.75,False,1,"2,3-Dimethylheptane"
random,12,20,1188,455.15,True,2,3-Ethyl-6-methyloctane
random,12,21,592,371.15,False,2,N-tert-Butylisopropylamine
random,12,22,3,111.65,False,2,Methane
random,12,23,395,795.15,False,2,Tetracontane
random,12,24,1068,388.97729,False,2,"4-Methyl-1,5-Heptadiene"
random,12,25,981,453.15,True,3,3-Methyl-4-octanol
random,12,26,324,538.15,False,3,2-Tridecanol
random,12,27,374,357.15,False,3,"2,3-Dimethyl-1-pentene"
random,12,28,522,435.15,False,3,3-Hexyn-1-ol
random,12,29,441,421.45,False,3,"2,2,4-Trimethylheptane"
random,12,30,568,358.15,False,3,5-Methyl-1-hexene
random,12,31,325,447.25,False,3,Decane
random,12,32,271,345.65,False,3,"4,4-Dimethyl-1-pentene"
random,12,33,864,479.15,False,3,6-Methyloctan-1-ol
random,12,34,699,465.45,True,4,5-Undecene
random,12,35,233,329.15,False,4,2-Pentyne
random,12,36,1098,746.15,False,4,1-Tritriacontene
random,12,37,1218,462.15,True,5,"2,4-Dimethyl-4-propylheptane"
random,12,38,1148,429.73095,False,5,"2,2,3-Trimethylbutan-1-ol"
random,12,39,382,427.65,False,5,"2,5-Dimethyl-2-hexanol"
random,12,40,81,397.45,False,5,2-Methoxyethanol
random,12,41,207,354.15,False,5,"1,2-Dimethylpropylamine"
random,12,42,980,419.15,False,5,2-Methyl-3-hexyn-2-ol
random,12,43,1056,616.26,False,5,(Z)-9-Tetradecen-1-ol
random,12,44,513,413.15,False,5,"1,3-Butanediamine"
random,12,45,1084,360.6,False,5,"1,3-Heptadiene"
random,12,46,888,428.93767,False,5,"2,3,4,5-Tetramethylhexane"
random,12,47,969,370.15,False,5,cis-2-Heptene
random,12,48,59,272.65,False,5,Butane
random,12,49,825,463.85,True,6,2-Methyl-1-decene
random,12,50,251,632.15,False,6,Heneicosane
random,12,51,318,404.15,False,6,1-Ethoxy-2-propanol
random,12,52,706,612.15,False,6,2-Methylnonadecane
random,12,53,1179,454.15,True,7,"2,3,3,4,5-Pentamethylhexane"
random,12,54,25,261.45,False,7,Isobutane
random,12,55,963,365.15,False,7,"cis-3,4-Dimethyl-2-pentene"
random,12,56,526,507.15,False,7,"2-Methyl-2-propylpropane-1,3-diol"
random,12,57,408,445.15,False,7,1-Butoxy-2-propanol
random,12,58,316,502.65,False,7,2-Methyldodecane
random,12,59,789,528.15,False,7,3-Tetradecyne
random,12,60,210,388.75,False,7,3-Ethyl-2-methylpentane
random,12,61,105,423.95,False,7,Nonane
random,12,62,683,376.4,False,7,Non-3-yn-1-ol
random,12,63,909,433.26,False,7,"3-Ethyl-2,4-dimethylhexane"
random,12,64,1106,491.65,False,7,"4-Methylpentane-1,4-diol"
random,12,65,751,401.65,False,7,"2,3-Butadien-1-ol"
random,12,66,1018,369.15,False,7,cis-3-Heptene
random,12,67,1129,453.15,True,8,"2,3,4-Trimethyloctane"
random,12,68,905,438.65,False,8,"3,4,4-Trimethylhexan-3-ol"
random,12,69,695,536.15,False,8,2-Tetradecyne
random,12,70,357,368.15,False,8,2-Methyl-2-hexene
random,12,71,1211,468.15,True,9,2-Ethyl-4-methylhexan-1-ol
random,12,72,1173,415.15,False,9,4-Methyl-octane
random,12,73,994,310.05,False,9,cis-2-PENTENE
random,12,74,596,372.4,False,9,(R)-(-)-2-Butanol
random,12,75,143,675.0,False,9,1-Tetracosanol
random,12,76,446,407.15,False,9,"2,2,3-Trimethylhexane"
random,12,77,1181,445.15,False,9,2-Methyl-4-isopropylheptane
random,12,78,1120,445.15,False,9,(S)-(+)-4-Methyl-1-hexanol
random,12,79,101,394.45,False,9,1-Octene
random,12,80,1206,462.15,True,10,"3,3-Diethyl-2,4-dimethylpentane"
random,12,81,853,484.15,False,10,"2,2-Dimethyl-1-octanol"
random,12,82,769,453.22759,True,11,4-Methyl-4-octanol
random,12,83,1186,472.15,True,12,"3,4-Diethyloctane"
random,12,84,400,459.15,True,13,6-Methylhept-5-en-2-ol
random,12,85,1220,463.15,True,14,"2,5-Dimethyl-4-propylheptane"
random,12,86,1016,395.55,False,14,trans-4-Octene
random,12,87,581,515.65,False,14,"3,6,9,12,15,18-Hexaoxaicosane-1,20-diol"
random,12,88,1138,463.15,True,15,"4-Ethyl-2,6-dimethyloctane"
random,12,89,988,276.87,False,15,cis-2-Butene
random,12,90,127,371.53,False,15,Heptane
random,12,91,460,474.15,False,15,"2,2-Dimethyldecane"
random,12,92,189,336.55,False,15,1-Hexene
random,12,93,746,418.0,False,15,2-Methyl-2-octene
random,12,94,1200,432.40963,False,15,"3,4,4-Trimethylpentan-2-ol"
random,12,95,1088,383.57,False,15,"5,5-Dimethyl-2-hexene"
random,12,96,1241,457.15,True,16,"2,2,5,5-Tetramethyloctane"
random,12,97,84,394.15,False,16,"N,N,N',N'-Tetramethylethylenediamine"
random,12,98,997,460.44,True,17,"(E,E,Z)-Undeca-1,3,5,8-tetraene"
random,12,99,261,762.15,False,17,Pentatriacontane
random,12,100,859,429.65,False,17,"2,3,4-Trimethyl-3-pentanol"
random,12,101,583,355.15,False,17,Neopentylamine
random,12,102,849,429.26,False,17,"3-Ethyl-2,2-dimethylhexane"
random,12,103,507,413.19803,False,17,tert-Octylamine
random,12,104,840,471.15,True,18,"2,5-Dimethyldecane"
random,12,105,387,413.06493,False,18,"2,3,6-Trimethylheptane"
random,12,106,968,342.05,False,18,cis-2-Hexene
random,12,107,313,554.75,False,18,2-Methylpentadecane
random,12,108,1076,456.28,True,19,"1,3,5-Undecatriene"
random,12,109,862,383.45,False,19,2-Ethyl-4-methyl-1-pentene
random,12,110,214,366.55,False,19,3-Ethylpentane
random,12,111,1169,473.15,False,19,"4,4-Diethyloctane"
random,12,112,986,426.15,False,19,trans-3-Hexen-1-ol
random,12,113,237,443.15,False,19,5-Methyl-1-hexanol
random,12,114,216,391.65,False,19,3-Ethylhexane
random,12,115,904,447.15,False,19,"2,2,6-Trimethyloctane"
random,12,116,549,408.65,False,19,"1,7-Octadiyne"
random,12,117,148,432.15,False,19,2-Heptanol
random,12,118,863,367.15,False,19,2-Methyl-3-hexyne
random,12,119,747,437.00143,False,19,3-Ethyl-3-methylheptane
random,12,120,132,594.15,False,19,Hexadecylamine
random,12,121,1141,458.15,True,20,4-Tert-butyl-2-methylheptane
random,12,122,1065,350.15,False,20,"cis-3-Methyl-1,3-Pentadiene"
random,12,123,530,450.15,False,20,"2-Methylpropane-1,2-diol"
random,12,124,983,450.15,False,20,"3-Ethyl-2,4,5-trimethylhexane"
random,12,125,252,629.15,False,20,1-Eicosanol
random,12,126,181,284.15,False,20,"1,2-Butadiene"
random,12,127,142,487.85,False,20,"1,3-Propanediol"
random,12,128,231,409.15,False,20,2-Hexanol
random,12,129,364,471.15,True,21,"1,1,4,7,7-Pentamethyldiethylenetriamine"
random,12,130,618,420.65,False,21,3-Nonene
random,12,131,1121,620.44,False,21,Octadec-7-yne
random,12,132,928,730.15,False,21,1-Hentriacontene
random,12,133,443,437.15,False,21,5-Methylnonane
random,12,134,121,517.15,False,21,"2,2-Diethyl-1,3-propanediol"
random,12,135,827,430.15,False,21,"2,4-Dimethyl-3-isopropylpentane"
random,12,136,838,433.96,False,21,4-Ethyl-4-methylheptane
random,12,137,1235,451.15,False,21,"4,4-Dimethylnonane"
random,12,138,622,460.5,True,22,4-Heptyn-2-ol
random,12,139,373,346.15,False,22,"2-Ethyl-1,3-butadiene"
random,12,140,957,371.15,False,22,trans-2-Heptene
random,12,141,931,480.22385,False,22,3-Ethyldecane
random,12,142,1022,478.54,False,22,3-Octen-2-OL
random,12,143,702,356.15,False,22,"4,4-Dimethyl-2-pentyne"
random,12,144,303,524.25,False,22,1-Tetradecene
random,12,145,627,465.15,True,23,3-Methyldecane
random,12,146,585,618.15,False,23,1-Nonadecanol
random,12,147,243,508.55,False,23,Tridecane
random,12,148,108,533.15,False,23,"N,N-Dimethyldodecylamine"
random,12,149,1156,471.15,True,24,5-Ethyl-5-methylnonane
random,12,150,970,421.15,False,24,"(3S)-3,5-dimethylhex-1-yn-3-ol"
mw_heuristic,12,1,311,584.2,False,0,2-Methylheptadecane
mw_heuristic,12,2,236,395.15,False,0,2-Methyl-2-heptene
mw_heuristic,12,3,727,492.55,False,0,3-Dodecyne
mw_heuristic,12,4,248,591.15,False,0,1-Pentadecanol
mw_heuristic,12,5,760,405.15,False,0,"2,4-Dimethyl-4-penten-2-ol"
mw_heuristic,12,6,1178,452.15,False,0,"2,3,4-Trimethylhexan-3-ol"
mw_heuristic,12,7,437,433.15,False,0,"2,2,3,3-Tetramethylhexane"
mw_heuristic,12,8,223,416.15,False,0,"3,3-Dimethyl-1-butanol"
mw_heuristic,12,9,1210,450.15,False,0,3-Methyl-4-isopropylheptane
mw_heuristic,12,10,80,388.65,False,0,N-Methylethylenediamine
mw_heuristic,12,11,126,479.15,False,0,"2,5-Dimethyl-3-hexyne-2,5-diol"
mw_heuristic,12,12,625,466.65,True,1,1-Nonen-3-ol
mw_heuristic,12,13,279,440.15,False,1,2-Methylnonane
mw_heuristic,12,14,295,410.15,False,1,"2,2,5,5-Tetramethylhexane"
mw_heuristic,12,15,297,433.15,False,1,"2,7-Dimethyloctane"
mw_heuristic,12,16,83,506.15,False,1,"2,5-Dimethyl-2,5-hexanediol"
mw_heuristic,12,17,109,481.15,False,1,2-(Hexyloxy)ethanol
mw_heuristic,12,18,133,503.25,False,1,"2,2,4-Trimethyl-1,3-pentanediol"
mw_heuristic,12,19,537,418.15,False,1,"1,8-Octanediol"
mw_heuristic,12,20,572,370.65,False,1,Tris(2-aminoethyl)amine
mw_heuristic,12,21,997,460.44,True,2,"(E,E,Z)-Undeca-1,3,5,8-tetraene"
mw_heuristic,12,22,1076,456.28,True,3,"1,3,5-Undecatriene"
mw_heuristic,12,23,54,505.15,False,3,"N,N-Bis(3-aminopropyl)methylamine"
mw_heuristic,12,24,42,438.2,False,3,"N,N,N',N'-Tetramethyl-1,3-butanediamine"
mw_heuristic,12,25,123,394.15,False,3,"N,N-Diisopropylethylenediamine"
mw_heuristic,12,26,39,653.15,False,3,Xylitol
mw_heuristic,12,27,668,514.75,False,3,"3,7-Dimethylocta-1,5,7-trien-3-ol"
mw_heuristic,12,28,1072,514.75,False,3,Hotrienol
mw_heuristic,12,29,559,469.15,True,4,1-Undecyne
mw_heuristic,12,30,712,471.09534,True,5,5-Undecyne
mw_heuristic,12,31,306,426.15,False,5,"2,5,5-Trimethylheptane"
mw_heuristic,12,32,325,447.25,False,5,Decane
mw_heuristic,12,33,337,431.15,False,5,"2,6-Dimethyloctane"
mw_heuristic,12,34,387,413.06493,False,5,"2,3,6-Trimethylheptane"
mw_heuristic,12,35,411,441.15,False,5,3-Methylnonane
mw_heuristic,12,36,518,327.65,False,5,"N,N,N'-Triethylethylenediamine"
mw_heuristic,12,37,520,441.15,False,5,"N,N,N',N'-Tetramethyl-1,4-butanediamine"
mw_heuristic,12,38,221,467.9,True,6,3-Nonanol
mw_heuristic,12,39,239,466.65,True,7,2-Nonanol
mw_heuristic,12,40,319,446.15,False,7,"3,6-Dimethyl-3-heptanol"
mw_heuristic,12,41,734,462.0,True,8,"1,10-Undecadiene"
mw_heuristic,12,42,786,479.15,False,8,2-Undecyne
mw_heuristic,12,43,787,473.15,False,8,3-Undecyne
mw_heuristic,12,44,788,471.65,True,9,4-Undecyne
mw_heuristic,12,45,1216,457.05,True,10,"3,3-Dimethylnon-4-yne"
mw_heuristic,12,46,351,479.15,False,10,Isononyl alcohol
mw_heuristic,12,47,379,466.15,True,11,"3,5,5-Trimethyl-1-hexanol"
mw_heuristic,12,48,409,462.15,True,12,3-Methyl-3-octanol
mw_heuristic,12,49,412,465.65,True,13,4-Nonanol
mw_heuristic,12,50,467,448.15,False,13,"2,6-Dimethyl-3-heptanol"
mw_heuristic,12,51,468,452.15,False,13,"3,5-Dimethyl-4-heptanol"
mw_heuristic,12,52,533,452.15,False,13,4-Ethyl-4-heptanol
mw_heuristic,12,53,594,443.15,False,13,"2,6-Dimethyl-2-heptanol"
mw_heuristic,12,54,646,443.15,False,13,"2,2,3-Trimethylhexan-3-ol"
mw_heuristic,12,55,658,454.65,True,14,2-Methyl-3-octanol
mw_heuristic,12,56,669,465.4,True,15,4-Methyl-2-propylpentan-1-ol
mw_heuristic,12,57,735,439.15,False,15,"2,2,4,4-Tetramethylpentan-3-ol"
mw_heuristic,12,58,769,453.22759,True,16,4-Methyl-4-octanol
mw_heuristic,12,59,811,451.05,False,16,"3-Ethyl-2,4-dimethylpentan-3-ol"
mw_heuristic,12,60,864,479.15,False,16,6-Methyloctan-1-ol
mw_heuristic,12,61,905,438.65,False,16,"3,4,4-Trimethylhexan-3-ol"
mw_heuristic,12,62,906,444.86543,False,16,"2,4,4-Trimethyl-3-hexanol"
mw_heuristic,12,63,978,447.15,False,16,"3-Ethyl-2,2-dimethyl-3-pentanol"
mw_heuristic,12,64,981,453.15,True,17,3-Methyl-4-octanol
mw_heuristic,12,65,1108,447.15,False,17,"2,2-Dimethyl-4-heptanol"
mw_heuristic,12,66,1211,468.15,True,18,2-Ethyl-4-methylhexan-1-ol
mw_heuristic,12,67,967,502.15,False,18,Nerol
mw_heuristic,12,68,278,465.85,True,19,1-Undecene
mw_heuristic,12,69,696,455.44,True,20,Undec-4-ene
mw_heuristic,12,70,699,465.45,True,21,5-Undecene
mw_heuristic,12,71,825,463.85,True,22,2-Methyl-1-decene
mw_heuristic,12,72,1021,466.15,True,23,(E)-4-Undecene
mw_heuristic,12,73,45,426.15,False,23,Tripropylamine
mw_heuristic,12,74,331,471.15,True,24,Nonylamine
mw_heuristic,12,75,334,445.15,False,24,"N,N-Dimethylheptylamine"
mw_heuristic,12,76,376,432.15,False,24,N-Methyldibutylamine
mw_heuristic,12,77,563,351.65,False,24,n-Methyloctan-1-amine
mw_heuristic,12,78,57,497.15,False,24,(-)-Citronellol
mw_heuristic,12,79,1001,524.74,False,24,(E)-3-Decenol
mw_heuristic,12,80,1061,524.74,False,24,2-Decen-1-ol
mw_heuristic,12,81,423,437.15,False,24,"2,3-Dimethyloctane"
mw_heuristic,12,82,424,430.15,False,24,"3,3,5-Trimethylheptane"
mw_heuristic,12,83,436,432.86,False,24,5-Ethyl-2-methylheptane
mw_heuristic,12,84,441,421.45,False,24,"2,2,4-Trimethylheptane"
mw_heuristic,12,85,443,437.15,False,24,5-Methylnonane
mw_heuristic,12,86,1092,524.74,False,24,Dec-4-en-1-ol
mw_heuristic,12,87,302,469.05,True,25,Undecane
mw_heuristic,12,88,360,461.15,True,26,4-Methyldecane
mw_heuristic,12,89,419,462.35,True,27,2-Methyldecane
mw_heuristic,12,90,457,452.15,False,27,"2,5-Dimethylnonane"
mw_heuristic,12,91,458,452.15,False,27,"2,6-Dimethylnonane"
mw_heuristic,12,92,459,457.15,True,28,"3,7-Dimethylnonane"
mw_heuristic,12,93,503,452.15,False,28,"2,3,7-Trimethyloctane"
mw_heuristic,12,94,606,455.15,True,29,"4,5-Dimethylnonane"
mw_heuristic,12,95,627,465.15,True,30,3-Methyldecane
mw_heuristic,12,96,635,459.15,True,31,5-Methyldecane
mw_heuristic,12,97,676,453.15,True,32,"2,3,6-Trimethyloctane"
mw_heuristic,12,98,777,436.15,False,32,"2,2,6,6-Tetramethylheptane"
mw_heuristic,12,99,791,449.15,False,32,"2,2,4,4,5-Pentamethylhexane"
mw_heuristic,12,100,793,439.15,False,32,"2,2,5,5-Tetramethylheptane"
mw_heuristic,12,101,794,453.15,True,33,"3,3,5,5-Tetramethylheptane"
mw_heuristic,12,102,803,452.15,False,33,"2,2,3-Trimethyloctane"
mw_heuristic,12,103,804,450.15,False,33,"2,3,5-Trimethyloctane"
mw_heuristic,12,104,845,443.15834,False,33,"2,2,4-Trimethyloctane"
mw_heuristic,12,105,856,448.0,False,33,"2,3-Dimethylnonane"
mw_heuristic,12,106,904,447.15,False,33,"2,2,6-Trimethyloctane"
mw_heuristic,12,107,913,451.15,False,33,"2,4-Dimethylnonane"
mw_heuristic,12,108,914,456.46543,True,34,"4,4-Diethylheptane"
mw_heuristic,12,109,922,457.15,True,35,4-Ethylnonane
mw_heuristic,12,110,930,455.15,True,36,"3,3-Dimethylnonane"
mw_heuristic,12,111,932,461.15,True,37,3-Ethylnonane
mw_heuristic,12,112,934,455.15,True,38,"2,3,3-Trimethyloctane"
mw_heuristic,12,113,936,451.15,False,38,"2,5,6-Trimethyloctane"
mw_heuristic,12,114,937,447.15,False,38,"2,4,6-Trimethyloctane"
mw_heuristic,12,115,938,447.15,False,38,"2,2,3,5-Tetramethylheptane"
mw_heuristic,12,116,979,452.15,False,38,"2,3,4,5-Tetramethylheptane"
mw_heuristic,12,117,983,450.15,False,38,"3-Ethyl-2,4,5-trimethylhexane"
mw_heuristic,12,118,1096,453.15,True,39,"2,7-Dimethylnonane"
mw_heuristic,12,119,1097,456.15,True,40,"2,8-Dimethylnonane"
mw_heuristic,12,120,1113,454.15,True,41,"3,4,5-Trimethyloctane"
mw_heuristic,12,121,1114,459.15,True,42,"3-Ethyl-2,2,3,4-tetramethylpentane"
mw_heuristic,12,122,1115,462.15,True,43,"3,3-Diethyl-2,2-dimethylpentane"
mw_heuristic,12,123,1116,467.15,True,44,"2,2,3,3,4,4-Hexamethylpentane"
mw_heuristic,12,124,1119,458.15,True,45,"3,4-Dimethylnonane"
mw_heuristic,12,125,1127,447.15,False,45,4-Tert-butylheptane
mw_heuristic,12,126,1129,453.15,True,46,"2,3,4-Trimethyloctane"
mw_heuristic,12,127,1130,453.15,True,47,4-Ethyl-4-methyloctane
mw_heuristic,12,128,1131,443.15,False,47,"2,4,7-Trimethyloctane"
mw_heuristic,12,129,1132,454.15,True,48,"4-Ethyl-3,5-dimethylheptane"
mw_heuristic,12,130,1139,451.15,False,48,4-Isopropyloctane
mw_heuristic,12,131,1140,443.15,False,48,"3-Ethyl-2,2,5-trimethylhexane"
mw_heuristic,12,132,1143,442.15,False,48,"2,2,4,5-Tetramethylheptane"
mw_heuristic,12,133,1144,447.15,False,48,"3,3,5-Trimethyloctane"
mw_heuristic,12,134,1145,443.15,False,48,"2,2,4,4-Tetramethylheptane"
mw_heuristic,12,135,1146,458.15,True,49,"3,4,4,5-Tetramethylheptane"
mw_heuristic,12,136,1147,448.15,False,49,"2,3,5,6-Tetramethylheptane"
mw_heuristic,12,137,1149,437.15,False,49,"2,4,4,6-Tetramethylheptane"
mw_heuristic,12,138,1151,451.15,False,49,4-Methyl-4-propylheptane
mw_heuristic,12,139,1152,452.15,False,49,"3,4,6-Trimethyloctane"
mw_heuristic,12,140,1153,438.275,False,49,"2,2,3,5,5-Pentamethylhexane"
mw_heuristic,12,141,1157,450.15,False,49,"5,5-Dimethylnonane"
mw_heuristic,12,142,1162,441.15,False,49,"4-Ethyl-2,2-dimethylheptane"
mw_heuristic,12,143,1163,443.15,False,49,"2,2,7-Trimethyloctane"
mw_heuristic,12,144,1165,449.15,False,49,"3-Ethyl-2,5-dimethylheptane"
mw_heuristic,12,145,1166,459.9,True,50,"3,3-Diethylheptane"
mw_heuristic,12,146,1167,455.15,True,51,"3,3,4-Trimethyloctane"
mw_heuristic,12,147,1170,455.15,True,52,"3,6-Dimethylnonane"
mw_heuristic,12,148,1171,452.8,False,52,"2,2,3,3-Tetramethylheptane"
mw_heuristic,12,149,1172,454.15,True,53,"3,3,4,5-Tetramethylheptane"
mw_heuristic,12,150,1175,443.15,False,53,"2,5-Dimethyl-3-isopropylhexane"
greedy_gp,12,1,311,584.2,False,0,2-Methylheptadecane
greedy_gp,12,2,236,395.15,False,0,2-Methyl-2-heptene
greedy_gp,12,3,727,492.55,False,0,3-Dodecyne
greedy_gp,12,4,248,591.15,False,0,1-Pentadecanol
greedy_gp,12,5,760,405.15,False,0,"2,4-Dimethyl-4-penten-2-ol"
greedy_gp,12,6,1178,452.15,False,0,"2,3,4-Trimethylhexan-3-ol"
greedy_gp,12,7,437,433.15,False,0,"2,2,3,3-Tetramethylhexane"
greedy_gp,12,8,223,416.15,False,0,"3,3-Dimethyl-1-butanol"
greedy_gp,12,9,1210,450.15,False,0,3-Methyl-4-isopropylheptane
greedy_gp,12,10,80,388.65,False,0,N-Methylethylenediamine
greedy_gp,12,11,1225,447.15,False,0,2-Methyl-4-propylheptane
greedy_gp,12,12,936,451.15,False,0,"2,5,6-Trimethyloctane"
greedy_gp,12,13,845,443.15834,False,0,"2,2,4-Trimethyloctane"
greedy_gp,12,14,526,507.15,False,0,"2-Methyl-2-propylpropane-1,3-diol"
greedy_gp,12,15,1133,464.89743,True,1,"2,2,3,4-Tetramethylhexan-3-ol"
greedy_gp,12,16,499,473.15,False,1,"2,2,3-Trimethylnonane"
greedy_gp,12,17,351,479.15,False,1,Isononyl alcohol
greedy_gp,12,18,1154,459.4,True,2,"2,4,5,7-Tetramethyloctane"
greedy_gp,12,19,239,466.65,True,3,2-Nonanol
greedy_gp,12,20,795,462.9,True,4,"3,3,6,6-Tetramethyloctane"
greedy_gp,12,21,769,453.22759,True,5,4-Methyl-4-octanol
greedy_gp,12,22,1205,473.15,False,5,"3,3-Diethyl-2,4-dimethylhexane"
greedy_gp,12,23,533,452.15,False,5,4-Ethyl-4-heptanol
greedy_gp,12,24,1183,457.0,True,6,"2,4,4,7-Tetramethyloctane"
greedy_gp,12,25,920,483.15,False,6,"3,4-Dimethyl-3,4-diethyl-hexane"
greedy_gp,12,26,1202,452.15,False,6,"4,6-Dimethylnonane"
greedy_gp,12,27,267,473.15,False,6,"2-Methyl-1,3-butanediol"
greedy_gp,12,28,1166,459.9,True,7,"3,3-Diethylheptane"
greedy_gp,12,29,520,441.15,False,7,"N,N,N',N'-Tetramethyl-1,4-butanediamine"
greedy_gp,12,30,647,448.15,False,7,"2-Methylbutane-2,3-diol"
greedy_gp,12,31,627,465.15,True,8,3-Methyldecane
greedy_gp,12,32,1141,458.15,True,9,4-Tert-butyl-2-methylheptane
greedy_gp,12,33,932,461.15,True,10,3-Ethylnonane
greedy_gp,12,34,981,453.15,True,11,3-Methyl-4-octanol
greedy_gp,12,35,419,462.35,True,12,2-Methyldecane
greedy_gp,12,36,1160,460.15,True,13,"4-Ethyl-2,2-dimethyloctane"
greedy_gp,12,37,967,502.15,False,13,Nerol
greedy_gp,12,38,500,506.02,False,13,"3,6-Nonadien-1-ol"
greedy_gp,12,39,8,467.85,True,14,1-Octanol
greedy_gp,12,40,360,461.15,True,15,4-Methyldecane
greedy_gp,12,41,1245,469.15,True,16,"2,4,4,5,5-Pentamethylheptane"
greedy_gp,12,42,460,474.15,False,16,"2,2-Dimethyldecane"
greedy_gp,12,43,142,487.85,False,16,"1,3-Propanediol"
greedy_gp,12,44,322,437.15,False,16,"1,9-Decadiene"
greedy_gp,12,45,1150,463.0,True,17,"2,5,8-Trimethylnonane"
greedy_gp,12,46,181,284.15,False,17,"1,2-Butadiene"
greedy_gp,12,47,696,455.44,True,18,Undec-4-ene
greedy_gp,12,48,1021,466.15,True,19,(E)-4-Undecene
greedy_gp,12,49,1164,464.15,True,20,"2,2,4-Trimethylnonane"
greedy_gp,12,50,9,460.45,True,21,Propylene Glycol
greedy_gp,12,51,278,465.85,True,22,1-Undecene
greedy_gp,12,52,1109,471.15,True,23,"N,N-Diethylheptylamine"
greedy_gp,12,53,1222,457.75,True,24,"2,6-Dimethyl-4-propylheptane"
greedy_gp,12,54,1105,468.15,True,25,"2,3,4,5,6-Pentamethylheptane"
greedy_gp,12,55,572,370.65,False,25,Tris(2-aminoethyl)amine
greedy_gp,12,56,1223,463.15,True,26,"2,5,5-Trimethylnonane"
greedy_gp,12,57,1218,462.15,True,27,"2,4-Dimethyl-4-propylheptane"
greedy_gp,12,58,408,445.15,False,27,1-Butoxy-2-propanol
greedy_gp,12,59,3,111.65,False,27,Methane
greedy_gp,12,60,1138,463.15,True,28,"4-Ethyl-2,6-dimethyloctane"
greedy_gp,12,61,589,502.15,False,28,Undecylamine
greedy_gp,12,62,395,795.15,False,28,Tetracontane
greedy_gp,12,63,1220,463.15,True,29,"2,5-Dimethyl-4-propylheptane"
greedy_gp,12,64,974,447.15,False,29,(S)-1-Octen-3-ol
greedy_gp,12,65,1187,464.15,True,30,4-Tert-butyloctane
greedy_gp,12,66,276,447.15,False,30,1-Decyne
greedy_gp,12,67,1232,467.8,True,31,"3,4,5,5-Tetramethylhexan-3-ol"
greedy_gp,12,68,1249,460.65,True,32,"2,2,4,4-Tetramethyl-3-hexanol"
greedy_gp,12,69,792,455.15,True,33,"2,4,6-Trimethyl-4-heptanol"
greedy_gp,12,70,597,370.15,False,33,3-Octyn-1-ol
greedy_gp,12,71,621,465.15,True,34,"4,7-Dimethyloctan-4-ol"
greedy_gp,12,72,1136,464.15,True,35,"4-Ethyl-2,4-dimethyloctane"
greedy_gp,12,73,0,470.65,True,36,Ethylene Glycol
greedy_gp,12,74,1221,463.15,True,37,"2,6,6-Trimethylnonane"
greedy_gp,12,75,529,465.15,True,38,"N,N,N',N'-Tetraethylethylenediamine"
greedy_gp,12,76,364,471.15,True,39,"1,1,4,7,7-Pentamethyldiethylenetriamine"
greedy_gp,12,77,1236,466.15,True,40,"2,2,3,3,6-Pentamethylheptane"
greedy_gp,12,78,699,465.45,True,41,5-Undecene
greedy_gp,12,79,1174,455.9,True,42,"2,2,6,6-Tetramethyloctane"
greedy_gp,12,80,1194,462.15,True,43,4-Isopropyl-4-heptanol
greedy_gp,12,81,336,477.15,False,43,Dipentylamine
greedy_gp,12,82,984,480.15,False,43,Methylnonylamine
greedy_gp,12,83,1110,475.15,False,43,N-Ethyloctylamine
greedy_gp,12,84,298,467.15,True,44,Triisobutylamine
greedy_gp,12,85,650,484.15,False,44,Tetrahydrolavandulol
greedy_gp,12,86,16,704.0,False,44,Sorbitol
greedy_gp,12,87,39,653.15,False,44,Xylitol
greedy_gp,12,88,15,355.36,False,44,Isopropyl Alcohol
greedy_gp,12,89,26,304.95,False,44,Isopropylamine
greedy_gp,12,90,11,275.95,False,44,Trimethylamine
greedy_gp,12,91,813,481.15,False,44,"3-Methyl-1,3-butanediol"
greedy_gp,12,92,587,357.15,False,44,Tris(2-methylallyl)amine
greedy_gp,12,93,903,458.15,True,45,2-(Pentyloxy)ethanol
greedy_gp,12,94,716,353.39,False,45,"1,3,5-Hexatriyne"
greedy_gp,12,95,1243,467.15,True,46,"2,3-Dimethyl-4-propylheptane"
greedy_gp,12,96,563,351.65,False,46,n-Methyloctan-1-amine
greedy_gp,12,97,1199,468.15,True,47,"2,2,3,3,5,5-Hexamethylhexane"
greedy_gp,12,98,1074,460.26,True,48,"Hepta-2,4-dien-1-ol"
greedy_gp,12,99,149,460.15,True,49,Diisoamylamine
greedy_gp,12,100,658,454.65,True,50,2-Methyl-3-octanol
greedy_gp,12,101,530,450.15,False,50,"2-Methylpropane-1,2-diol"
greedy_gp,12,102,1241,457.15,True,51,"2,2,5,5-Tetramethyloctane"
greedy_gp,12,103,669,465.4,True,52,4-Methyl-2-propylpentan-1-ol
greedy_gp,12,104,940,488.15,False,52,"N,N-Dimethylnonylamine"
greedy_gp,12,105,1211,468.15,True,53,2-Ethyl-4-methylhexan-1-ol
greedy_gp,12,106,1,455.15,True,54,"2,3-Butanediol"
greedy_gp,12,107,807,456.65,True,55,"meso-2,3-Butanediol"
greedy_gp,12,108,810,350.5,False,55,"(R,R)-2,3-butanediol"
greedy_gp,12,109,818,453.65,True,56,"(2S,3S)-butane-2,3-diol"
greedy_gp,12,110,30,447.15,False,56,Pinacol
greedy_gp,12,111,559,469.15,True,57,1-Undecyne
greedy_gp,12,112,922,457.15,True,58,4-Ethylnonane
greedy_gp,12,113,786,479.15,False,58,2-Undecyne
greedy_gp,12,114,712,471.09534,True,59,5-Undecyne
greedy_gp,12,115,661,478.65,False,59,"3,3-Dimethyl-1,2-butanediol"
greedy_gp,12,116,635,459.15,True,60,5-Methyldecane
greedy_gp,12,117,558,494.15,False,60,"2-Methyl-1,3-propanediol"
greedy_gp,12,118,170,469.1,True,61,"1,2-Butanediol"
greedy_gp,12,119,1022,478.54,False,61,3-Octen-2-OL
greedy_gp,12,120,1204,479.15,False,61,"3,3-Diethyl-2,2,4-trimethylpentane"
greedy_gp,12,121,1070,448.15,False,61,2-Octen-4-ol
greedy_gp,12,122,477,480.15,False,61,Neopentyl glycol
greedy_gp,12,123,918,472.15,True,62,"3,4,5,6-Tetramethyloctane"
greedy_gp,12,124,331,471.15,True,63,Nonylamine
greedy_gp,12,125,677,460.65,True,64,"2,2,4,4,6-Pentamethylheptane"
greedy_gp,12,126,409,462.15,True,65,3-Methyl-3-octanol
greedy_gp,12,127,916,472.15,True,66,"3,6-Dimethyl-3-ethyl-octane"
greedy_gp,12,128,935,469.15,True,67,"3-Ethyl-2,7-dimethyloctane"
greedy_gp,12,129,1233,452.15,False,67,3-Methyl-4-propylheptane
greedy_gp,12,130,919,473.15,False,67,"3,4,7-Trimethylnonane"
greedy_gp,12,131,1240,459.15,True,68,"2,2,5,5,6-Pentamethylheptane"
greedy_gp,12,132,410,481.65,False,68,"1,11-Dodecadiene"
greedy_gp,12,133,468,452.15,False,68,"3,5-Dimethyl-4-heptanol"
greedy_gp,12,134,1182,453.15,True,69,4-Ethyl-5-methyloctane
greedy_gp,12,135,914,456.46543,True,70,"4,4-Diethylheptane"
greedy_gp,12,136,438,451.15,False,70,"2,2,4,6,6-Pentamethylheptane"
greedy_gp,12,137,1168,473.15,False,70,"3-Ethyl-3,4-dimethyloctane"
greedy_gp,12,138,1137,470.15,True,71,"3-Ethyl-2,6-dimethyloctane"
greedy_gp,12,139,787,473.15,False,71,3-Undecyne
greedy_gp,12,140,921,470.15,True,72,"3-Methyl, 3,5-diethyl, heptane"
greedy_gp,12,141,1135,476.15,False,72,"3,3-Dimethyldecane"
greedy_gp,12,142,302,469.05,True,73,Undecane
greedy_gp,12,143,1192,452.15,False,73,"3,5-Diethylheptane"
greedy_gp,12,144,788,471.65,True,74,4-Undecyne
greedy_gp,12,145,467,448.15,False,74,"2,6-Dimethyl-3-heptanol"
greedy_gp,12,146,523,459.00627,True,75,"2,2,7,7-Tetramethyloctane"
greedy_gp,12,147,1230,469.15,True,76,"3,3-Dimethyl-4-propylheptane"
greedy_gp,12,148,1139,451.15,False,76,4-Isopropyloctane
greedy_gp,12,149,734,462.0,True,77,"1,10-Undecadiene"
greedy_gp,12,150,1158,472.15,True,78,"4,4-Dimethyldecane"
prob_in_spec,12,1,311,584.2,False,0,2-Methylheptadecane
prob_in_spec,12,2,236,395.15,False,0,2-Methyl-2-heptene
prob_in_spec,12,3,727,492.55,False,0,3-Dodecyne
prob_in_spec,12,4,248,591.15,False,0,1-Pentadecanol
prob_in_spec,12,5,760,405.15,False,0,"2,4-Dimethyl-4-penten-2-ol"
prob_in_spec,12,6,1178,452.15,False,0,"2,3,4-Trimethylhexan-3-ol"
prob_in_spec,12,7,437,433.15,False,0,"2,2,3,3-Tetramethylhexane"
prob_in_spec,12,8,223,416.15,False,0,"3,3-Dimethyl-1-butanol"
prob_in_spec,12,9,1210,450.15,False,0,3-Methyl-4-isopropylheptane
prob_in_spec,12,10,80,388.65,False,0,N-Methylethylenediamine
prob_in_spec,12,11,1139,451.15,False,0,4-Isopropyloctane
prob_in_spec,12,12,1184,453.15,True,1,3-Ethyl-5-methyloctane
prob_in_spec,12,13,1225,447.15,False,1,2-Methyl-4-propylheptane
prob_in_spec,12,14,804,450.15,False,1,"2,3,5-Trimethyloctane"
prob_in_spec,12,15,936,451.15,False,1,"2,5,6-Trimethyloctane"
prob_in_spec,12,16,712,471.09534,True,2,5-Undecyne
prob_in_spec,12,17,788,471.65,True,3,4-Undecyne
prob_in_spec,12,18,787,473.15,False,3,3-Undecyne
prob_in_spec,12,19,786,479.15,False,3,2-Undecyne
prob_in_spec,12,20,559,469.15,True,4,1-Undecyne
prob_in_spec,12,21,57,497.15,False,4,(-)-Citronellol
prob_in_spec,12,22,1092,524.74,False,4,Dec-4-en-1-ol
prob_in_spec,12,23,1001,524.74,False,4,(E)-3-Decenol
prob_in_spec,12,24,1061,524.74,False,4,2-Decen-1-ol
prob_in_spec,12,25,1052,478.32,False,4,trans-6-Dodecene
prob_in_spec,12,26,319,446.15,False,4,"3,6-Dimethyl-3-heptanol"
prob_in_spec,12,27,1108,447.15,False,4,"2,2-Dimethyl-4-heptanol"
prob_in_spec,12,28,379,466.15,True,5,"3,5,5-Trimethyl-1-hexanol"
prob_in_spec,12,29,594,443.15,False,5,"2,6-Dimethyl-2-heptanol"
prob_in_spec,12,30,302,469.05,True,6,Undecane
prob_in_spec,12,31,467,448.15,False,6,"2,6-Dimethyl-3-heptanol"
prob_in_spec,12,32,769,453.22759,True,7,4-Methyl-4-octanol
prob_in_spec,12,33,409,462.15,True,8,3-Methyl-3-octanol
prob_in_spec,12,34,533,452.15,False,8,4-Ethyl-4-heptanol
prob_in_spec,12,35,468,452.15,False,8,"3,5-Dimethyl-4-heptanol"
prob_in_spec,12,36,658,454.65,True,9,2-Methyl-3-octanol
prob_in_spec,12,37,981,453.15,True,10,3-Methyl-4-octanol
prob_in_spec,12,38,669,465.4,True,11,4-Methyl-2-propylpentan-1-ol
prob_in_spec,12,39,1211,468.15,True,12,2-Ethyl-4-methylhexan-1-ol
prob_in_spec,12,40,696,455.44,True,13,Undec-4-ene
prob_in_spec,12,41,922,457.15,True,14,4-Ethylnonane
prob_in_spec,12,42,635,459.15,True,15,5-Methyldecane
prob_in_spec,12,43,360,461.15,True,16,4-Methyldecane
prob_in_spec,12,44,932,461.15,True,17,3-Ethylnonane
prob_in_spec,12,45,627,465.15,True,18,3-Methyldecane
prob_in_spec,12,46,419,462.35,True,19,2-Methyldecane
prob_in_spec,12,47,1105,468.15,True,20,"2,3,4,5,6-Pentamethylheptane"
prob_in_spec,12,48,1141,458.15,True,21,4-Tert-butyl-2-methylheptane
prob_in_spec,12,49,1183,457.0,True,22,"2,4,4,7-Tetramethyloctane"
prob_in_spec,12,50,795,462.9,True,23,"3,3,6,6-Tetramethyloctane"
prob_in_spec,12,51,1154,459.4,True,24,"2,4,5,7-Tetramethyloctane"
prob_in_spec,12,52,1160,460.15,True,25,"4-Ethyl-2,2-dimethyloctane"
prob_in_spec,12,53,1223,463.15,True,26,"2,5,5-Trimethylnonane"
prob_in_spec,12,54,1221,463.15,True,27,"2,6,6-Trimethylnonane"
prob_in_spec,12,55,1164,464.15,True,28,"2,2,4-Trimethylnonane"
prob_in_spec,12,56,499,473.15,False,28,"2,2,3-Trimethylnonane"
prob_in_spec,12,57,1187,464.15,True,29,4-Tert-butyloctane
prob_in_spec,12,58,1136,464.15,True,30,"4-Ethyl-2,4-dimethyloctane"
prob_in_spec,12,59,916,472.15,True,31,"3,6-Dimethyl-3-ethyl-octane"
prob_in_spec,12,60,1218,462.15,True,32,"2,4-Dimethyl-4-propylheptane"
prob_in_spec,12,61,1222,457.75,True,33,"2,6-Dimethyl-4-propylheptane"
prob_in_spec,12,62,1236,466.15,True,34,"2,2,3,3,6-Pentamethylheptane"
prob_in_spec,12,63,1245,469.15,True,35,"2,4,4,5,5-Pentamethylheptane"
prob_in_spec,12,64,1230,469.15,True,36,"3,3-Dimethyl-4-propylheptane"
prob_in_spec,12,65,921,470.15,True,37,"3-Methyl, 3,5-diethyl, heptane"
prob_in_spec,12,66,278,465.85,True,38,1-Undecene
prob_in_spec,12,67,1138,463.15,True,39,"4-Ethyl-2,6-dimethyloctane"
prob_in_spec,12,68,1220,463.15,True,40,"2,5-Dimethyl-4-propylheptane"
prob_in_spec,12,69,1240,459.15,True,41,"2,2,5,5,6-Pentamethylheptane"
prob_in_spec,12,70,1174,455.9,True,42,"2,2,6,6-Tetramethyloctane"
prob_in_spec,12,71,1021,466.15,True,43,(E)-4-Undecene
prob_in_spec,12,72,699,465.45,True,44,5-Undecene
prob_in_spec,12,73,1199,468.15,True,45,"2,2,3,3,5,5-Hexamethylhexane"
prob_in_spec,12,74,1112,470.15,True,46,"5,5-Dimethyldecane"
prob_in_spec,12,75,1150,463.0,True,47,"2,5,8-Trimethylnonane"
prob_in_spec,12,76,734,462.0,True,48,"1,10-Undecadiene"
prob_in_spec,12,77,1243,467.15,True,49,"2,3-Dimethyl-4-propylheptane"
prob_in_spec,12,78,1156,471.15,True,50,5-Ethyl-5-methylnonane
prob_in_spec,12,79,1158,472.15,True,51,"4,4-Dimethyldecane"
prob_in_spec,12,80,1203,460.15,True,52,"2,3,3,4,4-Pentamethylhexane"
prob_in_spec,12,81,1114,459.15,True,53,"3-Ethyl-2,2,3,4-tetramethylpentane"
prob_in_spec,12,82,1116,467.15,True,54,"2,2,3,3,4,4-Hexamethylpentane"
prob_in_spec,12,83,1115,462.15,True,55,"3,3-Diethyl-2,2-dimethylpentane"
prob_in_spec,12,84,1206,462.15,True,56,"3,3-Diethyl-2,4-dimethylpentane"
prob_in_spec,12,85,1177,457.15,True,57,"2,2,3,3,4-Pentamethylhexane"
prob_in_spec,12,86,825,463.85,True,58,2-Methyl-1-decene
prob_in_spec,12,87,1226,462.0,True,59,2-Methyl-5-propyloctane
prob_in_spec,12,88,1229,469.15,True,60,"3,5-Dimethyl-4-propylheptane"
prob_in_spec,12,89,1228,471.15,True,61,"3,4-Dimethyl-4-propylheptane"
prob_in_spec,12,90,935,469.15,True,62,"3-Ethyl-2,7-dimethyloctane"
prob_in_spec,12,91,856,448.0,False,62,"2,3-Dimethylnonane"
prob_in_spec,12,92,1137,470.15,True,63,"3-Ethyl-2,6-dimethyloctane"
prob_in_spec,12,93,1097,456.15,True,64,"2,8-Dimethylnonane"
prob_in_spec,12,94,1196,459.15,True,65,"3,4-Diethyl-3-methylhexane"
prob_in_spec,12,95,1208,459.15,True,66,"3,3-Diethyl-2-methylhexane"
prob_in_spec,12,96,1146,458.15,True,67,"3,4,4,5-Tetramethylheptane"
prob_in_spec,12,97,1241,457.15,True,68,"2,2,5,5-Tetramethyloctane"
prob_in_spec,12,98,1227,457.15,True,69,"3,3,4,4-Tetramethylheptane"
prob_in_spec,12,99,625,466.65,True,70,1-Nonen-3-ol
prob_in_spec,12,100,1179,454.15,True,71,"2,3,3,4,5-Pentamethylhexane"
prob_in_spec,12,101,523,459.00627,True,72,"2,2,7,7-Tetramethyloctane"
prob_in_spec,12,102,1190,470.15,True,73,"3,5-Diethyloctane"
prob_in_spec,12,103,831,466.15,True,74,"4,5-Diethyloctane"
prob_in_spec,12,104,1169,473.15,False,74,"4,4-Diethyloctane"
prob_in_spec,12,105,919,473.15,False,74,"3,4,7-Trimethylnonane"
prob_in_spec,12,106,1096,453.15,True,75,"2,7-Dimethylnonane"
prob_in_spec,12,107,1166,459.9,True,76,"3,3-Diethylheptane"
prob_in_spec,12,108,830,472.15,True,77,4-Ethyl-5-methylnonane
prob_in_spec,12,109,924,471.15,True,78,"4,6-Dimethyldecane"
prob_in_spec,12,110,459,457.15,True,79,"3,7-Dimethylnonane"
prob_in_spec,12,111,914,456.46543,True,80,"4,4-Diethylheptane"
prob_in_spec,12,112,1119,458.15,True,81,"3,4-Dimethylnonane"
prob_in_spec,12,113,918,472.15,True,82,"3,4,5,6-Tetramethyloctane"
prob_in_spec,12,114,8,467.85,True,83,1-Octanol
prob_in_spec,12,115,276,447.15,False,83,1-Decyne
prob_in_spec,12,116,1132,454.15,True,84,"4-Ethyl-3,5-dimethylheptane"
prob_in_spec,12,117,1188,455.15,True,85,3-Ethyl-6-methyloctane
prob_in_spec,12,118,1192,452.15,False,85,"3,5-Diethylheptane"
prob_in_spec,12,119,1186,472.15,True,86,"3,4-Diethyloctane"
prob_in_spec,12,120,668,514.75,False,86,"3,7-Dimethylocta-1,5,7-trien-3-ol"
prob_in_spec,12,121,1076,456.28,True,87,"1,3,5-Undecatriene"
prob_in_spec,12,122,978,447.15,False,87,"3-Ethyl-2,2-dimethyl-3-pentanol"
prob_in_spec,12,123,336,477.15,False,87,Dipentylamine
prob_in_spec,12,124,984,480.15,False,87,Methylnonylamine
prob_in_spec,12,125,1110,475.15,False,87,N-Ethyloctylamine
prob_in_spec,12,126,149,460.15,True,88,Diisoamylamine
prob_in_spec,12,127,997,460.44,True,89,"(E,E,Z)-Undeca-1,3,5,8-tetraene"
prob_in_spec,12,128,563,351.65,False,89,n-Methyloctan-1-amine
prob_in_spec,12,129,1133,464.89743,True,90,"2,2,3,4-Tetramethylhexan-3-ol"
prob_in_spec,12,130,1232,467.8,True,91,"3,4,5,5-Tetramethylhexan-3-ol"
prob_in_spec,12,131,1249,460.65,True,92,"2,2,4,4-Tetramethyl-3-hexanol"
prob_in_spec,12,132,221,467.9,True,93,3-Nonanol
prob_in_spec,12,133,864,479.15,False,93,6-Methyloctan-1-ol
prob_in_spec,12,134,412,465.65,True,94,4-Nonanol
prob_in_spec,12,135,239,466.65,True,95,2-Nonanol
prob_in_spec,12,136,394,451.65,False,95,2-Octanol
prob_in_spec,12,137,972,449.65,False,95,(S)-(+)-2-Octanol
prob_in_spec,12,138,808,453.15,True,96,2-Methyl-1-heptanol
prob_in_spec,12,139,1117,456.27755,True,97,(S)-(+)-5-Methyl-1-heptanol
prob_in_spec,12,140,670,457.15,True,98,4-Methyl-1-heptanol
prob_in_spec,12,141,792,455.15,True,99,"2,4,6-Trimethyl-4-heptanol"
prob_in_spec,12,142,912,470.15,True,100,5-Propylnonane
prob_in_spec,12,143,51,459.35,True,101,2-Ethylhexan-1-ol
prob_in_spec,12,144,351,479.15,False,101,Isononyl alcohol
prob_in_spec,12,145,822,459.15,True,102,3-Methyl-1-heptanol
prob_in_spec,12,146,621,465.15,True,103,"4,7-Dimethyloctan-4-ol"
prob_in_spec,12,147,1194,462.15,True,104,4-Isopropyl-4-heptanol
prob_in_spec,12,148,710,467.14283,True,105,4-Propyl-4-heptanol
prob_in_spec,12,149,774,475.15,False,105,5-Methyl-5-nonanol
prob_in_spec,12,150,177,448.15,False,105,4-Octanol
qlogei_target,12,1,311,584.2,False,0,2-Methylheptadecane
qlogei_target,12,2,236,395.15,False,0,2-Methyl-2-heptene
qlogei_target,12,3,727,492.55,False,0,3-Dodecyne
qlogei_target,12,4,248,591.15,False,0,1-Pentadecanol
qlogei_target,12,5,760,405.15,False,0,"2,4-Dimethyl-4-penten-2-ol"
qlogei_target,12,6,1178,452.15,False,0,"2,3,4-Trimethylhexan-3-ol"
qlogei_target,12,7,437,433.15,False,0,"2,2,3,3-Tetramethylhexane"
qlogei_target,12,8,223,416.15,False,0,"3,3-Dimethyl-1-butanol"
qlogei_target,12,9,1210,450.15,False,0,3-Methyl-4-isopropylheptane
qlogei_target,12,10,80,388.65,False,0,N-Methylethylenediamine
qlogei_target,12,11,1139,451.15,False,0,4-Isopropyloctane
qlogei_target,12,12,712,471.09534,True,1,5-Undecyne
qlogei_target,12,13,468,452.15,False,1,"3,5-Dimethyl-4-heptanol"
qlogei_target,12,14,1105,468.15,True,2,"2,3,4,5,6-Pentamethylheptane"
qlogei_target,12,15,1165,449.15,False,2,"3-Ethyl-2,5-dimethylheptane"
qlogei_target,12,16,1199,468.15,True,3,"2,2,3,3,5,5-Hexamethylhexane"
qlogei_target,12,17,1204,479.15,False,3,"3,3-Diethyl-2,2,4-trimethylpentane"
qlogei_target,12,18,57,497.15,False,3,(-)-Citronellol
qlogei_target,12,19,683,376.4,False,3,Non-3-yn-1-ol
qlogei_target,12,20,615,484.75,False,3,2-Methyl-1-undecene
qlogei_target,12,21,438,451.15,False,3,"2,2,4,6,6-Pentamethylheptane"
qlogei_target,12,22,278,465.85,True,4,1-Undecene
qlogei_target,12,23,625,466.65,True,5,1-Nonen-3-ol
qlogei_target,12,24,1216,457.05,True,6,"3,3-Dimethylnon-4-yne"
qlogei_target,12,25,239,466.65,True,7,2-Nonanol
qlogei_target,12,26,1160,460.15,True,8,"4-Ethyl-2,2-dimethyloctane"
qlogei_target,12,27,864,479.15,False,8,6-Methyloctan-1-ol
qlogei_target,12,28,1240,459.15,True,9,"2,2,5,5,6-Pentamethylheptane"
qlogei_target,12,29,1236,466.15,True,10,"2,2,3,3,6-Pentamethylheptane"
qlogei_target,12,30,1141,458.15,True,11,4-Tert-butyl-2-methylheptane
qlogei_target,12,31,1154,459.4,True,12,"2,4,5,7-Tetramethyloctane"
qlogei_target,12,32,981,453.15,True,13,3-Methyl-4-octanol
qlogei_target,12,33,1223,463.15,True,14,"2,5,5-Trimethylnonane"
qlogei_target,12,34,669,465.4,True,15,4-Methyl-2-propylpentan-1-ol
qlogei_target,12,35,795,462.9,True,16,"3,3,6,6-Tetramethyloctane"
qlogei_target,12,36,1187,464.15,True,17,4-Tert-butyloctane
qlogei_target,12,37,499,473.15,False,17,"2,2,3-Trimethylnonane"
qlogei_target,12,38,734,462.0,True,18,"1,10-Undecadiene"
qlogei_target,12,39,769,453.22759,True,19,4-Methyl-4-octanol
qlogei_target,12,40,306,426.15,False,19,"2,5,5-Trimethylheptane"
qlogei_target,12,41,1136,464.15,True,20,"4-Ethyl-2,4-dimethyloctane"
qlogei_target,12,42,1220,463.15,True,21,"2,5-Dimethyl-4-propylheptane"
qlogei_target,12,43,1138,463.15,True,22,"4-Ethyl-2,6-dimethyloctane"
qlogei_target,12,44,658,454.65,True,23,2-Methyl-3-octanol
qlogei_target,12,45,1174,455.9,True,24,"2,2,6,6-Tetramethyloctane"
qlogei_target,12,46,1218,462.15,True,25,"2,4-Dimethyl-4-propylheptane"
qlogei_target,12,47,1222,457.75,True,26,"2,6-Dimethyl-4-propylheptane"
qlogei_target,12,48,1115,462.15,True,27,"3,3-Diethyl-2,2-dimethylpentane"
qlogei_target,12,49,1206,462.15,True,28,"3,3-Diethyl-2,4-dimethylpentane"
qlogei_target,12,50,1164,464.15,True,29,"2,2,4-Trimethylnonane"
qlogei_target,12,51,1203,460.15,True,30,"2,3,3,4,4-Pentamethylhexane"
qlogei_target,12,52,696,455.44,True,31,Undec-4-ene
qlogei_target,12,53,627,465.15,True,32,3-Methyldecane
qlogei_target,12,54,699,465.45,True,33,5-Undecene
qlogei_target,12,55,606,455.15,True,34,"4,5-Dimethylnonane"
qlogei_target,12,56,1021,466.15,True,35,(E)-4-Undecene
qlogei_target,12,57,1114,459.15,True,36,"3-Ethyl-2,2,3,4-tetramethylpentane"
qlogei_target,12,58,932,461.15,True,37,3-Ethylnonane
qlogei_target,12,59,419,462.35,True,38,2-Methyldecane
qlogei_target,12,60,360,461.15,True,39,4-Methyldecane
qlogei_target,12,61,1221,463.15,True,40,"2,6,6-Trimethylnonane"
qlogei_target,12,62,1116,467.15,True,41,"2,2,3,3,4,4-Hexamethylpentane"
qlogei_target,12,63,503,452.15,False,41,"2,3,7-Trimethyloctane"
qlogei_target,12,64,1229,469.15,True,42,"3,5-Dimethyl-4-propylheptane"
qlogei_target,12,65,1237,459.15,True,43,"2,2,3,4,4-Pentamethylhexane"
qlogei_target,12,66,1211,468.15,True,44,2-Ethyl-4-methylhexan-1-ol
qlogei_target,12,67,594,443.15,False,44,"2,6-Dimethyl-2-heptanol"
qlogei_target,12,68,103,451.15,False,44,1-Heptanol
qlogei_target,12,69,334,445.15,False,44,"N,N-Dimethylheptylamine"
qlogei_target,12,70,1070,448.15,False,44,2-Octen-4-ol
qlogei_target,12,71,8,467.85,True,45,1-Octanol
qlogei_target,12,72,275,412.15,False,45,2-(Vinyloxy)ethanol
qlogei_target,12,73,90,407.85,False,45,2-Ethoxyethanol
qlogei_target,12,74,982,440.15,False,45,"3,3-Dimethylpentan-1-ol"
qlogei_target,12,75,307,403.15,False,45,2-Methoxy-1-propanol
qlogei_target,12,76,825,463.85,True,46,2-Methyl-1-decene
qlogei_target,12,77,635,459.15,True,47,5-Methyldecane
qlogei_target,12,78,792,455.15,True,48,"2,4,6-Trimethyl-4-heptanol"
qlogei_target,12,79,922,457.15,True,49,4-Ethylnonane
qlogei_target,12,80,1169,473.15,False,49,"4,4-Diethyloctane"
qlogei_target,12,81,621,465.15,True,50,"4,7-Dimethyloctan-4-ol"
qlogei_target,12,82,180,457.15,True,51,3-Octanol
qlogei_target,12,83,1232,467.8,True,52,"3,4,5,5-Tetramethylhexan-3-ol"
qlogei_target,12,84,665,402.15,False,52,4-Methyl-4-penten-2-ol
qlogei_target,12,85,650,484.15,False,52,Tetrahydrolavandulol
qlogei_target,12,86,1249,460.65,True,53,"2,2,4,4-Tetramethyl-3-hexanol"
qlogei_target,12,87,811,451.05,False,53,"3-Ethyl-2,4-dimethylpentan-3-ol"
qlogei_target,12,88,903,458.15,True,54,2-(Pentyloxy)ethanol
qlogei_target,12,89,96,430.05,False,54,1-Hexanol
qlogei_target,12,90,107,435.15,False,54,Dibutylamine
qlogei_target,12,91,1133,464.89743,True,55,"2,2,3,4-Tetramethylhexan-3-ol"
qlogei_target,12,92,149,460.15,True,56,Diisoamylamine
qlogei_target,12,93,364,471.15,True,57,"1,1,4,7,7-Pentamethyldiethylenetriamine"
qlogei_target,12,94,504,416.25,False,57,3-Ethylheptane
qlogei_target,12,95,901,507.15,False,57,"2,4-Dimethyldodecane"
qlogei_target,12,96,298,467.15,True,58,Triisobutylamine
qlogei_target,12,97,1127,447.15,False,58,4-Tert-butylheptane
qlogei_target,12,98,129,490.15,False,58,Decylamine
qlogei_target,12,99,196,589.15,False,58,Octadecane
qlogei_target,12,100,1186,472.15,True,59,"3,4-Diethyloctane"
qlogei_target,12,101,133,503.25,False,59,"2,2,4-Trimethyl-1,3-pentanediol"
qlogei_target,12,102,668,514.75,False,59,"3,7-Dimethylocta-1,5,7-trien-3-ol"
qlogei_target,12,103,566,491.65,False,59,2-Butylhexanol
qlogei_target,12,104,710,467.14283,True,60,4-Propyl-4-heptanol
qlogei_target,12,105,1076,456.28,True,61,"1,3,5-Undecatriene"
qlogei_target,12,106,997,460.44,True,62,"(E,E,Z)-Undeca-1,3,5,8-tetraene"
qlogei_target,12,107,587,357.15,False,62,Tris(2-methylallyl)amine
qlogei_target,12,108,659,502.15,False,62,5-Undecanol
qlogei_target,12,109,757,432.32,False,62,2-Methyl-3-ethyl-2-heptene
qlogei_target,12,110,1091,398.25,False,62,"(E)-2,2,5,5-Tetramethylhex-3-ene"
qlogei_target,12,111,1150,463.0,True,63,"2,5,8-Trimethylnonane"
qlogei_target,12,112,316,502.65,False,63,2-Methyldodecane
qlogei_target,12,113,331,471.15,True,64,Nonylamine
qlogei_target,12,114,448,410.15,False,64,"2,3,3-Trimethylhexane"
qlogei_target,12,115,111,489.45,False,64,Dodecane
qlogei_target,12,116,486,357.45,False,64,2-Hexyne
qlogei_target,12,117,588,353.15,False,64,"N,N-Dimethylisobutylamine"
qlogei_target,12,118,105,423.95,False,64,Nonane
qlogei_target,12,119,411,441.15,False,64,3-Methylnonane
qlogei_target,12,120,51,459.35,True,65,2-Ethylhexan-1-ol
qlogei_target,12,121,822,459.15,True,66,3-Methyl-1-heptanol
qlogei_target,12,122,926,694.15,False,66,1-Heptacosene
qlogei_target,12,123,592,371.15,False,66,N-tert-Butylisopropylamine
qlogei_target,12,124,879,434.26,False,66,"4-Ethyl-2,4-dimethylhexane"
qlogei_target,12,125,174,382.55,False,66,"2,4-Dimethylhexane"
qlogei_target,12,126,181,284.15,False,66,"1,2-Butadiene"
qlogei_target,12,127,676,453.15,True,67,"2,3,6-Trimethyloctane"
qlogei_target,12,128,172,364.15,False,67,3-Methylhexane
qlogei_target,12,129,409,462.15,True,68,3-Methyl-3-octanol
qlogei_target,12,130,513,413.15,False,68,"1,3-Butanediamine"
qlogei_target,12,131,39,653.15,False,68,Xylitol
qlogei_target,12,132,581,515.65,False,68,"3,6,9,12,15,18-Hexaoxaicosane-1,20-diol"
qlogei_target,12,133,812,357.15,False,68,Propargylamine
qlogei_target,12,134,565,539.15,False,68,Diheptylamine
qlogei_target,12,135,881,436.06,False,68,"4-Ethyl-3,3-dimethylhexane"
qlogei_target,12,136,819,1167.92,False,68,Lycopene
qlogei_target,12,137,26,304.95,False,68,Isopropylamine
qlogei_target,12,138,806,396.75,False,68,Isohexylamine
qlogei_target,12,139,894,409.0,False,68,"2,6-Dimethyl-2-heptene"
qlogei_target,12,140,1074,460.26,True,69,"Hepta-2,4-dien-1-ol"
qlogei_target,12,141,563,351.65,False,69,n-Methyloctan-1-amine
qlogei_target,12,142,560,457.75,True,70,2-Decyne
qlogei_target,12,143,40,336.45,False,70,3-Methylpentane
qlogei_target,12,144,630,493.15,False,70,"3-Methoxy-1,2-propanediol"
qlogei_target,12,145,246,558.15,False,70,1-Hexadecene
qlogei_target,12,146,0,470.65,True,71,Ethylene Glycol
qlogei_target,12,147,1241,457.15,True,72,"2,2,5,5-Tetramethyloctane"
qlogei_target,12,148,229,491.15,False,72,"2,4-Pentanediol"
qlogei_target,12,149,892,442.59,False,72,"3-Ethyl-2,3,4-trimethylpentane"
qlogei_target,12,150,274,408.35,False,72,"2,5-Dimethyl-2,4-hexadiene"
random,13,1,1074,460.26,True,1,"Hepta-2,4-dien-1-ol"
random,13,2,1011,612.15,False,1,Oleylamine
random,13,3,1019,369.15,False,1,trans-3-Heptene
random,13,4,1064,338.15,False,1,"1,4-Hexadiene"
random,13,5,1112,470.15,True,2,"5,5-Dimethyldecane"
random,13,6,1175,443.15,False,2,"2,5-Dimethyl-3-isopropylhexane"
random,13,7,96,430.05,False,2,1-Hexanol
random,13,8,86,502.65,False,2,"1,4-Butanediol"
random,13,9,211,422.65,False,2,4-Methylhexan-3-ol
random,13,10,326,609.15,False,2,Heptadecylamine
random,13,11,1078,381.0,False,2,"3-Methyl-2,4-hexadiene"
random,13,12,1021,466.15,True,3,(E)-4-Undecene
random,13,13,1117,456.27755,True,4,(S)-(+)-5-Methyl-1-heptanol
random,13,14,1067,413.84,False,4,"2,4-Nonadiene"
random,13,15,87,511.15,False,4,"2-Butyne-1,4-diol"
random,13,16,763,433.86,False,4,"2,3,5-Trimethylheptane"
random,13,17,990,442.65,False,4,3-Hepten-1-ol
random,13,18,1182,453.15,True,5,4-Ethyl-5-methyloctane
random,13,19,98,433.69704,False,5,3-Ethoxy-1-propanol
random,13,20,750,523.15,False,5,2-Methyl-1-tridecene
random,13,21,1056,616.26,False,5,(Z)-9-Tetradecen-1-ol
random,13,22,1229,469.15,True,6,"3,5-Dimethyl-4-propylheptane"
random,13,23,166,386.55,False,6,"2,3,4-Trimethylpentane"
random,13,24,358,572.15,False,6,"1,12-Dodecanediamine"
random,13,25,595,594.15,False,6,N-Methylhexadecylamine
random,13,26,429,336.15,False,6,Sec-butylamine
random,13,27,543,413.65,False,6,Cis-3-Penten-1-ol
random,13,28,853,484.15,False,6,"2,2-Dimethyl-1-octanol"
random,13,29,1013,370.15,False,6,(Z)-3-Methyl-2-hexene
random,13,30,509,542.15,False,6,"2-Butyl-2-ethyl-1,3-propanediol"
random,13,31,619,358.15,False,6,N-Ethylpropylamine
random,13,32,1134,394.75,False,6,"2,4-Dimethylpentan-2-amine"
random,13,33,661,478.65,False,6,"3,3-Dimethyl-1,2-butanediol"
random,13,34,393,392.65,False,6,But-2-en-1-ol
random,13,35,1007,593.56,False,6,"(Z,Z)-Heptadeca-1,8,11-triene"
random,13,36,668,514.75,False,6,"3,7-Dimethylocta-1,5,7-trien-3-ol"
random,13,37,1220,463.15,True,7,"2,5-Dimethyl-4-propylheptane"
random,13,38,914,456.46543,True,8,"4,4-Diethylheptane"
random,13,39,490,439.15,False,8,3-Methyl-2-heptanol
random,13,40,471,444.15,False,8,Myrcene
random,13,41,741,435.76386,False,8,"4,5-Dimethyloctane"
random,13,42,1208,459.15,True,9,"3,3-Diethyl-2-methylhexane"
random,13,43,348,437.4,False,9,4-Decyne
random,13,44,855,382.35,False,9,"2-Methylhexa-2,4-diene"
random,13,45,1184,453.15,True,10,3-Ethyl-5-methyloctane
random,13,46,685,397.65,False,10,Butylisopropylamine
random,13,47,1129,453.15,True,11,"2,3,4-Trimethyloctane"
random,13,48,680,507.15,False,11,1-Tridecyne
random,13,49,893,434.15,False,11,2-Methyl-3-nonene
random,13,50,679,390.15,False,11,N-Methylpentylamine
random,13,51,913,451.15,False,11,"2,4-Dimethylnonane"
random,13,52,394,451.65,False,11,2-Octanol
random,13,53,1115,462.15,True,12,"3,3-Diethyl-2,2-dimethylpentane"
random,13,54,106,451.75,False,12,Octylamine
random,13,55,133,503.25,False,12,"2,2,4-Trimethyl-1,3-pentanediol"
random,13,56,562,603.15,False,12,Triheptylamine
random,13,57,814,461.15,True,13,"R-1,2-Propanediol"
random,13,58,585,618.15,False,13,1-Nonadecanol
random,13,59,760,405.15,False,13,"2,4-Dimethyl-4-penten-2-ol"
random,13,60,907,815.65,False,13,Tritetracontane
random,13,61,845,443.15834,False,13,"2,2,4-Trimethyloctane"
random,13,62,1169,473.15,False,13,"4,4-Diethyloctane"
random,13,63,746,418.0,False,13,2-Methyl-2-octene
random,13,64,318,404.15,False,13,1-Ethoxy-2-propanol
random,13,65,926,694.15,False,13,1-Heptacosene
random,13,66,1090,412.15,False,13,2-Methyloct-4-ene
random,13,67,1155,553.15,False,13,2-Pentadecyne
random,13,68,1179,454.15,True,14,"2,3,3,4,5-Pentamethylhexane"
random,13,69,961,340.82,False,14,trans-3-Methyl-2-pentene
random,13,70,879,434.26,False,14,"4-Ethyl-2,4-dimethylhexane"
random,13,71,382,427.65,False,14,"2,5-Dimethyl-2-hexanol"
random,13,72,805,446.65,False,14,"2,3-Dimethylbutan-2-amine"
random,13,73,647,448.15,False,14,"2-Methylbutane-2,3-diol"
random,13,74,638,479.15,False,14,5-Methylundecane
random,13,75,1166,459.9,True,15,"3,3-Diethylheptane"
random,13,76,1,455.15,True,16,"2,3-Butanediol"
random,13,77,839,479.15,False,16,6-Methylundecane
random,13,78,511,487.65,False,16,"2-Methyl-1,3-pentanediol"
random,13,79,542,364.98821,False,16,"5-Methyl-1,4-hexadiene"
random,13,80,533,452.15,False,16,4-Ethyl-4-heptanol
random,13,81,1157,450.15,False,16,"5,5-Dimethylnonane"
random,13,82,909,433.26,False,16,"3-Ethyl-2,4-dimethylhexane"
random,13,83,64,327.15,False,16,Allylamine
random,13,84,257,716.15,False,16,Nonacosane
random,13,85,330,451.15,False,16,5-Decyne
random,13,86,978,447.15,False,16,"3-Ethyl-2,2-dimethyl-3-pentanol"
random,13,87,610,427.15,False,16,5-Methyl-3-heptanol
random,13,88,227,340.45,False,16,2-Methyl-2-pentene
random,13,89,199,391.85,False,16,"2,3-Dimethyl-2-butanol"
random,13,90,197,715.15,False,16,Heptacosane
random,13,91,648,406.15,False,16,"3,4-Dimethyl-1-pentyn-3-ol"
random,13,92,901,507.15,False,16,"2,4-Dimethyldodecane"
random,13,93,266,332.15,False,16,4-Methyl-2-pentene
random,13,94,565,539.15,False,16,Diheptylamine
random,13,95,519,377.15,False,16,"N,N-Dimethylethylenediamine"
random,13,96,1032,397.65,False,16,"2,6-Octadiene"
random,13,97,1026,432.56,False,16,cis-3-Decene
random,13,98,887,435.31525,False,16,"2,3,4,4-Tetramethylhexane"
random,13,99,439,413.75,False,16,"2,3-Dimethylheptane"
random,13,100,707,380.35,False,16,"4,4-Dimethyl-1-hexene"
random,13,101,430,437.15,False,16,"2,3-Dimethyl-1-pentanol"
random,13,102,484,396.15,False,16,Oct-3-ene
random,13,103,401,410.15,False,16,2-Methylbut-2-en-1-ol
random,13,104,900,520.15,False,16,"2,3-Dimethyldodecane"
random,13,105,392,653.15,False,16,Pentaethylenehexamine
random,13,106,621,465.15,True,17,"4,7-Dimethyloctan-4-ol"
random,13,107,1068,388.97729,False,17,"4-Methyl-1,5-Heptadiene"
random,13,108,1144,447.15,False,17,"3,3,5-Trimethyloctane"
random,13,109,3,111.65,False,17,Methane
random,13,110,623,429.66,False,17,"2,4,5-Trimethylheptane"
random,13,111,915,476.0,False,17,"3,6-Diethyl-octane"
random,13,112,1187,464.15,True,18,4-Tert-butyloctane
random,13,113,154,387.85,False,18,"2,3,3-Trimethylpentane"
random,13,114,899,509.15,False,18,2-Methyl-3-undecanol
random,13,115,1218,462.15,True,19,"2,4-Dimethyl-4-propylheptane"
random,13,116,356,490.15,False,19,Hexaethylene glycol
random,13,117,945,416.85,False,19,"7-Methyl-1,6-octadiene"
random,13,118,1036,510.65,False,19,trans-2-Tridecene
random,13,119,100,431.65,False,19,2-Allyloxyethanol
random,13,120,993,329.55,False,19,cis-4-Methyl-2-pentene
random,13,121,26,304.95,False,19,Isopropylamine
random,13,122,419,462.35,True,20,2-Methyldecane
random,13,123,268,327.15,False,20,4-Methyl-1-pentene
random,13,124,567,415.0,False,20,"2,6-Dimethyl-1-heptene"
random,13,125,455,488.15,False,20,"2,5-Dimethylundecane"
random,13,126,219,420.15,False,20,5-Methyl-3-hexanol
random,13,127,617,341.15,False,20,N-Ethylisopropylamine
random,13,128,686,434.83,False,20,2-Methyl-3-pentyn-2-ol
random,13,129,488,420.15,False,20,2-Nonene
random,13,130,973,431.4,False,20,(S)-(+)-2-Heptanol
random,13,131,911,389.7,False,20,"2,5-Dimethyl-1,4-hexadiene"
random,13,132,645,539.24,False,20,"2,4-Hexadiyne-1,6-diol"
random,13,133,146,342.15,False,20,"2,3-Dimethyl-1,3-butadiene"
random,13,134,43,368.15,False,20,Triethylborane
random,13,135,796,479.94,False,20,6-Methyl-6-hepten-4-yn-3-ol
random,13,136,871,540.15,False,20,2-Methyl-1-tetradecene
random,13,137,1198,448.15,False,20,"4-Ethyl-2,5-dimethylheptane"
random,13,138,955,396.35,False,20,trans-3-Octene
random,13,139,582,383.15,False,20,"N,N-Diethylallylamine"
random,13,140,615,484.75,False,20,2-Methyl-1-undecene
random,13,141,740,432.55,False,20,"3,5-Dimethyloctane"
random,13,142,584,438.15,False,20,3-Ethyloctane
random,13,143,433,369.15,False,20,"2,3-Dimethyl-2-pentene"
random,13,144,1124,790.15,False,20,1-Nonatriacontene
random,13,145,947,444.45,False,20,trans-5-Decene
random,13,146,1171,452.8,False,20,"2,2,3,3-Tetramethylheptane"
random,13,147,1130,453.15,True,21,4-Ethyl-4-methyloctane
random,13,148,212,339.05,False,21,"N,N-Diethylmethylamine"
random,13,149,655,433.76714,False,21,"2,4-Dimethyl-3-hexanol"
random,13,150,310,599.15,False,21,2-Methyloctadecane
mw_heuristic,13,1,1074,460.26,True,1,"Hepta-2,4-dien-1-ol"
mw_heuristic,13,2,1011,612.15,False,1,Oleylamine
mw_heuristic,13,3,1019,369.15,False,1,trans-3-Heptene
mw_heuristic,13,4,1064,338.15,False,1,"1,4-Hexadiene"
mw_heuristic,13,5,1112,470.15,True,2,"5,5-Dimethyldecane"
mw_heuristic,13,6,1175,443.15,False,2,"2,5-Dimethyl-3-isopropylhexane"
mw_heuristic,13,7,96,430.05,False,2,1-Hexanol
mw_heuristic,13,8,86,502.65,False,2,"1,4-Butanediol"
mw_heuristic,13,9,211,422.65,False,2,4-Methylhexan-3-ol
mw_heuristic,13,10,326,609.15,False,2,Heptadecylamine
mw_heuristic,13,11,8,467.85,True,3,1-Octanol
mw_heuristic,13,12,51,459.35,True,4,2-Ethylhexan-1-ol
mw_heuristic,13,13,91,417.15,False,4,"N,N,N',N'-Tetramethyl-1,3-propanediamine"
mw_heuristic,13,14,177,448.15,False,4,4-Octanol
mw_heuristic,13,15,180,457.15,True,5,3-Octanol
mw_heuristic,13,16,58,443.15,False,5,"1,2,6-Hexanetriol"
mw_heuristic,13,17,93,506.15,False,5,"1,1'-Oxydi-2-propanol"
mw_heuristic,13,18,217,440.15,False,5,"2,2-Diethoxyethanol"
mw_heuristic,13,19,121,517.15,False,5,"2,2-Diethyl-1,3-propanediol"
mw_heuristic,13,20,242,535.15,False,5,"1,7-Heptanediol"
mw_heuristic,13,21,50,445.15,False,5,2-Ethylhexylamine
mw_heuristic,13,22,92,412.75,False,5,Diisobutylamine
mw_heuristic,13,23,106,451.75,False,5,Octylamine
mw_heuristic,13,24,107,435.15,False,5,Dibutylamine
mw_heuristic,13,25,398,409.15,False,5,Diethylbutylamine
mw_heuristic,13,26,408,445.15,False,5,1-Butoxy-2-propanol
mw_heuristic,13,27,526,507.15,False,5,"2-Methyl-2-propylpropane-1,3-diol"
mw_heuristic,13,28,569,363.15,False,5,"1,2-Heptanediol"
mw_heuristic,13,29,628,417.15,False,5,1-Tert-butoxy-2-propanol
mw_heuristic,13,30,903,458.15,True,6,2-(Pentyloxy)ethanol
mw_heuristic,13,31,46,423.15,False,6,Triallylamine
mw_heuristic,13,32,471,444.15,False,6,Myrcene
mw_heuristic,13,33,1081,461.15,True,7,"2,6-Dimethyl-2,4,6-octatriene"
mw_heuristic,13,34,1083,440.64,False,7,"(E,Z)-2,6-Dimethylocta-2,4,6-triene"
mw_heuristic,13,35,122,631.0,False,7,Pentaerythritol
mw_heuristic,13,36,276,447.15,False,7,1-Decyne
mw_heuristic,13,37,322,437.15,False,7,"1,9-Decadiene"
mw_heuristic,13,38,330,451.15,False,7,5-Decyne
mw_heuristic,13,39,348,437.4,False,7,4-Decyne
mw_heuristic,13,40,352,439.15,False,7,Dihydromyrcene
mw_heuristic,13,41,560,457.75,True,8,2-Decyne
mw_heuristic,13,42,748,430.94,False,8,Di-t-butylacetylene
mw_heuristic,13,43,834,439.88857,False,8,"2,7-Dimethyl-2,6-octadiene"
mw_heuristic,13,44,944,434.17,False,8,"2,2-Dimethyl-3-octyne"
mw_heuristic,13,45,1000,441.15,False,8,"cis-2,6-Dimethyl-2,6-octadiene"
mw_heuristic,13,46,500,506.02,False,8,"3,6-Nonadien-1-ol"
mw_heuristic,13,47,683,376.4,False,8,Non-3-yn-1-ol
mw_heuristic,13,48,280,444.15,False,8,1-Decene
mw_heuristic,13,49,391,436.15,False,8,"2,6-Dimethyl-2-octene"
mw_heuristic,13,50,428,442.75,False,8,5-Decene
mw_heuristic,13,51,126,479.15,False,8,"2,5-Dimethyl-3-hexyne-2,5-diol"
mw_heuristic,13,52,625,466.65,True,9,1-Nonen-3-ol
mw_heuristic,13,53,279,440.15,False,9,2-Methylnonane
mw_heuristic,13,54,295,410.15,False,9,"2,2,5,5-Tetramethylhexane"
mw_heuristic,13,55,297,433.15,False,9,"2,7-Dimethyloctane"
mw_heuristic,13,56,45,426.15,False,9,Tripropylamine
mw_heuristic,13,57,331,471.15,True,10,Nonylamine
mw_heuristic,13,58,334,445.15,False,10,"N,N-Dimethylheptylamine"
mw_heuristic,13,59,376,432.15,False,10,N-Methyldibutylamine
mw_heuristic,13,60,563,351.65,False,10,n-Methyloctan-1-amine
mw_heuristic,13,61,83,506.15,False,10,"2,5-Dimethyl-2,5-hexanediol"
mw_heuristic,13,62,109,481.15,False,10,2-(Hexyloxy)ethanol
mw_heuristic,13,63,133,503.25,False,10,"2,2,4-Trimethyl-1,3-pentanediol"
mw_heuristic,13,64,537,418.15,False,10,"1,8-Octanediol"
mw_heuristic,13,65,572,370.65,False,10,Tris(2-aminoethyl)amine
mw_heuristic,13,66,54,505.15,False,10,"N,N-Bis(3-aminopropyl)methylamine"
mw_heuristic,13,67,997,460.44,True,11,"(E,E,Z)-Undeca-1,3,5,8-tetraene"
mw_heuristic,13,68,42,438.2,False,11,"N,N,N',N'-Tetramethyl-1,3-butanediamine"
mw_heuristic,13,69,123,394.15,False,11,"N,N-Diisopropylethylenediamine"
mw_heuristic,13,70,518,327.65,False,11,"N,N,N'-Triethylethylenediamine"
mw_heuristic,13,71,1076,456.28,True,12,"1,3,5-Undecatriene"
mw_heuristic,13,72,39,653.15,False,12,Xylitol
mw_heuristic,13,73,668,514.75,False,12,"3,7-Dimethylocta-1,5,7-trien-3-ol"
mw_heuristic,13,74,1072,514.75,False,12,Hotrienol
mw_heuristic,13,75,559,469.15,True,13,1-Undecyne
mw_heuristic,13,76,520,441.15,False,13,"N,N,N',N'-Tetramethyl-1,4-butanediamine"
mw_heuristic,13,77,221,467.9,True,14,3-Nonanol
mw_heuristic,13,78,239,466.65,True,15,2-Nonanol
mw_heuristic,13,79,319,446.15,False,15,"3,6-Dimethyl-3-heptanol"
mw_heuristic,13,80,351,479.15,False,15,Isononyl alcohol
mw_heuristic,13,81,379,466.15,True,16,"3,5,5-Trimethyl-1-hexanol"
mw_heuristic,13,82,409,462.15,True,17,3-Methyl-3-octanol
mw_heuristic,13,83,412,465.65,True,18,4-Nonanol
mw_heuristic,13,84,467,448.15,False,18,"2,6-Dimethyl-3-heptanol"
mw_heuristic,13,85,468,452.15,False,18,"3,5-Dimethyl-4-heptanol"
mw_heuristic,13,86,533,452.15,False,18,4-Ethyl-4-heptanol
mw_heuristic,13,87,594,443.15,False,18,"2,6-Dimethyl-2-heptanol"
mw_heuristic,13,88,646,443.15,False,18,"2,2,3-Trimethylhexan-3-ol"
mw_heuristic,13,89,658,454.65,True,19,2-Methyl-3-octanol
mw_heuristic,13,90,669,465.4,True,20,4-Methyl-2-propylpentan-1-ol
mw_heuristic,13,91,735,439.15,False,20,"2,2,4,4-Tetramethylpentan-3-ol"
mw_heuristic,13,92,769,453.22759,True,21,4-Methyl-4-octanol
mw_heuristic,13,93,811,451.05,False,21,"3-Ethyl-2,4-dimethylpentan-3-ol"
mw_heuristic,13,94,864,479.15,False,21,6-Methyloctan-1-ol
mw_heuristic,13,95,905,438.65,False,21,"3,4,4-Trimethylhexan-3-ol"
mw_heuristic,13,96,906,444.86543,False,21,"2,4,4-Trimethyl-3-hexanol"
mw_heuristic,13,97,978,447.15,False,21,"3-Ethyl-2,2-dimethyl-3-pentanol"
mw_heuristic,13,98,981,453.15,True,22,3-Methyl-4-octanol
mw_heuristic,13,99,1108,447.15,False,22,"2,2-Dimethyl-4-heptanol"
mw_heuristic,13,100,1178,452.15,False,22,"2,3,4-Trimethylhexan-3-ol"
mw_heuristic,13,101,1211,468.15,True,23,2-Ethyl-4-methylhexan-1-ol
mw_heuristic,13,102,306,426.15,False,23,"2,5,5-Trimethylheptane"
mw_heuristic,13,103,325,447.25,False,23,Decane
mw_heuristic,13,104,337,431.15,False,23,"2,6-Dimethyloctane"
mw_heuristic,13,105,387,413.06493,False,23,"2,3,6-Trimethylheptane"
mw_heuristic,13,106,712,471.09534,True,24,5-Undecyne
mw_heuristic,13,107,734,462.0,True,25,"1,10-Undecadiene"
mw_heuristic,13,108,786,479.15,False,25,2-Undecyne
mw_heuristic,13,109,787,473.15,False,25,3-Undecyne
mw_heuristic,13,110,788,471.65,True,26,4-Undecyne
mw_heuristic,13,111,1216,457.05,True,27,"3,3-Dimethylnon-4-yne"
mw_heuristic,13,112,411,441.15,False,27,3-Methylnonane
mw_heuristic,13,113,423,437.15,False,27,"2,3-Dimethyloctane"
mw_heuristic,13,114,424,430.15,False,27,"3,3,5-Trimethylheptane"
mw_heuristic,13,115,436,432.86,False,27,5-Ethyl-2-methylheptane
mw_heuristic,13,116,967,502.15,False,27,Nerol
mw_heuristic,13,117,278,465.85,True,28,1-Undecene
mw_heuristic,13,118,696,455.44,True,29,Undec-4-ene
mw_heuristic,13,119,699,465.45,True,30,5-Undecene
mw_heuristic,13,120,825,463.85,True,31,2-Methyl-1-decene
mw_heuristic,13,121,1021,466.15,True,32,(E)-4-Undecene
mw_heuristic,13,122,437,433.15,False,32,"2,2,3,3-Tetramethylhexane"
mw_heuristic,13,123,441,421.45,False,32,"2,2,4-Trimethylheptane"
mw_heuristic,13,124,443,437.15,False,32,5-Methylnonane
mw_heuristic,13,125,454,421.05,False,32,"2,2,4,5-Tetramethylhexane"
mw_heuristic,13,126,57,497.15,False,32,(-)-Citronellol
mw_heuristic,13,127,1001,524.74,False,32,(E)-3-Decenol
mw_heuristic,13,128,1061,524.74,False,32,2-Decen-1-ol
mw_heuristic,13,129,1092,524.74,False,32,Dec-4-en-1-ol
mw_heuristic,13,130,456,439.15,False,32,4-Methylnonane
mw_heuristic,13,131,570,422.7,False,32,"2,4,4-Trimethylheptane"
mw_heuristic,13,132,584,438.15,False,32,3-Ethyloctane
mw_heuristic,13,133,599,427.15,False,32,"2,2-Dimethyloctane"
mw_heuristic,13,134,601,436.15,False,32,4-Ethyloctane
mw_heuristic,13,135,602,435.15,False,32,"3,4-Dimethyloctane"
mw_heuristic,13,136,603,433.95,False,32,"3,6-Dimethyloctane"
mw_heuristic,13,137,623,429.66,False,32,"2,4,5-Trimethylheptane"
mw_heuristic,13,138,624,435.65,False,32,"3,4,5-Trimethylheptane"
mw_heuristic,13,139,631,427.15,False,32,"2,4-Dimethyloctane"
mw_heuristic,13,140,637,429.0,False,32,"2,3,4-Trimethylheptane"
mw_heuristic,13,141,713,419.6563,False,32,"2,4,6-Trimethylheptane"
mw_heuristic,13,142,717,440.15,False,32,4-Propylheptane
mw_heuristic,13,143,720,433.23942,False,32,"3,3-Dimethyloctane"
mw_heuristic,13,144,737,434.36,False,32,3-Ethyl-2-methylheptane
mw_heuristic,13,145,739,430.15,False,32,"2,5-Dimethyloctane"
mw_heuristic,13,146,302,469.05,True,33,Undecane
mw_heuristic,13,147,360,461.15,True,34,4-Methyldecane
mw_heuristic,13,148,419,462.35,True,35,2-Methyldecane
mw_heuristic,13,149,457,452.15,False,35,"2,5-Dimethylnonane"
mw_heuristic,13,150,458,452.15,False,35,"2,6-Dimethylnonane"
greedy_gp,13,1,1074,460.26,True,1,"Hepta-2,4-dien-1-ol"
greedy_gp,13,2,1011,612.15,False,1,Oleylamine
greedy_gp,13,3,1019,369.15,False,1,trans-3-Heptene
greedy_gp,13,4,1064,338.15,False,1,"1,4-Hexadiene"
greedy_gp,13,5,1112,470.15,True,2,"5,5-Dimethyldecane"
greedy_gp,13,6,1175,443.15,False,2,"2,5-Dimethyl-3-isopropylhexane"
greedy_gp,13,7,96,430.05,False,2,1-Hexanol
greedy_gp,13,8,86,502.65,False,2,"1,4-Butanediol"
greedy_gp,13,9,211,422.65,False,2,4-Methylhexan-3-ol
greedy_gp,13,10,326,609.15,False,2,Heptadecylamine
greedy_gp,13,11,499,473.15,False,2,"2,2,3-Trimethylnonane"
greedy_gp,13,12,916,472.15,True,3,"3,6-Dimethyl-3-ethyl-octane"
greedy_gp,13,13,1133,464.89743,True,4,"2,2,3,4-Tetramethylhexan-3-ol"
greedy_gp,13,14,918,472.15,True,5,"3,4,5,6-Tetramethyloctane"
greedy_gp,13,15,1168,473.15,False,5,"3-Ethyl-3,4-dimethyloctane"
greedy_gp,13,16,683,376.4,False,5,Non-3-yn-1-ol
greedy_gp,13,17,625,466.65,True,6,1-Nonen-3-ol
greedy_gp,13,18,217,440.15,False,6,"2,2-Diethoxyethanol"
greedy_gp,13,19,81,397.45,False,6,2-Methoxyethanol
greedy_gp,13,20,1232,467.8,True,7,"3,4,5,5-Tetramethylhexan-3-ol"
greedy_gp,13,21,942,559.15,False,7,3-Hexadecyne
greedy_gp,13,22,1125,569.15,False,7,2-Hexadecyne
greedy_gp,13,23,247,557.15,False,7,1-Hexadecyne
greedy_gp,13,24,997,460.44,True,8,"(E,E,Z)-Undeca-1,3,5,8-tetraene"
greedy_gp,13,25,572,370.65,False,8,Tris(2-aminoethyl)amine
greedy_gp,13,26,114,614.65,False,8,Tetraethylenepentamine
greedy_gp,13,27,678,575.34,False,8,9-Dodecyn-1-ol
greedy_gp,13,28,421,821.15,False,8,Tetratetracontane
greedy_gp,13,29,109,481.15,False,8,2-(Hexyloxy)ethanol
greedy_gp,13,30,1249,460.65,True,9,"2,2,4,4-Tetramethyl-3-hexanol"
greedy_gp,13,31,529,465.15,True,10,"N,N,N',N'-Tetraethylethylenediamine"
greedy_gp,13,32,563,351.65,False,10,n-Methyloctan-1-amine
greedy_gp,13,33,1199,468.15,True,11,"2,2,3,3,5,5-Hexamethylhexane"
greedy_gp,13,34,302,469.05,True,12,Undecane
greedy_gp,13,35,677,460.65,True,13,"2,2,4,4,6-Pentamethylheptane"
greedy_gp,13,36,727,492.55,False,13,3-Dodecyne
greedy_gp,13,37,767,483.16,False,13,4-Dodecyne
greedy_gp,13,38,755,483.16,False,13,5-Dodecyne
greedy_gp,13,39,728,486.15,False,13,6-Dodecyne
greedy_gp,13,40,694,499.15,False,13,2-Dodecyne
greedy_gp,13,41,696,455.44,True,14,Undec-4-ene
greedy_gp,13,42,1021,466.15,True,15,(E)-4-Undecene
greedy_gp,13,43,438,451.15,False,15,"2,2,4,6,6-Pentamethylheptane"
greedy_gp,13,44,699,465.45,True,16,5-Undecene
greedy_gp,13,45,412,465.65,True,17,4-Nonanol
greedy_gp,13,46,1240,459.15,True,18,"2,2,5,5,6-Pentamethylheptane"
greedy_gp,13,47,1183,457.0,True,19,"2,4,4,7-Tetramethyloctane"
greedy_gp,13,48,1174,455.9,True,20,"2,2,6,6-Tetramethyloctane"
greedy_gp,13,49,792,455.15,True,21,"2,4,6-Trimethyl-4-heptanol"
greedy_gp,13,50,1241,457.15,True,22,"2,2,5,5-Tetramethyloctane"
greedy_gp,13,51,621,465.15,True,23,"4,7-Dimethyloctan-4-ol"
greedy_gp,13,52,1116,467.15,True,24,"2,2,3,3,4,4-Hexamethylpentane"
greedy_gp,13,53,795,462.9,True,25,"3,3,6,6-Tetramethyloctane"
greedy_gp,13,54,1164,464.15,True,26,"2,2,4-Trimethylnonane"
greedy_gp,13,55,1236,466.15,True,27,"2,2,3,3,6-Pentamethylheptane"
greedy_gp,13,56,1114,459.15,True,28,"3-Ethyl-2,2,3,4-tetramethylpentane"
greedy_gp,13,57,1115,462.15,True,29,"3,3-Diethyl-2,2-dimethylpentane"
greedy_gp,13,58,1160,460.15,True,30,"4-Ethyl-2,2-dimethyloctane"
greedy_gp,13,59,335,379.65,False,30,3-Butyn-2-ol
greedy_gp,13,60,954,382.65,False,30,(R)-(+)-3-Butyn-2-ol
greedy_gp,13,61,714,402.65,False,30,"2,4-Hexadiyne"
greedy_gp,13,62,721,336.0,False,30,"1,3-Hexadiyne"
greedy_gp,13,63,536,361.15,False,30,"1,5-Hexadiyne"
greedy_gp,13,64,731,353.7,False,30,"1,4-Hexadiyne"
greedy_gp,13,65,1223,463.15,True,31,"2,5,5-Trimethylnonane"
greedy_gp,13,66,364,471.15,True,32,"1,1,4,7,7-Pentamethyldiethylenetriamine"
greedy_gp,13,67,419,462.35,True,33,2-Methyldecane
greedy_gp,13,68,9,460.45,True,34,Propylene Glycol
greedy_gp,13,69,814,461.15,True,35,"R-1,2-Propanediol"
greedy_gp,13,70,1154,459.4,True,36,"2,4,5,7-Tetramethyloctane"
greedy_gp,13,71,1194,462.15,True,37,4-Isopropyl-4-heptanol
greedy_gp,13,72,1222,457.75,True,38,"2,6-Dimethyl-4-propylheptane"
greedy_gp,13,73,754,482.28,False,38,"2,9-Dimethyl-5-decyne"
greedy_gp,13,74,710,467.14283,True,39,4-Propyl-4-heptanol
greedy_gp,13,75,825,463.85,True,40,2-Methyl-1-decene
greedy_gp,13,76,523,459.00627,True,41,"2,2,7,7-Tetramethyloctane"
greedy_gp,13,77,1138,463.15,True,42,"4-Ethyl-2,6-dimethyloctane"
greedy_gp,13,78,1187,464.15,True,43,4-Tert-butyloctane
greedy_gp,13,79,1141,458.15,True,44,4-Tert-butyl-2-methylheptane
greedy_gp,13,80,1206,462.15,True,45,"3,3-Diethyl-2,4-dimethylpentane"
greedy_gp,13,81,1203,460.15,True,46,"2,3,3,4,4-Pentamethylhexane"
greedy_gp,13,82,1136,464.15,True,47,"4-Ethyl-2,4-dimethyloctane"
greedy_gp,13,83,1217,477.15,False,47,4-Methyl-2-(2-methylpropyl)pentan-1-ol
greedy_gp,13,84,1220,463.15,True,48,"2,5-Dimethyl-4-propylheptane"
greedy_gp,13,85,1218,462.15,True,49,"2,4-Dimethyl-4-propylheptane"
greedy_gp,13,86,60,266.85,False,49,1-Butene
greedy_gp,13,87,59,272.65,False,49,Butane
greedy_gp,13,88,120,266.15,False,49,Isobutylene
greedy_gp,13,89,1082,385.45,False,49,"(2Z)-3,4,4-Trimethyl-2-pentene"
greedy_gp,13,90,1221,463.15,True,50,"2,6,6-Trimethylnonane"
greedy_gp,13,91,661,478.65,False,50,"3,3-Dimethyl-1,2-butanediol"
greedy_gp,13,92,121,517.15,False,50,"2,2-Diethyl-1,3-propanediol"
greedy_gp,13,93,126,479.15,False,50,"2,5-Dimethyl-3-hexyne-2,5-diol"
greedy_gp,13,94,524,498.95,False,50,"2-Ethyl-2-methyl-1,3-propanediol"
greedy_gp,13,95,1076,456.28,True,51,"1,3,5-Undecatriene"
greedy_gp,13,96,530,450.15,False,51,"2-Methylpropane-1,2-diol"
greedy_gp,13,97,627,465.15,True,52,3-Methyldecane
greedy_gp,13,98,1156,471.15,True,53,5-Ethyl-5-methylnonane
greedy_gp,13,99,864,479.15,False,53,6-Methyloctan-1-ol
greedy_gp,13,100,658,454.65,True,54,2-Methyl-3-octanol
greedy_gp,13,101,647,448.15,False,54,"2-Methylbutane-2,3-diol"
greedy_gp,13,102,1,455.15,True,55,"2,3-Butanediol"
greedy_gp,13,103,807,456.65,True,56,"meso-2,3-Butanediol"
greedy_gp,13,104,810,350.5,False,56,"(R,R)-2,3-butanediol"
greedy_gp,13,105,818,453.65,True,57,"(2S,3S)-butane-2,3-diol"
greedy_gp,13,106,8,467.85,True,58,1-Octanol
greedy_gp,13,107,559,469.15,True,59,1-Undecyne
greedy_gp,13,108,170,469.1,True,60,"1,2-Butanediol"
greedy_gp,13,109,558,494.15,False,60,"2-Methyl-1,3-propanediol"
greedy_gp,13,110,786,479.15,False,60,2-Undecyne
greedy_gp,13,111,712,471.09534,True,61,5-Undecyne
greedy_gp,13,112,788,471.65,True,62,4-Undecyne
greedy_gp,13,113,668,514.75,False,62,"3,7-Dimethylocta-1,5,7-trien-3-ol"
greedy_gp,13,114,1072,514.75,False,62,Hotrienol
greedy_gp,13,115,139,469.65,True,63,"3-Butene-1,2-diol"
greedy_gp,13,116,734,462.0,True,64,"1,10-Undecadiene"
greedy_gp,13,117,813,481.15,False,64,"3-Methyl-1,3-butanediol"
greedy_gp,13,118,1105,468.15,True,65,"2,3,4,5,6-Pentamethylheptane"
greedy_gp,13,119,21,266.75,False,65,Methylamine
greedy_gp,13,120,278,465.85,True,66,1-Undecene
greedy_gp,13,121,365,529.36,False,66,"3-Hexyne-2,5-diol"
greedy_gp,13,122,481,431.55,False,66,"4-Methylhepta-1,6-dien-4-ol"
greedy_gp,13,123,477,480.15,False,66,Neopentyl glycol
greedy_gp,13,124,55,554.25,False,66,Bis(2-ethylhexyl)amine
greedy_gp,13,125,460,474.15,False,66,"2,2-Dimethyldecane"
greedy_gp,13,126,140,373.65,False,66,Octamylamine
greedy_gp,13,127,787,473.15,False,66,3-Undecyne
greedy_gp,13,128,903,458.15,True,67,2-(Pentyloxy)ethanol
greedy_gp,13,129,1150,463.0,True,68,"2,5,8-Trimethylnonane"
greedy_gp,13,130,981,453.15,True,69,3-Methyl-4-octanol
greedy_gp,13,131,589,502.15,False,69,Undecylamine
greedy_gp,13,132,932,461.15,True,70,3-Ethylnonane
greedy_gp,13,133,922,457.15,True,71,4-Ethylnonane
greedy_gp,13,134,360,461.15,True,72,4-Methyldecane
greedy_gp,13,135,635,459.15,True,73,5-Methyldecane
greedy_gp,13,136,129,490.15,False,73,Decylamine
greedy_gp,13,137,30,447.15,False,73,Pinacol
greedy_gp,13,138,1230,469.15,True,74,"3,3-Dimethyl-4-propylheptane"
greedy_gp,13,139,221,467.9,True,75,3-Nonanol
greedy_gp,13,140,921,470.15,True,76,"3-Methyl, 3,5-diethyl, heptane"
greedy_gp,13,141,331,471.15,True,77,Nonylamine
greedy_gp,13,142,1245,469.15,True,78,"2,4,4,5,5-Pentamethylheptane"
greedy_gp,13,143,1177,457.15,True,79,"2,2,3,3,4-Pentamethylhexane"
greedy_gp,13,144,351,479.15,False,79,Isononyl alcohol
greedy_gp,13,145,239,466.65,True,80,2-Nonanol
greedy_gp,13,146,1158,472.15,True,81,"4,4-Dimethyldecane"
greedy_gp,13,147,1228,471.15,True,82,"3,4-Dimethyl-4-propylheptane"
greedy_gp,13,148,935,469.15,True,83,"3-Ethyl-2,7-dimethyloctane"
greedy_gp,13,149,1243,467.15,True,84,"2,3-Dimethyl-4-propylheptane"
greedy_gp,13,150,1137,470.15,True,85,"3-Ethyl-2,6-dimethyloctane"
prob_in_spec,13,1,1074,460.26,True,1,"Hepta-2,4-dien-1-ol"
prob_in_spec,13,2,1011,612.15,False,1,Oleylamine
prob_in_spec,13,3,1019,369.15,False,1,trans-3-Heptene
prob_in_spec,13,4,1064,338.15,False,1,"1,4-Hexadiene"
prob_in_spec,13,5,1112,470.15,True,2,"5,5-Dimethyldecane"
prob_in_spec,13,6,1175,443.15,False,2,"2,5-Dimethyl-3-isopropylhexane"
prob_in_spec,13,7,96,430.05,False,2,1-Hexanol
prob_in_spec,13,8,86,502.65,False,2,"1,4-Butanediol"
prob_in_spec,13,9,211,422.65,False,2,4-Methylhexan-3-ol
prob_in_spec,13,10,326,609.15,False,2,Heptadecylamine
prob_in_spec,13,11,1154,459.4,True,3,"2,4,5,7-Tetramethyloctane"
prob_in_spec,13,12,1223,463.15,True,4,"2,5,5-Trimethylnonane"
prob_in_spec,13,13,1221,463.15,True,5,"2,6,6-Trimethylnonane"
prob_in_spec,13,14,1160,460.15,True,6,"4-Ethyl-2,2-dimethyloctane"
prob_in_spec,13,15,499,473.15,False,6,"2,2,3-Trimethylnonane"
prob_in_spec,13,16,1187,464.15,True,7,4-Tert-butyloctane
prob_in_spec,13,17,1136,464.15,True,8,"4-Ethyl-2,4-dimethyloctane"
prob_in_spec,13,18,916,472.15,True,9,"3,6-Dimethyl-3-ethyl-octane"
prob_in_spec,13,19,1218,462.15,True,10,"2,4-Dimethyl-4-propylheptane"
prob_in_spec,13,20,921,470.15,True,11,"3-Methyl, 3,5-diethyl, heptane"
prob_in_spec,13,21,1138,463.15,True,12,"4-Ethyl-2,6-dimethyloctane"
prob_in_spec,13,22,1220,463.15,True,13,"2,5-Dimethyl-4-propylheptane"
prob_in_spec,13,23,1164,464.15,True,14,"2,2,4-Trimethylnonane"
prob_in_spec,13,24,1150,463.0,True,15,"2,5,8-Trimethylnonane"
prob_in_spec,13,25,795,462.9,True,16,"3,3,6,6-Tetramethyloctane"
prob_in_spec,13,26,1174,455.9,True,17,"2,2,6,6-Tetramethyloctane"
prob_in_spec,13,27,1243,467.15,True,18,"2,3-Dimethyl-4-propylheptane"
prob_in_spec,13,28,1236,466.15,True,19,"2,2,3,3,6-Pentamethylheptane"
prob_in_spec,13,29,1105,468.15,True,20,"2,3,4,5,6-Pentamethylheptane"
prob_in_spec,13,30,1245,469.15,True,21,"2,4,4,5,5-Pentamethylheptane"
prob_in_spec,13,31,1226,462.0,True,22,2-Methyl-5-propyloctane
prob_in_spec,13,32,1222,457.75,True,23,"2,6-Dimethyl-4-propylheptane"
prob_in_spec,13,33,1166,459.9,True,24,"3,3-Diethylheptane"
prob_in_spec,13,34,1196,459.15,True,25,"3,4-Diethyl-3-methylhexane"
prob_in_spec,13,35,1208,459.15,True,26,"3,3-Diethyl-2-methylhexane"
prob_in_spec,13,36,1206,462.15,True,27,"3,3-Diethyl-2,4-dimethylpentane"
prob_in_spec,13,37,1115,462.15,True,28,"3,3-Diethyl-2,2-dimethylpentane"
prob_in_spec,13,38,1141,458.15,True,29,4-Tert-butyl-2-methylheptane
prob_in_spec,13,39,1114,459.15,True,30,"3-Ethyl-2,2,3,4-tetramethylpentane"
prob_in_spec,13,40,1203,460.15,True,31,"2,3,3,4,4-Pentamethylhexane"
prob_in_spec,13,41,1240,459.15,True,32,"2,2,5,5,6-Pentamethylheptane"
prob_in_spec,13,42,935,469.15,True,33,"3-Ethyl-2,7-dimethyloctane"
prob_in_spec,13,43,932,461.15,True,34,3-Ethylnonane
prob_in_spec,13,44,627,465.15,True,35,3-Methyldecane
prob_in_spec,13,45,360,461.15,True,36,4-Methyldecane
prob_in_spec,13,46,635,459.15,True,37,5-Methyldecane
prob_in_spec,13,47,419,462.35,True,38,2-Methyldecane
prob_in_spec,13,48,856,448.0,False,38,"2,3-Dimethylnonane"
prob_in_spec,13,49,459,457.15,True,39,"3,7-Dimethylnonane"
prob_in_spec,13,50,1119,458.15,True,40,"3,4-Dimethylnonane"
prob_in_spec,13,51,1199,468.15,True,41,"2,2,3,3,5,5-Hexamethylhexane"
prob_in_spec,13,52,922,457.15,True,42,4-Ethylnonane
prob_in_spec,13,53,1227,457.15,True,43,"3,3,4,4-Tetramethylheptane"
prob_in_spec,13,54,914,456.46543,True,44,"4,4-Diethylheptane"
prob_in_spec,13,55,1177,457.15,True,45,"2,2,3,3,4-Pentamethylhexane"
prob_in_spec,13,56,1116,467.15,True,46,"2,2,3,3,4,4-Hexamethylpentane"
prob_in_spec,13,57,1137,470.15,True,47,"3-Ethyl-2,6-dimethyloctane"
prob_in_spec,13,58,1229,469.15,True,48,"3,5-Dimethyl-4-propylheptane"
prob_in_spec,13,59,924,471.15,True,49,"4,6-Dimethyldecane"
prob_in_spec,13,60,1241,457.15,True,50,"2,2,5,5-Tetramethyloctane"
prob_in_spec,13,61,1230,469.15,True,51,"3,3-Dimethyl-4-propylheptane"
prob_in_spec,13,62,1146,458.15,True,52,"3,4,4,5-Tetramethylheptane"
prob_in_spec,13,63,523,459.00627,True,53,"2,2,7,7-Tetramethyloctane"
prob_in_spec,13,64,1183,457.0,True,54,"2,4,4,7-Tetramethyloctane"
prob_in_spec,13,65,918,472.15,True,55,"3,4,5,6-Tetramethyloctane"
prob_in_spec,13,66,278,465.85,True,56,1-Undecene
prob_in_spec,13,67,696,455.44,True,57,Undec-4-ene
prob_in_spec,13,68,1021,466.15,True,58,(E)-4-Undecene
prob_in_spec,13,69,699,465.45,True,59,5-Undecene
prob_in_spec,13,70,825,463.85,True,60,2-Methyl-1-decene
prob_in_spec,13,71,734,462.0,True,61,"1,10-Undecadiene"
prob_in_spec,13,72,1097,456.15,True,62,"2,8-Dimethylnonane"
prob_in_spec,13,73,302,469.05,True,63,Undecane
prob_in_spec,13,74,840,471.15,True,64,"2,5-Dimethyldecane"
prob_in_spec,13,75,1158,472.15,True,65,"4,4-Dimethyldecane"
prob_in_spec,13,76,1190,470.15,True,66,"3,5-Diethyloctane"
prob_in_spec,13,77,1156,471.15,True,67,5-Ethyl-5-methylnonane
prob_in_spec,13,78,1096,453.15,True,68,"2,7-Dimethylnonane"
prob_in_spec,13,79,919,473.15,False,68,"3,4,7-Trimethylnonane"
prob_in_spec,13,80,831,466.15,True,69,"4,5-Diethyloctane"
prob_in_spec,13,81,1179,454.15,True,70,"2,3,3,4,5-Pentamethylhexane"
prob_in_spec,13,82,1228,471.15,True,71,"3,4-Dimethyl-4-propylheptane"
prob_in_spec,13,83,830,472.15,True,72,4-Ethyl-5-methylnonane
prob_in_spec,13,84,1172,454.15,True,73,"3,3,4,5-Tetramethylheptane"
prob_in_spec,13,85,1188,455.15,True,74,3-Ethyl-6-methyloctane
prob_in_spec,13,86,854,473.15,False,74,"2,4-Dimethyldecane"
prob_in_spec,13,87,732,471.15,True,75,"2,6-Dimethyldecane"
prob_in_spec,13,88,930,455.15,True,76,"3,3-Dimethylnonane"
prob_in_spec,13,89,925,472.15,True,77,"4,7-Dimethyldecane"
prob_in_spec,13,90,923,473.15,False,77,"3,5-Dimethyldecane"
prob_in_spec,13,91,481,431.55,False,77,"4-Methylhepta-1,6-dien-4-ol"
prob_in_spec,13,92,912,470.15,True,78,5-Propylnonane
prob_in_spec,13,93,1167,455.15,True,79,"3,3,4-Trimethyloctane"
prob_in_spec,13,94,1237,459.15,True,80,"2,2,3,4,4-Pentamethylhexane"
prob_in_spec,13,95,960,437.38,False,80,"2,4-Hexadien-1-OL"
prob_in_spec,13,96,1132,454.15,True,81,"4-Ethyl-3,5-dimethylheptane"
prob_in_spec,13,97,1186,472.15,True,82,"3,4-Diethyloctane"
prob_in_spec,13,98,1192,452.15,False,82,"3,5-Diethylheptane"
prob_in_spec,13,99,606,455.15,True,83,"4,5-Dimethylnonane"
prob_in_spec,13,100,990,442.65,False,83,3-Hepten-1-ol
prob_in_spec,13,101,1076,456.28,True,84,"1,3,5-Undecatriene"
prob_in_spec,13,102,997,460.44,True,85,"(E,E,Z)-Undeca-1,3,5,8-tetraene"
prob_in_spec,13,103,1209,451.15,False,85,"3-Ethyl-2,4,4-trimethylhexane"
prob_in_spec,13,104,728,486.15,False,85,6-Dodecyne
prob_in_spec,13,105,755,483.16,False,85,5-Dodecyne
prob_in_spec,13,106,668,514.75,False,85,"3,7-Dimethylocta-1,5,7-trien-3-ol"
prob_in_spec,13,107,1072,514.75,False,85,Hotrienol
prob_in_spec,13,108,967,502.15,False,85,Nerol
prob_in_spec,13,109,57,497.15,False,85,(-)-Citronellol
prob_in_spec,13,110,1128,489.15,False,85,4-Methylnonan-1-ol
prob_in_spec,13,111,1171,452.8,False,85,"2,2,3,3-Tetramethylheptane"
prob_in_spec,13,112,1130,453.15,True,86,4-Ethyl-4-methyloctane
prob_in_spec,13,113,712,471.09534,True,87,5-Undecyne
prob_in_spec,13,114,788,471.65,True,88,4-Undecyne
prob_in_spec,13,115,787,473.15,False,88,3-Undecyne
prob_in_spec,13,116,1216,457.05,True,89,"3,3-Dimethylnon-4-yne"
prob_in_spec,13,117,1108,447.15,False,89,"2,2-Dimethyl-4-heptanol"
prob_in_spec,13,118,379,466.15,True,90,"3,5,5-Trimethyl-1-hexanol"
prob_in_spec,13,119,319,446.15,False,90,"3,6-Dimethyl-3-heptanol"
prob_in_spec,13,120,769,453.22759,True,91,4-Methyl-4-octanol
prob_in_spec,13,121,467,448.15,False,91,"2,6-Dimethyl-3-heptanol"
prob_in_spec,13,122,981,453.15,True,92,3-Methyl-4-octanol
prob_in_spec,13,123,658,454.65,True,93,2-Methyl-3-octanol
prob_in_spec,13,124,468,452.15,False,93,"3,5-Dimethyl-4-heptanol"
prob_in_spec,13,125,670,457.15,True,94,4-Methyl-1-heptanol
prob_in_spec,13,126,669,465.4,True,95,4-Methyl-2-propylpentan-1-ol
prob_in_spec,13,127,652,446.15,False,95,6-Methyl-2-heptanol
prob_in_spec,13,128,394,451.65,False,95,2-Octanol
prob_in_spec,13,129,972,449.65,False,95,(S)-(+)-2-Octanol
prob_in_spec,13,130,594,443.15,False,95,"2,6-Dimethyl-2-heptanol"
prob_in_spec,13,131,1211,468.15,True,96,2-Ethyl-4-methylhexan-1-ol
prob_in_spec,13,132,221,467.9,True,97,3-Nonanol
prob_in_spec,13,133,412,465.65,True,98,4-Nonanol
prob_in_spec,13,134,1022,478.54,False,98,3-Octen-2-OL
prob_in_spec,13,135,864,479.15,False,98,6-Methyloctan-1-ol
prob_in_spec,13,136,400,459.15,True,99,6-Methylhept-5-en-2-ol
prob_in_spec,13,137,774,475.15,False,99,5-Methyl-5-nonanol
prob_in_spec,13,138,621,465.15,True,100,"4,7-Dimethyloctan-4-ol"
prob_in_spec,13,139,556,472.15,True,101,3-Ethyloctan-3-ol
prob_in_spec,13,140,853,484.15,False,101,"2,2-Dimethyl-1-octanol"
prob_in_spec,13,141,8,467.85,True,102,1-Octanol
prob_in_spec,13,142,1070,448.15,False,102,2-Octen-4-ol
prob_in_spec,13,143,276,447.15,False,102,1-Decyne
prob_in_spec,13,144,560,457.75,True,103,2-Decyne
prob_in_spec,13,145,348,437.4,False,103,4-Decyne
prob_in_spec,13,146,239,466.65,True,104,2-Nonanol
prob_in_spec,13,147,1194,462.15,True,105,4-Isopropyl-4-heptanol
prob_in_spec,13,148,1232,467.8,True,106,"3,4,5,5-Tetramethylhexan-3-ol"
prob_in_spec,13,149,1249,460.65,True,107,"2,2,4,4-Tetramethyl-3-hexanol"
prob_in_spec,13,150,1133,464.89743,True,108,"2,2,3,4-Tetramethylhexan-3-ol"
qlogei_target,13,1,1074,460.26,True,1,"Hepta-2,4-dien-1-ol"
qlogei_target,13,2,1011,612.15,False,1,Oleylamine
qlogei_target,13,3,1019,369.15,False,1,trans-3-Heptene
qlogei_target,13,4,1064,338.15,False,1,"1,4-Hexadiene"
qlogei_target,13,5,1112,470.15,True,2,"5,5-Dimethyldecane"
qlogei_target,13,6,1175,443.15,False,2,"2,5-Dimethyl-3-isopropylhexane"
qlogei_target,13,7,96,430.05,False,2,1-Hexanol
qlogei_target,13,8,86,502.65,False,2,"1,4-Butanediol"
qlogei_target,13,9,211,422.65,False,2,4-Methylhexan-3-ol
qlogei_target,13,10,326,609.15,False,2,Heptadecylamine
qlogei_target,13,11,1154,459.4,True,3,"2,4,5,7-Tetramethyloctane"
qlogei_target,13,12,916,472.15,True,4,"3,6-Dimethyl-3-ethyl-octane"
qlogei_target,13,13,1141,458.15,True,5,4-Tert-butyl-2-methylheptane
qlogei_target,13,14,1221,463.15,True,6,"2,6,6-Trimethylnonane"
qlogei_target,13,15,935,469.15,True,7,"3-Ethyl-2,7-dimethyloctane"
qlogei_target,13,16,1160,460.15,True,8,"4-Ethyl-2,2-dimethyloctane"
qlogei_target,13,17,1223,463.15,True,9,"2,5,5-Trimethylnonane"
qlogei_target,13,18,419,462.35,True,10,2-Methyldecane
qlogei_target,13,19,1214,450.15,False,10,"3,3,6-Trimethyloctane"
qlogei_target,13,20,499,473.15,False,10,"2,2,3-Trimethylnonane"
qlogei_target,13,21,1218,462.15,True,11,"2,4-Dimethyl-4-propylheptane"
qlogei_target,13,22,360,461.15,True,12,4-Methyldecane
qlogei_target,13,23,1150,463.0,True,13,"2,5,8-Trimethylnonane"
qlogei_target,13,24,1105,468.15,True,14,"2,3,4,5,6-Pentamethylheptane"
qlogei_target,13,25,1187,464.15,True,15,4-Tert-butyloctane
qlogei_target,13,26,1030,429.46,False,15,"3,5-Hexadien-2-ol"
qlogei_target,13,27,830,472.15,True,16,4-Ethyl-5-methylnonane
qlogei_target,13,28,573,381.2,False,16,Diethyl(1-propynyl)amine
qlogei_target,13,29,172,364.15,False,16,3-Methylhexane
qlogei_target,13,30,570,422.7,False,16,"2,4,4-Trimethylheptane"
qlogei_target,13,31,610,427.15,False,16,5-Methyl-3-heptanol
qlogei_target,13,32,890,442.66,False,16,"3-Ethyl-2,2,3-trimethylpentane"
qlogei_target,13,33,961,340.82,False,16,trans-3-Methyl-2-pentene
qlogei_target,13,34,690,433.15,False,16,3-Ethyl-2-methyl-3-pentanol
qlogei_target,13,35,451,407.15,False,16,"3-Ethyl-2,2-dimethylpentane"
qlogei_target,13,36,354,432.15,False,16,3-Methoxy-1-butanol
qlogei_target,13,37,319,446.15,False,16,"3,6-Dimethyl-3-heptanol"
qlogei_target,13,38,1183,457.0,True,17,"2,4,4,7-Tetramethyloctane"
qlogei_target,13,39,48,721.15,False,17,Tridodecylamine
qlogei_target,13,40,216,391.65,False,17,3-Ethylhexane
qlogei_target,13,41,932,461.15,True,18,3-Ethylnonane
qlogei_target,13,42,1124,790.15,False,18,1-Nonatriacontene
qlogei_target,13,43,290,419.35,False,18,"3,3-Diethylpentane"
qlogei_target,13,44,795,462.9,True,19,"3,3,6,6-Tetramethyloctane"
qlogei_target,13,45,500,506.02,False,19,"3,6-Nonadien-1-ol"
qlogei_target,13,46,658,454.65,True,20,2-Methyl-3-octanol
qlogei_target,13,47,853,484.15,False,20,"2,2-Dimethyl-1-octanol"
qlogei_target,13,48,843,501.15,False,20,"2,3-Dimethylundecane"
qlogei_target,13,49,80,388.65,False,20,N-Methylethylenediamine
qlogei_target,13,50,206,309.65,False,20,"N,N-Dimethylethylamine"
qlogei_target,13,51,1164,464.15,True,21,"2,2,4-Trimethylnonane"
qlogei_target,13,52,504,416.25,False,21,3-Ethylheptane
qlogei_target,13,53,661,478.65,False,21,"3,3-Dimethyl-1,2-butanediol"
qlogei_target,13,54,635,459.15,True,22,5-Methyldecane
qlogei_target,13,55,894,409.0,False,22,"2,6-Dimethyl-2-heptene"
qlogei_target,13,56,825,463.85,True,23,2-Methyl-1-decene
qlogei_target,13,57,811,451.05,False,23,"3-Ethyl-2,4-dimethylpentan-3-ol"
qlogei_target,13,58,917,473.15,False,23,3-Methyl-7-ethyl-nonane
qlogei_target,13,59,1184,453.15,True,24,3-Ethyl-5-methyloctane
qlogei_target,13,60,553,507.15,False,24,"N,N-Dimethyldecylamine"
qlogei_target,13,61,21,266.75,False,24,Methylamine
qlogei_target,13,62,975,481.65,False,24,4-Methyl-2-propylhexan-1-ol
qlogei_target,13,63,924,471.15,True,25,"4,6-Dimethyldecane"
qlogei_target,13,64,542,364.98821,False,25,"5-Methyl-1,4-hexadiene"
qlogei_target,13,65,1222,457.75,True,26,"2,6-Dimethyl-4-propylheptane"
qlogei_target,13,66,36,380.99,False,26,Isobutanol
qlogei_target,13,67,601,436.15,False,26,4-Ethyloctane
qlogei_target,13,68,529,465.15,True,27,"N,N,N',N'-Tetraethylethylenediamine"
qlogei_target,13,69,1158,472.15,True,28,"4,4-Dimethyldecane"
qlogei_target,13,70,559,469.15,True,29,1-Undecyne
qlogei_target,13,71,696,455.44,True,30,Undec-4-ene
qlogei_target,13,72,70,369.15,False,30,Isoamylamine
qlogei_target,13,73,735,439.15,False,30,"2,2,4,4-Tetramethylpentan-3-ol"
qlogei_target,13,74,938,447.15,False,30,"2,2,3,5-Tetramethylheptane"
qlogei_target,13,75,329,406.65,False,30,4-Octyne
qlogei_target,13,76,400,459.15,True,31,6-Methylhept-5-en-2-ol
qlogei_target,13,77,1172,454.15,True,32,"3,3,4,5-Tetramethylheptane"
qlogei_target,13,78,783,511.15,False,32,3-Tridecyne
qlogei_target,13,79,381,390.25,False,32,"1,7-Octadiene"
qlogei_target,13,80,373,346.15,False,32,"2-Ethyl-1,3-butadiene"
qlogei_target,13,81,627,465.15,True,33,3-Methyldecane
qlogei_target,13,82,4,398.77,False,33,Octane
qlogei_target,13,83,101,394.45,False,33,1-Octene
qlogei_target,13,84,2,390.75,False,33,1-Butanol
qlogei_target,13,85,707,380.35,False,33,"4,4-Dimethyl-1-hexene"
qlogei_target,13,86,684,327.66,False,33,Ethynol
qlogei_target,13,87,177,448.15,False,33,4-Octanol
qlogei_target,13,88,364,471.15,True,34,"1,1,4,7,7-Pentamethyldiethylenetriamine"
qlogei_target,13,89,712,471.09534,True,35,5-Undecyne
qlogei_target,13,90,92,412.75,False,35,Diisobutylamine
qlogei_target,13,91,1021,466.15,True,36,(E)-4-Undecene
qlogei_target,13,92,160,328.74,False,36,"2,3-Dimethyl-1-butene"
qlogei_target,13,93,485,384.75,False,36,"2,5-Dimethyl-1-hexene"
qlogei_target,13,94,757,432.32,False,36,2-Methyl-3-ethyl-2-heptene
qlogei_target,13,95,263,724.15,False,36,Triacontane
qlogei_target,13,96,1236,466.15,True,37,"2,2,3,3,6-Pentamethylheptane"
qlogei_target,13,97,701,330.02093,False,37,3-Methyl-1-pentyne
qlogei_target,13,98,1225,447.15,False,37,2-Methyl-4-propylheptane
qlogei_target,13,99,1201,391.15,False,37,"N,N,2-Trimethylbutan-2-amine"
qlogei_target,13,100,342,414.15,False,37,4-Ethylheptane
qlogei_target,13,101,1194,462.15,True,38,4-Isopropyl-4-heptanol
qlogei_target,13,102,447,400.15,False,38,"2,2,4-Trimethylhexane"
qlogei_target,13,103,1148,429.73095,False,38,"2,2,3-Trimethylbutan-1-ol"
qlogei_target,13,104,291,396.15,False,38,"3-Ethyl-2,4-dimethylpentane"
qlogei_target,13,105,777,436.15,False,38,"2,2,6,6-Tetramethylheptane"
qlogei_target,13,106,1203,460.15,True,39,"2,3,3,4,4-Pentamethylhexane"
qlogei_target,13,107,646,443.15,False,39,"2,2,3-Trimethylhexan-3-ol"
qlogei_target,13,108,460,474.15,False,39,"2,2-Dimethyldecane"
qlogei_target,13,109,74,405.15,False,39,4-Methyl-2-pentanol
qlogei_target,13,110,845,443.15834,False,39,"2,2,4-Trimethyloctane"
qlogei_target,13,111,133,503.25,False,39,"2,2,4-Trimethyl-1,3-pentanediol"
qlogei_target,13,112,515,315.0,False,39,"1,3-Pentadiene"
qlogei_target,13,113,25,261.45,False,39,Isobutane
qlogei_target,13,114,1057,394.15,False,39,3-Methyl-3-heptene
qlogei_target,13,115,130,509.15,False,39,Dihexylamine
qlogei_target,13,116,734,462.0,True,40,"1,10-Undecadiene"
qlogei_target,13,117,229,491.15,False,40,"2,4-Pentanediol"
qlogei_target,13,118,820,439.45,False,40,"3,3-Diethylhexane"
qlogei_target,13,119,1155,553.15,False,40,2-Pentadecyne
qlogei_target,13,120,842,478.15,False,40,"3,8-Dimethyldecane"
qlogei_target,13,121,100,431.65,False,40,2-Allyloxyethanol
qlogei_target,13,122,523,459.00627,True,41,"2,2,7,7-Tetramethyloctane"
qlogei_target,13,123,187,382.25,False,41,"2,5-Dimethylhexane"
qlogei_target,13,124,522,435.15,False,41,3-Hexyn-1-ol
qlogei_target,13,125,992,349.89151,False,41,"cis-4,4-Dimethyl-2-pentene"
qlogei_target,13,126,587,357.15,False,41,Tris(2-methylallyl)amine
qlogei_target,13,127,246,558.15,False,41,1-Hexadecene
qlogei_target,13,128,766,346.15,False,41,4-Methyl-2-pentyne
qlogei_target,13,129,1133,464.89743,True,42,"2,2,3,4-Tetramethylhexan-3-ol"
qlogei_target,13,130,316,502.65,False,42,2-Methyldodecane
qlogei_target,13,131,699,465.45,True,43,5-Undecene
qlogei_target,13,132,944,434.17,False,43,"2,2-Dimethyl-3-octyne"
qlogei_target,13,133,629,413.35,False,43,"2,2,3,3-Tetramethylpentane"
qlogei_target,13,134,1178,452.15,False,43,"2,3,4-Trimethylhexan-3-ol"
qlogei_target,13,135,309,504.15,False,43,2-(2-Ethylhexyloxy)ethanol
qlogei_target,13,136,278,465.85,True,44,1-Undecene
qlogei_target,13,137,98,433.69704,False,44,3-Ethoxy-1-propanol
qlogei_target,13,138,76,414.75,False,44,2-Isopropoxyethanol
qlogei_target,13,139,556,472.15,True,45,3-Ethyloctan-3-ol
qlogei_target,13,140,543,413.65,False,45,Cis-3-Penten-1-ol
qlogei_target,13,141,1136,464.15,True,46,"4-Ethyl-2,4-dimethyloctane"
qlogei_target,13,142,742,392.86269,False,46,"2,3-Diethyl-1,3-butadiene"
qlogei_target,13,143,1159,478.0,False,46,"3,3-Diethyloctane"
qlogei_target,13,144,908,620.44,False,46,5-Octadecyne
qlogei_target,13,145,786,479.15,False,46,2-Undecyne
qlogei_target,13,146,1206,462.15,True,47,"3,3-Diethyl-2,4-dimethylpentane"
qlogei_target,13,147,974,447.15,False,47,(S)-1-Octen-3-ol
qlogei_target,13,148,305,406.15,False,47,"2,2,3,4-Tetramethylpentane"
qlogei_target,13,149,14,390.05,False,47,Ethylenediamine
qlogei_target,13,150,1176,449.15,False,47,"3-Ethyl-2,2-dimethylheptane"
random,14,1,434,445.35,False,0,3-Methyl-1-hexanol
random,14,2,812,357.15,False,0,Propargylamine
random,14,3,802,426.15,False,0,"3,4-Dimethylpentan-2-ol"
random,14,4,422,395.15,False,0,"2,3-Dimethyl-2-hexene"
random,14,5,449,403.75,False,0,"2,4,4-Trimethylhexane"
random,14,6,1074,460.26,True,1,"Hepta-2,4-dien-1-ol"
random,14,7,876,433.2,False,1,"2,3,3-Trimethylheptane"
random,14,8,186,299.05,False,1,"1,4-Pentadiene"
random,14,9,110,502.15,False,1,1-Decanol
random,14,10,1032,397.65,False,1,"2,6-Octadiene"
random,14,11,111,489.45,False,1,Dodecane
random,14,12,187,382.25,False,1,"2,5-Dimethylhexane"
random,14,13,816,343.15,False,1,"3,3-Dimethyl-1-pentyne"
random,14,14,1037,478.32,False,1,4-Dodecene
random,14,15,452,415.15,False,1,"3-Ethyl-2,3-dimethylpentane"
random,14,16,229,491.15,False,1,"2,4-Pentanediol"
random,14,17,954,382.65,False,1,(R)-(+)-3-Butyn-2-ol
random,14,18,90,407.85,False,1,2-Ethoxyethanol
random,14,19,684,327.66,False,1,Ethynol
random,14,20,798,331.73,False,1,trans-4-Methyl-2-pentene
random,14,21,933,460.94,True,2,2-Heptyn-1-ol
random,14,22,1083,440.64,False,2,"(E,Z)-2,6-Dimethylocta-2,4,6-triene"
random,14,23,713,419.6563,False,2,"2,4,6-Trimethylheptane"
random,14,24,1138,463.15,True,3,"4-Ethyl-2,6-dimethyloctane"
random,14,25,995,309.45,False,3,trans-2-Pentene
random,14,26,1046,418.15,False,3,cis-4-Nonene
random,14,27,1017,387.13,False,3,(E)-2-Methylhept-3-ene
random,14,28,498,412.15,False,3,5-Hexen-2-OL
random,14,29,631,427.15,False,3,"2,4-Dimethyloctane"
random,14,30,916,472.15,True,4,"3,6-Dimethyl-3-ethyl-octane"
random,14,31,1076,456.28,True,5,"1,3,5-Undecatriene"
random,14,32,370,664.0,False,5,1-Tricosanol
random,14,33,694,499.15,False,5,2-Dodecyne
random,14,34,1213,451.15,False,5,"4-Ethyl-2,2,4-trimethylhexane"
random,14,35,972,449.65,False,5,(S)-(+)-2-Octanol
random,14,36,249,576.15,False,5,Heptadecane
random,14,37,523,459.00627,True,6,"2,2,7,7-Tetramethyloctane"
random,14,38,538,586.15,False,6,1-Octadecyne
random,14,39,681,112.15,False,6,(2H4)Methane
random,14,40,832,474.15,False,6,"5,6-Dimethyldecane"
random,14,41,1090,412.15,False,6,2-Methyloct-4-ene
random,14,42,63,320.36,False,6,Propylamine
random,14,43,403,398.15,False,6,4-Methyl-1-penten-3-OL
random,14,44,196,589.15,False,6,Octadecane
random,14,45,31,402.15,False,6,3-Methyl-3-pentanol
random,14,46,1002,361.15,False,6,(E)-2-Methyl-3-hexene
random,14,47,1221,463.15,True,7,"2,6,6-Trimethylnonane"
random,14,48,936,451.15,False,7,"2,5,6-Trimethyloctane"
random,14,49,1178,452.15,False,7,"2,3,4-Trimethylhexan-3-ol"
random,14,50,948,340.21,False,7,trans-3-Hexene
random,14,51,205,370.15,False,7,3-Buten-2-OL
random,14,52,746,418.0,False,7,2-Methyl-2-octene
random,14,53,678,575.34,False,7,9-Dodecyn-1-ol
random,14,54,937,447.15,False,7,"2,4,6-Trimethyloctane"
random,14,55,134,283.15,False,7,"1,3-Butadiyne"
random,14,56,230,424.15,False,7,4-Methyl-1-pentanol
random,14,57,999,607.14,False,7,"2,6-Dimethyl-3,7-octadiene-2,6-diol"
random,14,58,211,422.65,False,7,4-Methylhexan-3-ol
random,14,59,1089,501.2,False,7,trans-4-Tridecene
random,14,60,239,466.65,True,8,2-Nonanol
random,14,61,348,437.4,False,8,4-Decyne
random,14,62,958,426.0,False,8,(S)-(+)-3-Methyl-1-pentanol
random,14,63,160,328.74,False,8,"2,3-Dimethyl-1-butene"
random,14,64,927,674.15,False,8,1-Pentacosene
random,14,65,811,451.05,False,8,"3-Ethyl-2,4-dimethylpentan-3-ol"
random,14,66,744,385.15,False,8,"3,4-Dimethyl-1-hexene"
random,14,67,534,385.15,False,8,3-Buten-1-ol
random,14,68,1056,616.26,False,8,(Z)-9-Tetradecen-1-ol
random,14,69,1242,442.15,False,8,"2,2,5,6-Tetramethylheptane"
random,14,70,113,519.15,False,8,1-Undecanol
random,14,71,91,417.15,False,8,"N,N,N',N'-Tetramethyl-1,3-propanediamine"
random,14,72,1094,479.64,False,8,"Butene-1,4-diol"
random,14,73,1179,454.15,True,9,"2,3,3,4,5-Pentamethylhexane"
random,14,74,455,488.15,False,9,"2,5-Dimethylundecane"
random,14,75,977,395.15,False,9,(3-Methylpentyl)amine
random,14,76,1183,457.0,True,10,"2,4,4,7-Tetramethyloctane"
random,14,77,1239,449.15,False,10,"2,2,3,4-Tetramethylheptane"
random,14,78,577,326.45,False,10,N-Methylisopropylamine
random,14,79,399,521.55,False,10,"3-Methyl-1,5-pentanediol"
random,14,80,1064,338.15,False,10,"1,4-Hexadiene"
random,14,81,1119,458.15,True,11,"3,4-Dimethylnonane"
random,14,82,18,410.75,False,11,1-Pentanol
random,14,83,563,351.65,False,11,n-Methyloctan-1-amine
random,14,84,177,448.15,False,11,4-Octanol
random,14,85,53,405.65,False,11,"1,3-Dimethylpentylamine"
random,14,86,240,399.35,False,11,1-Octyne
random,14,87,190,332.35,False,11,"1,5-Hexadiene"
random,14,88,830,472.15,True,12,4-Ethyl-5-methylnonane
random,14,89,994,310.05,False,12,cis-2-PENTENE
random,14,90,741,435.76386,False,12,"4,5-Dimethyloctane"
random,14,91,183,394.15,False,12,2-Methylpentan-2-ol
random,14,92,5,280.45,False,12,Dimethylamine
random,14,93,1143,442.15,False,12,"2,2,4,5-Tetramethylheptane"
random,14,94,438,451.15,False,12,"2,2,4,6,6-Pentamethylheptane"
random,14,95,1220,463.15,True,13,"2,5-Dimethyl-4-propylheptane"
random,14,96,562,603.15,False,13,Triheptylamine
random,14,97,695,536.15,False,13,2-Tetradecyne
random,14,98,467,448.15,False,13,"2,6-Dimethyl-3-heptanol"
random,14,99,707,380.35,False,13,"4,4-Dimethyl-1-hexene"
random,14,100,1139,451.15,False,13,4-Isopropyloctane
random,14,101,299,652.15,False,13,Trioctylamine
random,14,102,388,357.15,False,13,3-Ethyl-1-pentene
random,14,103,289,391.35,False,13,3-Ethyl-3-methylpentane
random,14,104,580,423.15,False,13,4-Pentyn-1-ol
random,14,105,888,428.93767,False,13,"2,3,4,5-Tetramethylhexane"
random,14,106,1206,462.15,True,14,"3,3-Diethyl-2,4-dimethylpentane"
random,14,107,997,460.44,True,15,"(E,E,Z)-Undeca-1,3,5,8-tetraene"
random,14,108,891,428.45,False,15,"3-Ethyl-2,2,4-trimethylpentane"
random,14,109,286,365.35,False,15,"N,N-Dimethylbutylamine"
random,14,110,953,694.45,False,15,Squalene
random,14,111,408,445.15,False,15,1-Butoxy-2-propanol
random,14,112,250,603.15,False,15,Nonadecane
random,14,113,277,368.15,False,15,3-Ethyl-2-pentene
random,14,114,28,385.15,False,15,Neopentyl alcohol
random,14,115,437,433.15,False,15,"2,2,3,3-Tetramethylhexane"
random,14,116,231,409.15,False,15,2-Hexanol
random,14,117,204,313.95,False,15,"3-Methyl-1,2-butadiene"
random,14,118,783,511.15,False,15,3-Tridecyne
random,14,119,203,439.15,False,15,3-Methyl-3-heptanol
random,14,120,355,585.15,False,15,Pentadecylamine
random,14,121,306,426.15,False,15,"2,5,5-Trimethylheptane"
random,14,122,537,418.15,False,15,"1,8-Octanediol"
random,14,123,595,594.15,False,15,N-Methylhexadecylamine
random,14,124,94,693.15,False,15,Squalane
random,14,125,682,810.15,False,15,Dotetracontane
random,14,126,1234,453.15,True,16,"4,4,5-Trimethyloctane"
random,14,127,465,684.15,False,16,1-Hexacosene
random,14,128,340,354.75,False,16,"2,4-Dimethyl-1-pentene"
random,14,129,787,473.15,False,16,3-Undecyne
random,14,130,92,412.75,False,16,Diisobutylamine
random,14,131,1028,383.48,False,16,"1,6-Octadiene"
random,14,132,398,409.15,False,16,Diethylbutylamine
random,14,133,246,558.15,False,16,1-Hexadecene
random,14,134,497,445.15,False,16,5-Methyl-2-heptanol
random,14,135,829,490.15,False,16,3-Decanol
random,14,136,620,369.35,False,16,N-Isopropylpropylamine
random,14,137,1191,448.15,False,16,"2,3,3,6-Tetramethylheptane"
random,14,138,1189,446.7,False,16,"2,3,4,6-Tetramethylheptane"
random,14,139,123,394.15,False,16,"N,N-Diisopropylethylenediamine"
random,14,140,14,390.05,False,16,Ethylenediamine
random,14,141,1180,444.15,False,16,"2,2,5-Trimethyloctane"
random,14,142,206,309.65,False,16,"N,N-Dimethylethylamine"
random,14,143,752,432.32942,False,16,2-Nonyne
random,14,144,552,339.15,False,16,"N,N-Dimethylisopropylamine"
random,14,145,21,266.75,False,16,Methylamine
random,14,146,95,405.15,False,16,Hexylamine
random,14,147,558,494.15,False,16,"2-Methyl-1,3-propanediol"
random,14,148,941,383.65,False,16,"N,N-Diisopropylmethylamine"
random,14,149,758,387.9,False,16,2-Methyl-3-ethyl-2-pentene
random,14,150,73,381.95884,False,16,"1,3-Dimethylbutylamine"
mw_heuristic,14,1,434,445.35,False,0,3-Methyl-1-hexanol
mw_heuristic,14,2,812,357.15,False,0,Propargylamine
mw_heuristic,14,3,802,426.15,False,0,"3,4-Dimethylpentan-2-ol"
mw_heuristic,14,4,422,395.15,False,0,"2,3-Dimethyl-2-hexene"
mw_heuristic,14,5,449,403.75,False,0,"2,4,4-Trimethylhexane"
mw_heuristic,14,6,1074,460.26,True,1,"Hepta-2,4-dien-1-ol"
mw_heuristic,14,7,876,433.2,False,1,"2,3,3-Trimethylheptane"
mw_heuristic,14,8,186,299.05,False,1,"1,4-Pentadiene"
mw_heuristic,14,9,110,502.15,False,1,1-Decanol
mw_heuristic,14,10,1032,397.65,False,1,"2,6-Octadiene"
mw_heuristic,14,11,967,502.15,False,1,Nerol
mw_heuristic,14,12,278,465.85,True,2,1-Undecene
mw_heuristic,14,13,696,455.44,True,3,Undec-4-ene
mw_heuristic,14,14,699,465.45,True,4,5-Undecene
mw_heuristic,14,15,825,463.85,True,5,2-Methyl-1-decene
mw_heuristic,14,16,1076,456.28,True,6,"1,3,5-Undecatriene"
mw_heuristic,14,17,997,460.44,True,7,"(E,E,Z)-Undeca-1,3,5,8-tetraene"
mw_heuristic,14,18,39,653.15,False,7,Xylitol
mw_heuristic,14,19,668,514.75,False,7,"3,7-Dimethylocta-1,5,7-trien-3-ol"
mw_heuristic,14,20,1072,514.75,False,7,Hotrienol
mw_heuristic,14,21,58,443.15,False,7,"1,2,6-Hexanetriol"
mw_heuristic,14,22,93,506.15,False,7,"1,1'-Oxydi-2-propanol"
mw_heuristic,14,23,217,440.15,False,7,"2,2-Diethoxyethanol"
mw_heuristic,14,24,122,631.0,False,7,Pentaerythritol
mw_heuristic,14,25,471,444.15,False,7,Myrcene
mw_heuristic,14,26,8,467.85,True,8,1-Octanol
mw_heuristic,14,27,51,459.35,True,9,2-Ethylhexan-1-ol
mw_heuristic,14,28,91,417.15,False,9,"N,N,N',N'-Tetramethyl-1,3-propanediamine"
mw_heuristic,14,29,177,448.15,False,9,4-Octanol
mw_heuristic,14,30,180,457.15,True,10,3-Octanol
mw_heuristic,14,31,121,517.15,False,10,"2,2-Diethyl-1,3-propanediol"
mw_heuristic,14,32,242,535.15,False,10,"1,7-Heptanediol"
mw_heuristic,14,33,408,445.15,False,10,1-Butoxy-2-propanol
mw_heuristic,14,34,526,507.15,False,10,"2-Methyl-2-propylpropane-1,3-diol"
mw_heuristic,14,35,569,363.15,False,10,"1,2-Heptanediol"
mw_heuristic,14,36,203,439.15,False,10,3-Methyl-3-heptanol
mw_heuristic,14,37,226,446.15,False,10,2-Methyl-2-heptanol
mw_heuristic,14,38,347,445.56825,False,10,"2,2-Dimethyl-1-hexanol"
mw_heuristic,14,39,382,427.65,False,10,"2,5-Dimethyl-2-hexanol"
mw_heuristic,14,40,394,451.65,False,10,2-Octanol
mw_heuristic,14,41,628,417.15,False,10,1-Tert-butoxy-2-propanol
mw_heuristic,14,42,903,458.15,True,11,2-(Pentyloxy)ethanol
mw_heuristic,14,43,426,426.41115,False,11,"3,4,4-Trimethyl-3-pentanol"
mw_heuristic,14,44,442,430.15,False,11,4-Methyl-3-heptanol
mw_heuristic,14,45,472,438.76616,False,11,"2,2,4-Trimethyl-1-pentanol"
mw_heuristic,14,46,1081,461.15,True,12,"2,6-Dimethyl-2,4,6-octatriene"
mw_heuristic,14,47,1083,440.64,False,12,"(E,Z)-2,6-Dimethylocta-2,4,6-triene"
mw_heuristic,14,48,46,423.15,False,12,Triallylamine
mw_heuristic,14,49,276,447.15,False,12,1-Decyne
mw_heuristic,14,50,322,437.15,False,12,"1,9-Decadiene"
mw_heuristic,14,51,330,451.15,False,12,5-Decyne
mw_heuristic,14,52,348,437.4,False,12,4-Decyne
mw_heuristic,14,53,352,439.15,False,12,Dihydromyrcene
mw_heuristic,14,54,560,457.75,True,13,2-Decyne
mw_heuristic,14,55,748,430.94,False,13,Di-t-butylacetylene
mw_heuristic,14,56,834,439.88857,False,13,"2,7-Dimethyl-2,6-octadiene"
mw_heuristic,14,57,944,434.17,False,13,"2,2-Dimethyl-3-octyne"
mw_heuristic,14,58,1000,441.15,False,13,"cis-2,6-Dimethyl-2,6-octadiene"
mw_heuristic,14,59,1142,436.96,False,13,8-Methylnon-4-yne
mw_heuristic,14,60,500,506.02,False,13,"3,6-Nonadien-1-ol"
mw_heuristic,14,61,683,376.4,False,13,Non-3-yn-1-ol
mw_heuristic,14,62,280,444.15,False,13,1-Decene
mw_heuristic,14,63,391,436.15,False,13,"2,6-Dimethyl-2-octene"
mw_heuristic,14,64,428,442.75,False,13,5-Decene
mw_heuristic,14,65,482,446.55,False,13,trans-2-Decene
mw_heuristic,14,66,126,479.15,False,13,"2,5-Dimethyl-3-hexyne-2,5-diol"
mw_heuristic,14,67,625,466.65,True,14,1-Nonen-3-ol
mw_heuristic,14,68,279,440.15,False,14,2-Methylnonane
mw_heuristic,14,69,295,410.15,False,14,"2,2,5,5-Tetramethylhexane"
mw_heuristic,14,70,297,433.15,False,14,"2,7-Dimethyloctane"
mw_heuristic,14,71,45,426.15,False,14,Tripropylamine
mw_heuristic,14,72,331,471.15,True,15,Nonylamine
mw_heuristic,14,73,334,445.15,False,15,"N,N-Dimethylheptylamine"
mw_heuristic,14,74,376,432.15,False,15,N-Methyldibutylamine
mw_heuristic,14,75,563,351.65,False,15,n-Methyloctan-1-amine
mw_heuristic,14,76,83,506.15,False,15,"2,5-Dimethyl-2,5-hexanediol"
mw_heuristic,14,77,109,481.15,False,15,2-(Hexyloxy)ethanol
mw_heuristic,14,78,133,503.25,False,15,"2,2,4-Trimethyl-1,3-pentanediol"
mw_heuristic,14,79,537,418.15,False,15,"1,8-Octanediol"
mw_heuristic,14,80,572,370.65,False,15,Tris(2-aminoethyl)amine
mw_heuristic,14,81,54,505.15,False,15,"N,N-Bis(3-aminopropyl)methylamine"
mw_heuristic,14,82,42,438.2,False,15,"N,N,N',N'-Tetramethyl-1,3-butanediamine"
mw_heuristic,14,83,123,394.15,False,15,"N,N-Diisopropylethylenediamine"
mw_heuristic,14,84,518,327.65,False,15,"N,N,N'-Triethylethylenediamine"
mw_heuristic,14,85,520,441.15,False,15,"N,N,N',N'-Tetramethyl-1,4-butanediamine"
mw_heuristic,14,86,559,469.15,True,16,1-Undecyne
mw_heuristic,14,87,712,471.09534,True,17,5-Undecyne
mw_heuristic,14,88,734,462.0,True,18,"1,10-Undecadiene"
mw_heuristic,14,89,786,479.15,False,18,2-Undecyne
mw_heuristic,14,90,787,473.15,False,18,3-Undecyne
mw_heuristic,14,91,788,471.65,True,19,4-Undecyne
mw_heuristic,14,92,1216,457.05,True,20,"3,3-Dimethylnon-4-yne"
mw_heuristic,14,93,221,467.9,True,21,3-Nonanol
mw_heuristic,14,94,239,466.65,True,22,2-Nonanol
mw_heuristic,14,95,319,446.15,False,22,"3,6-Dimethyl-3-heptanol"
mw_heuristic,14,96,351,479.15,False,22,Isononyl alcohol
mw_heuristic,14,97,379,466.15,True,23,"3,5,5-Trimethyl-1-hexanol"
mw_heuristic,14,98,409,462.15,True,24,3-Methyl-3-octanol
mw_heuristic,14,99,412,465.65,True,25,4-Nonanol
mw_heuristic,14,100,467,448.15,False,25,"2,6-Dimethyl-3-heptanol"
mw_heuristic,14,101,468,452.15,False,25,"3,5-Dimethyl-4-heptanol"
mw_heuristic,14,102,533,452.15,False,25,4-Ethyl-4-heptanol
mw_heuristic,14,103,594,443.15,False,25,"2,6-Dimethyl-2-heptanol"
mw_heuristic,14,104,646,443.15,False,25,"2,2,3-Trimethylhexan-3-ol"
mw_heuristic,14,105,658,454.65,True,26,2-Methyl-3-octanol
mw_heuristic,14,106,669,465.4,True,27,4-Methyl-2-propylpentan-1-ol
mw_heuristic,14,107,735,439.15,False,27,"2,2,4,4-Tetramethylpentan-3-ol"
mw_heuristic,14,108,769,453.22759,True,28,4-Methyl-4-octanol
mw_heuristic,14,109,811,451.05,False,28,"3-Ethyl-2,4-dimethylpentan-3-ol"
mw_heuristic,14,110,864,479.15,False,28,6-Methyloctan-1-ol
mw_heuristic,14,111,905,438.65,False,28,"3,4,4-Trimethylhexan-3-ol"
mw_heuristic,14,112,906,444.86543,False,28,"2,4,4-Trimethyl-3-hexanol"
mw_heuristic,14,113,978,447.15,False,28,"3-Ethyl-2,2-dimethyl-3-pentanol"
mw_heuristic,14,114,981,453.15,True,29,3-Methyl-4-octanol
mw_heuristic,14,115,1108,447.15,False,29,"2,2-Dimethyl-4-heptanol"
mw_heuristic,14,116,1021,466.15,True,30,(E)-4-Undecene
mw_heuristic,14,117,1178,452.15,False,30,"2,3,4-Trimethylhexan-3-ol"
mw_heuristic,14,118,1211,468.15,True,31,2-Ethyl-4-methylhexan-1-ol
mw_heuristic,14,119,57,497.15,False,31,(-)-Citronellol
mw_heuristic,14,120,1001,524.74,False,31,(E)-3-Decenol
mw_heuristic,14,121,306,426.15,False,31,"2,5,5-Trimethylheptane"
mw_heuristic,14,122,325,447.25,False,31,Decane
mw_heuristic,14,123,337,431.15,False,31,"2,6-Dimethyloctane"
mw_heuristic,14,124,387,413.06493,False,31,"2,3,6-Trimethylheptane"
mw_heuristic,14,125,411,441.15,False,31,3-Methylnonane
mw_heuristic,14,126,1061,524.74,False,31,2-Decen-1-ol
mw_heuristic,14,127,1092,524.74,False,31,Dec-4-en-1-ol
mw_heuristic,14,128,302,469.05,True,32,Undecane
mw_heuristic,14,129,360,461.15,True,33,4-Methyldecane
mw_heuristic,14,130,419,462.35,True,34,2-Methyldecane
mw_heuristic,14,131,423,437.15,False,34,"2,3-Dimethyloctane"
mw_heuristic,14,132,424,430.15,False,34,"3,3,5-Trimethylheptane"
mw_heuristic,14,133,436,432.86,False,34,5-Ethyl-2-methylheptane
mw_heuristic,14,134,437,433.15,False,34,"2,2,3,3-Tetramethylhexane"
mw_heuristic,14,135,441,421.45,False,34,"2,2,4-Trimethylheptane"
mw_heuristic,14,136,457,452.15,False,34,"2,5-Dimethylnonane"
mw_heuristic,14,137,458,452.15,False,34,"2,6-Dimethylnonane"
mw_heuristic,14,138,459,457.15,True,35,"3,7-Dimethylnonane"
mw_heuristic,14,139,503,452.15,False,35,"2,3,7-Trimethyloctane"
mw_heuristic,14,140,606,455.15,True,36,"4,5-Dimethylnonane"
mw_heuristic,14,141,627,465.15,True,37,3-Methyldecane
mw_heuristic,14,142,635,459.15,True,38,5-Methyldecane
mw_heuristic,14,143,676,453.15,True,39,"2,3,6-Trimethyloctane"
mw_heuristic,14,144,777,436.15,False,39,"2,2,6,6-Tetramethylheptane"
mw_heuristic,14,145,791,449.15,False,39,"2,2,4,4,5-Pentamethylhexane"
mw_heuristic,14,146,793,439.15,False,39,"2,2,5,5-Tetramethylheptane"
mw_heuristic,14,147,794,453.15,True,40,"3,3,5,5-Tetramethylheptane"
mw_heuristic,14,148,803,452.15,False,40,"2,2,3-Trimethyloctane"
mw_heuristic,14,149,804,450.15,False,40,"2,3,5-Trimethyloctane"
mw_heuristic,14,150,845,443.15834,False,40,"2,2,4-Trimethyloctane"
greedy_gp,14,1,434,445.35,False,0,3-Methyl-1-hexanol
greedy_gp,14,2,812,357.15,False,0,Propargylamine
greedy_gp,14,3,802,426.15,False,0,"3,4-Dimethylpentan-2-ol"
greedy_gp,14,4,422,395.15,False,0,"2,3-Dimethyl-2-hexene"
greedy_gp,14,5,449,403.75,False,0,"2,4,4-Trimethylhexane"
greedy_gp,14,6,1074,460.26,True,1,"Hepta-2,4-dien-1-ol"
greedy_gp,14,7,876,433.2,False,1,"2,3,3-Trimethylheptane"
greedy_gp,14,8,186,299.05,False,1,"1,4-Pentadiene"
greedy_gp,14,9,110,502.15,False,1,1-Decanol
greedy_gp,14,10,1032,397.65,False,1,"2,6-Octadiene"
greedy_gp,14,11,1132,454.15,True,2,"4-Ethyl-3,5-dimethylheptane"
greedy_gp,14,12,1139,451.15,False,2,4-Isopropyloctane
greedy_gp,14,13,821,477.15,False,2,"2,9-Dimethyldecane"
greedy_gp,14,14,754,482.28,False,2,"2,9-Dimethyl-5-decyne"
greedy_gp,14,15,1221,463.15,True,3,"2,6,6-Trimethylnonane"
greedy_gp,14,16,1168,473.15,False,3,"3-Ethyl-3,4-dimethyloctane"
greedy_gp,14,17,932,461.15,True,4,3-Ethylnonane
greedy_gp,14,18,921,470.15,True,5,"3-Methyl, 3,5-diethyl, heptane"
greedy_gp,14,19,126,479.15,False,5,"2,5-Dimethyl-3-hexyne-2,5-diol"
greedy_gp,14,20,918,472.15,True,6,"3,4,5,6-Tetramethyloctane"
greedy_gp,14,21,50,445.15,False,6,2-Ethylhexylamine
greedy_gp,14,22,523,459.00627,True,7,"2,2,7,7-Tetramethyloctane"
greedy_gp,14,23,1174,455.9,True,8,"2,2,6,6-Tetramethyloctane"
greedy_gp,14,24,197,715.15,False,8,Heptacosane
greedy_gp,14,25,1241,457.15,True,9,"2,2,5,5-Tetramethyloctane"
greedy_gp,14,26,267,473.15,False,9,"2-Methyl-1,3-butanediol"
greedy_gp,14,27,42,438.2,False,9,"N,N,N',N'-Tetramethyl-1,3-butanediamine"
greedy_gp,14,28,1070,448.15,False,9,2-Octen-4-ol
greedy_gp,14,29,180,457.15,True,10,3-Octanol
greedy_gp,14,30,808,453.15,True,11,2-Methyl-1-heptanol
greedy_gp,14,31,1160,460.15,True,12,"4-Ethyl-2,2-dimethyloctane"
greedy_gp,14,32,1236,466.15,True,13,"2,2,3,3,6-Pentamethylheptane"
greedy_gp,14,33,491,456.1,True,14,Hept-2-en-1-ol
greedy_gp,14,34,990,442.65,False,14,3-Hepten-1-ol
greedy_gp,14,35,1223,463.15,True,15,"2,5,5-Trimethylnonane"
greedy_gp,14,36,14,390.05,False,15,Ethylenediamine
greedy_gp,14,37,650,484.15,False,15,Tetrahydrolavandulol
greedy_gp,14,38,1164,464.15,True,16,"2,2,4-Trimethylnonane"
greedy_gp,14,39,774,475.15,False,16,5-Methyl-5-nonanol
greedy_gp,14,40,90,407.85,False,16,2-Ethoxyethanol
greedy_gp,14,41,1076,456.28,True,17,"1,3,5-Undecatriene"
greedy_gp,14,42,997,460.44,True,18,"(E,E,Z)-Undeca-1,3,5,8-tetraene"
greedy_gp,14,43,1141,458.15,True,19,4-Tert-butyl-2-methylheptane
greedy_gp,14,44,811,451.05,False,19,"3-Ethyl-2,4-dimethylpentan-3-ol"
greedy_gp,14,45,1178,452.15,False,19,"2,3,4-Trimethylhexan-3-ol"
greedy_gp,14,46,278,465.85,True,20,1-Undecene
greedy_gp,14,47,30,447.15,False,20,Pinacol
greedy_gp,14,48,696,455.44,True,21,Undec-4-ene
greedy_gp,14,49,1021,466.15,True,22,(E)-4-Undecene
greedy_gp,14,50,699,465.45,True,23,5-Undecene
greedy_gp,14,51,1245,469.15,True,24,"2,4,4,5,5-Pentamethylheptane"
greedy_gp,14,52,813,481.15,False,24,"3-Methyl-1,3-butanediol"
greedy_gp,14,53,989,470.15,True,25,"(4R)-2-Methylpentane-2,4-diol"
greedy_gp,14,54,734,462.0,True,26,"1,10-Undecadiene"
greedy_gp,14,55,468,452.15,False,26,"3,5-Dimethyl-4-heptanol"
greedy_gp,14,56,133,503.25,False,26,"2,2,4-Trimethyl-1,3-pentanediol"
greedy_gp,14,57,1232,467.8,True,27,"3,4,5,5-Tetramethylhexan-3-ol"
greedy_gp,14,58,1249,460.65,True,28,"2,2,4,4-Tetramethyl-3-hexanol"
greedy_gp,14,59,981,453.15,True,29,3-Methyl-4-octanol
greedy_gp,14,60,526,507.15,False,29,"2-Methyl-2-propylpropane-1,3-diol"
greedy_gp,14,61,530,450.15,False,29,"2-Methylpropane-1,2-diol"
greedy_gp,14,62,1,455.15,True,30,"2,3-Butanediol"
greedy_gp,14,63,807,456.65,True,31,"meso-2,3-Butanediol"
greedy_gp,14,64,810,350.5,False,31,"(R,R)-2,3-butanediol"
greedy_gp,14,65,818,453.65,True,32,"(2S,3S)-butane-2,3-diol"
greedy_gp,14,66,467,448.15,False,32,"2,6-Dimethyl-3-heptanol"
greedy_gp,14,67,533,452.15,False,32,4-Ethyl-4-heptanol
greedy_gp,14,68,769,453.22759,True,33,4-Methyl-4-octanol
greedy_gp,14,69,409,462.15,True,34,3-Methyl-3-octanol
greedy_gp,14,70,765,483.82,False,34,2-Octyn-1-ol
greedy_gp,14,71,104,444.15,False,34,2-Butoxyethanol
greedy_gp,14,72,99,479.65,False,34,Diethylenetriamine
greedy_gp,14,73,1183,457.0,True,35,"2,4,4,7-Tetramethyloctane"
greedy_gp,14,74,149,460.15,True,36,Diisoamylamine
greedy_gp,14,75,920,483.15,False,36,"3,4-Dimethyl-3,4-diethyl-hexane"
greedy_gp,14,76,1133,464.89743,True,37,"2,2,3,4-Tetramethylhexan-3-ol"
greedy_gp,14,77,408,445.15,False,37,1-Butoxy-2-propanol
greedy_gp,14,78,795,462.9,True,38,"3,3,6,6-Tetramethyloctane"
greedy_gp,14,79,229,491.15,False,38,"2,4-Pentanediol"
greedy_gp,14,80,1102,491.15,False,38,"(R*,S*)-Pentane-2,4-diol"
greedy_gp,14,81,668,514.75,False,38,"3,7-Dimethylocta-1,5,7-trien-3-ol"
greedy_gp,14,82,1072,514.75,False,38,Hotrienol
greedy_gp,14,83,7,337.65,False,38,Methanol
greedy_gp,14,84,658,454.65,True,39,2-Methyl-3-octanol
greedy_gp,14,85,792,455.15,True,40,"2,4,6-Trimethyl-4-heptanol"
greedy_gp,14,86,276,447.15,False,40,1-Decyne
greedy_gp,14,87,1211,468.15,True,41,2-Ethyl-4-methylhexan-1-ol
greedy_gp,14,88,716,353.39,False,41,"1,3,5-Hexatriyne"
greedy_gp,14,89,1154,459.4,True,42,"2,4,5,7-Tetramethyloctane"
greedy_gp,14,90,1216,457.05,True,43,"3,3-Dimethylnon-4-yne"
greedy_gp,14,91,1199,468.15,True,44,"2,2,3,3,5,5-Hexamethylhexane"
greedy_gp,14,92,922,457.15,True,45,4-Ethylnonane
greedy_gp,14,93,419,462.35,True,46,2-Methyldecane
greedy_gp,14,94,499,473.15,False,46,"2,2,3-Trimethylnonane"
greedy_gp,14,95,1022,478.54,False,46,3-Octen-2-OL
greedy_gp,14,96,123,394.15,False,46,"N,N-Diisopropylethylenediamine"
greedy_gp,14,97,974,447.15,False,46,(S)-1-Octen-3-ol
greedy_gp,14,98,669,465.4,True,47,4-Methyl-2-propylpentan-1-ol
greedy_gp,14,99,635,459.15,True,48,5-Methyldecane
greedy_gp,14,100,360,461.15,True,49,4-Methyldecane
greedy_gp,14,101,903,458.15,True,50,2-(Pentyloxy)ethanol
greedy_gp,14,102,627,465.15,True,51,3-Methyldecane
greedy_gp,14,103,1240,459.15,True,52,"2,2,5,5,6-Pentamethylheptane"
greedy_gp,14,104,331,471.15,True,53,Nonylamine
greedy_gp,14,105,481,431.55,False,53,"4-Methylhepta-1,6-dien-4-ol"
greedy_gp,14,106,394,451.65,False,53,2-Octanol
greedy_gp,14,107,972,449.65,False,53,(S)-(+)-2-Octanol
greedy_gp,14,108,1136,464.15,True,54,"4-Ethyl-2,4-dimethyloctane"
greedy_gp,14,109,1187,464.15,True,55,4-Tert-butyloctane
greedy_gp,14,110,661,478.65,False,55,"3,3-Dimethyl-1,2-butanediol"
greedy_gp,14,111,8,467.85,True,56,1-Octanol
greedy_gp,14,112,597,370.15,False,56,3-Octyn-1-ol
greedy_gp,14,113,1218,462.15,True,57,"2,4-Dimethyl-4-propylheptane"
greedy_gp,14,114,916,472.15,True,58,"3,6-Dimethyl-3-ethyl-octane"
greedy_gp,14,115,1105,468.15,True,59,"2,3,4,5,6-Pentamethylheptane"
greedy_gp,14,116,1204,479.15,False,59,"3,3-Diethyl-2,2,4-trimethylpentane"
greedy_gp,14,117,799,404.15,False,59,"2-Butene-1,4-diol"
greedy_gp,14,118,966,508.15,False,59,"cis-2-Butene-1,4-Diol"
greedy_gp,14,119,217,440.15,False,59,"2,2-Diethoxyethanol"
greedy_gp,14,120,1094,479.64,False,59,"Butene-1,4-diol"
greedy_gp,14,121,683,376.4,False,59,Non-3-yn-1-ol
greedy_gp,14,122,86,502.65,False,59,"1,4-Butanediol"
greedy_gp,14,123,825,463.85,True,60,2-Methyl-1-decene
greedy_gp,14,124,477,480.15,False,60,Neopentyl glycol
greedy_gp,14,125,677,460.65,True,61,"2,2,4,4,6-Pentamethylheptane"
greedy_gp,14,126,727,492.55,False,61,3-Dodecyne
greedy_gp,14,127,767,483.16,False,61,4-Dodecyne
greedy_gp,14,128,755,483.16,False,61,5-Dodecyne
greedy_gp,14,129,728,486.15,False,61,6-Dodecyne
greedy_gp,14,130,365,529.36,False,61,"3-Hexyne-2,5-diol"
greedy_gp,14,131,786,479.15,False,61,2-Undecyne
greedy_gp,14,132,364,471.15,True,62,"1,1,4,7,7-Pentamethyldiethylenetriamine"
greedy_gp,14,133,712,471.09534,True,63,5-Undecyne
greedy_gp,14,134,788,471.65,True,64,4-Undecyne
greedy_gp,14,135,787,473.15,False,64,3-Undecyne
greedy_gp,14,136,16,704.0,False,64,Sorbitol
greedy_gp,14,137,39,653.15,False,64,Xylitol
greedy_gp,14,138,678,575.34,False,64,9-Dodecyn-1-ol
greedy_gp,14,139,864,479.15,False,64,6-Methyloctan-1-ol
greedy_gp,14,140,221,467.9,True,65,3-Nonanol
greedy_gp,14,141,43,368.15,False,65,Triethylborane
greedy_gp,14,142,647,448.15,False,65,"2-Methylbutane-2,3-diol"
greedy_gp,14,143,559,469.15,True,66,1-Undecyne
greedy_gp,14,144,87,511.15,False,66,"2-Butyne-1,4-diol"
greedy_gp,14,145,529,465.15,True,67,"N,N,N',N'-Tetraethylethylenediamine"
greedy_gp,14,146,139,469.65,True,68,"3-Butene-1,2-diol"
greedy_gp,14,147,438,451.15,False,68,"2,2,4,6,6-Pentamethylheptane"
greedy_gp,14,148,1225,447.15,False,68,2-Methyl-4-propylheptane
greedy_gp,14,149,1233,452.15,False,68,3-Methyl-4-propylheptane
greedy_gp,14,150,558,494.15,False,68,"2-Methyl-1,3-propanediol"
prob_in_spec,14,1,434,445.35,False,0,3-Methyl-1-hexanol
prob_in_spec,14,2,812,357.15,False,0,Propargylamine
prob_in_spec,14,3,802,426.15,False,0,"3,4-Dimethylpentan-2-ol"
prob_in_spec,14,4,422,395.15,False,0,"2,3-Dimethyl-2-hexene"
prob_in_spec,14,5,449,403.75,False,0,"2,4,4-Trimethylhexane"
prob_in_spec,14,6,1074,460.26,True,1,"Hepta-2,4-dien-1-ol"
prob_in_spec,14,7,876,433.2,False,1,"2,3,3-Trimethylheptane"
prob_in_spec,14,8,186,299.05,False,1,"1,4-Pentadiene"
prob_in_spec,14,9,110,502.15,False,1,1-Decanol
prob_in_spec,14,10,1032,397.65,False,1,"2,6-Octadiene"
prob_in_spec,14,11,610,427.15,False,1,5-Methyl-3-heptanol
prob_in_spec,14,12,442,430.15,False,1,4-Methyl-3-heptanol
prob_in_spec,14,13,664,438.15,False,1,3-Methyl-4-heptanol
prob_in_spec,14,14,490,439.15,False,1,3-Methyl-2-heptanol
prob_in_spec,14,15,609,426.65,False,1,2-Methylheptan-3-ol
prob_in_spec,14,16,625,466.65,True,2,1-Nonen-3-ol
prob_in_spec,14,17,990,442.65,False,2,3-Hepten-1-ol
prob_in_spec,14,18,491,456.1,True,3,Hept-2-en-1-ol
prob_in_spec,14,19,412,465.65,True,4,4-Nonanol
prob_in_spec,14,20,56,497.15,False,4,"3,7-Dimethyloctan-1-ol"
prob_in_spec,14,21,658,454.65,True,5,2-Methyl-3-octanol
prob_in_spec,14,22,981,453.15,True,6,3-Methyl-4-octanol
prob_in_spec,14,23,669,465.4,True,7,4-Methyl-2-propylpentan-1-ol
prob_in_spec,14,24,1211,468.15,True,8,2-Ethyl-4-methylhexan-1-ol
prob_in_spec,14,25,409,462.15,True,9,3-Methyl-3-octanol
prob_in_spec,14,26,853,484.15,False,9,"2,2-Dimethyl-1-octanol"
prob_in_spec,14,27,650,484.15,False,9,Tetrahydrolavandulol
prob_in_spec,14,28,774,475.15,False,9,5-Methyl-5-nonanol
prob_in_spec,14,29,556,472.15,True,10,3-Ethyloctan-3-ol
prob_in_spec,14,30,1217,477.15,False,10,4-Methyl-2-(2-methylpropyl)pentan-1-ol
prob_in_spec,14,31,221,467.9,True,11,3-Nonanol
prob_in_spec,14,32,864,479.15,False,11,6-Methyloctan-1-ol
prob_in_spec,14,33,239,466.65,True,12,2-Nonanol
prob_in_spec,14,34,351,479.15,False,12,Isononyl alcohol
prob_in_spec,14,35,467,448.15,False,12,"2,6-Dimethyl-3-heptanol"
prob_in_spec,14,36,792,455.15,True,13,"2,4,6-Trimethyl-4-heptanol"
prob_in_spec,14,37,1194,462.15,True,14,4-Isopropyl-4-heptanol
prob_in_spec,14,38,500,506.02,False,14,"3,6-Nonadien-1-ol"
prob_in_spec,14,39,668,514.75,False,14,"3,7-Dimethylocta-1,5,7-trien-3-ol"
prob_in_spec,14,40,1072,514.75,False,14,Hotrienol
prob_in_spec,14,41,621,465.15,True,15,"4,7-Dimethyloctan-4-ol"
prob_in_spec,14,42,8,467.85,True,16,1-Octanol
prob_in_spec,14,43,934,455.15,True,17,"2,3,3-Trimethyloctane"
prob_in_spec,14,44,1214,450.15,False,17,"3,3,6-Trimethyloctane"
prob_in_spec,14,45,803,452.15,False,17,"2,2,3-Trimethyloctane"
prob_in_spec,14,46,503,452.15,False,17,"2,3,7-Trimethyloctane"
prob_in_spec,14,47,930,455.15,True,18,"3,3-Dimethylnonane"
prob_in_spec,14,48,1131,443.15,False,18,"2,4,7-Trimethyloctane"
prob_in_spec,14,49,1235,451.15,False,18,"4,4-Dimethylnonane"
prob_in_spec,14,50,676,453.15,True,19,"2,3,6-Trimethyloctane"
prob_in_spec,14,51,1221,463.15,True,20,"2,6,6-Trimethylnonane"
prob_in_spec,14,52,1223,463.15,True,21,"2,5,5-Trimethylnonane"
prob_in_spec,14,53,499,473.15,False,21,"2,2,3-Trimethylnonane"
prob_in_spec,14,54,1164,464.15,True,22,"2,2,4-Trimethylnonane"
prob_in_spec,14,55,1160,460.15,True,23,"4-Ethyl-2,2-dimethyloctane"
prob_in_spec,14,56,1183,457.0,True,24,"2,4,4,7-Tetramethyloctane"
prob_in_spec,14,57,1154,459.4,True,25,"2,4,5,7-Tetramethyloctane"
prob_in_spec,14,58,1141,458.15,True,26,4-Tert-butyl-2-methylheptane
prob_in_spec,14,59,1187,464.15,True,27,4-Tert-butyloctane
prob_in_spec,14,60,1218,462.15,True,28,"2,4-Dimethyl-4-propylheptane"
prob_in_spec,14,61,1136,464.15,True,29,"4-Ethyl-2,4-dimethyloctane"
prob_in_spec,14,62,916,472.15,True,30,"3,6-Dimethyl-3-ethyl-octane"
prob_in_spec,14,63,921,470.15,True,31,"3-Methyl, 3,5-diethyl, heptane"
prob_in_spec,14,64,1230,469.15,True,32,"3,3-Dimethyl-4-propylheptane"
prob_in_spec,14,65,1228,471.15,True,33,"3,4-Dimethyl-4-propylheptane"
prob_in_spec,14,66,1222,457.75,True,34,"2,6-Dimethyl-4-propylheptane"
prob_in_spec,14,67,1150,463.0,True,35,"2,5,8-Trimethylnonane"
prob_in_spec,14,68,460,474.15,False,35,"2,2-Dimethyldecane"
prob_in_spec,14,69,1105,468.15,True,36,"2,3,4,5,6-Pentamethylheptane"
prob_in_spec,14,70,795,462.9,True,37,"3,3,6,6-Tetramethyloctane"
prob_in_spec,14,71,1138,463.15,True,38,"4-Ethyl-2,6-dimethyloctane"
prob_in_spec,14,72,1220,463.15,True,39,"2,5-Dimethyl-4-propylheptane"
prob_in_spec,14,73,1236,466.15,True,40,"2,2,3,3,6-Pentamethylheptane"
prob_in_spec,14,74,1245,469.15,True,41,"2,4,4,5,5-Pentamethylheptane"
prob_in_spec,14,75,1112,470.15,True,42,"5,5-Dimethyldecane"
prob_in_spec,14,76,1240,459.15,True,43,"2,2,5,5,6-Pentamethylheptane"
prob_in_spec,14,77,1174,455.9,True,44,"2,2,6,6-Tetramethyloctane"
prob_in_spec,14,78,1226,462.0,True,45,2-Methyl-5-propyloctane
prob_in_spec,14,79,1243,467.15,True,46,"2,3-Dimethyl-4-propylheptane"
prob_in_spec,14,80,1156,471.15,True,47,5-Ethyl-5-methylnonane
prob_in_spec,14,81,1166,459.9,True,48,"3,3-Diethylheptane"
prob_in_spec,14,82,1196,459.15,True,49,"3,4-Diethyl-3-methylhexane"
prob_in_spec,14,83,1208,459.15,True,50,"3,3-Diethyl-2-methylhexane"
prob_in_spec,14,84,1146,458.15,True,51,"3,4,4,5-Tetramethylheptane"
prob_in_spec,14,85,1206,462.15,True,52,"3,3-Diethyl-2,4-dimethylpentane"
prob_in_spec,14,86,1115,462.15,True,53,"3,3-Diethyl-2,2-dimethylpentane"
prob_in_spec,14,87,1203,460.15,True,54,"2,3,3,4,4-Pentamethylhexane"
prob_in_spec,14,88,1114,459.15,True,55,"3-Ethyl-2,2,3,4-tetramethylpentane"
prob_in_spec,14,89,932,461.15,True,56,3-Ethylnonane
prob_in_spec,14,90,627,465.15,True,57,3-Methyldecane
prob_in_spec,14,91,360,461.15,True,58,4-Methyldecane
prob_in_spec,14,92,419,462.35,True,59,2-Methyldecane
prob_in_spec,14,93,635,459.15,True,60,5-Methyldecane
prob_in_spec,14,94,922,457.15,True,61,4-Ethylnonane
prob_in_spec,14,95,856,448.0,False,61,"2,3-Dimethylnonane"
prob_in_spec,14,96,1227,457.15,True,62,"3,3,4,4-Tetramethylheptane"
prob_in_spec,14,97,1229,469.15,True,63,"3,5-Dimethyl-4-propylheptane"
prob_in_spec,14,98,935,469.15,True,64,"3-Ethyl-2,7-dimethyloctane"
prob_in_spec,14,99,302,469.05,True,65,Undecane
prob_in_spec,14,100,914,456.46543,True,66,"4,4-Diethylheptane"
prob_in_spec,14,101,1199,468.15,True,67,"2,2,3,3,5,5-Hexamethylhexane"
prob_in_spec,14,102,1177,457.15,True,68,"2,2,3,3,4-Pentamethylhexane"
prob_in_spec,14,103,831,466.15,True,69,"4,5-Diethyloctane"
prob_in_spec,14,104,1190,470.15,True,70,"3,5-Diethyloctane"
prob_in_spec,14,105,1137,470.15,True,71,"3-Ethyl-2,6-dimethyloctane"
prob_in_spec,14,106,1116,467.15,True,72,"2,2,3,3,4,4-Hexamethylpentane"
prob_in_spec,14,107,1119,458.15,True,73,"3,4-Dimethylnonane"
prob_in_spec,14,108,459,457.15,True,74,"3,7-Dimethylnonane"
prob_in_spec,14,109,1241,457.15,True,75,"2,2,5,5-Tetramethyloctane"
prob_in_spec,14,110,924,471.15,True,76,"4,6-Dimethyldecane"
prob_in_spec,14,111,918,472.15,True,77,"3,4,5,6-Tetramethyloctane"
prob_in_spec,14,112,912,470.15,True,78,5-Propylnonane
prob_in_spec,14,113,830,472.15,True,79,4-Ethyl-5-methylnonane
prob_in_spec,14,114,1186,472.15,True,80,"3,4-Diethyloctane"
prob_in_spec,14,115,1188,455.15,True,81,3-Ethyl-6-methyloctane
prob_in_spec,14,116,710,467.14283,True,82,4-Propyl-4-heptanol
prob_in_spec,14,117,1179,454.15,True,83,"2,3,3,4,5-Pentamethylhexane"
prob_in_spec,14,118,1172,454.15,True,84,"3,3,4,5-Tetramethylheptane"
prob_in_spec,14,119,1096,453.15,True,85,"2,7-Dimethylnonane"
prob_in_spec,14,120,1167,455.15,True,86,"3,3,4-Trimethyloctane"
prob_in_spec,14,121,103,451.15,False,86,1-Heptanol
prob_in_spec,14,122,840,471.15,True,87,"2,5-Dimethyldecane"
prob_in_spec,14,123,606,455.15,True,88,"4,5-Dimethylnonane"
prob_in_spec,14,124,1192,452.15,False,88,"3,5-Diethylheptane"
prob_in_spec,14,125,1237,459.15,True,89,"2,2,3,4,4-Pentamethylhexane"
prob_in_spec,14,126,1171,452.8,False,89,"2,2,3,3-Tetramethylheptane"
prob_in_spec,14,127,919,473.15,False,89,"3,4,7-Trimethylnonane"
prob_in_spec,14,128,1169,473.15,False,89,"4,4-Diethyloctane"
prob_in_spec,14,129,854,473.15,False,89,"2,4-Dimethyldecane"
prob_in_spec,14,130,732,471.15,True,90,"2,6-Dimethyldecane"
prob_in_spec,14,131,1132,454.15,True,91,"4-Ethyl-3,5-dimethylheptane"
prob_in_spec,14,132,1130,453.15,True,92,4-Ethyl-4-methyloctane
prob_in_spec,14,133,1209,451.15,False,92,"3-Ethyl-2,4,4-trimethylhexane"
prob_in_spec,14,134,683,376.4,False,92,Non-3-yn-1-ol
prob_in_spec,14,135,1158,472.15,True,93,"4,4-Dimethyldecane"
prob_in_spec,14,136,815,492.15,False,93,5-Butylnonane
prob_in_spec,14,137,901,507.15,False,93,"2,4-Dimethyldodecane"
prob_in_spec,14,138,315,521.05,False,93,2-Methyltridecane
prob_in_spec,14,139,672,521.85,False,93,3-Methyltridecane
prob_in_spec,14,140,244,526.65,False,93,Tetradecane
prob_in_spec,14,141,974,447.15,False,93,(S)-1-Octen-3-ol
prob_in_spec,14,142,1231,454.15,True,94,"3,4,4-Trimethyloctane"
prob_in_spec,14,143,1097,456.15,True,95,"2,8-Dimethylnonane"
prob_in_spec,14,144,96,430.05,False,95,1-Hexanol
prob_in_spec,14,145,1170,455.15,True,96,"3,6-Dimethylnonane"
prob_in_spec,14,146,925,472.15,True,97,"4,7-Dimethyldecane"
prob_in_spec,14,147,107,435.15,False,97,Dibutylamine
prob_in_spec,14,148,636,441.15,False,97,N-Heptylmethylamine
prob_in_spec,14,149,106,451.75,False,97,Octylamine
prob_in_spec,14,150,523,459.00627,True,98,"2,2,7,7-Tetramethyloctane"
qlogei_target,14,1,434,445.35,False,0,3-Methyl-1-hexanol
qlogei_target,14,2,812,357.15,False,0,Propargylamine
qlogei_target,14,3,802,426.15,False,0,"3,4-Dimethylpentan-2-ol"
qlogei_target,14,4,422,395.15,False,0,"2,3-Dimethyl-2-hexene"
qlogei_target,14,5,449,403.75,False,0,"2,4,4-Trimethylhexane"
qlogei_target,14,6,1074,460.26,True,1,"Hepta-2,4-dien-1-ol"
qlogei_target,14,7,876,433.2,False,1,"2,3,3-Trimethylheptane"
qlogei_target,14,8,186,299.05,False,1,"1,4-Pentadiene"
qlogei_target,14,9,110,502.15,False,1,1-Decanol
qlogei_target,14,10,1032,397.65,False,1,"2,6-Octadiene"
qlogei_target,14,11,610,427.15,False,1,5-Methyl-3-heptanol
qlogei_target,14,12,394,451.65,False,1,2-Octanol
qlogei_target,14,13,497,445.15,False,1,5-Methyl-2-heptanol
qlogei_target,14,14,974,447.15,False,1,(S)-1-Octen-3-ol
qlogei_target,14,15,1165,449.15,False,1,"3-Ethyl-2,5-dimethylheptane"
qlogei_target,14,16,625,466.65,True,2,1-Nonen-3-ol
qlogei_target,14,17,990,442.65,False,2,3-Hepten-1-ol
qlogei_target,14,18,864,479.15,False,2,6-Methyloctan-1-ol
qlogei_target,14,19,239,466.65,True,3,2-Nonanol
qlogei_target,14,20,56,497.15,False,3,"3,7-Dimethyloctan-1-ol"
qlogei_target,14,21,409,462.15,True,4,3-Methyl-3-octanol
qlogei_target,14,22,658,454.65,True,5,2-Methyl-3-octanol
qlogei_target,14,23,319,446.15,False,5,"3,6-Dimethyl-3-heptanol"
qlogei_target,14,24,1211,468.15,True,6,2-Ethyl-4-methylhexan-1-ol
qlogei_target,14,25,500,506.02,False,6,"3,6-Nonadien-1-ol"
qlogei_target,14,26,51,459.35,True,7,2-Ethylhexan-1-ol
qlogei_target,14,27,533,452.15,False,7,4-Ethyl-4-heptanol
qlogei_target,14,28,919,473.15,False,7,"3,4,7-Trimethylnonane"
qlogei_target,14,29,922,457.15,True,8,4-Ethylnonane
qlogei_target,14,30,1223,463.15,True,9,"2,5,5-Trimethylnonane"
qlogei_target,14,31,981,453.15,True,10,3-Methyl-4-octanol
qlogei_target,14,32,8,467.85,True,11,1-Octanol
qlogei_target,14,33,1221,463.15,True,12,"2,6,6-Trimethylnonane"
qlogei_target,14,34,669,465.4,True,13,4-Methyl-2-propylpentan-1-ol
qlogei_target,14,35,419,462.35,True,14,2-Methyldecane
qlogei_target,14,36,499,473.15,False,14,"2,2,3-Trimethylnonane"
qlogei_target,14,37,1136,464.15,True,15,"4-Ethyl-2,4-dimethyloctane"
qlogei_target,14,38,918,472.15,True,16,"3,4,5,6-Tetramethyloctane"
qlogei_target,14,39,149,460.15,True,17,Diisoamylamine
qlogei_target,14,40,1141,458.15,True,18,4-Tert-butyl-2-methylheptane
qlogei_target,14,41,1183,457.0,True,19,"2,4,4,7-Tetramethyloctane"
qlogei_target,14,42,1164,464.15,True,20,"2,2,4-Trimethylnonane"
qlogei_target,14,43,1230,469.15,True,21,"3,3-Dimethyl-4-propylheptane"
qlogei_target,14,44,932,461.15,True,22,3-Ethylnonane
qlogei_target,14,45,1105,468.15,True,23,"2,3,4,5,6-Pentamethylheptane"
qlogei_target,14,46,635,459.15,True,24,5-Methyldecane
qlogei_target,14,47,920,483.15,False,24,"3,4-Dimethyl-3,4-diethyl-hexane"
qlogei_target,14,48,627,465.15,True,25,3-Methyldecane
qlogei_target,14,49,1205,473.15,False,25,"3,3-Diethyl-2,4-dimethylhexane"
qlogei_target,14,50,1184,453.15,True,26,3-Ethyl-5-methyloctane
qlogei_target,14,51,1160,460.15,True,27,"4-Ethyl-2,2-dimethyloctane"
qlogei_target,14,52,1236,466.15,True,28,"2,2,3,3,6-Pentamethylheptane"
qlogei_target,14,53,795,462.9,True,29,"3,3,6,6-Tetramethyloctane"
qlogei_target,14,54,825,463.85,True,30,2-Methyl-1-decene
qlogei_target,14,55,1157,450.15,False,30,"5,5-Dimethylnonane"
qlogei_target,14,56,1154,459.4,True,31,"2,4,5,7-Tetramethyloctane"
qlogei_target,14,57,1222,457.75,True,32,"2,6-Dimethyl-4-propylheptane"
qlogei_target,14,58,1218,462.15,True,33,"2,4-Dimethyl-4-propylheptane"
qlogei_target,14,59,831,466.15,True,34,"4,5-Diethyloctane"
qlogei_target,14,60,360,461.15,True,35,4-Methyldecane
qlogei_target,14,61,1187,464.15,True,36,4-Tert-butyloctane
qlogei_target,14,62,1138,463.15,True,37,"4-Ethyl-2,6-dimethyloctane"
qlogei_target,14,63,1206,462.15,True,38,"3,3-Diethyl-2,4-dimethylpentane"
qlogei_target,14,64,112,486.55,False,38,1-Dodecene
qlogei_target,14,65,1208,459.15,True,39,"3,3-Diethyl-2-methylhexane"
qlogei_target,14,66,1220,463.15,True,40,"2,5-Dimethyl-4-propylheptane"
qlogei_target,14,67,677,460.65,True,41,"2,2,4,4,6-Pentamethylheptane"
qlogei_target,14,68,1115,462.15,True,42,"3,3-Diethyl-2,2-dimethylpentane"
qlogei_target,14,69,1240,459.15,True,43,"2,2,5,5,6-Pentamethylheptane"
qlogei_target,14,70,696,455.44,True,44,Undec-4-ene
qlogei_target,14,71,1021,466.15,True,45,(E)-4-Undecene
qlogei_target,14,72,699,465.45,True,46,5-Undecene
qlogei_target,14,73,1174,455.9,True,47,"2,2,6,6-Tetramethyloctane"
qlogei_target,14,74,559,469.15,True,48,1-Undecyne
qlogei_target,14,75,788,471.65,True,49,4-Undecyne
qlogei_target,14,76,1114,459.15,True,50,"3-Ethyl-2,2,3,4-tetramethylpentane"
qlogei_target,14,77,1203,460.15,True,51,"2,3,3,4,4-Pentamethylhexane"
qlogei_target,14,78,1177,457.15,True,52,"2,2,3,3,4-Pentamethylhexane"
qlogei_target,14,79,1116,467.15,True,53,"2,2,3,3,4,4-Hexamethylpentane"
qlogei_target,14,80,404,384.15,False,53,3-Methyl-1-heptene
qlogei_target,14,81,1199,468.15,True,54,"2,2,3,3,5,5-Hexamethylhexane"
qlogei_target,14,82,734,462.0,True,55,"1,10-Undecadiene"
qlogei_target,14,83,786,479.15,False,55,2-Undecyne
qlogei_target,14,84,435,541.55,False,55,1-Pentadecene
qlogei_target,14,85,438,451.15,False,55,"2,2,4,6,6-Pentamethylheptane"
qlogei_target,14,86,278,465.85,True,56,1-Undecene
qlogei_target,14,87,523,459.00627,True,57,"2,2,7,7-Tetramethyloctane"
qlogei_target,14,88,482,446.55,False,57,trans-2-Decene
qlogei_target,14,89,280,444.15,False,57,1-Decene
qlogei_target,14,90,279,440.15,False,57,2-Methylnonane
qlogei_target,14,91,903,458.15,True,58,2-(Pentyloxy)ethanol
qlogei_target,14,92,626,557.0,False,58,"2,5,8,11-Tetraoxatridecan-13-ol"
qlogei_target,14,93,527,427.15,False,58,3-Pentyn-1-ol
qlogei_target,14,94,98,433.69704,False,58,3-Ethoxy-1-propanol
qlogei_target,14,95,933,460.94,True,59,2-Heptyn-1-ol
qlogei_target,14,96,792,455.15,True,60,"2,4,6-Trimethyl-4-heptanol"
qlogei_target,14,97,1022,478.54,False,60,3-Octen-2-OL
qlogei_target,14,98,31,402.15,False,60,3-Methyl-3-pentanol
qlogei_target,14,99,203,439.15,False,60,3-Methyl-3-heptanol
qlogei_target,14,100,859,429.65,False,60,"2,3,4-Trimethyl-3-pentanol"
qlogei_target,14,101,1070,448.15,False,60,2-Octen-4-ol
qlogei_target,14,102,796,479.94,False,60,6-Methyl-6-hepten-4-yn-3-ol
qlogei_target,14,103,508,421.15,False,60,"3,5-Dimethyl-1-hexyn-3-ol"
qlogei_target,14,104,216,391.65,False,60,3-Ethylhexane
qlogei_target,14,105,219,420.15,False,60,5-Methyl-3-hexanol
qlogei_target,14,106,1194,462.15,True,61,4-Isopropyl-4-heptanol
qlogei_target,14,107,650,484.15,False,61,Tetrahydrolavandulol
qlogei_target,14,108,400,459.15,True,62,6-Methylhept-5-en-2-ol
qlogei_target,14,109,1002,361.15,False,62,(E)-2-Methyl-3-hexene
qlogei_target,14,110,594,443.15,False,62,"2,6-Dimethyl-2-heptanol"
qlogei_target,14,111,1076,456.28,True,63,"1,3,5-Undecatriene"
qlogei_target,14,112,1216,457.05,True,64,"3,3-Dimethylnon-4-yne"
qlogei_target,14,113,113,519.15,False,64,1-Undecanol
qlogei_target,14,114,738,420.65,False,64,"Octa-2,4,6-triene"
qlogei_target,14,115,998,367.15,False,64,(E)-3-Methyl-3-hexene
qlogei_target,14,116,997,460.44,True,65,"(E,E,Z)-Undeca-1,3,5,8-tetraene"
qlogei_target,14,117,743,437.0,False,65,"3,5-Octadiyne"
qlogei_target,14,118,129,490.15,False,65,Decylamine
qlogei_target,14,119,1000,441.15,False,65,"cis-2,6-Dimethyl-2,6-octadiene"
qlogei_target,14,120,41,368.70133,False,65,2-Methylbutylamine
qlogei_target,14,121,331,471.15,True,66,Nonylamine
qlogei_target,14,122,851,444.15,False,66,2-Methyl-2-nonene
qlogei_target,14,123,288,485.15,False,66,3-Methylundecane
qlogei_target,14,124,123,394.15,False,66,"N,N-Diisopropylethylenediamine"
qlogei_target,14,125,12,478.2,False,66,3-(Dibutylamino)propylamine
qlogei_target,14,126,1243,467.15,True,67,"2,3-Dimethyl-4-propylheptane"
qlogei_target,14,127,1166,459.9,True,68,"3,3-Diethylheptane"
qlogei_target,14,128,1229,469.15,True,69,"3,5-Dimethyl-4-propylheptane"
qlogei_target,14,129,1097,456.15,True,70,"2,8-Dimethylnonane"
qlogei_target,14,130,271,345.65,False,70,"4,4-Dimethyl-1-pentene"
qlogei_target,14,131,1196,459.15,True,71,"3,4-Diethyl-3-methylhexane"
qlogei_target,14,132,47,480.15,False,71,Tributylamine
qlogei_target,14,133,1152,452.15,False,71,"3,4,6-Trimethyloctane"
qlogei_target,14,134,877,436.86,False,71,"3-Ethyl-2,3-dimethylhexane"
qlogei_target,14,135,886,426.0,False,71,"2,3,3,5-Tetramethylhexane"
qlogei_target,14,136,217,440.15,False,71,"2,2-Diethoxyethanol"
qlogei_target,14,137,916,472.15,True,72,"3,6-Dimethyl-3-ethyl-octane"
qlogei_target,14,138,630,493.15,False,72,"3-Methoxy-1,2-propanediol"
qlogei_target,14,139,498,412.15,False,72,5-Hexen-2-OL
qlogei_target,14,140,100,431.65,False,72,2-Allyloxyethanol
qlogei_target,14,141,1109,471.15,True,73,"N,N-Diethylheptylamine"
qlogei_target,14,142,563,351.65,False,73,n-Methyloctan-1-amine
qlogei_target,14,143,364,471.15,True,74,"1,1,4,7,7-Pentamethyldiethylenetriamine"
qlogei_target,14,144,1081,461.15,True,75,"2,6-Dimethyl-2,4,6-octatriene"
qlogei_target,14,145,504,416.25,False,75,3-Ethylheptane
qlogei_target,14,146,1083,440.64,False,75,"(E,Z)-2,6-Dimethylocta-2,4,6-triene"
qlogei_target,14,147,274,408.35,False,75,"2,5-Dimethyl-2,4-hexadiene"
qlogei_target,14,148,668,514.75,False,75,"3,7-Dimethylocta-1,5,7-trien-3-ol"
qlogei_target,14,149,68,378.05,False,75,"2,4,4-Trimethyl-2-pentene"
qlogei_target,14,150,558,494.15,False,75,"2-Methyl-1,3-propanediol"
random,15,1,1015,360.15,False,0,5-Methyl-2-hexene
random,15,2,1156,471.15,True,1,5-Ethyl-5-methylnonane
random,15,3,301,484.18843,False,1,2-Decanol
random,15,4,252,629.15,False,1,1-Eicosanol
random,15,5,553,507.15,False,1,"N,N-Dimethyldecylamine"
random,15,6,877,436.86,False,1,"3-Ethyl-2,3-dimethylhexane"
random,15,7,429,336.15,False,1,Sec-butylamine
random,15,8,56,497.15,False,1,"3,7-Dimethyloctan-1-ol"
random,15,9,861,385.15,False,1,"3,5-Dimethylhex-2-ene"
random,15,10,715,440.15,False,1,2-Methyl-1-nonene
random,15,11,302,469.05,True,2,Undecane
random,15,12,882,435.26,False,2,"3-Ethyl-3,4-dimethylhexane"
random,15,13,1020,378.55,False,2,"cis-2,2-Dimethyl-3-hexene"
random,15,14,1161,513.15,False,2,"2,2-Dimethyldodecane"
random,15,15,864,479.15,False,2,6-Methyloctan-1-ol
random,15,16,1226,462.0,True,3,2-Methyl-5-propyloctane
random,15,17,710,467.14283,True,4,4-Propyl-4-heptanol
random,15,18,899,509.15,False,4,2-Methyl-3-undecanol
random,15,19,1207,476.15,False,4,"3,3-Diethyl-2-methylheptane"
random,15,20,181,284.15,False,4,"1,2-Butadiene"
random,15,21,975,481.65,False,4,4-Methyl-2-propylhexan-1-ol
random,15,22,268,327.15,False,4,4-Methyl-1-pentene
random,15,23,1217,477.15,False,4,4-Methyl-2-(2-methylpropyl)pentan-1-ol
random,15,24,334,445.15,False,4,"N,N-Dimethylheptylamine"
random,15,25,123,394.15,False,4,"N,N-Diisopropylethylenediamine"
random,15,26,22,231.04,False,4,Propane
random,15,27,1172,454.15,True,5,"3,3,4,5-Tetramethylheptane"
random,15,28,1167,455.15,True,6,"3,3,4-Trimethyloctane"
random,15,29,1110,475.15,False,6,N-Ethyloctylamine
random,15,30,1106,491.65,False,6,"4-Methylpentane-1,4-diol"
random,15,31,1166,459.9,True,7,"3,3-Diethylheptane"
random,15,32,1179,454.15,True,8,"2,3,3,4,5-Pentamethylhexane"
random,15,33,820,439.45,False,8,"3,3-Diethylhexane"
random,15,34,279,440.15,False,8,2-Methylnonane
random,15,35,661,478.65,False,8,"3,3-Dimethyl-1,2-butanediol"
random,15,36,728,486.15,False,8,6-Dodecyne
random,15,37,578,414.15,False,8,"1,8-Nonadiene"
random,15,38,1206,462.15,True,9,"3,3-Diethyl-2,4-dimethylpentane"
random,15,39,521,356.15,False,9,Tetramethylallene
random,15,40,950,364.15,False,9,"trans-3,4-Dimethyl-2-pentene"
random,15,41,727,492.55,False,9,3-Dodecyne
random,15,42,580,423.15,False,9,4-Pentyn-1-ol
random,15,43,309,504.15,False,9,2-(2-Ethylhexyloxy)ethanol
random,15,44,1180,444.15,False,9,"2,2,5-Trimethyloctane"
random,15,45,88,364.15,False,9,N-Methylbutylamine
random,15,46,93,506.15,False,9,"1,1'-Oxydi-2-propanol"
random,15,47,831,466.15,True,10,"4,5-Diethyloctane"
random,15,48,307,403.15,False,10,2-Methoxy-1-propanol
random,15,49,976,392.4,False,10,"(E)-3,4-Dimethylhex-3-ene"
random,15,50,319,446.15,False,10,"3,6-Dimethyl-3-heptanol"
random,15,51,248,591.15,False,10,1-Pentadecanol
random,15,52,826,361.70537,False,10,Ethyl isobutyl amine
random,15,53,325,447.25,False,10,Decane
random,15,54,18,410.75,False,10,1-Pentanol
random,15,55,238,372.95,False,10,1-Heptyne
random,15,56,1051,413.65,False,10,(Z)-Pent-3-en-1-ol
random,15,57,1119,458.15,True,11,"3,4-Dimethylnonane"
random,15,58,518,327.65,False,11,"N,N,N'-Triethylethylenediamine"
random,15,59,582,383.15,False,11,"N,N-Diethylallylamine"
random,15,60,120,266.15,False,11,Isobutylene
random,15,61,704,409.64,False,11,"2,4,6-Octatriyne"
random,15,62,765,483.82,False,11,2-Octyn-1-ol
random,15,63,435,541.55,False,11,1-Pentadecene
random,15,64,1046,418.15,False,11,cis-4-Nonene
random,15,65,32,393.15,False,11,3-Methyl-1-pentyn-3-ol
random,15,66,200,379.47,False,11,"2,2,3,3-Tetramethylbutane"
random,15,67,1216,457.05,True,12,"3,3-Dimethylnon-4-yne"
random,15,68,1145,443.15,False,12,"2,2,4,4-Tetramethylheptane"
random,15,69,1081,461.15,True,13,"2,6-Dimethyl-2,4,6-octatriene"
random,15,70,962,339.55,False,13,cis-3-Hexene
random,15,71,602,435.15,False,13,"3,4-Dimethyloctane"
random,15,72,1059,411.15,False,13,cis-2-Penten-1-ol
random,15,73,511,487.65,False,13,"2-Methyl-1,3-pentanediol"
random,15,74,157,385.05,False,13,"3,3-Dimethylhexane"
random,15,75,591,343.15,False,13,"3-Methylpenta-1,2-diene"
random,15,76,900,520.15,False,13,"2,3-Dimethyldodecane"
random,15,77,1009,546.96,False,13,7-Pentadecene
random,15,78,68,378.05,False,13,"2,4,4-Trimethyl-2-pentene"
random,15,79,1249,460.65,True,14,"2,2,4,4-Tetramethyl-3-hexanol"
random,15,80,440,756.15,False,14,Tetratriacontane
random,15,81,324,538.15,False,14,2-Tridecanol
random,15,82,852,478.15,False,14,"2,3-Hexanediol"
random,15,83,408,445.15,False,14,1-Butoxy-2-propanol
random,15,84,681,112.15,False,14,(2H4)Methane
random,15,85,247,557.15,False,14,1-Hexadecyne
random,15,86,288,485.15,False,14,3-Methylundecane
random,15,87,856,448.0,False,14,"2,3-Dimethylnonane"
random,15,88,71,393.15,False,14,1-Methoxy-2-propanol
random,15,89,576,417.15,False,14,2-Methyl-1-octene
random,15,90,1130,453.15,True,15,4-Ethyl-4-methyloctane
random,15,91,1098,746.15,False,15,1-Tritriacontene
random,15,92,506,438.15,False,15,3-(Diethylamino)propylamine
random,15,93,65,370.05,False,15,Allyl alcohol
random,15,94,646,443.15,False,15,"2,2,3-Trimethylhexan-3-ol"
random,15,95,260,777.15,False,15,Hexatriacontane
random,15,96,567,415.0,False,15,"2,6-Dimethyl-1-heptene"
random,15,97,227,340.45,False,15,2-Methyl-2-pentene
random,15,98,329,406.65,False,15,4-Octyne
random,15,99,919,473.15,False,15,"3,4,7-Trimethylnonane"
random,15,100,383,360.15,False,15,4-Methyl-1-hexene
random,15,101,29,375.55,False,15,2-Methyl-2-butanol
random,15,102,535,337.15,False,15,N-Allylmethylamine
random,15,103,1064,338.15,False,15,"1,4-Hexadiene"
random,15,104,548,428.9,False,15,5-Hexen-1-ol
random,15,105,1097,456.15,True,16,"2,8-Dimethylnonane"
random,15,106,593,663.15,False,16,1-Tetracosene
random,15,107,817,384.15,False,16,"1,6-Heptadiyne"
random,15,108,476,507.15,False,16,1-(2-Butoxyethoxy)-2-propanol
random,15,109,255,688.15,False,16,Hexacosane
random,15,110,414,365.15,False,16,2-Methyl-1-hexene
random,15,111,1028,383.48,False,16,"1,6-Octadiene"
random,15,112,860,367.15,False,16,2-Ethyl-1-pentene
random,15,113,730,392.3,False,16,"6-Methyl-1,5-heptadiene"
random,15,114,762,372.69,False,16,4-Methyl-2-hexyne
random,15,115,1143,442.15,False,16,"2,2,4,5-Tetramethylheptane"
random,15,116,876,433.2,False,16,"2,3,3-Trimethylheptane"
random,15,117,1072,514.75,False,16,Hotrienol
random,15,118,1204,479.15,False,16,"3,3-Diethyl-2,2,4-trimethylpentane"
random,15,119,621,465.15,True,17,"4,7-Dimethyloctan-4-ol"
random,15,120,354,432.15,False,17,3-Methoxy-1-butanol
random,15,121,14,390.05,False,17,Ethylenediamine
random,15,122,257,716.15,False,17,Nonacosane
random,15,123,829,490.15,False,17,3-Decanol
random,15,124,1181,445.15,False,17,2-Methyl-4-isopropylheptane
random,15,125,833,504.45,False,17,2-Methyl-1-dodecene
random,15,126,568,358.15,False,17,5-Methyl-1-hexene
random,15,127,1163,443.15,False,17,"2,2,7-Trimethyloctane"
random,15,128,688,349.15,False,17,"1,2-Hexadiene"
random,15,129,719,528.92,False,17,6-Tetradecyne
random,15,130,198,350.95,False,17,"2,3,3-Trimethyl-1-butene"
random,15,131,1069,409.24,False,17,trans-2-Methyl-3-octene
random,15,132,24,289.75,False,17,Ethylamine
random,15,133,259,748.15,False,17,Tritriacontane
random,15,134,769,453.22759,True,18,4-Methyl-4-octanol
random,15,135,642,613.15,False,18,3-Methylnonadecane
random,15,136,925,472.15,True,19,"4,7-Dimethyldecane"
random,15,137,738,420.65,False,19,"Octa-2,4,6-triene"
random,15,138,129,490.15,False,19,Decylamine
random,15,139,595,594.15,False,19,N-Methylhexadecylamine
random,15,140,978,447.15,False,19,"3-Ethyl-2,2-dimethyl-3-pentanol"
random,15,141,50,445.15,False,19,2-Ethylhexylamine
random,15,142,766,346.15,False,19,4-Methyl-2-pentyne
random,15,143,768,433.15,False,19,"2,3,3-Trimethyl-2-pentanol"
random,15,144,1060,411.15,False,19,2-Penten-1-OL
random,15,145,1240,459.15,True,20,"2,2,5,5,6-Pentamethylheptane"
random,15,146,815,492.15,False,20,5-Butylnonane
random,15,147,393,392.65,False,20,But-2-en-1-ol
random,15,148,696,455.44,True,21,Undec-4-ene
random,15,149,290,419.35,False,21,"3,3-Diethylpentane"
random,15,150,20,169.35,False,21,Ethylene
mw_heuristic,15,1,1015,360.15,False,0,5-Methyl-2-hexene
mw_heuristic,15,2,1156,471.15,True,1,5-Ethyl-5-methylnonane
mw_heuristic,15,3,301,484.18843,False,1,2-Decanol
mw_heuristic,15,4,252,629.15,False,1,1-Eicosanol
mw_heuristic,15,5,553,507.15,False,1,"N,N-Dimethyldecylamine"
mw_heuristic,15,6,877,436.86,False,1,"3-Ethyl-2,3-dimethylhexane"
mw_heuristic,15,7,429,336.15,False,1,Sec-butylamine
mw_heuristic,15,8,56,497.15,False,1,"3,7-Dimethyloctan-1-ol"
mw_heuristic,15,9,861,385.15,False,1,"3,5-Dimethylhex-2-ene"
mw_heuristic,15,10,715,440.15,False,1,2-Methyl-1-nonene
mw_heuristic,15,11,1076,456.28,True,2,"1,3,5-Undecatriene"
mw_heuristic,15,12,997,460.44,True,3,"(E,E,Z)-Undeca-1,3,5,8-tetraene"
mw_heuristic,15,13,39,653.15,False,3,Xylitol
mw_heuristic,15,14,668,514.75,False,3,"3,7-Dimethylocta-1,5,7-trien-3-ol"
mw_heuristic,15,15,1072,514.75,False,3,Hotrienol
mw_heuristic,15,16,276,447.15,False,3,1-Decyne
mw_heuristic,15,17,322,437.15,False,3,"1,9-Decadiene"
mw_heuristic,15,18,330,451.15,False,3,5-Decyne
mw_heuristic,15,19,348,437.4,False,3,4-Decyne
mw_heuristic,15,20,352,439.15,False,3,Dihydromyrcene
mw_heuristic,15,21,280,444.15,False,3,1-Decene
mw_heuristic,15,22,391,436.15,False,3,"2,6-Dimethyl-2-octene"
mw_heuristic,15,23,428,442.75,False,3,5-Decene
mw_heuristic,15,24,482,446.55,False,3,trans-2-Decene
mw_heuristic,15,25,700,431.4,False,3,"3,4-Diethyl-3-hexene"
mw_heuristic,15,26,221,467.9,True,4,3-Nonanol
mw_heuristic,15,27,239,466.65,True,5,2-Nonanol
mw_heuristic,15,28,319,446.15,False,5,"3,6-Dimethyl-3-heptanol"
mw_heuristic,15,29,351,479.15,False,5,Isononyl alcohol
mw_heuristic,15,30,379,466.15,True,6,"3,5,5-Trimethyl-1-hexanol"
mw_heuristic,15,31,45,426.15,False,6,Tripropylamine
mw_heuristic,15,32,331,471.15,True,7,Nonylamine
mw_heuristic,15,33,334,445.15,False,7,"N,N-Dimethylheptylamine"
mw_heuristic,15,34,376,432.15,False,7,N-Methyldibutylamine
mw_heuristic,15,35,563,351.65,False,7,n-Methyloctan-1-amine
mw_heuristic,15,36,83,506.15,False,7,"2,5-Dimethyl-2,5-hexanediol"
mw_heuristic,15,37,109,481.15,False,7,2-(Hexyloxy)ethanol
mw_heuristic,15,38,133,503.25,False,7,"2,2,4-Trimethyl-1,3-pentanediol"
mw_heuristic,15,39,537,418.15,False,7,"1,8-Octanediol"
mw_heuristic,15,40,572,370.65,False,7,Tris(2-aminoethyl)amine
mw_heuristic,15,41,54,505.15,False,7,"N,N-Bis(3-aminopropyl)methylamine"
mw_heuristic,15,42,42,438.2,False,7,"N,N,N',N'-Tetramethyl-1,3-butanediamine"
mw_heuristic,15,43,123,394.15,False,7,"N,N-Diisopropylethylenediamine"
mw_heuristic,15,44,518,327.65,False,7,"N,N,N'-Triethylethylenediamine"
mw_heuristic,15,45,520,441.15,False,7,"N,N,N',N'-Tetramethyl-1,4-butanediamine"
mw_heuristic,15,46,559,469.15,True,8,1-Undecyne
mw_heuristic,15,47,712,471.09534,True,9,5-Undecyne
mw_heuristic,15,48,734,462.0,True,10,"1,10-Undecadiene"
mw_heuristic,15,49,786,479.15,False,10,2-Undecyne
mw_heuristic,15,50,787,473.15,False,10,3-Undecyne
mw_heuristic,15,51,788,471.65,True,11,4-Undecyne
mw_heuristic,15,52,1216,457.05,True,12,"3,3-Dimethylnon-4-yne"
mw_heuristic,15,53,967,502.15,False,12,Nerol
mw_heuristic,15,54,278,465.85,True,13,1-Undecene
mw_heuristic,15,55,696,455.44,True,14,Undec-4-ene
mw_heuristic,15,56,699,465.45,True,15,5-Undecene
mw_heuristic,15,57,825,463.85,True,16,2-Methyl-1-decene
mw_heuristic,15,58,1021,466.15,True,17,(E)-4-Undecene
mw_heuristic,15,59,409,462.15,True,18,3-Methyl-3-octanol
mw_heuristic,15,60,412,465.65,True,19,4-Nonanol
mw_heuristic,15,61,467,448.15,False,19,"2,6-Dimethyl-3-heptanol"
mw_heuristic,15,62,468,452.15,False,19,"3,5-Dimethyl-4-heptanol"
mw_heuristic,15,63,533,452.15,False,19,4-Ethyl-4-heptanol
mw_heuristic,15,64,594,443.15,False,19,"2,6-Dimethyl-2-heptanol"
mw_heuristic,15,65,646,443.15,False,19,"2,2,3-Trimethylhexan-3-ol"
mw_heuristic,15,66,658,454.65,True,20,2-Methyl-3-octanol
mw_heuristic,15,67,669,465.4,True,21,4-Methyl-2-propylpentan-1-ol
mw_heuristic,15,68,735,439.15,False,21,"2,2,4,4-Tetramethylpentan-3-ol"
mw_heuristic,15,69,769,453.22759,True,22,4-Methyl-4-octanol
mw_heuristic,15,70,811,451.05,False,22,"3-Ethyl-2,4-dimethylpentan-3-ol"
mw_heuristic,15,71,864,479.15,False,22,6-Methyloctan-1-ol
mw_heuristic,15,72,905,438.65,False,22,"3,4,4-Trimethylhexan-3-ol"
mw_heuristic,15,73,906,444.86543,False,22,"2,4,4-Trimethyl-3-hexanol"
mw_heuristic,15,74,978,447.15,False,22,"3-Ethyl-2,2-dimethyl-3-pentanol"
mw_heuristic,15,75,981,453.15,True,23,3-Methyl-4-octanol
mw_heuristic,15,76,1108,447.15,False,23,"2,2-Dimethyl-4-heptanol"
mw_heuristic,15,77,1178,452.15,False,23,"2,3,4-Trimethylhexan-3-ol"
mw_heuristic,15,78,1211,468.15,True,24,2-Ethyl-4-methylhexan-1-ol
mw_heuristic,15,79,57,497.15,False,24,(-)-Citronellol
mw_heuristic,15,80,1001,524.74,False,24,(E)-3-Decenol
mw_heuristic,15,81,1061,524.74,False,24,2-Decen-1-ol
mw_heuristic,15,82,1092,524.74,False,24,Dec-4-en-1-ol
mw_heuristic,15,83,302,469.05,True,25,Undecane
mw_heuristic,15,84,360,461.15,True,26,4-Methyldecane
mw_heuristic,15,85,419,462.35,True,27,2-Methyldecane
mw_heuristic,15,86,279,440.15,False,27,2-Methylnonane
mw_heuristic,15,87,295,410.15,False,27,"2,2,5,5-Tetramethylhexane"
mw_heuristic,15,88,297,433.15,False,27,"2,7-Dimethyloctane"
mw_heuristic,15,89,306,426.15,False,27,"2,5,5-Trimethylheptane"
mw_heuristic,15,90,325,447.25,False,27,Decane
mw_heuristic,15,91,457,452.15,False,27,"2,5-Dimethylnonane"
mw_heuristic,15,92,458,452.15,False,27,"2,6-Dimethylnonane"
mw_heuristic,15,93,459,457.15,True,28,"3,7-Dimethylnonane"
mw_heuristic,15,94,503,452.15,False,28,"2,3,7-Trimethyloctane"
mw_heuristic,15,95,606,455.15,True,29,"4,5-Dimethylnonane"
mw_heuristic,15,96,627,465.15,True,30,3-Methyldecane
mw_heuristic,15,97,635,459.15,True,31,5-Methyldecane
mw_heuristic,15,98,676,453.15,True,32,"2,3,6-Trimethyloctane"
mw_heuristic,15,99,777,436.15,False,32,"2,2,6,6-Tetramethylheptane"
mw_heuristic,15,100,791,449.15,False,32,"2,2,4,4,5-Pentamethylhexane"
mw_heuristic,15,101,793,439.15,False,32,"2,2,5,5-Tetramethylheptane"
mw_heuristic,15,102,794,453.15,True,33,"3,3,5,5-Tetramethylheptane"
mw_heuristic,15,103,803,452.15,False,33,"2,2,3-Trimethyloctane"
mw_heuristic,15,104,804,450.15,False,33,"2,3,5-Trimethyloctane"
mw_heuristic,15,105,845,443.15834,False,33,"2,2,4-Trimethyloctane"
mw_heuristic,15,106,856,448.0,False,33,"2,3-Dimethylnonane"
mw_heuristic,15,107,904,447.15,False,33,"2,2,6-Trimethyloctane"
mw_heuristic,15,108,913,451.15,False,33,"2,4-Dimethylnonane"
mw_heuristic,15,109,914,456.46543,True,34,"4,4-Diethylheptane"
mw_heuristic,15,110,922,457.15,True,35,4-Ethylnonane
mw_heuristic,15,111,930,455.15,True,36,"3,3-Dimethylnonane"
mw_heuristic,15,112,932,461.15,True,37,3-Ethylnonane
mw_heuristic,15,113,934,455.15,True,38,"2,3,3-Trimethyloctane"
mw_heuristic,15,114,936,451.15,False,38,"2,5,6-Trimethyloctane"
mw_heuristic,15,115,937,447.15,False,38,"2,4,6-Trimethyloctane"
mw_heuristic,15,116,938,447.15,False,38,"2,2,3,5-Tetramethylheptane"
mw_heuristic,15,117,979,452.15,False,38,"2,3,4,5-Tetramethylheptane"
mw_heuristic,15,118,983,450.15,False,38,"3-Ethyl-2,4,5-trimethylhexane"
mw_heuristic,15,119,1096,453.15,True,39,"2,7-Dimethylnonane"
mw_heuristic,15,120,1097,456.15,True,40,"2,8-Dimethylnonane"
mw_heuristic,15,121,1113,454.15,True,41,"3,4,5-Trimethyloctane"
mw_heuristic,15,122,1114,459.15,True,42,"3-Ethyl-2,2,3,4-tetramethylpentane"
mw_heuristic,15,123,1115,462.15,True,43,"3,3-Diethyl-2,2-dimethylpentane"
mw_heuristic,15,124,1116,467.15,True,44,"2,2,3,3,4,4-Hexamethylpentane"
mw_heuristic,15,125,1119,458.15,True,45,"3,4-Dimethylnonane"
mw_heuristic,15,126,1127,447.15,False,45,4-Tert-butylheptane
mw_heuristic,15,127,1129,453.15,True,46,"2,3,4-Trimethyloctane"
mw_heuristic,15,128,1130,453.15,True,47,4-Ethyl-4-methyloctane
mw_heuristic,15,129,1131,443.15,False,47,"2,4,7-Trimethyloctane"
mw_heuristic,15,130,1132,454.15,True,48,"4-Ethyl-3,5-dimethylheptane"
mw_heuristic,15,131,1139,451.15,False,48,4-Isopropyloctane
mw_heuristic,15,132,1140,443.15,False,48,"3-Ethyl-2,2,5-trimethylhexane"
mw_heuristic,15,133,1143,442.15,False,48,"2,2,4,5-Tetramethylheptane"
mw_heuristic,15,134,1144,447.15,False,48,"3,3,5-Trimethyloctane"
mw_heuristic,15,135,1145,443.15,False,48,"2,2,4,4-Tetramethylheptane"
mw_heuristic,15,136,1146,458.15,True,49,"3,4,4,5-Tetramethylheptane"
mw_heuristic,15,137,1147,448.15,False,49,"2,3,5,6-Tetramethylheptane"
mw_heuristic,15,138,1149,437.15,False,49,"2,4,4,6-Tetramethylheptane"
mw_heuristic,15,139,1151,451.15,False,49,4-Methyl-4-propylheptane
mw_heuristic,15,140,1152,452.15,False,49,"3,4,6-Trimethyloctane"
mw_heuristic,15,141,1153,438.275,False,49,"2,2,3,5,5-Pentamethylhexane"
mw_heuristic,15,142,1157,450.15,False,49,"5,5-Dimethylnonane"
mw_heuristic,15,143,1162,441.15,False,49,"4-Ethyl-2,2-dimethylheptane"
mw_heuristic,15,144,1163,443.15,False,49,"2,2,7-Trimethyloctane"
mw_heuristic,15,145,1165,449.15,False,49,"3-Ethyl-2,5-dimethylheptane"
mw_heuristic,15,146,1166,459.9,True,50,"3,3-Diethylheptane"
mw_heuristic,15,147,1167,455.15,True,51,"3,3,4-Trimethyloctane"
mw_heuristic,15,148,1170,455.15,True,52,"3,6-Dimethylnonane"
mw_heuristic,15,149,1171,452.8,False,52,"2,2,3,3-Tetramethylheptane"
mw_heuristic,15,150,1172,454.15,True,53,"3,3,4,5-Tetramethylheptane"
greedy_gp,15,1,1015,360.15,False,0,5-Methyl-2-hexene
greedy_gp,15,2,1156,471.15,True,1,5-Ethyl-5-methylnonane
greedy_gp,15,3,301,484.18843,False,1,2-Decanol
greedy_gp,15,4,252,629.15,False,1,1-Eicosanol
greedy_gp,15,5,553,507.15,False,1,"N,N-Dimethyldecylamine"
greedy_gp,15,6,877,436.86,False,1,"3-Ethyl-2,3-dimethylhexane"
greedy_gp,15,7,429,336.15,False,1,Sec-butylamine
greedy_gp,15,8,56,497.15,False,1,"3,7-Dimethyloctan-1-ol"
greedy_gp,15,9,861,385.15,False,1,"3,5-Dimethylhex-2-ene"
greedy_gp,15,10,715,440.15,False,1,2-Methyl-1-nonene
greedy_gp,15,11,500,506.02,False,1,"3,6-Nonadien-1-ol"
greedy_gp,15,12,906,444.86543,False,1,"2,4,4-Trimethyl-3-hexanol"
greedy_gp,15,13,302,469.05,True,2,Undecane
greedy_gp,15,14,1178,452.15,False,2,"2,3,4-Trimethylhexan-3-ol"
greedy_gp,15,15,811,451.05,False,2,"3-Ethyl-2,4-dimethylpentan-3-ol"
greedy_gp,15,16,526,507.15,False,2,"2-Methyl-2-propylpropane-1,3-diol"
greedy_gp,15,17,922,457.15,True,3,4-Ethylnonane
greedy_gp,15,18,121,517.15,False,3,"2,2-Diethyl-1,3-propanediol"
greedy_gp,15,19,149,460.15,True,4,Diisoamylamine
greedy_gp,15,20,932,461.15,True,5,3-Ethylnonane
greedy_gp,15,21,83,506.15,False,5,"2,5-Dimethyl-2,5-hexanediol"
greedy_gp,15,22,607,479.15,False,5,"2,3-Dimethyldecane"
greedy_gp,15,23,800,494.15,False,5,"2,2-Dimethylundecane"
greedy_gp,15,24,842,478.15,False,5,"3,8-Dimethyldecane"
greedy_gp,15,25,1192,452.15,False,5,"3,5-Diethylheptane"
greedy_gp,15,26,1074,460.26,True,6,"Hepta-2,4-dien-1-ol"
greedy_gp,15,27,481,431.55,False,6,"4-Methylhepta-1,6-dien-4-ol"
greedy_gp,15,28,1199,468.15,True,7,"2,2,3,3,5,5-Hexamethylhexane"
greedy_gp,15,29,825,463.85,True,8,2-Methyl-1-decene
greedy_gp,15,30,903,458.15,True,9,2-(Pentyloxy)ethanol
greedy_gp,15,31,658,454.65,True,10,2-Methyl-3-octanol
greedy_gp,15,32,530,450.15,False,10,"2-Methylpropane-1,2-diol"
greedy_gp,15,33,669,465.4,True,11,4-Methyl-2-propylpentan-1-ol
greedy_gp,15,34,981,453.15,True,12,3-Methyl-4-octanol
greedy_gp,15,35,0,470.65,True,13,Ethylene Glycol
greedy_gp,15,36,647,448.15,False,13,"2-Methylbutane-2,3-diol"
greedy_gp,15,37,704,409.64,False,13,"2,4,6-Octatriyne"
greedy_gp,15,38,765,483.82,False,13,2-Octyn-1-ol
greedy_gp,15,39,46,423.15,False,13,Triallylamine
greedy_gp,15,40,597,370.15,False,13,3-Octyn-1-ol
greedy_gp,15,41,558,494.15,False,13,"2-Methyl-1,3-propanediol"
greedy_gp,15,42,170,469.1,True,14,"1,2-Butanediol"
greedy_gp,15,43,142,487.85,False,14,"1,3-Propanediol"
greedy_gp,15,44,1236,466.15,True,15,"2,2,3,3,6-Pentamethylheptane"
greedy_gp,15,45,1240,459.15,True,16,"2,2,5,5,6-Pentamethylheptane"
greedy_gp,15,46,677,460.65,True,17,"2,2,4,4,6-Pentamethylheptane"
greedy_gp,15,47,1245,469.15,True,18,"2,4,4,5,5-Pentamethylheptane"
greedy_gp,15,48,438,451.15,False,18,"2,2,4,6,6-Pentamethylheptane"
greedy_gp,15,49,997,460.44,True,19,"(E,E,Z)-Undeca-1,3,5,8-tetraene"
greedy_gp,15,50,419,462.35,True,20,2-Methyldecane
greedy_gp,15,51,1076,456.28,True,21,"1,3,5-Undecatriene"
greedy_gp,15,52,523,459.00627,True,22,"2,2,7,7-Tetramethyloctane"
greedy_gp,15,53,1174,455.9,True,23,"2,2,6,6-Tetramethyloctane"
greedy_gp,15,54,635,459.15,True,24,5-Methyldecane
greedy_gp,15,55,1204,479.15,False,24,"3,3-Diethyl-2,2,4-trimethylpentane"
greedy_gp,15,56,1241,457.15,True,25,"2,2,5,5-Tetramethyloctane"
greedy_gp,15,57,9,460.45,True,26,Propylene Glycol
greedy_gp,15,58,814,461.15,True,27,"R-1,2-Propanediol"
greedy_gp,15,59,734,462.0,True,28,"1,10-Undecadiene"
greedy_gp,15,60,8,467.85,True,29,1-Octanol
greedy_gp,15,61,795,462.9,True,30,"3,3,6,6-Tetramethyloctane"
greedy_gp,15,62,1232,467.8,True,31,"3,4,5,5-Tetramethylhexan-3-ol"
greedy_gp,15,63,1249,460.65,True,32,"2,2,4,4-Tetramethyl-3-hexanol"
greedy_gp,15,64,1,455.15,True,33,"2,3-Butanediol"
greedy_gp,15,65,807,456.65,True,34,"meso-2,3-Butanediol"
greedy_gp,15,66,810,350.5,False,34,"(R,R)-2,3-butanediol"
greedy_gp,15,67,818,453.65,True,35,"(2S,3S)-butane-2,3-diol"
greedy_gp,15,68,360,461.15,True,36,4-Methyldecane
greedy_gp,15,69,627,465.15,True,37,3-Methyldecane
greedy_gp,15,70,1133,464.89743,True,38,"2,2,3,4-Tetramethylhexan-3-ol"
greedy_gp,15,71,139,469.65,True,39,"3-Butene-1,2-diol"
greedy_gp,15,72,683,376.4,False,39,Non-3-yn-1-ol
greedy_gp,15,73,30,447.15,False,39,Pinacol
greedy_gp,15,74,217,440.15,False,39,"2,2-Diethoxyethanol"
greedy_gp,15,75,533,452.15,False,39,4-Ethyl-4-heptanol
greedy_gp,15,76,134,283.15,False,39,"1,3-Butadiyne"
greedy_gp,15,77,684,327.66,False,39,Ethynol
greedy_gp,15,78,724,328.15,False,39,"1,3-Pentadiyne"
greedy_gp,15,79,16,704.0,False,39,Sorbitol
greedy_gp,15,80,3,111.65,False,39,Methane
greedy_gp,15,81,1183,457.0,True,40,"2,4,4,7-Tetramethyloctane"
greedy_gp,15,82,1154,459.4,True,41,"2,4,5,7-Tetramethyloctane"
greedy_gp,15,83,477,480.15,False,41,Neopentyl glycol
greedy_gp,15,84,914,456.46543,True,42,"4,4-Diethylheptane"
greedy_gp,15,85,1233,452.15,False,42,3-Methyl-4-propylheptane
greedy_gp,15,86,546,525.15,False,42,1-Tetradecyne
greedy_gp,15,87,695,536.15,False,42,2-Tetradecyne
greedy_gp,15,88,789,528.15,False,42,3-Tetradecyne
greedy_gp,15,89,898,528.92,False,42,4-Tetradecyne
greedy_gp,15,90,365,529.36,False,42,"3-Hexyne-2,5-diol"
greedy_gp,15,91,1211,468.15,True,43,2-Ethyl-4-methylhexan-1-ol
greedy_gp,15,92,1105,468.15,True,44,"2,3,4,5,6-Pentamethylheptane"
greedy_gp,15,93,769,453.22759,True,45,4-Methyl-4-octanol
greedy_gp,15,94,409,462.15,True,46,3-Methyl-3-octanol
greedy_gp,15,95,1141,458.15,True,47,4-Tert-butyl-2-methylheptane
greedy_gp,15,96,331,471.15,True,48,Nonylamine
greedy_gp,15,97,1182,453.15,True,49,4-Ethyl-5-methyloctane
greedy_gp,15,98,499,473.15,False,49,"2,2,3-Trimethylnonane"
greedy_gp,15,99,1225,447.15,False,49,2-Methyl-4-propylheptane
greedy_gp,15,100,918,472.15,True,50,"3,4,5,6-Tetramethyloctane"
greedy_gp,15,101,99,479.65,False,50,Diethylenetriamine
greedy_gp,15,102,813,481.15,False,50,"3-Methyl-1,3-butanediol"
greedy_gp,15,103,792,455.15,True,51,"2,4,6-Trimethyl-4-heptanol"
greedy_gp,15,104,1164,464.15,True,52,"2,2,4-Trimethylnonane"
greedy_gp,15,105,1139,451.15,False,52,4-Isopropyloctane
greedy_gp,15,106,123,394.15,False,52,"N,N-Diisopropylethylenediamine"
greedy_gp,15,107,668,514.75,False,52,"3,7-Dimethylocta-1,5,7-trien-3-ol"
greedy_gp,15,108,1072,514.75,False,52,Hotrienol
greedy_gp,15,109,1221,463.15,True,53,"2,6,6-Trimethylnonane"
greedy_gp,15,110,1223,463.15,True,54,"2,5,5-Trimethylnonane"
greedy_gp,15,111,1022,478.54,False,54,3-Octen-2-OL
greedy_gp,15,112,1150,463.0,True,55,"2,5,8-Trimethylnonane"
greedy_gp,15,113,1166,459.9,True,56,"3,3-Diethylheptane"
greedy_gp,15,114,1070,448.15,False,56,2-Octen-4-ol
greedy_gp,15,115,15,355.36,False,56,Isopropyl Alcohol
greedy_gp,15,116,974,447.15,False,56,(S)-1-Octen-3-ol
greedy_gp,15,117,935,469.15,True,57,"3-Ethyl-2,7-dimethyloctane"
greedy_gp,15,118,278,465.85,True,58,1-Undecene
greedy_gp,15,119,919,473.15,False,58,"3,4,7-Trimethylnonane"
greedy_gp,15,120,696,455.44,True,59,Undec-4-ene
greedy_gp,15,121,1021,466.15,True,60,(E)-4-Undecene
greedy_gp,15,122,699,465.45,True,61,5-Undecene
greedy_gp,15,123,1151,451.15,False,61,4-Methyl-4-propylheptane
greedy_gp,15,124,1137,470.15,True,62,"3-Ethyl-2,6-dimethyloctane"
greedy_gp,15,125,1222,457.75,True,63,"2,6-Dimethyl-4-propylheptane"
greedy_gp,15,126,1138,463.15,True,64,"4-Ethyl-2,6-dimethyloctane"
greedy_gp,15,127,678,575.34,False,64,9-Dodecyn-1-ol
greedy_gp,15,128,1205,473.15,False,64,"3,3-Diethyl-2,4-dimethylhexane"
greedy_gp,15,129,1130,453.15,True,65,4-Ethyl-4-methyloctane
greedy_gp,15,130,1220,463.15,True,66,"2,5-Dimethyl-4-propylheptane"
greedy_gp,15,131,940,488.15,False,66,"N,N-Dimethylnonylamine"
greedy_gp,15,132,787,473.15,False,66,3-Undecyne
greedy_gp,15,133,788,471.65,True,67,4-Undecyne
greedy_gp,15,134,1109,471.15,True,68,"N,N-Diethylheptylamine"
greedy_gp,15,135,786,479.15,False,68,2-Undecyne
greedy_gp,15,136,920,483.15,False,68,"3,4-Dimethyl-3,4-diethyl-hexane"
greedy_gp,15,137,1160,460.15,True,69,"4-Ethyl-2,2-dimethyloctane"
greedy_gp,15,138,916,472.15,True,70,"3,6-Dimethyl-3-ethyl-octane"
greedy_gp,15,139,1187,464.15,True,71,4-Tert-butyloctane
greedy_gp,15,140,54,505.15,False,71,"N,N-Bis(3-aminopropyl)methylamine"
greedy_gp,15,141,513,413.15,False,71,"1,3-Butanediamine"
greedy_gp,15,142,1136,464.15,True,72,"4-Ethyl-2,4-dimethyloctane"
greedy_gp,15,143,1184,453.15,True,73,3-Ethyl-5-methyloctane
greedy_gp,15,144,1218,462.15,True,74,"2,4-Dimethyl-4-propylheptane"
greedy_gp,15,145,606,455.15,True,75,"4,5-Dimethylnonane"
greedy_gp,15,146,587,357.15,False,75,Tris(2-methylallyl)amine
greedy_gp,15,147,529,465.15,True,76,"N,N,N',N'-Tetraethylethylenediamine"
greedy_gp,15,148,1168,473.15,False,76,"3-Ethyl-3,4-dimethyloctane"
greedy_gp,15,149,921,470.15,True,77,"3-Methyl, 3,5-diethyl, heptane"
greedy_gp,15,150,1230,469.15,True,78,"3,3-Dimethyl-4-propylheptane"
prob_in_spec,15,1,1015,360.15,False,0,5-Methyl-2-hexene
prob_in_spec,15,2,1156,471.15,True,1,5-Ethyl-5-methylnonane
prob_in_spec,15,3,301,484.18843,False,1,2-Decanol
prob_in_spec,15,4,252,629.15,False,1,1-Eicosanol
prob_in_spec,15,5,553,507.15,False,1,"N,N-Dimethyldecylamine"
prob_in_spec,15,6,877,436.86,False,1,"3-Ethyl-2,3-dimethylhexane"
prob_in_spec,15,7,429,336.15,False,1,Sec-butylamine
prob_in_spec,15,8,56,497.15,False,1,"3,7-Dimethyloctan-1-ol"
prob_in_spec,15,9,861,385.15,False,1,"3,5-Dimethylhex-2-ene"
prob_in_spec,15,10,715,440.15,False,1,2-Methyl-1-nonene
prob_in_spec,15,11,922,457.15,True,2,4-Ethylnonane
prob_in_spec,15,12,932,461.15,True,3,3-Ethylnonane
prob_in_spec,15,13,635,459.15,True,4,5-Methyldecane
prob_in_spec,15,14,360,461.15,True,5,4-Methyldecane
prob_in_spec,15,15,627,465.15,True,6,3-Methyldecane
prob_in_spec,15,16,419,462.35,True,7,2-Methyldecane
prob_in_spec,15,17,302,469.05,True,8,Undecane
prob_in_spec,15,18,1096,453.15,True,9,"2,7-Dimethylnonane"
prob_in_spec,15,19,1097,456.15,True,10,"2,8-Dimethylnonane"
prob_in_spec,15,20,458,452.15,False,10,"2,6-Dimethylnonane"
prob_in_spec,15,21,825,463.85,True,11,2-Methyl-1-decene
prob_in_spec,15,22,696,455.44,True,12,Undec-4-ene
prob_in_spec,15,23,1021,466.15,True,13,(E)-4-Undecene
prob_in_spec,15,24,699,465.45,True,14,5-Undecene
prob_in_spec,15,25,1164,464.15,True,15,"2,2,4-Trimethylnonane"
prob_in_spec,15,26,1160,460.15,True,16,"4-Ethyl-2,2-dimethyloctane"
prob_in_spec,15,27,1154,459.4,True,17,"2,4,5,7-Tetramethyloctane"
prob_in_spec,15,28,1183,457.0,True,18,"2,4,4,7-Tetramethyloctane"
prob_in_spec,15,29,795,462.9,True,19,"3,3,6,6-Tetramethyloctane"
prob_in_spec,15,30,1187,464.15,True,20,4-Tert-butyloctane
prob_in_spec,15,31,499,473.15,False,20,"2,2,3-Trimethylnonane"
prob_in_spec,15,32,1222,457.75,True,21,"2,6-Dimethyl-4-propylheptane"
prob_in_spec,15,33,1138,463.15,True,22,"4-Ethyl-2,6-dimethyloctane"
prob_in_spec,15,34,1223,463.15,True,23,"2,5,5-Trimethylnonane"
prob_in_spec,15,35,918,472.15,True,24,"3,4,5,6-Tetramethyloctane"
prob_in_spec,15,36,1136,464.15,True,25,"4-Ethyl-2,4-dimethyloctane"
prob_in_spec,15,37,1220,463.15,True,26,"2,5-Dimethyl-4-propylheptane"
prob_in_spec,15,38,1218,462.15,True,27,"2,4-Dimethyl-4-propylheptane"
prob_in_spec,15,39,1174,455.9,True,28,"2,2,6,6-Tetramethyloctane"
prob_in_spec,15,40,1221,463.15,True,29,"2,6,6-Trimethylnonane"
prob_in_spec,15,41,1236,466.15,True,30,"2,2,3,3,6-Pentamethylheptane"
prob_in_spec,15,42,1243,467.15,True,31,"2,3-Dimethyl-4-propylheptane"
prob_in_spec,15,43,1105,468.15,True,32,"2,3,4,5,6-Pentamethylheptane"
prob_in_spec,15,44,1150,463.0,True,33,"2,5,8-Trimethylnonane"
prob_in_spec,15,45,1226,462.0,True,34,2-Methyl-5-propyloctane
prob_in_spec,15,46,1240,459.15,True,35,"2,2,5,5,6-Pentamethylheptane"
prob_in_spec,15,47,1141,458.15,True,36,4-Tert-butyl-2-methylheptane
prob_in_spec,15,48,1112,470.15,True,37,"5,5-Dimethyldecane"
prob_in_spec,15,49,1199,468.15,True,38,"2,2,3,3,5,5-Hexamethylhexane"
prob_in_spec,15,50,935,469.15,True,39,"3-Ethyl-2,7-dimethyloctane"
prob_in_spec,15,51,1177,457.15,True,40,"2,2,3,3,4-Pentamethylhexane"
prob_in_spec,15,52,1206,462.15,True,41,"3,3-Diethyl-2,4-dimethylpentane"
prob_in_spec,15,53,1203,460.15,True,42,"2,3,3,4,4-Pentamethylhexane"
prob_in_spec,15,54,1208,459.15,True,43,"3,3-Diethyl-2-methylhexane"
prob_in_spec,15,55,1196,459.15,True,44,"3,4-Diethyl-3-methylhexane"
prob_in_spec,15,56,1115,462.15,True,45,"3,3-Diethyl-2,2-dimethylpentane"
prob_in_spec,15,57,1114,459.15,True,46,"3-Ethyl-2,2,3,4-tetramethylpentane"
prob_in_spec,15,58,1116,467.15,True,47,"2,2,3,3,4,4-Hexamethylpentane"
prob_in_spec,15,59,734,462.0,True,48,"1,10-Undecadiene"
prob_in_spec,15,60,278,465.85,True,49,1-Undecene
prob_in_spec,15,61,1137,470.15,True,50,"3-Ethyl-2,6-dimethyloctane"
prob_in_spec,15,62,1229,469.15,True,51,"3,5-Dimethyl-4-propylheptane"
prob_in_spec,15,63,523,459.00627,True,52,"2,2,7,7-Tetramethyloctane"
prob_in_spec,15,64,1227,457.15,True,53,"3,3,4,4-Tetramethylheptane"
prob_in_spec,15,65,856,448.0,False,53,"2,3-Dimethylnonane"
prob_in_spec,15,66,1241,457.15,True,54,"2,2,5,5-Tetramethyloctane"
prob_in_spec,15,67,1230,469.15,True,55,"3,3-Dimethyl-4-propylheptane"
prob_in_spec,15,68,1166,459.9,True,56,"3,3-Diethylheptane"
prob_in_spec,15,69,924,471.15,True,57,"4,6-Dimethyldecane"
prob_in_spec,15,70,1190,470.15,True,58,"3,5-Diethyloctane"
prob_in_spec,15,71,914,456.46543,True,59,"4,4-Diethylheptane"
prob_in_spec,15,72,1146,458.15,True,60,"3,4,4,5-Tetramethylheptane"
prob_in_spec,15,73,919,473.15,False,60,"3,4,7-Trimethylnonane"
prob_in_spec,15,74,921,470.15,True,61,"3-Methyl, 3,5-diethyl, heptane"
prob_in_spec,15,75,916,472.15,True,62,"3,6-Dimethyl-3-ethyl-octane"
prob_in_spec,15,76,831,466.15,True,63,"4,5-Diethyloctane"
prob_in_spec,15,77,1119,458.15,True,64,"3,4-Dimethylnonane"
prob_in_spec,15,78,1158,472.15,True,65,"4,4-Dimethyldecane"
prob_in_spec,15,79,1245,469.15,True,66,"2,4,4,5,5-Pentamethylheptane"
prob_in_spec,15,80,459,457.15,True,67,"3,7-Dimethylnonane"
prob_in_spec,15,81,1179,454.15,True,68,"2,3,3,4,5-Pentamethylhexane"
prob_in_spec,15,82,1228,471.15,True,69,"3,4-Dimethyl-4-propylheptane"
prob_in_spec,15,83,830,472.15,True,70,4-Ethyl-5-methylnonane
prob_in_spec,15,84,840,471.15,True,71,"2,5-Dimethyldecane"
prob_in_spec,15,85,912,470.15,True,72,5-Propylnonane
prob_in_spec,15,86,930,455.15,True,73,"3,3-Dimethylnonane"
prob_in_spec,15,87,1188,455.15,True,74,3-Ethyl-6-methyloctane
prob_in_spec,15,88,854,473.15,False,74,"2,4-Dimethyldecane"
prob_in_spec,15,89,925,472.15,True,75,"4,7-Dimethyldecane"
prob_in_spec,15,90,732,471.15,True,76,"2,6-Dimethyldecane"
prob_in_spec,15,91,1186,472.15,True,77,"3,4-Diethyloctane"
prob_in_spec,15,92,589,502.15,False,77,Undecylamine
prob_in_spec,15,93,1172,454.15,True,78,"3,3,4,5-Tetramethylheptane"
prob_in_spec,15,94,923,473.15,False,78,"3,5-Dimethyldecane"
prob_in_spec,15,95,1237,459.15,True,79,"2,2,3,4,4-Pentamethylhexane"
prob_in_spec,15,96,1209,451.15,False,79,"3-Ethyl-2,4,4-trimethylhexane"
prob_in_spec,15,97,331,471.15,True,80,Nonylamine
prob_in_spec,15,98,1167,455.15,True,81,"3,3,4-Trimethyloctane"
prob_in_spec,15,99,1132,454.15,True,82,"4-Ethyl-3,5-dimethylheptane"
prob_in_spec,15,100,606,455.15,True,83,"4,5-Dimethylnonane"
prob_in_spec,15,101,334,445.15,False,83,"N,N-Dimethylheptylamine"
prob_in_spec,15,102,376,432.15,False,83,N-Methyldibutylamine
prob_in_spec,15,103,45,426.15,False,83,Tripropylamine
prob_in_spec,15,104,563,351.65,False,83,n-Methyloctan-1-amine
prob_in_spec,15,105,1192,452.15,False,83,"3,5-Diethylheptane"
prob_in_spec,15,106,728,486.15,False,83,6-Dodecyne
prob_in_spec,15,107,755,483.16,False,83,5-Dodecyne
prob_in_spec,15,108,767,483.16,False,83,4-Dodecyne
prob_in_spec,15,109,727,492.55,False,83,3-Dodecyne
prob_in_spec,15,110,754,482.28,False,83,"2,9-Dimethyl-5-decyne"
prob_in_spec,15,111,298,467.15,True,84,Triisobutylamine
prob_in_spec,15,112,587,357.15,False,84,Tris(2-methylallyl)amine
prob_in_spec,15,113,1171,452.8,False,84,"2,2,3,3-Tetramethylheptane"
prob_in_spec,15,114,944,434.17,False,84,"2,2-Dimethyl-3-octyne"
prob_in_spec,15,115,1142,436.96,False,84,8-Methylnon-4-yne
prob_in_spec,15,116,712,471.09534,True,85,5-Undecyne
prob_in_spec,15,117,788,471.65,True,86,4-Undecyne
prob_in_spec,15,118,787,473.15,False,86,3-Undecyne
prob_in_spec,15,119,786,479.15,False,86,2-Undecyne
prob_in_spec,15,120,559,469.15,True,87,1-Undecyne
prob_in_spec,15,121,410,481.65,False,87,"1,11-Dodecadiene"
prob_in_spec,15,122,460,474.15,False,87,"2,2-Dimethyldecane"
prob_in_spec,15,123,1130,453.15,True,88,4-Ethyl-4-methyloctane
prob_in_spec,15,124,782,523.84,False,88,"4,5-Dipropyl-4-octene"
prob_in_spec,15,125,832,474.15,False,88,"5,6-Dimethyldecane"
prob_in_spec,15,126,700,431.4,False,88,"3,4-Diethyl-3-hexene"
prob_in_spec,15,127,1169,473.15,False,88,"4,4-Diethyloctane"
prob_in_spec,15,128,1216,457.05,True,89,"3,3-Dimethylnon-4-yne"
prob_in_spec,15,129,841,474.15,False,89,"3,6-Dimethyldecane"
prob_in_spec,15,130,1170,455.15,True,90,"3,6-Dimethylnonane"
prob_in_spec,15,131,1231,454.15,True,91,"3,4,4-Trimethyloctane"
prob_in_spec,15,132,934,455.15,True,92,"2,3,3-Trimethyloctane"
prob_in_spec,15,133,1182,453.15,True,93,4-Ethyl-5-methyloctane
prob_in_spec,15,134,8,467.85,True,94,1-Octanol
prob_in_spec,15,135,394,451.65,False,94,2-Octanol
prob_in_spec,15,136,594,443.15,False,94,"2,6-Dimethyl-2-heptanol"
prob_in_spec,15,137,1108,447.15,False,94,"2,2-Dimethyl-4-heptanol"
prob_in_spec,15,138,379,466.15,True,95,"3,5,5-Trimethyl-1-hexanol"
prob_in_spec,15,139,822,459.15,True,96,3-Methyl-1-heptanol
prob_in_spec,15,140,670,457.15,True,97,4-Methyl-1-heptanol
prob_in_spec,15,141,808,453.15,True,98,2-Methyl-1-heptanol
prob_in_spec,15,142,1117,456.27755,True,99,(S)-(+)-5-Methyl-1-heptanol
prob_in_spec,15,143,51,459.35,True,100,2-Ethylhexan-1-ol
prob_in_spec,15,144,467,448.15,False,100,"2,6-Dimethyl-3-heptanol"
prob_in_spec,15,145,533,452.15,False,100,4-Ethyl-4-heptanol
prob_in_spec,15,146,1211,468.15,True,101,2-Ethyl-4-methylhexan-1-ol
prob_in_spec,15,147,669,465.4,True,102,4-Methyl-2-propylpentan-1-ol
prob_in_spec,15,148,351,479.15,False,102,Isononyl alcohol
prob_in_spec,15,149,468,452.15,False,102,"3,5-Dimethyl-4-heptanol"
prob_in_spec,15,150,864,479.15,False,102,6-Methyloctan-1-ol
qlogei_target,15,1,1015,360.15,False,0,5-Methyl-2-hexene
qlogei_target,15,2,1156,471.15,True,1,5-Ethyl-5-methylnonane
qlogei_target,15,3,301,484.18843,False,1,2-Decanol
qlogei_target,15,4,252,629.15,False,1,1-Eicosanol
qlogei_target,15,5,553,507.15,False,1,"N,N-Dimethyldecylamine"
qlogei_target,15,6,877,436.86,False,1,"3-Ethyl-2,3-dimethylhexane"
qlogei_target,15,7,429,336.15,False,1,Sec-butylamine
qlogei_target,15,8,56,497.15,False,1,"3,7-Dimethyloctan-1-ol"
qlogei_target,15,9,861,385.15,False,1,"3,5-Dimethylhex-2-ene"
qlogei_target,15,10,715,440.15,False,1,2-Methyl-1-nonene
qlogei_target,15,11,922,457.15,True,2,4-Ethylnonane
qlogei_target,15,12,658,454.65,True,3,2-Methyl-3-octanol
qlogei_target,15,13,825,463.85,True,4,2-Methyl-1-decene
qlogei_target,15,14,914,456.46543,True,5,"4,4-Diethylheptane"
qlogei_target,15,15,625,466.65,True,6,1-Nonen-3-ol
qlogei_target,15,16,412,465.65,True,7,4-Nonanol
qlogei_target,15,17,699,465.45,True,8,5-Undecene
qlogei_target,15,18,669,465.4,True,9,4-Methyl-2-propylpentan-1-ol
qlogei_target,15,19,239,466.65,True,10,2-Nonanol
qlogei_target,15,20,278,465.85,True,11,1-Undecene
qlogei_target,15,21,696,455.44,True,12,Undec-4-ene
qlogei_target,15,22,221,467.9,True,13,3-Nonanol
qlogei_target,15,23,409,462.15,True,14,3-Methyl-3-octanol
qlogei_target,15,24,1211,468.15,True,15,2-Ethyl-4-methylhexan-1-ol
qlogei_target,15,25,419,462.35,True,16,2-Methyldecane
qlogei_target,15,26,981,453.15,True,17,3-Methyl-4-octanol
qlogei_target,15,27,1021,466.15,True,18,(E)-4-Undecene
qlogei_target,15,28,467,448.15,False,18,"2,6-Dimethyl-3-heptanol"
qlogei_target,15,29,769,453.22759,True,19,4-Methyl-4-octanol
qlogei_target,15,30,594,443.15,False,19,"2,6-Dimethyl-2-heptanol"
qlogei_target,15,31,932,461.15,True,20,3-Ethylnonane
qlogei_target,15,32,627,465.15,True,21,3-Methyldecane
qlogei_target,15,33,351,479.15,False,21,Isononyl alcohol
qlogei_target,15,34,734,462.0,True,22,"1,10-Undecadiene"
qlogei_target,15,35,302,469.05,True,23,Undecane
qlogei_target,15,36,635,459.15,True,24,5-Methyldecane
qlogei_target,15,37,795,462.9,True,25,"3,3,6,6-Tetramethyloctane"
qlogei_target,15,38,500,506.02,False,25,"3,6-Nonadien-1-ol"
qlogei_target,15,39,360,461.15,True,26,4-Methyldecane
qlogei_target,15,40,1245,469.15,True,27,"2,4,4,5,5-Pentamethylheptane"
qlogei_target,15,41,1240,459.15,True,28,"2,2,5,5,6-Pentamethylheptane"
qlogei_target,15,42,677,460.65,True,29,"2,2,4,4,6-Pentamethylheptane"
qlogei_target,15,43,523,459.00627,True,30,"2,2,7,7-Tetramethyloctane"
qlogei_target,15,44,438,451.15,False,30,"2,2,4,6,6-Pentamethylheptane"
qlogei_target,15,45,1145,443.15,False,30,"2,2,4,4-Tetramethylheptane"
qlogei_target,15,46,1241,457.15,True,31,"2,2,5,5-Tetramethyloctane"
qlogei_target,15,47,1105,468.15,True,32,"2,3,4,5,6-Pentamethylheptane"
qlogei_target,15,48,1141,458.15,True,33,4-Tert-butyl-2-methylheptane
qlogei_target,15,49,1174,455.9,True,34,"2,2,6,6-Tetramethyloctane"
qlogei_target,15,50,1236,466.15,True,35,"2,2,3,3,6-Pentamethylheptane"
qlogei_target,15,51,1183,457.0,True,36,"2,4,4,7-Tetramethyloctane"
qlogei_target,15,52,1160,460.15,True,37,"4-Ethyl-2,2-dimethyloctane"
qlogei_target,15,53,1164,464.15,True,38,"2,2,4-Trimethylnonane"
qlogei_target,15,54,755,483.16,False,38,5-Dodecyne
qlogei_target,15,55,1199,468.15,True,39,"2,2,3,3,5,5-Hexamethylhexane"
qlogei_target,15,56,1223,463.15,True,40,"2,5,5-Trimethylnonane"
qlogei_target,15,57,1114,459.15,True,41,"3-Ethyl-2,2,3,4-tetramethylpentane"
qlogei_target,15,58,1154,459.4,True,42,"2,4,5,7-Tetramethyloctane"
qlogei_target,15,59,1221,463.15,True,43,"2,6,6-Trimethylnonane"
qlogei_target,15,60,1222,457.75,True,44,"2,6-Dimethyl-4-propylheptane"
qlogei_target,15,61,1187,464.15,True,45,4-Tert-butyloctane
qlogei_target,15,62,1218,462.15,True,46,"2,4-Dimethyl-4-propylheptane"
qlogei_target,15,63,1182,453.15,True,47,4-Ethyl-5-methyloctane
qlogei_target,15,64,499,473.15,False,47,"2,2,3-Trimethylnonane"
qlogei_target,15,65,916,472.15,True,48,"3,6-Dimethyl-3-ethyl-octane"
qlogei_target,15,66,1136,464.15,True,49,"4-Ethyl-2,4-dimethyloctane"
qlogei_target,15,67,788,471.65,True,50,4-Undecyne
qlogei_target,15,68,1196,459.15,True,51,"3,4-Diethyl-3-methylhexane"
qlogei_target,15,69,805,446.65,False,51,"2,3-Dimethylbutan-2-amine"
qlogei_target,15,70,786,479.15,False,51,2-Undecyne
qlogei_target,15,71,1206,462.15,True,52,"3,3-Diethyl-2,4-dimethylpentane"
qlogei_target,15,72,1138,463.15,True,53,"4-Ethyl-2,6-dimethyloctane"
qlogei_target,15,73,1203,460.15,True,54,"2,3,3,4,4-Pentamethylhexane"
qlogei_target,15,74,1229,469.15,True,55,"3,5-Dimethyl-4-propylheptane"
qlogei_target,15,75,1115,462.15,True,56,"3,3-Diethyl-2,2-dimethylpentane"
qlogei_target,15,76,1116,467.15,True,57,"2,2,3,3,4,4-Hexamethylpentane"
qlogei_target,15,77,1177,457.15,True,58,"2,2,3,3,4-Pentamethylhexane"
qlogei_target,15,78,1091,398.25,False,58,"(E)-2,2,5,5-Tetramethylhex-3-ene"
qlogei_target,15,79,892,442.59,False,58,"3-Ethyl-2,3,4-trimethylpentane"
qlogei_target,15,80,560,457.75,True,59,2-Decyne
qlogei_target,15,81,1220,463.15,True,60,"2,5-Dimethyl-4-propylheptane"
qlogei_target,15,82,1150,463.0,True,61,"2,5,8-Trimethylnonane"
qlogei_target,15,83,1226,462.0,True,62,2-Methyl-5-propyloctane
qlogei_target,15,84,1157,450.15,False,62,"5,5-Dimethylnonane"
qlogei_target,15,85,1243,467.15,True,63,"2,3-Dimethyl-4-propylheptane"
qlogei_target,15,86,267,473.15,False,63,"2-Methyl-1,3-butanediol"
qlogei_target,15,87,365,529.36,False,63,"3-Hexyne-2,5-diol"
qlogei_target,15,88,507,413.19803,False,63,tert-Octylamine
qlogei_target,15,89,78,303.15,False,63,1-Pentene
qlogei_target,15,90,671,410.4,False,63,"4,4-Dimethyl-2-pentanol"
qlogei_target,15,91,106,451.75,False,63,Octylamine
qlogei_target,15,92,357,368.15,False,63,2-Methyl-2-hexene
qlogei_target,15,93,315,521.05,False,63,2-Methyltridecane
qlogei_target,15,94,674,438.0,False,63,"3,4-Dimethyl-1-pentanol"
qlogei_target,15,95,214,366.55,False,63,3-Ethylpentane
qlogei_target,15,96,906,444.86543,False,63,"2,4,4-Trimethyl-3-hexanol"
qlogei_target,15,97,543,413.65,False,63,Cis-3-Penten-1-ol
qlogei_target,15,98,665,402.15,False,63,4-Methyl-4-penten-2-ol
qlogei_target,15,99,908,620.44,False,63,5-Octadecyne
qlogei_target,15,100,33,300.98,False,63,Isopentane
qlogei_target,15,101,76,414.75,False,63,2-Isopropoxyethanol
qlogei_target,15,102,397,443.15,False,63,"1,2,3-Butanetriol"
qlogei_target,15,103,646,443.15,False,63,"2,2,3-Trimethylhexan-3-ol"
qlogei_target,15,104,937,447.15,False,63,"2,4,6-Trimethyloctane"
qlogei_target,15,105,207,354.15,False,63,"1,2-Dimethylpropylamine"
qlogei_target,15,106,799,404.15,False,63,"2-Butene-1,4-diol"
qlogei_target,15,107,309,504.15,False,63,2-(2-Ethylhexyloxy)ethanol
qlogei_target,15,108,681,112.15,False,63,(2H4)Methane
qlogei_target,15,109,792,455.15,True,64,"2,4,6-Trimethyl-4-heptanol"
qlogei_target,15,110,1032,397.65,False,64,"2,6-Octadiene"
qlogei_target,15,111,1208,459.15,True,65,"3,3-Diethyl-2-methylhexane"
qlogei_target,15,112,1190,470.15,True,66,"3,5-Diethyloctane"
qlogei_target,15,113,740,432.55,False,66,"3,5-Dimethyloctane"
qlogei_target,15,114,1057,394.15,False,66,3-Methyl-3-heptene
qlogei_target,15,115,322,437.15,False,66,"1,9-Decadiene"
qlogei_target,15,116,813,481.15,False,66,"3-Methyl-1,3-butanediol"
qlogei_target,15,117,1074,460.26,True,67,"Hepta-2,4-dien-1-ol"
qlogei_target,15,118,23,249.95,False,67,Propyne
qlogei_target,15,119,1186,472.15,True,68,"3,4-Diethyloctane"
qlogei_target,15,120,1047,432.56,False,68,trans-4-Decene
qlogei_target,15,121,1205,473.15,False,68,"3,3-Diethyl-2,4-dimethylhexane"
qlogei_target,15,122,563,351.65,False,68,n-Methyloctan-1-amine
qlogei_target,15,123,130,509.15,False,68,Dihexylamine
qlogei_target,15,124,1189,446.7,False,68,"2,3,4,6-Tetramethylheptane"
qlogei_target,15,125,1006,389.15,False,68,"3,4-Dimethyl-2-hexene"
qlogei_target,15,126,109,481.15,False,68,2-(Hexyloxy)ethanol
qlogei_target,15,127,1188,455.15,True,69,3-Ethyl-6-methyloctane
qlogei_target,15,128,415,411.15,False,69,3-Ethyl-1-pentyn-3-ol
qlogei_target,15,129,1137,470.15,True,70,"3-Ethyl-2,6-dimethyloctane"
qlogei_target,15,130,621,465.15,True,71,"4,7-Dimethyloctan-4-ol"
qlogei_target,15,131,1097,456.15,True,72,"2,8-Dimethylnonane"
qlogei_target,15,132,63,320.36,False,72,Propylamine
qlogei_target,15,133,410,481.65,False,72,"1,11-Dodecadiene"
qlogei_target,15,134,800,494.15,False,72,"2,2-Dimethylundecane"
qlogei_target,15,135,416,431.0,False,72,"2,4-Dimethyl-1-pentanol"
qlogei_target,15,136,616,703.15,False,72,1-Octacosene
qlogei_target,15,137,8,467.85,True,73,1-Octanol
qlogei_target,15,138,418,503.15,False,73,"3,4-Diethyl-3,4-hexanediol"
qlogei_target,15,139,38,331.15,False,73,"2,3-Dimethylbutane"
qlogei_target,15,140,85,341.87,False,73,n-HEXANE
qlogei_target,15,141,903,458.15,True,74,2-(Pentyloxy)ethanol
qlogei_target,15,142,489,414.15,False,74,3-Heptanamine
qlogei_target,15,143,1112,470.15,True,75,"5,5-Dimethyldecane"
qlogei_target,15,144,767,483.16,False,75,4-Dodecyne
qlogei_target,15,145,347,445.56825,False,75,"2,2-Dimethyl-1-hexanol"
qlogei_target,15,146,1070,448.15,False,75,2-Octen-4-ol
qlogei_target,15,147,45,426.15,False,75,Tripropylamine
qlogei_target,15,148,856,448.0,False,75,"2,3-Dimethylnonane"
qlogei_target,15,149,655,433.76714,False,75,"2,4-Dimethyl-3-hexanol"
qlogei_target,15,150,751,401.65,False,75,"2,3-Butadien-1-ol"
random,16,1,704,409.64,False,0,"2,4,6-Octatriyne"
random,16,2,434,445.35,False,0,3-Methyl-1-hexanol
random,16,3,117,588.65,False,0,1-Octadecene
random,16,4,536,361.15,False,0,"1,5-Hexadiyne"
random,16,5,777,436.15,False,0,"2,2,6,6-Tetramethylheptane"
random,16,6,16,704.0,False,0,Sorbitol
random,16,7,660,489.15,False,0,5-Decanol
random,16,8,1024,501.2,False,0,cis-4-Tridecene
random,16,9,668,514.75,False,0,"3,7-Dimethylocta-1,5,7-trien-3-ol"
random,16,10,955,396.35,False,0,trans-3-Octene
random,16,11,538,586.15,False,0,1-Octadecyne
random,16,12,960,437.38,False,0,"2,4-Hexadien-1-OL"
random,16,13,708,424.15,False,0,"2,3-Dimethyl-2-hexanol"
random,16,14,1030,429.46,False,0,"3,5-Hexadien-2-ol"
random,16,15,672,521.85,False,0,3-Methyltridecane
random,16,16,577,326.45,False,0,N-Methylisopropylamine
random,16,17,1096,453.15,True,1,"2,7-Dimethylnonane"
random,16,18,27,322.85,False,1,"2,2-Dimethylbutane"
random,16,19,371,416.15,False,1,2-Methyloctane
random,16,20,775,528.92,False,1,7-Tetradecyne
random,16,21,1002,361.15,False,1,(E)-2-Methyl-3-hexene
random,16,22,1007,593.56,False,1,"(Z,Z)-Heptadeca-1,8,11-triene"
random,16,23,167,389.15,False,1,"2,3,4-Trimethyl-2-pentene"
random,16,24,57,497.15,False,1,(-)-Citronellol
random,16,25,230,424.15,False,1,4-Methyl-1-pentanol
random,16,26,1232,467.8,True,2,"3,4,5,5-Tetramethylhexan-3-ol"
random,16,27,545,488.15,False,2,1-Dodecyne
random,16,28,863,367.15,False,2,2-Methyl-3-hexyne
random,16,29,1198,448.15,False,2,"4-Ethyl-2,5-dimethylheptane"
random,16,30,325,447.25,False,2,Decane
random,16,31,940,488.15,False,2,"N,N-Dimethylnonylamine"
random,16,32,490,439.15,False,2,3-Methyl-2-heptanol
random,16,33,1112,470.15,True,3,"5,5-Dimethyldecane"
random,16,34,346,426.15,False,3,3-Methyl-2-hexanol
random,16,35,6,351.39,False,3,Ethanol
random,16,36,506,438.15,False,3,3-(Diethylamino)propylamine
random,16,37,927,674.15,False,3,1-Pentacosene
random,16,38,699,465.45,True,4,5-Undecene
random,16,39,505,417.15,False,4,"N,N-Diethylethylenediamine"
random,16,40,174,382.55,False,4,"2,4-Dimethylhexane"
random,16,41,514,448.15,False,4,3-Methoxy-3-methylbutan-1-ol
random,16,42,848,434.26,False,4,"3,4,4-Trimethylheptane"
random,16,43,1191,448.15,False,4,"2,3,3,6-Tetramethylheptane"
random,16,44,754,482.28,False,4,"2,9-Dimethyl-5-decyne"
random,16,45,1211,468.15,True,5,2-Ethyl-4-methylhexan-1-ol
random,16,46,1003,387.15,False,5,4-Methyl-2-heptene
random,16,47,670,457.15,True,6,4-Methyl-1-heptanol
random,16,48,479,411.29,False,6,"5,5-Dimethyl-3-heptyne"
random,16,49,908,620.44,False,6,5-Octadecyne
random,16,50,840,471.15,True,7,"2,5-Dimethyldecane"
random,16,51,182,352.35,False,7,"2,2-Dimethylpentane"
random,16,52,1129,453.15,True,8,"2,3,4-Trimethyloctane"
random,16,53,1083,440.64,False,8,"(E,Z)-2,6-Dimethylocta-2,4,6-triene"
random,16,54,134,283.15,False,8,"1,3-Butadiyne"
random,16,55,242,535.15,False,8,"1,7-Heptanediol"
random,16,56,457,452.15,False,8,"2,5-Dimethylnonane"
random,16,57,1226,462.0,True,9,2-Methyl-5-propyloctane
random,16,58,581,515.65,False,9,"3,6,9,12,15,18-Hexaoxaicosane-1,20-diol"
random,16,59,73,381.95884,False,9,"1,3-Dimethylbutylamine"
random,16,60,872,429.36,False,9,4-Ethyl-2-methylheptane
random,16,61,77,309.21,False,9,Pentane
random,16,62,1041,397.15,False,9,2-Octene
random,16,63,1180,444.15,False,9,"2,2,5-Trimethyloctane"
random,16,64,121,517.15,False,9,"2,2-Diethyl-1,3-propanediol"
random,16,65,8,467.85,True,10,1-Octanol
random,16,66,916,472.15,True,11,"3,6-Dimethyl-3-ethyl-octane"
random,16,67,164,415.15,False,11,3-Methyl-2-pentanol
random,16,68,1234,453.15,True,12,"4,4,5-Trimethyloctane"
random,16,69,650,484.15,False,12,Tetrahydrolavandulol
random,16,70,0,470.65,True,13,Ethylene Glycol
random,16,71,903,458.15,True,14,2-(Pentyloxy)ethanol
random,16,72,274,408.35,False,14,"2,5-Dimethyl-2,4-hexadiene"
random,16,73,1031,392.15,False,14,"1,4-Octadiene"
random,16,74,435,541.55,False,14,1-Pentadecene
random,16,75,828,384.0,False,14,"2,4-Dimethyl-2-hexene"
random,16,76,183,394.15,False,14,2-Methylpentan-2-ol
random,16,77,300,386.75,False,14,2-Heptyne
random,16,78,253,642.15,False,14,Docosane
random,16,79,248,591.15,False,14,1-Pentadecanol
random,16,80,586,423.15,False,14,2-Pentyn-1-ol
random,16,81,626,557.0,False,14,"2,5,8,11-Tetraoxatridecan-13-ol"
random,16,82,621,465.15,True,15,"4,7-Dimethyloctan-4-ol"
random,16,83,979,452.15,False,15,"2,3,4,5-Tetramethylheptane"
random,16,84,963,365.15,False,15,"cis-3,4-Dimethyl-2-pentene"
random,16,85,1078,381.0,False,15,"3-Methyl-2,4-hexadiene"
random,16,86,658,454.65,True,16,2-Methyl-3-octanol
random,16,87,438,451.15,False,16,"2,2,4,6,6-Pentamethylheptane"
random,16,88,288,485.15,False,16,3-Methylundecane
random,16,89,942,559.15,False,16,3-Hexadecyne
random,16,90,202,415.15,False,16,3-Ethyl-3-pentanol
random,16,91,475,420.05,False,16,1-Nonene
random,16,92,176,434.15,False,16,4-Heptanol
random,16,93,225,415.15,False,16,2-Methyl-2-hexanol
random,16,94,1100,716.1,False,16,Linolenyl alcohol
random,16,95,358,572.15,False,16,"1,12-Dodecanediamine"
random,16,96,1249,460.65,True,17,"2,2,4,4-Tetramethyl-3-hexanol"
random,16,97,458,452.15,False,17,"2,6-Dimethylnonane"
random,16,98,1153,438.275,False,17,"2,2,3,5,5-Pentamethylhexane"
random,16,99,101,394.45,False,17,1-Octene
random,16,100,290,419.35,False,17,"3,3-Diethylpentane"
random,16,101,137,353.95,False,17,"2,2,3-Trimethylbutane"
random,16,102,384,521.15,False,17,2-Butyl-1-octanol
random,16,103,843,501.15,False,17,"2,3-Dimethylundecane"
random,16,104,188,390.75,False,17,2-Methylheptane
random,16,105,104,444.15,False,17,2-Butoxyethanol
random,16,106,1116,467.15,True,18,"2,2,3,3,4,4-Hexamethylpentane"
random,16,107,178,392.05,False,18,3-Methylheptane
random,16,108,785,506.04,False,18,5-Tridecyne
random,16,109,892,442.59,False,18,"3-Ethyl-2,3,4-trimethylpentane"
random,16,110,430,437.15,False,18,"2,3-Dimethyl-1-pentanol"
random,16,111,401,410.15,False,18,2-Methylbut-2-en-1-ol
random,16,112,1009,546.96,False,18,7-Pentadecene
random,16,113,517,534.85,False,18,Trihexylamine
random,16,114,163,362.95,False,18,"2,3-Dimethylpentane"
random,16,115,91,417.15,False,18,"N,N,N',N'-Tetramethyl-1,3-propanediamine"
random,16,116,1235,451.15,False,18,"4,4-Dimethylnonane"
random,16,117,283,413.15,False,18,"3,4-Dimethylheptane"
random,16,118,631,427.15,False,18,"2,4-Dimethyloctane"
random,16,119,1221,463.15,True,19,"2,6,6-Trimethylnonane"
random,16,120,830,472.15,True,20,4-Ethyl-5-methylnonane
random,16,121,266,332.15,False,20,4-Methyl-2-pentene
random,16,122,263,724.15,False,20,Triacontane
random,16,123,386,409.15,False,20,"2,2-Dimethyl-3-pentanol"
random,16,124,443,437.15,False,20,5-Methylnonane
random,16,125,930,455.15,True,21,"3,3-Dimethylnonane"
random,16,126,74,405.15,False,21,4-Methyl-2-pentanol
random,16,127,409,462.15,True,22,3-Methyl-3-octanol
random,16,128,381,390.25,False,22,"1,7-Octadiene"
random,16,129,318,404.15,False,22,1-Ethoxy-2-propanol
random,16,130,829,490.15,False,22,3-Decanol
random,16,131,476,507.15,False,22,1-(2-Butoxyethoxy)-2-propanol
random,16,132,776,414.08,False,22,7-Methyl-3-octyne
random,16,133,239,466.65,True,23,2-Nonanol
random,16,134,510,498.55,False,23,"2,6,8-Trimethyl-4-nonanol"
random,16,135,304,632.15,False,23,Didecylamine
random,16,136,786,479.15,False,23,2-Undecyne
random,16,137,244,526.65,False,23,Tetradecane
random,16,138,272,335.25,False,23,2-Methyl-1-pentene
random,16,139,414,365.15,False,23,2-Methyl-1-hexene
random,16,140,1229,469.15,True,24,"3,5-Dimethyl-4-propylheptane"
random,16,141,452,415.15,False,24,"3-Ethyl-2,3-dimethylpentane"
random,16,142,633,483.65,False,24,"1,2-Pentanediol"
random,16,143,914,456.46543,True,25,"4,4-Diethylheptane"
random,16,144,411,441.15,False,25,3-Methylnonane
random,16,145,1035,501.2,False,25,6-Tridecene
random,16,146,597,370.15,False,25,3-Octyn-1-ol
random,16,147,93,506.15,False,25,"1,1'-Oxydi-2-propanol"
random,16,148,574,410.15,False,25,N-Methyldioctylamine
random,16,149,793,439.15,False,25,"2,2,5,5-Tetramethylheptane"
random,16,150,70,369.15,False,25,Isoamylamine
mw_heuristic,16,1,704,409.64,False,0,"2,4,6-Octatriyne"
mw_heuristic,16,2,434,445.35,False,0,3-Methyl-1-hexanol
mw_heuristic,16,3,117,588.65,False,0,1-Octadecene
mw_heuristic,16,4,536,361.15,False,0,"1,5-Hexadiyne"
mw_heuristic,16,5,777,436.15,False,0,"2,2,6,6-Tetramethylheptane"
mw_heuristic,16,6,16,704.0,False,0,Sorbitol
mw_heuristic,16,7,660,489.15,False,0,5-Decanol
mw_heuristic,16,8,1024,501.2,False,0,cis-4-Tridecene
mw_heuristic,16,9,668,514.75,False,0,"3,7-Dimethylocta-1,5,7-trien-3-ol"
mw_heuristic,16,10,955,396.35,False,0,trans-3-Octene
mw_heuristic,16,11,50,445.15,False,0,2-Ethylhexylamine
mw_heuristic,16,12,92,412.75,False,0,Diisobutylamine
mw_heuristic,16,13,106,451.75,False,0,Octylamine
mw_heuristic,16,14,107,435.15,False,0,Dibutylamine
mw_heuristic,16,15,398,409.15,False,0,Diethylbutylamine
mw_heuristic,16,16,122,631.0,False,0,Pentaerythritol
mw_heuristic,16,17,471,444.15,False,0,Myrcene
mw_heuristic,16,18,1081,461.15,True,1,"2,6-Dimethyl-2,4,6-octatriene"
mw_heuristic,16,19,1083,440.64,False,1,"(E,Z)-2,6-Dimethylocta-2,4,6-triene"
mw_heuristic,16,20,58,443.15,False,1,"1,2,6-Hexanetriol"
mw_heuristic,16,21,121,517.15,False,1,"2,2-Diethyl-1,3-propanediol"
mw_heuristic,16,22,242,535.15,False,1,"1,7-Heptanediol"
mw_heuristic,16,23,408,445.15,False,1,1-Butoxy-2-propanol
mw_heuristic,16,24,526,507.15,False,1,"2-Methyl-2-propylpropane-1,3-diol"
mw_heuristic,16,25,569,363.15,False,1,"1,2-Heptanediol"
mw_heuristic,16,26,628,417.15,False,1,1-Tert-butoxy-2-propanol
mw_heuristic,16,27,903,458.15,True,2,2-(Pentyloxy)ethanol
mw_heuristic,16,28,8,467.85,True,3,1-Octanol
mw_heuristic,16,29,51,459.35,True,4,2-Ethylhexan-1-ol
mw_heuristic,16,30,91,417.15,False,4,"N,N,N',N'-Tetramethyl-1,3-propanediamine"
mw_heuristic,16,31,93,506.15,False,4,"1,1'-Oxydi-2-propanol"
mw_heuristic,16,32,217,440.15,False,4,"2,2-Diethoxyethanol"
mw_heuristic,16,33,177,448.15,False,4,4-Octanol
mw_heuristic,16,34,180,457.15,True,5,3-Octanol
mw_heuristic,16,35,203,439.15,False,5,3-Methyl-3-heptanol
mw_heuristic,16,36,226,446.15,False,5,2-Methyl-2-heptanol
mw_heuristic,16,37,347,445.56825,False,5,"2,2-Dimethyl-1-hexanol"
mw_heuristic,16,38,382,427.65,False,5,"2,5-Dimethyl-2-hexanol"
mw_heuristic,16,39,394,451.65,False,5,2-Octanol
mw_heuristic,16,40,426,426.41115,False,5,"3,4,4-Trimethyl-3-pentanol"
mw_heuristic,16,41,46,423.15,False,5,Triallylamine
mw_heuristic,16,42,276,447.15,False,5,1-Decyne
mw_heuristic,16,43,322,437.15,False,5,"1,9-Decadiene"
mw_heuristic,16,44,330,451.15,False,5,5-Decyne
mw_heuristic,16,45,348,437.4,False,5,4-Decyne
mw_heuristic,16,46,352,439.15,False,5,Dihydromyrcene
mw_heuristic,16,47,560,457.75,True,6,2-Decyne
mw_heuristic,16,48,748,430.94,False,6,Di-t-butylacetylene
mw_heuristic,16,49,834,439.88857,False,6,"2,7-Dimethyl-2,6-octadiene"
mw_heuristic,16,50,944,434.17,False,6,"2,2-Dimethyl-3-octyne"
mw_heuristic,16,51,1000,441.15,False,6,"cis-2,6-Dimethyl-2,6-octadiene"
mw_heuristic,16,52,1142,436.96,False,6,8-Methylnon-4-yne
mw_heuristic,16,53,500,506.02,False,6,"3,6-Nonadien-1-ol"
mw_heuristic,16,54,683,376.4,False,6,Non-3-yn-1-ol
mw_heuristic,16,55,280,444.15,False,6,1-Decene
mw_heuristic,16,56,391,436.15,False,6,"2,6-Dimethyl-2-octene"
mw_heuristic,16,57,428,442.75,False,6,5-Decene
mw_heuristic,16,58,482,446.55,False,6,trans-2-Decene
mw_heuristic,16,59,700,431.4,False,6,"3,4-Diethyl-3-hexene"
mw_heuristic,16,60,715,440.15,False,6,2-Methyl-1-nonene
mw_heuristic,16,61,722,433.65,False,6,4-Propyl-3-heptene
mw_heuristic,16,62,757,432.32,False,6,2-Methyl-3-ethyl-2-heptene
mw_heuristic,16,63,851,444.15,False,6,2-Methyl-2-nonene
mw_heuristic,16,64,893,434.15,False,6,2-Methyl-3-nonene
mw_heuristic,16,65,947,444.45,False,6,trans-5-Decene
mw_heuristic,16,66,126,479.15,False,6,"2,5-Dimethyl-3-hexyne-2,5-diol"
mw_heuristic,16,67,625,466.65,True,7,1-Nonen-3-ol
mw_heuristic,16,68,279,440.15,False,7,2-Methylnonane
mw_heuristic,16,69,295,410.15,False,7,"2,2,5,5-Tetramethylhexane"
mw_heuristic,16,70,297,433.15,False,7,"2,7-Dimethyloctane"
mw_heuristic,16,71,306,426.15,False,7,"2,5,5-Trimethylheptane"
mw_heuristic,16,72,325,447.25,False,7,Decane
mw_heuristic,16,73,337,431.15,False,7,"2,6-Dimethyloctane"
mw_heuristic,16,74,387,413.06493,False,7,"2,3,6-Trimethylheptane"
mw_heuristic,16,75,411,441.15,False,7,3-Methylnonane
mw_heuristic,16,76,221,467.9,True,8,3-Nonanol
mw_heuristic,16,77,239,466.65,True,9,2-Nonanol
mw_heuristic,16,78,319,446.15,False,9,"3,6-Dimethyl-3-heptanol"
mw_heuristic,16,79,351,479.15,False,9,Isononyl alcohol
mw_heuristic,16,80,379,466.15,True,10,"3,5,5-Trimethyl-1-hexanol"
mw_heuristic,16,81,409,462.15,True,11,3-Methyl-3-octanol
mw_heuristic,16,82,412,465.65,True,12,4-Nonanol
mw_heuristic,16,83,467,448.15,False,12,"2,6-Dimethyl-3-heptanol"
mw_heuristic,16,84,468,452.15,False,12,"3,5-Dimethyl-4-heptanol"
mw_heuristic,16,85,533,452.15,False,12,4-Ethyl-4-heptanol
mw_heuristic,16,86,42,438.2,False,12,"N,N,N',N'-Tetramethyl-1,3-butanediamine"
mw_heuristic,16,87,123,394.15,False,12,"N,N-Diisopropylethylenediamine"
mw_heuristic,16,88,518,327.65,False,12,"N,N,N'-Triethylethylenediamine"
mw_heuristic,16,89,520,441.15,False,12,"N,N,N',N'-Tetramethyl-1,4-butanediamine"
mw_heuristic,16,90,594,443.15,False,12,"2,6-Dimethyl-2-heptanol"
mw_heuristic,16,91,83,506.15,False,12,"2,5-Dimethyl-2,5-hexanediol"
mw_heuristic,16,92,109,481.15,False,12,2-(Hexyloxy)ethanol
mw_heuristic,16,93,133,503.25,False,12,"2,2,4-Trimethyl-1,3-pentanediol"
mw_heuristic,16,94,537,418.15,False,12,"1,8-Octanediol"
mw_heuristic,16,95,572,370.65,False,12,Tris(2-aminoethyl)amine
mw_heuristic,16,96,997,460.44,True,13,"(E,E,Z)-Undeca-1,3,5,8-tetraene"
mw_heuristic,16,97,54,505.15,False,13,"N,N-Bis(3-aminopropyl)methylamine"
mw_heuristic,16,98,646,443.15,False,13,"2,2,3-Trimethylhexan-3-ol"
mw_heuristic,16,99,658,454.65,True,14,2-Methyl-3-octanol
mw_heuristic,16,100,669,465.4,True,15,4-Methyl-2-propylpentan-1-ol
mw_heuristic,16,101,735,439.15,False,15,"2,2,4,4-Tetramethylpentan-3-ol"
mw_heuristic,16,102,769,453.22759,True,16,4-Methyl-4-octanol
mw_heuristic,16,103,811,451.05,False,16,"3-Ethyl-2,4-dimethylpentan-3-ol"
mw_heuristic,16,104,864,479.15,False,16,6-Methyloctan-1-ol
mw_heuristic,16,105,905,438.65,False,16,"3,4,4-Trimethylhexan-3-ol"
mw_heuristic,16,106,906,444.86543,False,16,"2,4,4-Trimethyl-3-hexanol"
mw_heuristic,16,107,978,447.15,False,16,"3-Ethyl-2,2-dimethyl-3-pentanol"
mw_heuristic,16,108,981,453.15,True,17,3-Methyl-4-octanol
mw_heuristic,16,109,1108,447.15,False,17,"2,2-Dimethyl-4-heptanol"
mw_heuristic,16,110,1178,452.15,False,17,"2,3,4-Trimethylhexan-3-ol"
mw_heuristic,16,111,1076,456.28,True,18,"1,3,5-Undecatriene"
mw_heuristic,16,112,1211,468.15,True,19,2-Ethyl-4-methylhexan-1-ol
mw_heuristic,16,113,45,426.15,False,19,Tripropylamine
mw_heuristic,16,114,331,471.15,True,20,Nonylamine
mw_heuristic,16,115,334,445.15,False,20,"N,N-Dimethylheptylamine"
mw_heuristic,16,116,39,653.15,False,20,Xylitol
mw_heuristic,16,117,376,432.15,False,20,N-Methyldibutylamine
mw_heuristic,16,118,563,351.65,False,20,n-Methyloctan-1-amine
mw_heuristic,16,119,1072,514.75,False,20,Hotrienol
mw_heuristic,16,120,559,469.15,True,21,1-Undecyne
mw_heuristic,16,121,423,437.15,False,21,"2,3-Dimethyloctane"
mw_heuristic,16,122,424,430.15,False,21,"3,3,5-Trimethylheptane"
mw_heuristic,16,123,436,432.86,False,21,5-Ethyl-2-methylheptane
mw_heuristic,16,124,437,433.15,False,21,"2,2,3,3-Tetramethylhexane"
mw_heuristic,16,125,441,421.45,False,21,"2,2,4-Trimethylheptane"
mw_heuristic,16,126,712,471.09534,True,22,5-Undecyne
mw_heuristic,16,127,734,462.0,True,23,"1,10-Undecadiene"
mw_heuristic,16,128,786,479.15,False,23,2-Undecyne
mw_heuristic,16,129,787,473.15,False,23,3-Undecyne
mw_heuristic,16,130,788,471.65,True,24,4-Undecyne
mw_heuristic,16,131,1216,457.05,True,25,"3,3-Dimethylnon-4-yne"
mw_heuristic,16,132,443,437.15,False,25,5-Methylnonane
mw_heuristic,16,133,454,421.05,False,25,"2,2,4,5-Tetramethylhexane"
mw_heuristic,16,134,456,439.15,False,25,4-Methylnonane
mw_heuristic,16,135,570,422.7,False,25,"2,4,4-Trimethylheptane"
mw_heuristic,16,136,584,438.15,False,25,3-Ethyloctane
mw_heuristic,16,137,599,427.15,False,25,"2,2-Dimethyloctane"
mw_heuristic,16,138,601,436.15,False,25,4-Ethyloctane
mw_heuristic,16,139,602,435.15,False,25,"3,4-Dimethyloctane"
mw_heuristic,16,140,603,433.95,False,25,"3,6-Dimethyloctane"
mw_heuristic,16,141,967,502.15,False,25,Nerol
mw_heuristic,16,142,278,465.85,True,26,1-Undecene
mw_heuristic,16,143,696,455.44,True,27,Undec-4-ene
mw_heuristic,16,144,699,465.45,True,28,5-Undecene
mw_heuristic,16,145,825,463.85,True,29,2-Methyl-1-decene
mw_heuristic,16,146,1021,466.15,True,30,(E)-4-Undecene
mw_heuristic,16,147,623,429.66,False,30,"2,4,5-Trimethylheptane"
mw_heuristic,16,148,624,435.65,False,30,"3,4,5-Trimethylheptane"
mw_heuristic,16,149,631,427.15,False,30,"2,4-Dimethyloctane"
mw_heuristic,16,150,637,429.0,False,30,"2,3,4-Trimethylheptane"
greedy_gp,16,1,704,409.64,False,0,"2,4,6-Octatriyne"
greedy_gp,16,2,434,445.35,False,0,3-Methyl-1-hexanol
greedy_gp,16,3,117,588.65,False,0,1-Octadecene
greedy_gp,16,4,536,361.15,False,0,"1,5-Hexadiyne"
greedy_gp,16,5,777,436.15,False,0,"2,2,6,6-Tetramethylheptane"
greedy_gp,16,6,16,704.0,False,0,Sorbitol
greedy_gp,16,7,660,489.15,False,0,5-Decanol
greedy_gp,16,8,1024,501.2,False,0,cis-4-Tridecene
greedy_gp,16,9,668,514.75,False,0,"3,7-Dimethylocta-1,5,7-trien-3-ol"
greedy_gp,16,10,955,396.35,False,0,trans-3-Octene
greedy_gp,16,11,694,499.15,False,0,2-Dodecyne
greedy_gp,16,12,51,459.35,True,1,2-Ethylhexan-1-ol
greedy_gp,16,13,1148,429.73095,False,1,"2,2,3-Trimethylbutan-1-ol"
greedy_gp,16,14,1174,455.9,True,2,"2,2,6,6-Tetramethyloctane"
greedy_gp,16,15,1157,450.15,False,2,"5,5-Dimethylnonane"
greedy_gp,16,16,533,452.15,False,2,4-Ethyl-4-heptanol
greedy_gp,16,17,467,448.15,False,2,"2,6-Dimethyl-3-heptanol"
greedy_gp,16,18,696,455.44,True,3,Undec-4-ene
greedy_gp,16,19,1021,466.15,True,4,(E)-4-Undecene
greedy_gp,16,20,699,465.45,True,5,5-Undecene
greedy_gp,16,21,278,465.85,True,6,1-Undecene
greedy_gp,16,22,625,466.65,True,7,1-Nonen-3-ol
greedy_gp,16,23,597,370.15,False,7,3-Octyn-1-ol
greedy_gp,16,24,765,483.82,False,7,2-Octyn-1-ol
greedy_gp,16,25,1154,459.4,True,8,"2,4,5,7-Tetramethyloctane"
greedy_gp,16,26,1160,460.15,True,9,"4-Ethyl-2,2-dimethyloctane"
greedy_gp,16,27,1164,464.15,True,10,"2,2,4-Trimethylnonane"
greedy_gp,16,28,139,469.65,True,11,"3-Butene-1,2-diol"
greedy_gp,16,29,918,472.15,True,12,"3,4,5,6-Tetramethyloctane"
greedy_gp,16,30,1187,464.15,True,13,4-Tert-butyloctane
greedy_gp,16,31,1232,467.8,True,14,"3,4,5,5-Tetramethylhexan-3-ol"
greedy_gp,16,32,1249,460.65,True,15,"2,2,4,4-Tetramethyl-3-hexanol"
greedy_gp,16,33,84,394.15,False,15,"N,N,N',N'-Tetramethylethylenediamine"
greedy_gp,16,34,628,417.15,False,15,1-Tert-butoxy-2-propanol
greedy_gp,16,35,499,473.15,False,15,"2,2,3-Trimethylnonane"
greedy_gp,16,36,1133,464.89743,True,16,"2,2,3,4-Tetramethylhexan-3-ol"
greedy_gp,16,37,1081,461.15,True,17,"2,6-Dimethyl-2,4,6-octatriene"
greedy_gp,16,38,1083,440.64,False,17,"(E,Z)-2,6-Dimethylocta-2,4,6-triene"
greedy_gp,16,39,419,462.35,True,18,2-Methyldecane
greedy_gp,16,40,627,465.15,True,19,3-Methyldecane
greedy_gp,16,41,932,461.15,True,20,3-Ethylnonane
greedy_gp,16,42,922,457.15,True,21,4-Ethylnonane
greedy_gp,16,43,635,459.15,True,22,5-Methyldecane
greedy_gp,16,44,360,461.15,True,23,4-Methyldecane
greedy_gp,16,45,558,494.15,False,23,"2-Methyl-1,3-propanediol"
greedy_gp,16,46,825,463.85,True,24,2-Methyl-1-decene
greedy_gp,16,47,1183,457.0,True,25,"2,4,4,7-Tetramethyloctane"
greedy_gp,16,48,795,462.9,True,26,"3,3,6,6-Tetramethyloctane"
greedy_gp,16,49,1211,468.15,True,27,2-Ethyl-4-methylhexan-1-ol
greedy_gp,16,50,981,453.15,True,28,3-Methyl-4-octanol
greedy_gp,16,51,669,465.4,True,29,4-Methyl-2-propylpentan-1-ol
greedy_gp,16,52,658,454.65,True,30,2-Methyl-3-octanol
greedy_gp,16,53,559,469.15,True,31,1-Undecyne
greedy_gp,16,54,769,453.22759,True,32,4-Methyl-4-octanol
greedy_gp,16,55,351,479.15,False,32,Isononyl alcohol
greedy_gp,16,56,6,351.39,False,32,Ethanol
greedy_gp,16,57,920,483.15,False,32,"3,4-Dimethyl-3,4-diethyl-hexane"
greedy_gp,16,58,1205,473.15,False,32,"3,3-Diethyl-2,4-dimethylhexane"
greedy_gp,16,59,409,462.15,True,33,3-Methyl-3-octanol
greedy_gp,16,60,135,238.35,False,33,Allene
greedy_gp,16,61,1245,469.15,True,34,"2,4,4,5,5-Pentamethylheptane"
greedy_gp,16,62,754,482.28,False,34,"2,9-Dimethyl-5-decyne"
greedy_gp,16,63,0,470.65,True,35,Ethylene Glycol
greedy_gp,16,64,1105,468.15,True,36,"2,3,4,5,6-Pentamethylheptane"
greedy_gp,16,65,1141,458.15,True,37,4-Tert-butyl-2-methylheptane
greedy_gp,16,66,786,479.15,False,37,2-Undecyne
greedy_gp,16,67,46,423.15,False,37,Triallylamine
greedy_gp,16,68,1204,479.15,False,37,"3,3-Diethyl-2,2,4-trimethylpentane"
greedy_gp,16,69,1241,457.15,True,38,"2,2,5,5-Tetramethyloctane"
greedy_gp,16,70,109,481.15,False,38,2-(Hexyloxy)ethanol
greedy_gp,16,71,787,473.15,False,38,3-Undecyne
greedy_gp,16,72,788,471.65,True,39,4-Undecyne
greedy_gp,16,73,712,471.09534,True,40,5-Undecyne
greedy_gp,16,74,364,471.15,True,41,"1,1,4,7,7-Pentamethyldiethylenetriamine"
greedy_gp,16,75,54,505.15,False,41,"N,N-Bis(3-aminopropyl)methylamine"
greedy_gp,16,76,529,465.15,True,42,"N,N,N',N'-Tetraethylethylenediamine"
greedy_gp,16,77,8,467.85,True,43,1-Octanol
greedy_gp,16,78,1236,466.15,True,44,"2,2,3,3,6-Pentamethylheptane"
greedy_gp,16,79,677,460.65,True,45,"2,2,4,4,6-Pentamethylheptane"
greedy_gp,16,80,87,511.15,False,45,"2-Butyne-1,4-diol"
greedy_gp,16,81,683,376.4,False,45,Non-3-yn-1-ol
greedy_gp,16,82,1199,468.15,True,46,"2,2,3,3,5,5-Hexamethylhexane"
greedy_gp,16,83,792,455.15,True,47,"2,4,6-Trimethyl-4-heptanol"
greedy_gp,16,84,903,458.15,True,48,2-(Pentyloxy)ethanol
greedy_gp,16,85,1240,459.15,True,49,"2,2,5,5,6-Pentamethylheptane"
greedy_gp,16,86,14,390.05,False,49,Ethylenediamine
greedy_gp,16,87,331,471.15,True,50,Nonylamine
greedy_gp,16,88,481,431.55,False,50,"4-Methylhepta-1,6-dien-4-ol"
greedy_gp,16,89,940,488.15,False,50,"N,N-Dimethylnonylamine"
greedy_gp,16,90,864,479.15,False,50,6-Methyloctan-1-ol
greedy_gp,16,91,678,575.34,False,50,9-Dodecyn-1-ol
greedy_gp,16,92,99,479.65,False,50,Diethylenetriamine
greedy_gp,16,93,1221,463.15,True,51,"2,6,6-Trimethylnonane"
greedy_gp,16,94,621,465.15,True,52,"4,7-Dimethyloctan-4-ol"
greedy_gp,16,95,1233,452.15,False,52,3-Methyl-4-propylheptane
greedy_gp,16,96,1116,467.15,True,53,"2,2,3,3,4,4-Hexamethylpentane"
greedy_gp,16,97,1076,456.28,True,54,"1,3,5-Undecatriene"
greedy_gp,16,98,997,460.44,True,55,"(E,E,Z)-Undeca-1,3,5,8-tetraene"
greedy_gp,16,99,734,462.0,True,56,"1,10-Undecadiene"
greedy_gp,16,100,438,451.15,False,56,"2,2,4,6,6-Pentamethylheptane"
greedy_gp,16,101,500,506.02,False,56,"3,6-Nonadien-1-ol"
greedy_gp,16,102,1114,459.15,True,57,"3-Ethyl-2,2,3,4-tetramethylpentane"
greedy_gp,16,103,1223,463.15,True,58,"2,5,5-Trimethylnonane"
greedy_gp,16,104,149,460.15,True,59,Diisoamylamine
greedy_gp,16,105,412,465.65,True,60,4-Nonanol
greedy_gp,16,106,126,479.15,False,60,"2,5-Dimethyl-3-hexyne-2,5-diol"
greedy_gp,16,107,916,472.15,True,61,"3,6-Dimethyl-3-ethyl-octane"
greedy_gp,16,108,365,529.36,False,61,"3-Hexyne-2,5-diol"
greedy_gp,16,109,1136,464.15,True,62,"4-Ethyl-2,4-dimethyloctane"
greedy_gp,16,110,1115,462.15,True,63,"3,3-Diethyl-2,2-dimethylpentane"
greedy_gp,16,111,123,394.15,False,63,"N,N-Diisopropylethylenediamine"
greedy_gp,16,112,3,111.65,False,63,Methane
greedy_gp,16,113,1177,457.15,True,64,"2,2,3,3,4-Pentamethylhexane"
greedy_gp,16,114,1218,462.15,True,65,"2,4-Dimethyl-4-propylheptane"
greedy_gp,16,115,1203,460.15,True,66,"2,3,3,4,4-Pentamethylhexane"
greedy_gp,16,116,914,456.46543,True,67,"4,4-Diethylheptane"
greedy_gp,16,117,1166,459.9,True,68,"3,3-Diethylheptane"
greedy_gp,16,118,1222,457.75,True,69,"2,6-Dimethyl-4-propylheptane"
greedy_gp,16,119,935,469.15,True,70,"3-Ethyl-2,7-dimethyloctane"
greedy_gp,16,120,1150,463.0,True,71,"2,5,8-Trimethylnonane"
greedy_gp,16,121,1138,463.15,True,72,"4-Ethyl-2,6-dimethyloctane"
greedy_gp,16,122,919,473.15,False,72,"3,4,7-Trimethylnonane"
greedy_gp,16,123,1137,470.15,True,73,"3-Ethyl-2,6-dimethyloctane"
greedy_gp,16,124,563,351.65,False,73,n-Methyloctan-1-amine
greedy_gp,16,125,974,447.15,False,73,(S)-1-Octen-3-ol
greedy_gp,16,126,1220,463.15,True,74,"2,5-Dimethyl-4-propylheptane"
greedy_gp,16,127,1151,451.15,False,74,4-Methyl-4-propylheptane
greedy_gp,16,128,1130,453.15,True,75,4-Ethyl-4-methyloctane
greedy_gp,16,129,1216,457.05,True,76,"3,3-Dimethylnon-4-yne"
greedy_gp,16,130,594,443.15,False,76,"2,6-Dimethyl-2-heptanol"
greedy_gp,16,131,587,357.15,False,76,Tris(2-methylallyl)amine
greedy_gp,16,132,460,474.15,False,76,"2,2-Dimethyldecane"
greedy_gp,16,133,88,364.15,False,76,N-Methylbutylamine
greedy_gp,16,134,619,358.15,False,76,N-Ethylpropylamine
greedy_gp,16,135,298,467.15,True,77,Triisobutylamine
greedy_gp,16,136,661,478.65,False,77,"3,3-Dimethyl-1,2-butanediol"
greedy_gp,16,137,363,453.15,True,78,Didodecylamine
greedy_gp,16,138,1029,730.0,False,78,11-Tricosene
greedy_gp,16,139,801,652.15,False,78,1-Tricosene
greedy_gp,16,140,572,370.65,False,78,Tris(2-aminoethyl)amine
greedy_gp,16,141,564,620.15,False,78,N-Methyloctadecylamine
greedy_gp,16,142,304,632.15,False,78,Didecylamine
greedy_gp,16,143,220,442.15,False,78,"1,3-Dimethoxy-2-propanol"
greedy_gp,16,144,358,572.15,False,78,"1,12-Dodecanediamine"
greedy_gp,16,145,595,594.15,False,78,N-Methylhexadecylamine
greedy_gp,16,146,971,410.15,False,78,(3R)-3-methylhex-1-yn-3-ol
greedy_gp,16,147,1206,462.15,True,79,"3,3-Diethyl-2,4-dimethylpentane"
greedy_gp,16,148,613,721.15,False,79,1-Triacontene
greedy_gp,16,149,94,693.15,False,79,Squalane
greedy_gp,16,150,980,419.15,False,79,2-Methyl-3-hexyn-2-ol
prob_in_spec,16,1,704,409.64,False,0,"2,4,6-Octatriyne"
prob_in_spec,16,2,434,445.35,False,0,3-Methyl-1-hexanol
prob_in_spec,16,3,117,588.65,False,0,1-Octadecene
prob_in_spec,16,4,536,361.15,False,0,"1,5-Hexadiyne"
prob_in_spec,16,5,777,436.15,False,0,"2,2,6,6-Tetramethylheptane"
prob_in_spec,16,6,16,704.0,False,0,Sorbitol
prob_in_spec,16,7,660,489.15,False,0,5-Decanol
prob_in_spec,16,8,1024,501.2,False,0,cis-4-Tridecene
prob_in_spec,16,9,668,514.75,False,0,"3,7-Dimethylocta-1,5,7-trien-3-ol"
prob_in_spec,16,10,955,396.35,False,0,trans-3-Octene
prob_in_spec,16,11,51,459.35,True,1,2-Ethylhexan-1-ol
prob_in_spec,16,12,610,427.15,False,1,5-Methyl-3-heptanol
prob_in_spec,16,13,490,439.15,False,1,3-Methyl-2-heptanol
prob_in_spec,16,14,609,426.65,False,1,2-Methylheptan-3-ol
prob_in_spec,16,15,347,445.56825,False,1,"2,2-Dimethyl-1-hexanol"
prob_in_spec,16,16,699,465.45,True,2,5-Undecene
prob_in_spec,16,17,696,455.44,True,3,Undec-4-ene
prob_in_spec,16,18,1021,466.15,True,4,(E)-4-Undecene
prob_in_spec,16,19,825,463.85,True,5,2-Methyl-1-decene
prob_in_spec,16,20,1217,477.15,False,5,4-Methyl-2-(2-methylpropyl)pentan-1-ol
prob_in_spec,16,21,769,453.22759,True,6,4-Methyl-4-octanol
prob_in_spec,16,22,669,465.4,True,7,4-Methyl-2-propylpentan-1-ol
prob_in_spec,16,23,650,484.15,False,7,Tetrahydrolavandulol
prob_in_spec,16,24,412,465.65,True,8,4-Nonanol
prob_in_spec,16,25,864,479.15,False,8,6-Methyloctan-1-ol
prob_in_spec,16,26,658,454.65,True,9,2-Methyl-3-octanol
prob_in_spec,16,27,981,453.15,True,10,3-Methyl-4-octanol
prob_in_spec,16,28,1211,468.15,True,11,2-Ethyl-4-methylhexan-1-ol
prob_in_spec,16,29,409,462.15,True,12,3-Methyl-3-octanol
prob_in_spec,16,30,533,452.15,False,12,4-Ethyl-4-heptanol
prob_in_spec,16,31,8,467.85,True,13,1-Octanol
prob_in_spec,16,32,792,455.15,True,14,"2,4,6-Trimethyl-4-heptanol"
prob_in_spec,16,33,221,467.9,True,15,3-Nonanol
prob_in_spec,16,34,278,465.85,True,16,1-Undecene
prob_in_spec,16,35,1164,464.15,True,17,"2,2,4-Trimethylnonane"
prob_in_spec,16,36,1160,460.15,True,18,"4-Ethyl-2,2-dimethyloctane"
prob_in_spec,16,37,499,473.15,False,18,"2,2,3-Trimethylnonane"
prob_in_spec,16,38,1154,459.4,True,19,"2,4,5,7-Tetramethyloctane"
prob_in_spec,16,39,1183,457.0,True,20,"2,4,4,7-Tetramethyloctane"
prob_in_spec,16,40,1187,464.15,True,21,4-Tert-butyloctane
prob_in_spec,16,41,918,472.15,True,22,"3,4,5,6-Tetramethyloctane"
prob_in_spec,16,42,795,462.9,True,23,"3,3,6,6-Tetramethyloctane"
prob_in_spec,16,43,458,452.15,False,23,"2,6-Dimethylnonane"
prob_in_spec,16,44,1097,456.15,True,24,"2,8-Dimethylnonane"
prob_in_spec,16,45,1096,453.15,True,25,"2,7-Dimethylnonane"
prob_in_spec,16,46,360,461.15,True,26,4-Methyldecane
prob_in_spec,16,47,635,459.15,True,27,5-Methyldecane
prob_in_spec,16,48,627,465.15,True,28,3-Methyldecane
prob_in_spec,16,49,932,461.15,True,29,3-Ethylnonane
prob_in_spec,16,50,419,462.35,True,30,2-Methyldecane
prob_in_spec,16,51,922,457.15,True,31,4-Ethylnonane
prob_in_spec,16,52,1141,458.15,True,32,4-Tert-butyl-2-methylheptane
prob_in_spec,16,53,1105,468.15,True,33,"2,3,4,5,6-Pentamethylheptane"
prob_in_spec,16,54,1205,473.15,False,33,"3,3-Diethyl-2,4-dimethylhexane"
prob_in_spec,16,55,920,483.15,False,33,"3,4-Dimethyl-3,4-diethyl-hexane"
prob_in_spec,16,56,1221,463.15,True,34,"2,6,6-Trimethylnonane"
prob_in_spec,16,57,1223,463.15,True,35,"2,5,5-Trimethylnonane"
prob_in_spec,16,58,1241,457.15,True,36,"2,2,5,5-Tetramethyloctane"
prob_in_spec,16,59,1236,466.15,True,37,"2,2,3,3,6-Pentamethylheptane"
prob_in_spec,16,60,1245,469.15,True,38,"2,4,4,5,5-Pentamethylheptane"
prob_in_spec,16,61,1150,463.0,True,39,"2,5,8-Trimethylnonane"
prob_in_spec,16,62,677,460.65,True,40,"2,2,4,4,6-Pentamethylheptane"
prob_in_spec,16,63,916,472.15,True,41,"3,6-Dimethyl-3-ethyl-octane"
prob_in_spec,16,64,935,469.15,True,42,"3-Ethyl-2,7-dimethyloctane"
prob_in_spec,16,65,1240,459.15,True,43,"2,2,5,5,6-Pentamethylheptane"
prob_in_spec,16,66,460,474.15,False,43,"2,2-Dimethyldecane"
prob_in_spec,16,67,1206,462.15,True,44,"3,3-Diethyl-2,4-dimethylpentane"
prob_in_spec,16,68,919,473.15,False,44,"3,4,7-Trimethylnonane"
prob_in_spec,16,69,1115,462.15,True,45,"3,3-Diethyl-2,2-dimethylpentane"
prob_in_spec,16,70,1199,468.15,True,46,"2,2,3,3,5,5-Hexamethylhexane"
prob_in_spec,16,71,1222,457.75,True,47,"2,6-Dimethyl-4-propylheptane"
prob_in_spec,16,72,1174,455.9,True,48,"2,2,6,6-Tetramethyloctane"
prob_in_spec,16,73,1138,463.15,True,49,"4-Ethyl-2,6-dimethyloctane"
prob_in_spec,16,74,1218,462.15,True,50,"2,4-Dimethyl-4-propylheptane"
prob_in_spec,16,75,1220,463.15,True,51,"2,5-Dimethyl-4-propylheptane"
prob_in_spec,16,76,1136,464.15,True,52,"4-Ethyl-2,4-dimethyloctane"
prob_in_spec,16,77,1114,459.15,True,53,"3-Ethyl-2,2,3,4-tetramethylpentane"
prob_in_spec,16,78,1203,460.15,True,54,"2,3,3,4,4-Pentamethylhexane"
prob_in_spec,16,79,1137,470.15,True,55,"3-Ethyl-2,6-dimethyloctane"
prob_in_spec,16,80,1177,457.15,True,56,"2,2,3,3,4-Pentamethylhexane"
prob_in_spec,16,81,1116,467.15,True,57,"2,2,3,3,4,4-Hexamethylpentane"
prob_in_spec,16,82,1243,467.15,True,58,"2,3-Dimethyl-4-propylheptane"
prob_in_spec,16,83,921,470.15,True,59,"3-Methyl, 3,5-diethyl, heptane"
prob_in_spec,16,84,1230,469.15,True,60,"3,3-Dimethyl-4-propylheptane"
prob_in_spec,16,85,621,465.15,True,61,"4,7-Dimethyloctan-4-ol"
prob_in_spec,16,86,523,459.00627,True,62,"2,2,7,7-Tetramethyloctane"
prob_in_spec,16,87,1196,459.15,True,63,"3,4-Diethyl-3-methylhexane"
prob_in_spec,16,88,1208,459.15,True,64,"3,3-Diethyl-2-methylhexane"
prob_in_spec,16,89,1166,459.9,True,65,"3,3-Diethylheptane"
prob_in_spec,16,90,1226,462.0,True,66,2-Methyl-5-propyloctane
prob_in_spec,16,91,914,456.46543,True,67,"4,4-Diethylheptane"
prob_in_spec,16,92,1229,469.15,True,68,"3,5-Dimethyl-4-propylheptane"
prob_in_spec,16,93,1227,457.15,True,69,"3,3,4,4-Tetramethylheptane"
prob_in_spec,16,94,1112,470.15,True,70,"5,5-Dimethyldecane"
prob_in_spec,16,95,1190,470.15,True,71,"3,5-Diethyloctane"
prob_in_spec,16,96,831,466.15,True,72,"4,5-Diethyloctane"
prob_in_spec,16,97,924,471.15,True,73,"4,6-Dimethyldecane"
prob_in_spec,16,98,1156,471.15,True,74,5-Ethyl-5-methylnonane
prob_in_spec,16,99,856,448.0,False,74,"2,3-Dimethylnonane"
prob_in_spec,16,100,1119,458.15,True,75,"3,4-Dimethylnonane"
prob_in_spec,16,101,239,466.65,True,76,2-Nonanol
prob_in_spec,16,102,1228,471.15,True,77,"3,4-Dimethyl-4-propylheptane"
prob_in_spec,16,103,830,472.15,True,78,4-Ethyl-5-methylnonane
prob_in_spec,16,104,1146,458.15,True,79,"3,4,4,5-Tetramethylheptane"
prob_in_spec,16,105,1186,472.15,True,80,"3,4-Diethyloctane"
prob_in_spec,16,106,322,437.15,False,80,"1,9-Decadiene"
prob_in_spec,16,107,302,469.05,True,81,Undecane
prob_in_spec,16,108,438,451.15,False,81,"2,2,4,6,6-Pentamethylheptane"
prob_in_spec,16,109,670,457.15,True,82,4-Methyl-1-heptanol
prob_in_spec,16,110,822,459.15,True,83,3-Methyl-1-heptanol
prob_in_spec,16,111,734,462.0,True,84,"1,10-Undecadiene"
prob_in_spec,16,112,808,453.15,True,85,2-Methyl-1-heptanol
prob_in_spec,16,113,1117,456.27755,True,86,(S)-(+)-5-Methyl-1-heptanol
prob_in_spec,16,114,103,451.15,False,86,1-Heptanol
prob_in_spec,16,115,840,471.15,True,87,"2,5-Dimethyldecane"
prob_in_spec,16,116,925,472.15,True,88,"4,7-Dimethyldecane"
prob_in_spec,16,117,459,457.15,True,89,"3,7-Dimethylnonane"
prob_in_spec,16,118,974,447.15,False,89,(S)-1-Octen-3-ol
prob_in_spec,16,119,923,473.15,False,89,"3,5-Dimethyldecane"
prob_in_spec,16,120,930,455.15,True,90,"3,3-Dimethylnonane"
prob_in_spec,16,121,625,466.65,True,91,1-Nonen-3-ol
prob_in_spec,16,122,1188,455.15,True,92,3-Ethyl-6-methyloctane
prob_in_spec,16,123,728,486.15,False,92,6-Dodecyne
prob_in_spec,16,124,755,483.16,False,92,5-Dodecyne
prob_in_spec,16,125,767,483.16,False,92,4-Dodecyne
prob_in_spec,16,126,787,473.15,False,92,3-Undecyne
prob_in_spec,16,127,788,471.65,True,93,4-Undecyne
prob_in_spec,16,128,712,471.09534,True,94,5-Undecyne
prob_in_spec,16,129,786,479.15,False,94,2-Undecyne
prob_in_spec,16,130,754,482.28,False,94,"2,9-Dimethyl-5-decyne"
prob_in_spec,16,131,276,447.15,False,94,1-Decyne
prob_in_spec,16,132,560,457.75,True,95,2-Decyne
prob_in_spec,16,133,1216,457.05,True,96,"3,3-Dimethylnon-4-yne"
prob_in_spec,16,134,854,473.15,False,96,"2,4-Dimethyldecane"
prob_in_spec,16,135,1192,452.15,False,96,"3,5-Diethylheptane"
prob_in_spec,16,136,1194,462.15,True,97,4-Isopropyl-4-heptanol
prob_in_spec,16,137,1158,472.15,True,98,"4,4-Dimethyldecane"
prob_in_spec,16,138,481,431.55,False,98,"4-Methylhepta-1,6-dien-4-ol"
prob_in_spec,16,139,832,474.15,False,98,"5,6-Dimethyldecane"
prob_in_spec,16,140,492,400.15,False,98,N-Methylhexylamine
prob_in_spec,16,141,500,506.02,False,98,"3,6-Nonadien-1-ol"
prob_in_spec,16,142,732,471.15,True,99,"2,6-Dimethyldecane"
prob_in_spec,16,143,1130,453.15,True,100,4-Ethyl-4-methyloctane
prob_in_spec,16,144,606,455.15,True,101,"4,5-Dimethylnonane"
prob_in_spec,16,145,841,474.15,False,101,"3,6-Dimethyldecane"
prob_in_spec,16,146,1168,473.15,False,101,"3-Ethyl-3,4-dimethyloctane"
prob_in_spec,16,147,394,451.65,False,101,2-Octanol
prob_in_spec,16,148,972,449.65,False,101,(S)-(+)-2-Octanol
prob_in_spec,16,149,1133,464.89743,True,102,"2,2,3,4-Tetramethylhexan-3-ol"
prob_in_spec,16,150,1232,467.8,True,103,"3,4,5,5-Tetramethylhexan-3-ol"
qlogei_target,16,1,704,409.64,False,0,"2,4,6-Octatriyne"
qlogei_target,16,2,434,445.35,False,0,3-Methyl-1-hexanol
qlogei_target,16,3,117,588.65,False,0,1-Octadecene
qlogei_target,16,4,536,361.15,False,0,"1,5-Hexadiyne"
qlogei_target,16,5,777,436.15,False,0,"2,2,6,6-Tetramethylheptane"
qlogei_target,16,6,16,704.0,False,0,Sorbitol
qlogei_target,16,7,660,489.15,False,0,5-Decanol
qlogei_target,16,8,1024,501.2,False,0,cis-4-Tridecene
qlogei_target,16,9,668,514.75,False,0,"3,7-Dimethylocta-1,5,7-trien-3-ol"
qlogei_target,16,10,955,396.35,False,0,trans-3-Octene
qlogei_target,16,11,51,459.35,True,1,2-Ethylhexan-1-ol
qlogei_target,16,12,699,465.45,True,2,5-Undecene
qlogei_target,16,13,1070,448.15,False,2,2-Octen-4-ol
qlogei_target,16,14,460,474.15,False,2,"2,2-Dimethyldecane"
qlogei_target,16,15,821,477.15,False,2,"2,9-Dimethyldecane"
qlogei_target,16,16,696,455.44,True,3,Undec-4-ene
qlogei_target,16,17,825,463.85,True,4,2-Methyl-1-decene
qlogei_target,16,18,467,448.15,False,4,"2,6-Dimethyl-3-heptanol"
qlogei_target,16,19,458,452.15,False,4,"2,6-Dimethylnonane"
qlogei_target,16,20,419,462.35,True,5,2-Methyldecane
qlogei_target,16,21,627,465.15,True,6,3-Methyldecane
qlogei_target,16,22,658,454.65,True,7,2-Methyl-3-octanol
qlogei_target,16,23,1021,466.15,True,8,(E)-4-Undecene
qlogei_target,16,24,409,462.15,True,9,3-Methyl-3-octanol
qlogei_target,16,25,1150,463.0,True,10,"2,5,8-Trimethylnonane"
qlogei_target,16,26,650,484.15,False,10,Tetrahydrolavandulol
qlogei_target,16,27,221,467.9,True,11,3-Nonanol
qlogei_target,16,28,690,433.15,False,11,3-Ethyl-2-methyl-3-pentanol
qlogei_target,16,29,125,401.15,False,11,2-Methyl-1-butanol
qlogei_target,16,30,530,450.15,False,11,"2-Methylpropane-1,2-diol"
qlogei_target,16,31,922,457.15,True,12,4-Ethylnonane
qlogei_target,16,32,147,372.35,False,12,"2,2,4-Trimethylpentane"
qlogei_target,16,33,751,401.65,False,12,"2,3-Butadien-1-ol"
qlogei_target,16,34,1168,473.15,False,12,"3-Ethyl-3,4-dimethyloctane"
qlogei_target,16,35,601,436.15,False,12,4-Ethyloctane
qlogei_target,16,36,1138,463.15,True,13,"4-Ethyl-2,6-dimethyloctane"
qlogei_target,16,37,605,411.15,False,13,3-Ethyl-2-methylhexane
qlogei_target,16,38,669,465.4,True,14,4-Methyl-2-propylpentan-1-ol
qlogei_target,16,39,836,439.15,False,14,"2,2,3,3,4-Pentamethylpentane"
qlogei_target,16,40,480,501.15,False,14,6-Undecanol
qlogei_target,16,41,1154,459.4,True,15,"2,4,5,7-Tetramethyloctane"
qlogei_target,16,42,759,479.15,False,15,"2,4-Hexanediol"
qlogei_target,16,43,616,703.15,False,15,1-Octacosene
qlogei_target,16,44,227,340.45,False,15,2-Methyl-2-pentene
qlogei_target,16,45,108,533.15,False,15,"N,N-Dimethyldodecylamine"
qlogei_target,16,46,932,461.15,True,16,3-Ethylnonane
qlogei_target,16,47,441,421.45,False,16,"2,2,4-Trimethylheptane"
qlogei_target,16,48,1225,447.15,False,16,2-Methyl-4-propylheptane
qlogei_target,16,49,642,613.15,False,16,3-Methylnonadecane
qlogei_target,16,50,727,492.55,False,16,3-Dodecyne
qlogei_target,16,51,1223,463.15,True,17,"2,5,5-Trimethylnonane"
qlogei_target,16,52,926,694.15,False,17,1-Heptacosene
qlogei_target,16,53,376,432.15,False,17,N-Methyldibutylamine
qlogei_target,16,54,1082,385.45,False,17,"(2Z)-3,4,4-Trimethyl-2-pentene"
qlogei_target,16,55,1136,464.15,True,18,"4-Ethyl-2,4-dimethyloctane"
qlogei_target,16,56,7,337.65,False,18,Methanol
qlogei_target,16,57,197,715.15,False,18,Heptacosane
qlogei_target,16,58,833,504.45,False,18,2-Methyl-1-dodecene
qlogei_target,16,59,1203,460.15,True,19,"2,3,3,4,4-Pentamethylhexane"
qlogei_target,16,60,423,437.15,False,19,"2,3-Dimethyloctane"
qlogei_target,16,61,1164,464.15,True,20,"2,2,4-Trimethylnonane"
qlogei_target,16,62,786,479.15,False,20,2-Undecyne
qlogei_target,16,63,471,444.15,False,20,Myrcene
qlogei_target,16,64,626,557.0,False,20,"2,5,8,11-Tetraoxatridecan-13-ol"
qlogei_target,16,65,558,494.15,False,20,"2-Methyl-1,3-propanediol"
qlogei_target,16,66,477,480.15,False,20,Neopentyl glycol
qlogei_target,16,67,635,459.15,True,21,5-Methyldecane
qlogei_target,16,68,765,483.82,False,21,2-Octyn-1-ol
qlogei_target,16,69,1071,391.65,False,21,3-Penten-2-OL
qlogei_target,16,70,638,479.15,False,21,5-Methylundecane
qlogei_target,16,71,981,453.15,True,22,3-Methyl-4-octanol
qlogei_target,16,72,1030,429.46,False,22,"3,5-Hexadien-2-ol"
qlogei_target,16,73,36,380.99,False,22,Isobutanol
qlogei_target,16,74,275,412.15,False,22,2-(Vinyloxy)ethanol
qlogei_target,16,75,335,379.65,False,22,3-Butyn-2-ol
qlogei_target,16,76,83,506.15,False,22,"2,5-Dimethyl-2,5-hexanediol"
qlogei_target,16,77,713,419.6563,False,22,"2,4,6-Trimethylheptane"
qlogei_target,16,78,613,721.15,False,22,1-Triacontene
qlogei_target,16,79,884,421.81711,False,22,"2,2,3,5-Tetramethylhexane"
qlogei_target,16,80,792,455.15,True,23,"2,4,6-Trimethyl-4-heptanol"
qlogei_target,16,81,1160,460.15,True,24,"4-Ethyl-2,2-dimethyloctane"
qlogei_target,16,82,667,422.15,False,24,3-Methylhexylamine
qlogei_target,16,83,911,389.7,False,24,"2,5-Dimethyl-1,4-hexadiene"
qlogei_target,16,84,207,354.15,False,24,"1,2-Dimethylpropylamine"
qlogei_target,16,85,63,320.36,False,24,Propylamine
qlogei_target,16,86,106,451.75,False,24,Octylamine
qlogei_target,16,87,469,415.0,False,24,"2,3-Dimethylbutan-1-ol"
qlogei_target,16,88,49,498.15,False,24,5-Ethyl-2-nonanol
qlogei_target,16,89,255,688.15,False,24,Hexacosane
qlogei_target,16,90,394,451.65,False,24,2-Octanol
qlogei_target,16,91,919,473.15,False,24,"3,4,7-Trimethylnonane"
qlogei_target,16,92,333,603.15,False,24,Hexadecyldimethylamine
qlogei_target,16,93,1158,472.15,True,25,"4,4-Dimethyldecane"
qlogei_target,16,94,607,479.15,False,25,"2,3-Dimethyldecane"
qlogei_target,16,95,1115,462.15,True,26,"3,3-Diethyl-2,2-dimethylpentane"
qlogei_target,16,96,8,467.85,True,27,1-Octanol
qlogei_target,16,97,693,368.08,False,27,"Hepta-2,4-diene"
qlogei_target,16,98,873,435.36,False,27,4-Ethyl-3-methylheptane
qlogei_target,16,99,251,632.15,False,27,Heneicosane
qlogei_target,16,100,39,653.15,False,27,Xylitol
qlogei_target,16,101,1245,469.15,True,28,"2,4,4,5,5-Pentamethylheptane"
qlogei_target,16,102,708,424.15,False,28,"2,3-Dimethyl-2-hexanol"
qlogei_target,16,103,741,435.76386,False,28,"4,5-Dimethyloctane"
qlogei_target,16,104,102,426.15,False,28,Heptylamine
qlogei_target,16,105,1112,470.15,True,29,"5,5-Dimethyldecane"
qlogei_target,16,106,1187,464.15,True,30,4-Tert-butyloctane
qlogei_target,16,107,604,384.15,False,30,"2,3-Dimethylhex-1-ene"
qlogei_target,16,108,742,392.86269,False,30,"2,3-Diethyl-1,3-butadiene"
qlogei_target,16,109,1171,452.8,False,30,"2,2,3,3-Tetramethylheptane"
qlogei_target,16,110,294,406.15,False,30,"2,2-Dimethylheptane"
qlogei_target,16,111,813,481.15,False,30,"3-Methyl-1,3-butanediol"
qlogei_target,16,112,76,414.75,False,30,2-Isopropoxyethanol
qlogei_target,16,113,662,393.15,False,30,"Octa-1,3,7-triene"
qlogei_target,16,114,766,346.15,False,30,4-Methyl-2-pentyne
qlogei_target,16,115,96,430.05,False,30,1-Hexanol
qlogei_target,16,116,734,462.0,True,31,"1,10-Undecadiene"
qlogei_target,16,117,265,680.15,False,31,Docosanol
qlogei_target,16,118,823,422.15,False,31,"2,2,6-Trimethylheptane"
qlogei_target,16,119,1000,441.15,False,31,"cis-2,6-Dimethyl-2,6-octadiene"
qlogei_target,16,120,1227,457.15,True,32,"3,3,4,4-Tetramethylheptane"
qlogei_target,16,121,278,465.85,True,33,1-Undecene
qlogei_target,16,122,573,381.2,False,33,Diethyl(1-propynyl)amine
qlogei_target,16,123,819,1167.92,False,33,Lycopene
qlogei_target,16,124,685,397.65,False,33,Butylisopropylamine
qlogei_target,16,125,143,675.0,False,33,1-Tetracosanol
qlogei_target,16,126,1211,468.15,True,34,2-Ethyl-4-methylhexan-1-ol
qlogei_target,16,127,1134,394.75,False,34,"2,4-Dimethylpentan-2-amine"
qlogei_target,16,128,75,357.15,False,34,Diisopropylamine
qlogei_target,16,129,1130,453.15,True,35,4-Ethyl-4-methyloctane
qlogei_target,16,130,1087,422.0,False,35,"7-Methyl-2,4-octadiene"
qlogei_target,16,131,499,473.15,False,35,"2,2,3-Trimethylnonane"
qlogei_target,16,132,259,748.15,False,35,Tritriacontane
qlogei_target,16,133,208,385.15,False,35,3-Methyl-2-butanol
qlogei_target,16,134,946,388.4,False,35,N-Methyldipropylamine
qlogei_target,16,135,1226,462.0,True,36,2-Methyl-5-propyloctane
qlogei_target,16,136,1199,468.15,True,37,"2,2,3,3,5,5-Hexamethylhexane"
qlogei_target,16,137,896,377.0,False,37,"3,4,4-Trimethylpent-1-ene"
qlogei_target,16,138,188,390.75,False,37,2-Methylheptane
qlogei_target,16,139,161,346.34,False,37,"2,3-Dimethyl-2-butene"
qlogei_target,16,140,1088,383.57,False,37,"5,5-Dimethyl-2-hexene"
qlogei_target,16,141,795,462.9,True,38,"3,3,6,6-Tetramethyloctane"
qlogei_target,16,142,1230,469.15,True,39,"3,3-Dimethyl-4-propylheptane"
qlogei_target,16,143,80,388.65,False,39,N-Methylethylenediamine
qlogei_target,16,144,370,664.0,False,39,1-Tricosanol
qlogei_target,16,145,130,509.15,False,39,Dihexylamine
qlogei_target,16,146,1174,455.9,True,40,"2,2,6,6-Tetramethyloctane"
qlogei_target,16,147,845,443.15834,False,40,"2,2,4-Trimethyloctane"
qlogei_target,16,148,19,184.55,False,40,Ethane
qlogei_target,16,149,1074,460.26,True,41,"Hepta-2,4-dien-1-ol"
qlogei_target,16,150,871,540.15,False,41,2-Methyl-1-tetradecene
random,17,1,1050,615.6,False,0,9-Octadecene
random,17,2,268,327.15,False,0,4-Methyl-1-pentene
random,17,3,950,364.15,False,0,"trans-3,4-Dimethyl-2-pentene"
random,17,4,920,483.15,False,0,"3,4-Dimethyl-3,4-diethyl-hexane"
random,17,5,695,536.15,False,0,2-Tetradecyne
random,17,6,44,428.15,False,0,2-Ethyl-1-butanol
random,17,7,133,503.25,False,0,"2,2,4-Trimethyl-1,3-pentanediol"
random,17,8,459,457.15,True,1,"3,7-Dimethylnonane"
random,17,9,200,379.47,False,1,"2,2,3,3-Tetramethylbutane"
random,17,10,570,422.7,False,1,"2,4,4-Trimethylheptane"
random,17,11,574,410.15,False,1,N-Methyldioctylamine
random,17,12,924,471.15,True,2,"4,6-Dimethyldecane"
random,17,13,1056,616.26,False,2,(Z)-9-Tetradecen-1-ol
random,17,14,202,415.15,False,2,3-Ethyl-3-pentanol
random,17,15,134,283.15,False,2,"1,3-Butadiyne"
random,17,16,536,361.15,False,2,"1,5-Hexadiyne"
random,17,17,569,363.15,False,2,"1,2-Heptanediol"
random,17,18,270,327.15,False,2,3-Methyl-1-pentene
random,17,19,483,501.2,False,2,2-Tridecene
random,17,20,1145,443.15,False,2,"2,2,4,4-Tetramethylheptane"
random,17,21,733,343.0,False,2,"4-Methyl-1,2-pentadiene"
random,17,22,18,410.75,False,2,1-Pentanol
random,17,23,457,452.15,False,2,"2,5-Dimethylnonane"
random,17,24,62,281.25,False,2,1-Butyne
random,17,25,319,446.15,False,2,"3,6-Dimethyl-3-heptanol"
random,17,26,1244,555.15,False,2,"2,3-Dimethyltetradecane"
random,17,27,854,473.15,False,2,"2,4-Dimethyldecane"
random,17,28,47,480.15,False,2,Tributylamine
random,17,29,1040,395.75,False,2,cis-4-Octene
random,17,30,520,441.15,False,2,"N,N,N',N'-Tetramethyl-1,4-butanediamine"
random,17,31,226,446.15,False,2,2-Methyl-2-heptanol
random,17,32,604,384.15,False,2,"2,3-Dimethylhex-1-ene"
random,17,33,8,467.85,True,3,1-Octanol
random,17,34,873,435.36,False,3,4-Ethyl-3-methylheptane
random,17,35,611,438.65,False,3,6-Methylheptan-3-ol
random,17,36,566,491.65,False,3,2-Butylhexanol
random,17,37,711,364.15,False,3,5-Methyl-1-hexyne
random,17,38,1152,452.15,False,3,"3,4,6-Trimethyloctane"
random,17,39,903,458.15,True,4,2-(Pentyloxy)ethanol
random,17,40,178,392.05,False,4,3-Methylheptane
random,17,41,1009,546.96,False,4,7-Pentadecene
random,17,42,309,504.15,False,4,2-(2-Ethylhexyloxy)ethanol
random,17,43,447,400.15,False,4,"2,2,4-Trimethylhexane"
random,17,44,256,705.15,False,4,Octacosane
random,17,45,809,582.15,False,4,"3,9-Diethyl-6-tridecanol"
random,17,46,1013,370.15,False,4,(Z)-3-Methyl-2-hexene
random,17,47,977,395.15,False,4,(3-Methylpentyl)amine
random,17,48,299,652.15,False,4,Trioctylamine
random,17,49,710,467.14283,True,5,4-Propyl-4-heptanol
random,17,50,1235,451.15,False,5,"4,4-Dimethylnonane"
random,17,51,701,330.02093,False,5,3-Methyl-1-pentyne
random,17,52,1025,501.2,False,5,cis-2-Tridecene
random,17,53,645,539.24,False,5,"2,4-Hexadiyne-1,6-diol"
random,17,54,285,408.15,False,5,"3,5-Dimethylheptane"
random,17,55,351,479.15,False,5,Isononyl alcohol
random,17,56,151,560.05,False,5,Hexadecane
random,17,57,816,343.15,False,5,"3,3-Dimethyl-1-pentyne"
random,17,58,837,432.15,False,5,"2,2,3,4,4-Pentamethylpentane"
random,17,59,1158,472.15,True,6,"4,4-Dimethyldecane"
random,17,60,679,390.15,False,6,N-Methylpentylamine
random,17,61,70,369.15,False,6,Isoamylamine
random,17,62,214,366.55,False,6,3-Ethylpentane
random,17,63,1196,459.15,True,7,"3,4-Diethyl-3-methylhexane"
random,17,64,1224,445.15,False,7,"2,5,5-Trimethyloctane"
random,17,65,389,361.15,False,7,"2-Methyl-1,5-hexadiene"
random,17,66,779,506.04,False,7,6-Tridecyne
random,17,67,615,484.75,False,7,2-Methyl-1-undecene
random,17,68,688,349.15,False,7,"1,2-Hexadiene"
random,17,69,128,380.65,False,7,Dipropylamine
random,17,70,894,409.0,False,7,"2,6-Dimethyl-2-heptene"
random,17,71,982,440.15,False,7,"3,3-Dimethylpentan-1-ol"
random,17,72,632,392.6,False,7,"3,5,5-Trimethyl-1-hexene"
random,17,73,948,340.21,False,7,trans-3-Hexene
random,17,74,684,327.66,False,7,Ethynol
random,17,75,511,487.65,False,7,"2-Methyl-1,3-pentanediol"
random,17,76,7,337.65,False,7,Methanol
random,17,77,104,444.15,False,7,2-Butoxyethanol
random,17,78,313,554.75,False,7,2-Methylpentadecane
random,17,79,435,541.55,False,7,1-Pentadecene
random,17,80,1172,454.15,True,8,"3,3,4,5-Tetramethylheptane"
random,17,81,1071,391.65,False,8,3-Penten-2-OL
random,17,82,4,398.77,False,8,Octane
random,17,83,1059,411.15,False,8,cis-2-Penten-1-ol
random,17,84,808,453.15,True,9,2-Methyl-1-heptanol
random,17,85,212,339.05,False,9,"N,N-Diethylmethylamine"
random,17,86,649,356.15,False,9,N-Methylpropargylamine
random,17,87,250,603.15,False,9,Nonadecane
random,17,88,291,396.15,False,9,"3-Ethyl-2,4-dimethylpentane"
random,17,89,1233,452.15,False,9,3-Methyl-4-propylheptane
random,17,90,703,407.15,False,9,"4,4-Dimethylheptane"
random,17,91,245,543.75,False,9,Pentadecane
random,17,92,648,406.15,False,9,"3,4-Dimethyl-1-pentyn-3-ol"
random,17,93,745,389.15,False,9,3-Ethyl-3-hexene
random,17,94,1132,454.15,True,10,"4-Ethyl-3,5-dimethylheptane"
random,17,95,876,433.2,False,10,"2,3,3-Trimethylheptane"
random,17,96,641,586.15,False,10,3-Methylheptadecane
random,17,97,549,408.65,False,10,"1,7-Octadiyne"
random,17,98,126,479.15,False,10,"2,5-Dimethyl-3-hexyne-2,5-diol"
random,17,99,308,597.15,False,10,1-Heptadecanol
random,17,100,346,426.15,False,10,3-Methyl-2-hexanol
random,17,101,14,390.05,False,10,Ethylenediamine
random,17,102,709,671.15,False,10,Trinonylamine
random,17,103,449,403.75,False,10,"2,4,4-Trimethylhexane"
random,17,104,539,508.15,False,10,Triisopentylamine
random,17,105,269,344.35,False,10,1-Hexyne
random,17,106,63,320.36,False,10,Propylamine
random,17,107,1131,443.15,False,10,"2,4,7-Trimethyloctane"
random,17,108,112,486.55,False,10,1-Dodecene
random,17,109,729,334.15,False,10,4-Methyl-1-pentyne
random,17,110,318,404.15,False,10,1-Ethoxy-2-propanol
random,17,111,662,393.15,False,10,"Octa-1,3,7-triene"
random,17,112,1080,420.65,False,10,"(E,E,E)-2,4,6-Octatriene"
random,17,113,51,459.35,True,11,2-Ethylhexan-1-ol
random,17,114,42,438.2,False,11,"N,N,N',N'-Tetramethyl-1,3-butanediamine"
random,17,115,573,381.2,False,11,Diethyl(1-propynyl)amine
random,17,116,575,385.2,False,11,Diethyl(propyl)amine
random,17,117,899,509.15,False,11,2-Methyl-3-undecanol
random,17,118,198,350.95,False,11,"2,3,3-Trimethyl-1-butene"
random,17,119,43,368.15,False,11,Triethylborane
random,17,120,685,397.65,False,11,Butylisopropylamine
random,17,121,408,445.15,False,11,1-Butoxy-2-propanol
random,17,122,1096,453.15,True,12,"2,7-Dimethylnonane"
random,17,123,646,443.15,False,12,"2,2,3-Trimethylhexan-3-ol"
random,17,124,833,504.45,False,12,2-Methyl-1-dodecene
random,17,125,1128,489.15,False,12,4-Methylnonan-1-ol
random,17,126,1159,478.0,False,12,"3,3-Diethyloctane"
random,17,127,593,663.15,False,12,1-Tetracosene
random,17,128,698,400.64,False,12,"2,6-Octadiyne"
random,17,129,1123,762.15,False,12,1-Pentatriacontene
random,17,130,480,501.15,False,12,6-Undecanol
random,17,131,850,478.32,False,12,Dodec-4-ene
random,17,132,547,553.15,False,12,1-Pentadecyne
random,17,133,398,409.15,False,12,Diethylbutylamine
random,17,134,516,274.03,False,12,2-Butene
random,17,135,154,387.85,False,12,"2,3,3-Trimethylpentane"
random,17,136,1014,360.5,False,12,4-Methyl-2-hexene
random,17,137,99,479.65,False,12,Diethylenetriamine
random,17,138,881,436.06,False,12,"4-Ethyl-3,3-dimethylhexane"
random,17,139,655,433.76714,False,12,"2,4-Dimethyl-3-hexanol"
random,17,140,476,507.15,False,12,1-(2-Butoxyethoxy)-2-propanol
random,17,141,606,455.15,True,13,"4,5-Dimethylnonane"
random,17,142,316,502.65,False,13,2-Methyldodecane
random,17,143,339,405.15,False,13,"2,4-Dimethylheptane"
random,17,144,561,378.65,False,13,Butylallene
random,17,145,554,339.15,False,13,3-Methoxy-1-propanol
random,17,146,1077,378.25,False,13,"3-Methyl-1,4-heptadiene"
random,17,147,427,355.15,False,13,"3,4-Dimethyl-1-pentene"
random,17,148,887,435.31525,False,13,"2,3,4,4-Tetramethylhexane"
random,17,149,472,438.76616,False,13,"2,2,4-Trimethyl-1-pentanol"
random,17,150,32,393.15,False,13,3-Methyl-1-pentyn-3-ol
mw_heuristic,17,1,1050,615.6,False,0,9-Octadecene
mw_heuristic,17,2,268,327.15,False,0,4-Methyl-1-pentene
mw_heuristic,17,3,950,364.15,False,0,"trans-3,4-Dimethyl-2-pentene"
mw_heuristic,17,4,920,483.15,False,0,"3,4-Dimethyl-3,4-diethyl-hexane"
mw_heuristic,17,5,695,536.15,False,0,2-Tetradecyne
mw_heuristic,17,6,44,428.15,False,0,2-Ethyl-1-butanol
mw_heuristic,17,7,133,503.25,False,0,"2,2,4-Trimethyl-1,3-pentanediol"
mw_heuristic,17,8,459,457.15,True,1,"3,7-Dimethylnonane"
mw_heuristic,17,9,200,379.47,False,1,"2,2,3,3-Tetramethylbutane"
mw_heuristic,17,10,570,422.7,False,1,"2,4,4-Trimethylheptane"
mw_heuristic,17,11,54,505.15,False,1,"N,N-Bis(3-aminopropyl)methylamine"
mw_heuristic,17,12,83,506.15,False,1,"2,5-Dimethyl-2,5-hexanediol"
mw_heuristic,17,13,109,481.15,False,1,2-(Hexyloxy)ethanol
mw_heuristic,17,14,537,418.15,False,1,"1,8-Octanediol"
mw_heuristic,17,15,572,370.65,False,1,Tris(2-aminoethyl)amine
mw_heuristic,17,16,997,460.44,True,2,"(E,E,Z)-Undeca-1,3,5,8-tetraene"
mw_heuristic,17,17,42,438.2,False,2,"N,N,N',N'-Tetramethyl-1,3-butanediamine"
mw_heuristic,17,18,123,394.15,False,2,"N,N-Diisopropylethylenediamine"
mw_heuristic,17,19,518,327.65,False,2,"N,N,N'-Triethylethylenediamine"
mw_heuristic,17,20,520,441.15,False,2,"N,N,N',N'-Tetramethyl-1,4-butanediamine"
mw_heuristic,17,21,278,465.85,True,3,1-Undecene
mw_heuristic,17,22,696,455.44,True,4,Undec-4-ene
mw_heuristic,17,23,699,465.45,True,5,5-Undecene
mw_heuristic,17,24,825,463.85,True,6,2-Methyl-1-decene
mw_heuristic,17,25,1021,466.15,True,7,(E)-4-Undecene
mw_heuristic,17,26,967,502.15,False,7,Nerol
mw_heuristic,17,27,57,497.15,False,7,(-)-Citronellol
mw_heuristic,17,28,1001,524.74,False,7,(E)-3-Decenol
mw_heuristic,17,29,1061,524.74,False,7,2-Decen-1-ol
mw_heuristic,17,30,1092,524.74,False,7,Dec-4-en-1-ol
mw_heuristic,17,31,1076,456.28,True,8,"1,3,5-Undecatriene"
mw_heuristic,17,32,39,653.15,False,8,Xylitol
mw_heuristic,17,33,668,514.75,False,8,"3,7-Dimethylocta-1,5,7-trien-3-ol"
mw_heuristic,17,34,1072,514.75,False,8,Hotrienol
mw_heuristic,17,35,559,469.15,True,9,1-Undecyne
mw_heuristic,17,36,221,467.9,True,10,3-Nonanol
mw_heuristic,17,37,239,466.65,True,11,2-Nonanol
mw_heuristic,17,38,319,446.15,False,11,"3,6-Dimethyl-3-heptanol"
mw_heuristic,17,39,351,479.15,False,11,Isononyl alcohol
mw_heuristic,17,40,379,466.15,True,12,"3,5,5-Trimethyl-1-hexanol"
mw_heuristic,17,41,409,462.15,True,13,3-Methyl-3-octanol
mw_heuristic,17,42,412,465.65,True,14,4-Nonanol
mw_heuristic,17,43,467,448.15,False,14,"2,6-Dimethyl-3-heptanol"
mw_heuristic,17,44,468,452.15,False,14,"3,5-Dimethyl-4-heptanol"
mw_heuristic,17,45,533,452.15,False,14,4-Ethyl-4-heptanol
mw_heuristic,17,46,594,443.15,False,14,"2,6-Dimethyl-2-heptanol"
mw_heuristic,17,47,646,443.15,False,14,"2,2,3-Trimethylhexan-3-ol"
mw_heuristic,17,48,658,454.65,True,15,2-Methyl-3-octanol
mw_heuristic,17,49,669,465.4,True,16,4-Methyl-2-propylpentan-1-ol
mw_heuristic,17,50,735,439.15,False,16,"2,2,4,4-Tetramethylpentan-3-ol"
mw_heuristic,17,51,769,453.22759,True,17,4-Methyl-4-octanol
mw_heuristic,17,52,811,451.05,False,17,"3-Ethyl-2,4-dimethylpentan-3-ol"
mw_heuristic,17,53,864,479.15,False,17,6-Methyloctan-1-ol
mw_heuristic,17,54,905,438.65,False,17,"3,4,4-Trimethylhexan-3-ol"
mw_heuristic,17,55,906,444.86543,False,17,"2,4,4-Trimethyl-3-hexanol"
mw_heuristic,17,56,978,447.15,False,17,"3-Ethyl-2,2-dimethyl-3-pentanol"
mw_heuristic,17,57,981,453.15,True,18,3-Methyl-4-octanol
mw_heuristic,17,58,1108,447.15,False,18,"2,2-Dimethyl-4-heptanol"
mw_heuristic,17,59,1178,452.15,False,18,"2,3,4-Trimethylhexan-3-ol"
mw_heuristic,17,60,1211,468.15,True,19,2-Ethyl-4-methylhexan-1-ol
mw_heuristic,17,61,45,426.15,False,19,Tripropylamine
mw_heuristic,17,62,331,471.15,True,20,Nonylamine
mw_heuristic,17,63,334,445.15,False,20,"N,N-Dimethylheptylamine"
mw_heuristic,17,64,376,432.15,False,20,N-Methyldibutylamine
mw_heuristic,17,65,563,351.65,False,20,n-Methyloctan-1-amine
mw_heuristic,17,66,712,471.09534,True,21,5-Undecyne
mw_heuristic,17,67,734,462.0,True,22,"1,10-Undecadiene"
mw_heuristic,17,68,786,479.15,False,22,2-Undecyne
mw_heuristic,17,69,787,473.15,False,22,3-Undecyne
mw_heuristic,17,70,788,471.65,True,23,4-Undecyne
mw_heuristic,17,71,1216,457.05,True,24,"3,3-Dimethylnon-4-yne"
mw_heuristic,17,72,279,440.15,False,24,2-Methylnonane
mw_heuristic,17,73,295,410.15,False,24,"2,2,5,5-Tetramethylhexane"
mw_heuristic,17,74,297,433.15,False,24,"2,7-Dimethyloctane"
mw_heuristic,17,75,306,426.15,False,24,"2,5,5-Trimethylheptane"
mw_heuristic,17,76,325,447.25,False,24,Decane
mw_heuristic,17,77,337,431.15,False,24,"2,6-Dimethyloctane"
mw_heuristic,17,78,387,413.06493,False,24,"2,3,6-Trimethylheptane"
mw_heuristic,17,79,411,441.15,False,24,3-Methylnonane
mw_heuristic,17,80,423,437.15,False,24,"2,3-Dimethyloctane"
mw_heuristic,17,81,424,430.15,False,24,"3,3,5-Trimethylheptane"
mw_heuristic,17,82,436,432.86,False,24,5-Ethyl-2-methylheptane
mw_heuristic,17,83,437,433.15,False,24,"2,2,3,3-Tetramethylhexane"
mw_heuristic,17,84,441,421.45,False,24,"2,2,4-Trimethylheptane"
mw_heuristic,17,85,443,437.15,False,24,5-Methylnonane
mw_heuristic,17,86,302,469.05,True,25,Undecane
mw_heuristic,17,87,360,461.15,True,26,4-Methyldecane
mw_heuristic,17,88,419,462.35,True,27,2-Methyldecane
mw_heuristic,17,89,457,452.15,False,27,"2,5-Dimethylnonane"
mw_heuristic,17,90,458,452.15,False,27,"2,6-Dimethylnonane"
mw_heuristic,17,91,503,452.15,False,27,"2,3,7-Trimethyloctane"
mw_heuristic,17,92,606,455.15,True,28,"4,5-Dimethylnonane"
mw_heuristic,17,93,627,465.15,True,29,3-Methyldecane
mw_heuristic,17,94,635,459.15,True,30,5-Methyldecane
mw_heuristic,17,95,676,453.15,True,31,"2,3,6-Trimethyloctane"
mw_heuristic,17,96,777,436.15,False,31,"2,2,6,6-Tetramethylheptane"
mw_heuristic,17,97,791,449.15,False,31,"2,2,4,4,5-Pentamethylhexane"
mw_heuristic,17,98,793,439.15,False,31,"2,2,5,5-Tetramethylheptane"
mw_heuristic,17,99,794,453.15,True,32,"3,3,5,5-Tetramethylheptane"
mw_heuristic,17,100,803,452.15,False,32,"2,2,3-Trimethyloctane"
mw_heuristic,17,101,804,450.15,False,32,"2,3,5-Trimethyloctane"
mw_heuristic,17,102,845,443.15834,False,32,"2,2,4-Trimethyloctane"
mw_heuristic,17,103,856,448.0,False,32,"2,3-Dimethylnonane"
mw_heuristic,17,104,904,447.15,False,32,"2,2,6-Trimethyloctane"
mw_heuristic,17,105,913,451.15,False,32,"2,4-Dimethylnonane"
mw_heuristic,17,106,914,456.46543,True,33,"4,4-Diethylheptane"
mw_heuristic,17,107,922,457.15,True,34,4-Ethylnonane
mw_heuristic,17,108,930,455.15,True,35,"3,3-Dimethylnonane"
mw_heuristic,17,109,932,461.15,True,36,3-Ethylnonane
mw_heuristic,17,110,934,455.15,True,37,"2,3,3-Trimethyloctane"
mw_heuristic,17,111,936,451.15,False,37,"2,5,6-Trimethyloctane"
mw_heuristic,17,112,937,447.15,False,37,"2,4,6-Trimethyloctane"
mw_heuristic,17,113,938,447.15,False,37,"2,2,3,5-Tetramethylheptane"
mw_heuristic,17,114,979,452.15,False,37,"2,3,4,5-Tetramethylheptane"
mw_heuristic,17,115,983,450.15,False,37,"3-Ethyl-2,4,5-trimethylhexane"
mw_heuristic,17,116,1096,453.15,True,38,"2,7-Dimethylnonane"
mw_heuristic,17,117,1097,456.15,True,39,"2,8-Dimethylnonane"
mw_heuristic,17,118,1113,454.15,True,40,"3,4,5-Trimethyloctane"
mw_heuristic,17,119,1114,459.15,True,41,"3-Ethyl-2,2,3,4-tetramethylpentane"
mw_heuristic,17,120,1115,462.15,True,42,"3,3-Diethyl-2,2-dimethylpentane"
mw_heuristic,17,121,1116,467.15,True,43,"2,2,3,3,4,4-Hexamethylpentane"
mw_heuristic,17,122,1119,458.15,True,44,"3,4-Dimethylnonane"
mw_heuristic,17,123,1127,447.15,False,44,4-Tert-butylheptane
mw_heuristic,17,124,1129,453.15,True,45,"2,3,4-Trimethyloctane"
mw_heuristic,17,125,1130,453.15,True,46,4-Ethyl-4-methyloctane
mw_heuristic,17,126,1131,443.15,False,46,"2,4,7-Trimethyloctane"
mw_heuristic,17,127,1132,454.15,True,47,"4-Ethyl-3,5-dimethylheptane"
mw_heuristic,17,128,1139,451.15,False,47,4-Isopropyloctane
mw_heuristic,17,129,1140,443.15,False,47,"3-Ethyl-2,2,5-trimethylhexane"
mw_heuristic,17,130,1143,442.15,False,47,"2,2,4,5-Tetramethylheptane"
mw_heuristic,17,131,1144,447.15,False,47,"3,3,5-Trimethyloctane"
mw_heuristic,17,132,1145,443.15,False,47,"2,2,4,4-Tetramethylheptane"
mw_heuristic,17,133,1146,458.15,True,48,"3,4,4,5-Tetramethylheptane"
mw_heuristic,17,134,1147,448.15,False,48,"2,3,5,6-Tetramethylheptane"
mw_heuristic,17,135,1149,437.15,False,48,"2,4,4,6-Tetramethylheptane"
mw_heuristic,17,136,1151,451.15,False,48,4-Methyl-4-propylheptane
mw_heuristic,17,137,1152,452.15,False,48,"3,4,6-Trimethyloctane"
mw_heuristic,17,138,1153,438.275,False,48,"2,2,3,5,5-Pentamethylhexane"
mw_heuristic,17,139,1157,450.15,False,48,"5,5-Dimethylnonane"
mw_heuristic,17,140,1162,441.15,False,48,"4-Ethyl-2,2-dimethylheptane"
mw_heuristic,17,141,1163,443.15,False,48,"2,2,7-Trimethyloctane"
mw_heuristic,17,142,1165,449.15,False,48,"3-Ethyl-2,5-dimethylheptane"
mw_heuristic,17,143,1166,459.9,True,49,"3,3-Diethylheptane"
mw_heuristic,17,144,1167,455.15,True,50,"3,3,4-Trimethyloctane"
mw_heuristic,17,145,1170,455.15,True,51,"3,6-Dimethylnonane"
mw_heuristic,17,146,1171,452.8,False,51,"2,2,3,3-Tetramethylheptane"
mw_heuristic,17,147,1172,454.15,True,52,"3,3,4,5-Tetramethylheptane"
mw_heuristic,17,148,1175,443.15,False,52,"2,5-Dimethyl-3-isopropylhexane"
mw_heuristic,17,149,1176,449.15,False,52,"3-Ethyl-2,2-dimethylheptane"
mw_heuristic,17,150,1177,457.15,True,53,"2,2,3,3,4-Pentamethylhexane"
greedy_gp,17,1,1050,615.6,False,0,9-Octadecene
greedy_gp,17,2,268,327.15,False,0,4-Methyl-1-pentene
greedy_gp,17,3,950,364.15,False,0,"trans-3,4-Dimethyl-2-pentene"
greedy_gp,17,4,920,483.15,False,0,"3,4-Dimethyl-3,4-diethyl-hexane"
greedy_gp,17,5,695,536.15,False,0,2-Tetradecyne
greedy_gp,17,6,44,428.15,False,0,2-Ethyl-1-butanol
greedy_gp,17,7,133,503.25,False,0,"2,2,4-Trimethyl-1,3-pentanediol"
greedy_gp,17,8,459,457.15,True,1,"3,7-Dimethylnonane"
greedy_gp,17,9,200,379.47,False,1,"2,2,3,3-Tetramethylbutane"
greedy_gp,17,10,570,422.7,False,1,"2,4,4-Trimethylheptane"
greedy_gp,17,11,606,455.15,True,2,"4,5-Dimethylnonane"
greedy_gp,17,12,442,430.15,False,2,4-Methyl-3-heptanol
greedy_gp,17,13,664,438.15,False,2,3-Methyl-4-heptanol
greedy_gp,17,14,532,433.15,False,2,3-Ethyl-3-hexanol
greedy_gp,17,15,1196,459.15,True,3,"3,4-Diethyl-3-methylhexane"
greedy_gp,17,16,628,417.15,False,3,1-Tert-butoxy-2-propanol
greedy_gp,17,17,1130,453.15,True,4,4-Ethyl-4-methyloctane
greedy_gp,17,18,825,463.85,True,5,2-Methyl-1-decene
greedy_gp,17,19,1105,468.15,True,6,"2,3,4,5,6-Pentamethylheptane"
greedy_gp,17,20,1151,451.15,False,6,4-Methyl-4-propylheptane
greedy_gp,17,21,922,457.15,True,7,4-Ethylnonane
greedy_gp,17,22,1199,468.15,True,8,"2,2,3,3,5,5-Hexamethylhexane"
greedy_gp,17,23,932,461.15,True,9,3-Ethylnonane
greedy_gp,17,24,627,465.15,True,10,3-Methyldecane
greedy_gp,17,25,360,461.15,True,11,4-Methyldecane
greedy_gp,17,26,110,502.15,False,11,1-Decanol
greedy_gp,17,27,49,498.15,False,11,5-Ethyl-2-nonanol
greedy_gp,17,28,419,462.35,True,12,2-Methyldecane
greedy_gp,17,29,529,465.15,True,13,"N,N,N',N'-Tetraethylethylenediamine"
greedy_gp,17,30,635,459.15,True,14,5-Methyldecane
greedy_gp,17,31,336,477.15,False,14,Dipentylamine
greedy_gp,17,32,984,480.15,False,14,Methylnonylamine
greedy_gp,17,33,1110,475.15,False,14,N-Ethyloctylamine
greedy_gp,17,34,572,370.65,False,14,Tris(2-aminoethyl)amine
greedy_gp,17,35,438,451.15,False,14,"2,2,4,6,6-Pentamethylheptane"
greedy_gp,17,36,149,460.15,True,15,Diisoamylamine
greedy_gp,17,37,799,404.15,False,15,"2-Butene-1,4-diol"
greedy_gp,17,38,966,508.15,False,15,"cis-2-Butene-1,4-Diol"
greedy_gp,17,39,981,453.15,True,16,3-Methyl-4-octanol
greedy_gp,17,40,1094,479.64,False,16,"Butene-1,4-diol"
greedy_gp,17,41,1232,467.8,True,17,"3,4,5,5-Tetramethylhexan-3-ol"
greedy_gp,17,42,1249,460.65,True,18,"2,2,4,4-Tetramethyl-3-hexanol"
greedy_gp,17,43,412,465.65,True,19,4-Nonanol
greedy_gp,17,44,221,467.9,True,20,3-Nonanol
greedy_gp,17,45,87,511.15,False,20,"2-Butyne-1,4-diol"
greedy_gp,17,46,351,479.15,False,20,Isononyl alcohol
greedy_gp,17,47,864,479.15,False,20,6-Methyloctan-1-ol
greedy_gp,17,48,134,283.15,False,20,"1,3-Butadiyne"
greedy_gp,17,49,20,169.35,False,20,Ethylene
greedy_gp,17,50,734,462.0,True,21,"1,10-Undecadiene"
greedy_gp,17,51,682,810.15,False,21,Dotetracontane
greedy_gp,17,52,1211,468.15,True,22,2-Ethyl-4-methylhexan-1-ol
greedy_gp,17,53,669,465.4,True,23,4-Methyl-2-propylpentan-1-ol
greedy_gp,17,54,131,493.15,False,23,Bis(hexamethylene)triamine
greedy_gp,17,55,500,506.02,False,23,"3,6-Nonadien-1-ol"
greedy_gp,17,56,477,480.15,False,23,Neopentyl glycol
greedy_gp,17,57,658,454.65,True,24,2-Methyl-3-octanol
greedy_gp,17,58,795,462.9,True,25,"3,3,6,6-Tetramethyloctane"
greedy_gp,17,59,813,481.15,False,25,"3-Methyl-1,3-butanediol"
greedy_gp,17,60,1183,457.0,True,26,"2,4,4,7-Tetramethyloctane"
greedy_gp,17,61,530,450.15,False,26,"2-Methylpropane-1,2-diol"
greedy_gp,17,62,139,469.65,True,27,"3-Butene-1,2-diol"
greedy_gp,17,63,8,467.85,True,28,1-Octanol
greedy_gp,17,64,499,473.15,False,28,"2,2,3-Trimethylnonane"
greedy_gp,17,65,1,455.15,True,29,"2,3-Butanediol"
greedy_gp,17,66,558,494.15,False,29,"2-Methyl-1,3-propanediol"
greedy_gp,17,67,170,469.1,True,30,"1,2-Butanediol"
greedy_gp,17,68,796,479.94,False,30,6-Methyl-6-hepten-4-yn-3-ol
greedy_gp,17,69,1233,452.15,False,30,3-Methyl-4-propylheptane
greedy_gp,17,70,1245,469.15,True,31,"2,4,4,5,5-Pentamethylheptane"
greedy_gp,17,71,1216,457.05,True,32,"3,3-Dimethylnon-4-yne"
greedy_gp,17,72,1241,457.15,True,33,"2,2,5,5-Tetramethyloctane"
greedy_gp,17,73,1133,464.89743,True,34,"2,2,3,4-Tetramethylhexan-3-ol"
greedy_gp,17,74,933,460.94,True,35,2-Heptyn-1-ol
greedy_gp,17,75,807,456.65,True,36,"meso-2,3-Butanediol"
greedy_gp,17,76,810,350.5,False,36,"(R,R)-2,3-butanediol"
greedy_gp,17,77,818,453.65,True,37,"(2S,3S)-butane-2,3-diol"
greedy_gp,17,78,142,487.85,False,37,"1,3-Propanediol"
greedy_gp,17,79,533,452.15,False,37,4-Ethyl-4-heptanol
greedy_gp,17,80,1236,466.15,True,38,"2,2,3,3,6-Pentamethylheptane"
greedy_gp,17,81,903,458.15,True,39,2-(Pentyloxy)ethanol
greedy_gp,17,82,1182,453.15,True,40,4-Ethyl-5-methyloctane
greedy_gp,17,83,1225,447.15,False,40,2-Methyl-4-propylheptane
greedy_gp,17,84,1192,452.15,False,40,"3,5-Diethylheptane"
greedy_gp,17,85,677,460.65,True,41,"2,2,4,4,6-Pentamethylheptane"
greedy_gp,17,86,1164,464.15,True,42,"2,2,4-Trimethylnonane"
greedy_gp,17,87,1221,463.15,True,43,"2,6,6-Trimethylnonane"
greedy_gp,17,88,1154,459.4,True,44,"2,4,5,7-Tetramethyloctane"
greedy_gp,17,89,30,447.15,False,44,Pinacol
greedy_gp,17,90,1141,458.15,True,45,4-Tert-butyl-2-methylheptane
greedy_gp,17,91,1223,463.15,True,46,"2,5,5-Trimethylnonane"
greedy_gp,17,92,792,455.15,True,47,"2,4,6-Trimethyl-4-heptanol"
greedy_gp,17,93,916,472.15,True,48,"3,6-Dimethyl-3-ethyl-octane"
greedy_gp,17,94,769,453.22759,True,49,4-Methyl-4-octanol
greedy_gp,17,95,1160,460.15,True,50,"4-Ethyl-2,2-dimethyloctane"
greedy_gp,17,96,460,474.15,False,50,"2,2-Dimethyldecane"
greedy_gp,17,97,1139,451.15,False,50,4-Isopropyloctane
greedy_gp,17,98,1150,463.0,True,51,"2,5,8-Trimethylnonane"
greedy_gp,17,99,114,614.65,False,51,Tetraethylenepentamine
greedy_gp,17,100,914,456.46543,True,52,"4,4-Diethylheptane"
greedy_gp,17,101,12,478.2,False,52,3-(Dibutylamino)propylamine
greedy_gp,17,102,589,502.15,False,52,Undecylamine
greedy_gp,17,103,563,351.65,False,52,n-Methyloctan-1-amine
greedy_gp,17,104,918,472.15,True,53,"3,4,5,6-Tetramethyloctane"
greedy_gp,17,105,935,469.15,True,54,"3-Ethyl-2,7-dimethyloctane"
greedy_gp,17,106,267,473.15,False,54,"2-Methyl-1,3-butanediol"
greedy_gp,17,107,919,473.15,False,54,"3,4,7-Trimethylnonane"
greedy_gp,17,108,1184,453.15,True,55,3-Ethyl-5-methyloctane
greedy_gp,17,109,129,490.15,False,55,Decylamine
greedy_gp,17,110,409,462.15,True,56,3-Methyl-3-octanol
greedy_gp,17,111,1168,473.15,False,56,"3-Ethyl-3,4-dimethyloctane"
greedy_gp,17,112,1202,452.15,False,56,"4,6-Dimethylnonane"
greedy_gp,17,113,1187,464.15,True,57,4-Tert-butyloctane
greedy_gp,17,114,647,448.15,False,57,"2-Methylbutane-2,3-diol"
greedy_gp,17,115,913,451.15,False,57,"2,4-Dimethylnonane"
greedy_gp,17,116,89,393.15,False,57,"N,N'-Dimethylethylenediamine"
greedy_gp,17,117,661,478.65,False,57,"3,3-Dimethyl-1,2-butanediol"
greedy_gp,17,118,1137,470.15,True,58,"3-Ethyl-2,6-dimethyloctane"
greedy_gp,17,119,1135,476.15,False,58,"3,3-Dimethyldecane"
greedy_gp,17,120,668,514.75,False,58,"3,7-Dimethylocta-1,5,7-trien-3-ol"
greedy_gp,17,121,358,572.15,False,58,"1,12-Dodecanediamine"
greedy_gp,17,122,331,471.15,True,59,Nonylamine
greedy_gp,17,123,1081,461.15,True,60,"2,6-Dimethyl-2,4,6-octatriene"
greedy_gp,17,124,1083,440.64,False,60,"(E,Z)-2,6-Dimethylocta-2,4,6-triene"
greedy_gp,17,125,1022,478.54,False,60,3-Octen-2-OL
greedy_gp,17,126,1070,448.15,False,60,2-Octen-4-ol
greedy_gp,17,127,974,447.15,False,60,(S)-1-Octen-3-ol
greedy_gp,17,128,1174,455.9,True,61,"2,2,6,6-Tetramethyloctane"
greedy_gp,17,129,468,452.15,False,61,"3,5-Dimethyl-4-heptanol"
greedy_gp,17,130,302,469.05,True,62,Undecane
greedy_gp,17,131,1240,459.15,True,63,"2,2,5,5,6-Pentamethylheptane"
greedy_gp,17,132,46,423.15,False,63,Triallylamine
greedy_gp,17,133,467,448.15,False,63,"2,6-Dimethyl-3-heptanol"
greedy_gp,17,134,1204,479.15,False,63,"3,3-Diethyl-2,2,4-trimethylpentane"
greedy_gp,17,135,1136,464.15,True,64,"4-Ethyl-2,4-dimethyloctane"
greedy_gp,17,136,1109,471.15,True,65,"N,N-Diethylheptylamine"
greedy_gp,17,137,940,488.15,False,65,"N,N-Dimethylnonylamine"
greedy_gp,17,138,523,459.00627,True,66,"2,2,7,7-Tetramethyloctane"
greedy_gp,17,139,1158,472.15,True,67,"4,4-Dimethyldecane"
greedy_gp,17,140,921,470.15,True,68,"3-Methyl, 3,5-diethyl, heptane"
greedy_gp,17,141,364,471.15,True,69,"1,1,4,7,7-Pentamethyldiethylenetriamine"
greedy_gp,17,142,1218,462.15,True,70,"2,4-Dimethyl-4-propylheptane"
greedy_gp,17,143,1230,469.15,True,71,"3,3-Dimethyl-4-propylheptane"
greedy_gp,17,144,696,455.44,True,72,Undec-4-ene
greedy_gp,17,145,1021,466.15,True,73,(E)-4-Undecene
greedy_gp,17,146,699,465.45,True,74,5-Undecene
greedy_gp,17,147,278,465.85,True,75,1-Undecene
greedy_gp,17,148,1112,470.15,True,76,"5,5-Dimethyldecane"
greedy_gp,17,149,621,465.15,True,77,"4,7-Dimethyloctan-4-ol"
greedy_gp,17,150,1207,476.15,False,77,"3,3-Diethyl-2-methylheptane"
prob_in_spec,17,1,1050,615.6,False,0,9-Octadecene
prob_in_spec,17,2,268,327.15,False,0,4-Methyl-1-pentene
prob_in_spec,17,3,950,364.15,False,0,"trans-3,4-Dimethyl-2-pentene"
prob_in_spec,17,4,920,483.15,False,0,"3,4-Dimethyl-3,4-diethyl-hexane"
prob_in_spec,17,5,695,536.15,False,0,2-Tetradecyne
prob_in_spec,17,6,44,428.15,False,0,2-Ethyl-1-butanol
prob_in_spec,17,7,133,503.25,False,0,"2,2,4-Trimethyl-1,3-pentanediol"
prob_in_spec,17,8,459,457.15,True,1,"3,7-Dimethylnonane"
prob_in_spec,17,9,200,379.47,False,1,"2,2,3,3-Tetramethylbutane"
prob_in_spec,17,10,570,422.7,False,1,"2,4,4-Trimethylheptane"
prob_in_spec,17,11,606,455.15,True,2,"4,5-Dimethylnonane"
prob_in_spec,17,12,1188,455.15,True,3,3-Ethyl-6-methyloctane
prob_in_spec,17,13,1202,452.15,False,3,"4,6-Dimethylnonane"
prob_in_spec,17,14,1184,453.15,True,4,3-Ethyl-5-methyloctane
prob_in_spec,17,15,1119,458.15,True,5,"3,4-Dimethylnonane"
prob_in_spec,17,16,302,469.05,True,6,Undecane
prob_in_spec,17,17,627,465.15,True,7,3-Methyldecane
prob_in_spec,17,18,932,461.15,True,8,3-Ethylnonane
prob_in_spec,17,19,360,461.15,True,9,4-Methyldecane
prob_in_spec,17,20,635,459.15,True,10,5-Methyldecane
prob_in_spec,17,21,419,462.35,True,11,2-Methyldecane
prob_in_spec,17,22,1096,453.15,True,12,"2,7-Dimethylnonane"
prob_in_spec,17,23,1097,456.15,True,13,"2,8-Dimethylnonane"
prob_in_spec,17,24,856,448.0,False,13,"2,3-Dimethylnonane"
prob_in_spec,17,25,922,457.15,True,14,4-Ethylnonane
prob_in_spec,17,26,914,456.46543,True,15,"4,4-Diethylheptane"
prob_in_spec,17,27,1166,459.9,True,16,"3,3-Diethylheptane"
prob_in_spec,17,28,1151,451.15,False,16,4-Methyl-4-propylheptane
prob_in_spec,17,29,1130,453.15,True,17,4-Ethyl-4-methyloctane
prob_in_spec,17,30,930,455.15,True,18,"3,3-Dimethylnonane"
prob_in_spec,17,31,1206,462.15,True,19,"3,3-Diethyl-2,4-dimethylpentane"
prob_in_spec,17,32,1208,459.15,True,20,"3,3-Diethyl-2-methylhexane"
prob_in_spec,17,33,1196,459.15,True,21,"3,4-Diethyl-3-methylhexane"
prob_in_spec,17,34,523,459.00627,True,22,"2,2,7,7-Tetramethyloctane"
prob_in_spec,17,35,438,451.15,False,22,"2,2,4,6,6-Pentamethylheptane"
prob_in_spec,17,36,1174,455.9,True,23,"2,2,6,6-Tetramethyloctane"
prob_in_spec,17,37,1241,457.15,True,24,"2,2,5,5-Tetramethyloctane"
prob_in_spec,17,38,1141,458.15,True,25,4-Tert-butyl-2-methylheptane
prob_in_spec,17,39,1240,459.15,True,26,"2,2,5,5,6-Pentamethylheptane"
prob_in_spec,17,40,1236,466.15,True,27,"2,2,3,3,6-Pentamethylheptane"
prob_in_spec,17,41,1154,459.4,True,28,"2,4,5,7-Tetramethyloctane"
prob_in_spec,17,42,1164,464.15,True,29,"2,2,4-Trimethylnonane"
prob_in_spec,17,43,1160,460.15,True,30,"4-Ethyl-2,2-dimethyloctane"
prob_in_spec,17,44,1187,464.15,True,31,4-Tert-butyloctane
prob_in_spec,17,45,1183,457.0,True,32,"2,4,4,7-Tetramethyloctane"
prob_in_spec,17,46,1223,463.15,True,33,"2,5,5-Trimethylnonane"
prob_in_spec,17,47,795,462.9,True,34,"3,3,6,6-Tetramethyloctane"
prob_in_spec,17,48,1218,462.15,True,35,"2,4-Dimethyl-4-propylheptane"
prob_in_spec,17,49,1221,463.15,True,36,"2,6,6-Trimethylnonane"
prob_in_spec,17,50,1138,463.15,True,37,"4-Ethyl-2,6-dimethyloctane"
prob_in_spec,17,51,1136,464.15,True,38,"4-Ethyl-2,4-dimethyloctane"
prob_in_spec,17,52,1220,463.15,True,39,"2,5-Dimethyl-4-propylheptane"
prob_in_spec,17,53,1222,457.75,True,40,"2,6-Dimethyl-4-propylheptane"
prob_in_spec,17,54,1150,463.0,True,41,"2,5,8-Trimethylnonane"
prob_in_spec,17,55,1115,462.15,True,42,"3,3-Diethyl-2,2-dimethylpentane"
prob_in_spec,17,56,935,469.15,True,43,"3-Ethyl-2,7-dimethyloctane"
prob_in_spec,17,57,1226,462.0,True,44,2-Methyl-5-propyloctane
prob_in_spec,17,58,1243,467.15,True,45,"2,3-Dimethyl-4-propylheptane"
prob_in_spec,17,59,1199,468.15,True,46,"2,2,3,3,5,5-Hexamethylhexane"
prob_in_spec,17,60,1203,460.15,True,47,"2,3,3,4,4-Pentamethylhexane"
prob_in_spec,17,61,1114,459.15,True,48,"3-Ethyl-2,2,3,4-tetramethylpentane"
prob_in_spec,17,62,1116,467.15,True,49,"2,2,3,3,4,4-Hexamethylpentane"
prob_in_spec,17,63,1137,470.15,True,50,"3-Ethyl-2,6-dimethyloctane"
prob_in_spec,17,64,1112,470.15,True,51,"5,5-Dimethyldecane"
prob_in_spec,17,65,1177,457.15,True,52,"2,2,3,3,4-Pentamethylhexane"
prob_in_spec,17,66,499,473.15,False,52,"2,2,3-Trimethylnonane"
prob_in_spec,17,67,1105,468.15,True,53,"2,3,4,5,6-Pentamethylheptane"
prob_in_spec,17,68,1227,457.15,True,54,"3,3,4,4-Tetramethylheptane"
prob_in_spec,17,69,1229,469.15,True,55,"3,5-Dimethyl-4-propylheptane"
prob_in_spec,17,70,1230,469.15,True,56,"3,3-Dimethyl-4-propylheptane"
prob_in_spec,17,71,1146,458.15,True,57,"3,4,4,5-Tetramethylheptane"
prob_in_spec,17,72,924,471.15,True,58,"4,6-Dimethyldecane"
prob_in_spec,17,73,921,470.15,True,59,"3-Methyl, 3,5-diethyl, heptane"
prob_in_spec,17,74,1190,470.15,True,60,"3,5-Diethyloctane"
prob_in_spec,17,75,1156,471.15,True,61,5-Ethyl-5-methylnonane
prob_in_spec,17,76,831,466.15,True,62,"4,5-Diethyloctane"
prob_in_spec,17,77,919,473.15,False,62,"3,4,7-Trimethylnonane"
prob_in_spec,17,78,918,472.15,True,63,"3,4,5,6-Tetramethyloctane"
prob_in_spec,17,79,916,472.15,True,64,"3,6-Dimethyl-3-ethyl-octane"
prob_in_spec,17,80,1245,469.15,True,65,"2,4,4,5,5-Pentamethylheptane"
prob_in_spec,17,81,1228,471.15,True,66,"3,4-Dimethyl-4-propylheptane"
prob_in_spec,17,82,830,472.15,True,67,4-Ethyl-5-methylnonane
prob_in_spec,17,83,1158,472.15,True,68,"4,4-Dimethyldecane"
prob_in_spec,17,84,1192,452.15,False,68,"3,5-Diethylheptane"
prob_in_spec,17,85,1179,454.15,True,69,"2,3,3,4,5-Pentamethylhexane"
prob_in_spec,17,86,1186,472.15,True,70,"3,4-Diethyloctane"
prob_in_spec,17,87,840,471.15,True,71,"2,5-Dimethyldecane"
prob_in_spec,17,88,1172,454.15,True,72,"3,3,4,5-Tetramethylheptane"
prob_in_spec,17,89,912,470.15,True,73,5-Propylnonane
prob_in_spec,17,90,925,472.15,True,74,"4,7-Dimethyldecane"
prob_in_spec,17,91,854,473.15,False,74,"2,4-Dimethyldecane"
prob_in_spec,17,92,923,473.15,False,74,"3,5-Dimethyldecane"
prob_in_spec,17,93,732,471.15,True,75,"2,6-Dimethyldecane"
prob_in_spec,17,94,1167,455.15,True,76,"3,3,4-Trimethyloctane"
prob_in_spec,17,95,1132,454.15,True,77,"4-Ethyl-3,5-dimethylheptane"
prob_in_spec,17,96,699,465.45,True,78,5-Undecene
prob_in_spec,17,97,696,455.44,True,79,Undec-4-ene
prob_in_spec,17,98,1021,466.15,True,80,(E)-4-Undecene
prob_in_spec,17,99,825,463.85,True,81,2-Methyl-1-decene
prob_in_spec,17,100,278,465.85,True,82,1-Undecene
prob_in_spec,17,101,734,462.0,True,83,"1,10-Undecadiene"
prob_in_spec,17,102,1076,456.28,True,84,"1,3,5-Undecatriene"
prob_in_spec,17,103,997,460.44,True,85,"(E,E,Z)-Undeca-1,3,5,8-tetraene"
prob_in_spec,17,104,1209,451.15,False,85,"3-Ethyl-2,4,4-trimethylhexane"
prob_in_spec,17,105,1169,473.15,False,85,"4,4-Diethyloctane"
prob_in_spec,17,106,1182,453.15,True,86,4-Ethyl-5-methyloctane
prob_in_spec,17,107,47,480.15,False,86,Tributylamine
prob_in_spec,17,108,298,467.15,True,87,Triisobutylamine
prob_in_spec,17,109,1109,471.15,True,88,"N,N-Diethylheptylamine"
prob_in_spec,17,110,940,488.15,False,88,"N,N-Dimethylnonylamine"
prob_in_spec,17,111,712,471.09534,True,89,5-Undecyne
prob_in_spec,17,112,788,471.65,True,90,4-Undecyne
prob_in_spec,17,113,787,473.15,False,90,3-Undecyne
prob_in_spec,17,114,786,479.15,False,90,2-Undecyne
prob_in_spec,17,115,559,469.15,True,91,1-Undecyne
prob_in_spec,17,116,1216,457.05,True,92,"3,3-Dimethylnon-4-yne"
prob_in_spec,17,117,832,474.15,False,92,"5,6-Dimethyldecane"
prob_in_spec,17,118,1170,455.15,True,93,"3,6-Dimethylnonane"
prob_in_spec,17,119,1113,454.15,True,94,"3,4,5-Trimethyloctane"
prob_in_spec,17,120,841,474.15,False,94,"3,6-Dimethyldecane"
prob_in_spec,17,121,334,445.15,False,94,"N,N-Dimethylheptylamine"
prob_in_spec,17,122,587,357.15,False,94,Tris(2-methylallyl)amine
prob_in_spec,17,123,1231,454.15,True,95,"3,4,4-Trimethyloctane"
prob_in_spec,17,124,934,455.15,True,96,"2,3,3-Trimethyloctane"
prob_in_spec,17,125,571,399.15,False,96,"2,4-Dimethylpentan-3-amine"
prob_in_spec,17,126,1171,452.8,False,96,"2,2,3,3-Tetramethylheptane"
prob_in_spec,17,127,589,502.15,False,96,Undecylamine
prob_in_spec,17,128,1237,459.15,True,97,"2,2,3,4,4-Pentamethylhexane"
prob_in_spec,17,129,458,452.15,False,97,"2,6-Dimethylnonane"
prob_in_spec,17,130,129,490.15,False,97,Decylamine
prob_in_spec,17,131,331,471.15,True,98,Nonylamine
prob_in_spec,17,132,336,477.15,False,98,Dipentylamine
prob_in_spec,17,133,984,480.15,False,98,Methylnonylamine
prob_in_spec,17,134,1110,475.15,False,98,N-Ethyloctylamine
prob_in_spec,17,135,1234,453.15,True,99,"4,4,5-Trimethyloctane"
prob_in_spec,17,136,149,460.15,True,100,Diisoamylamine
prob_in_spec,17,137,563,351.65,False,100,n-Methyloctan-1-amine
prob_in_spec,17,138,106,451.75,False,100,Octylamine
prob_in_spec,17,139,1233,452.15,False,100,3-Methyl-4-propylheptane
prob_in_spec,17,140,468,452.15,False,100,"3,5-Dimethyl-4-heptanol"
prob_in_spec,17,141,1052,478.32,False,100,trans-6-Dodecene
prob_in_spec,17,142,1053,478.32,False,100,cis-6-Dodecene
prob_in_spec,17,143,1038,478.32,False,100,5-Dodecene
prob_in_spec,17,144,850,478.32,False,100,Dodec-4-ene
prob_in_spec,17,145,1037,478.32,False,100,4-Dodecene
prob_in_spec,17,146,677,460.65,True,101,"2,2,4,4,6-Pentamethylheptane"
prob_in_spec,17,147,1178,452.15,False,101,"2,3,4-Trimethylhexan-3-ol"
prob_in_spec,17,148,906,444.86543,False,101,"2,4,4-Trimethyl-3-hexanol"
prob_in_spec,17,149,533,452.15,False,101,4-Ethyl-4-heptanol
prob_in_spec,17,150,905,438.65,False,101,"3,4,4-Trimethylhexan-3-ol"
qlogei_target,17,1,1050,615.6,False,0,9-Octadecene
qlogei_target,17,2,268,327.15,False,0,4-Methyl-1-pentene
qlogei_target,17,3,950,364.15,False,0,"trans-3,4-Dimethyl-2-pentene"
qlogei_target,17,4,920,483.15,False,0,"3,4-Dimethyl-3,4-diethyl-hexane"
qlogei_target,17,5,695,536.15,False,0,2-Tetradecyne
qlogei_target,17,6,44,428.15,False,0,2-Ethyl-1-butanol
qlogei_target,17,7,133,503.25,False,0,"2,2,4-Trimethyl-1,3-pentanediol"
qlogei_target,17,8,459,457.15,True,1,"3,7-Dimethylnonane"
qlogei_target,17,9,200,379.47,False,1,"2,2,3,3-Tetramethylbutane"
qlogei_target,17,10,570,422.7,False,1,"2,4,4-Trimethylheptane"
qlogei_target,17,11,606,455.15,True,2,"4,5-Dimethylnonane"
qlogei_target,17,12,1196,459.15,True,3,"3,4-Diethyl-3-methylhexane"
qlogei_target,17,13,1170,455.15,True,4,"3,6-Dimethylnonane"
qlogei_target,17,14,1182,453.15,True,5,4-Ethyl-5-methyloctane
qlogei_target,17,15,1245,469.15,True,6,"2,4,4,5,5-Pentamethylheptane"
qlogei_target,17,16,1207,476.15,False,6,"3,3-Diethyl-2-methylheptane"
qlogei_target,17,17,1208,459.15,True,7,"3,3-Diethyl-2-methylhexane"
qlogei_target,17,18,1105,468.15,True,8,"2,3,4,5,6-Pentamethylheptane"
qlogei_target,17,19,1177,457.15,True,9,"2,2,3,3,4-Pentamethylhexane"
qlogei_target,17,20,460,474.15,False,9,"2,2-Dimethyldecane"
qlogei_target,17,21,1206,462.15,True,10,"3,3-Diethyl-2,4-dimethylpentane"
qlogei_target,17,22,922,457.15,True,11,4-Ethylnonane
qlogei_target,17,23,635,459.15,True,12,5-Methyldecane
qlogei_target,17,24,795,462.9,True,13,"3,3,6,6-Tetramethyloctane"
qlogei_target,17,25,1115,462.15,True,14,"3,3-Diethyl-2,2-dimethylpentane"
qlogei_target,17,26,627,465.15,True,15,3-Methyldecane
qlogei_target,17,27,1218,462.15,True,16,"2,4-Dimethyl-4-propylheptane"
qlogei_target,17,28,1187,464.15,True,17,4-Tert-butyloctane
qlogei_target,17,29,1164,464.15,True,18,"2,2,4-Trimethylnonane"
qlogei_target,17,30,419,462.35,True,19,2-Methyldecane
qlogei_target,17,31,1223,463.15,True,20,"2,5,5-Trimethylnonane"
qlogei_target,17,32,1154,459.4,True,21,"2,4,5,7-Tetramethyloctane"
qlogei_target,17,33,932,461.15,True,22,3-Ethylnonane
qlogei_target,17,34,1221,463.15,True,23,"2,6,6-Trimethylnonane"
qlogei_target,17,35,979,452.15,False,23,"2,3,4,5-Tetramethylheptane"
qlogei_target,17,36,1138,463.15,True,24,"4-Ethyl-2,6-dimethyloctane"
qlogei_target,17,37,1136,464.15,True,25,"4-Ethyl-2,4-dimethyloctane"
qlogei_target,17,38,1220,463.15,True,26,"2,5-Dimethyl-4-propylheptane"
qlogei_target,17,39,1159,478.0,False,26,"3,3-Diethyloctane"
qlogei_target,17,40,503,452.15,False,26,"2,3,7-Trimethyloctane"
qlogei_target,17,41,523,459.00627,True,27,"2,2,7,7-Tetramethyloctane"
qlogei_target,17,42,462,503.45,False,27,3-Methyldodecane
qlogei_target,17,43,438,451.15,False,27,"2,2,4,6,6-Pentamethylheptane"
qlogei_target,17,44,788,471.65,True,28,4-Undecyne
qlogei_target,17,45,720,433.23942,False,28,"3,3-Dimethyloctane"
qlogei_target,17,46,360,461.15,True,29,4-Methyldecane
qlogei_target,17,47,499,473.15,False,29,"2,2,3-Trimethylnonane"
qlogei_target,17,48,1160,460.15,True,30,"4-Ethyl-2,2-dimethyloctane"
qlogei_target,17,49,1214,450.15,False,30,"3,3,6-Trimethyloctane"
qlogei_target,17,50,900,520.15,False,30,"2,3-Dimethyldodecane"
qlogei_target,17,51,1199,468.15,True,31,"2,2,3,3,5,5-Hexamethylhexane"
qlogei_target,17,52,1140,443.15,False,31,"3-Ethyl-2,2,5-trimethylhexane"
qlogei_target,17,53,1212,446.17573,False,31,"2,2,3,3,5-Pentamethylhexane"
qlogei_target,17,54,1237,459.15,True,32,"2,2,3,4,4-Pentamethylhexane"
qlogei_target,17,55,280,444.15,False,32,1-Decene
qlogei_target,17,56,1114,459.15,True,33,"3-Ethyl-2,2,3,4-tetramethylpentane"
qlogei_target,17,57,1116,467.15,True,34,"2,2,3,3,4,4-Hexamethylpentane"
qlogei_target,17,58,1203,460.15,True,35,"2,3,3,4,4-Pentamethylhexane"
qlogei_target,17,59,841,474.15,False,35,"3,6-Dimethyldecane"
qlogei_target,17,60,1204,479.15,False,35,"3,3-Diethyl-2,2,4-trimethylpentane"
qlogei_target,17,61,825,463.85,True,36,2-Methyl-1-decene
qlogei_target,17,62,1216,457.05,True,37,"3,3-Dimethylnon-4-yne"
qlogei_target,17,63,641,586.15,False,37,3-Methylheptadecane
qlogei_target,17,64,696,455.44,True,38,Undec-4-ene
qlogei_target,17,65,1157,450.15,False,38,"5,5-Dimethylnonane"
qlogei_target,17,66,1240,459.15,True,39,"2,2,5,5,6-Pentamethylheptane"
qlogei_target,17,67,278,465.85,True,40,1-Undecene
qlogei_target,17,68,437,433.15,False,40,"2,2,3,3-Tetramethylhexane"
qlogei_target,17,69,1174,455.9,True,41,"2,2,6,6-Tetramethyloctane"
qlogei_target,17,70,1076,456.28,True,42,"1,3,5-Undecatriene"
qlogei_target,17,71,734,462.0,True,43,"1,10-Undecadiene"
qlogei_target,17,72,567,415.0,False,43,"2,6-Dimethyl-1-heptene"
qlogei_target,17,73,322,437.15,False,43,"1,9-Decadiene"
qlogei_target,17,74,487,513.15,False,43,2-Tetradecene
qlogei_target,17,75,481,431.55,False,43,"4-Methylhepta-1,6-dien-4-ol"
qlogei_target,17,76,997,460.44,True,44,"(E,E,Z)-Undeca-1,3,5,8-tetraene"
qlogei_target,17,77,967,502.15,False,44,Nerol
qlogei_target,17,78,129,490.15,False,44,Decylamine
qlogei_target,17,79,992,349.89151,False,44,"cis-4,4-Dimethyl-2-pentene"
qlogei_target,17,80,114,614.65,False,44,Tetraethylenepentamine
qlogei_target,17,81,276,447.15,False,44,1-Decyne
qlogei_target,17,82,518,327.65,False,44,"N,N,N'-Triethylethylenediamine"
qlogei_target,17,83,376,432.15,False,44,N-Methyldibutylamine
qlogei_target,17,84,394,451.65,False,44,2-Octanol
qlogei_target,17,85,1180,444.15,False,44,"2,2,5-Trimethyloctane"
qlogei_target,17,86,981,453.15,True,45,3-Methyl-4-octanol
qlogei_target,17,87,500,506.02,False,45,"3,6-Nonadien-1-ol"
qlogei_target,17,88,666,383.45,False,45,3-Ethylhex-1-ene
qlogei_target,17,89,594,443.15,False,45,"2,6-Dimethyl-2-heptanol"
qlogei_target,17,90,669,465.4,True,46,4-Methyl-2-propylpentan-1-ol
qlogei_target,17,91,1211,468.15,True,47,2-Ethyl-4-methylhexan-1-ol
qlogei_target,17,92,556,472.15,True,48,3-Ethyloctan-3-ol
qlogei_target,17,93,412,465.65,True,49,4-Nonanol
qlogei_target,17,94,864,479.15,False,49,6-Methyloctan-1-ol
qlogei_target,17,95,514,448.15,False,49,3-Methoxy-3-methylbutan-1-ol
qlogei_target,17,96,1236,466.15,True,50,"2,2,3,3,6-Pentamethylheptane"
qlogei_target,17,97,658,454.65,True,51,2-Methyl-3-octanol
qlogei_target,17,98,409,462.15,True,52,3-Methyl-3-octanol
qlogei_target,17,99,1129,453.15,True,53,"2,3,4-Trimethyloctane"
qlogei_target,17,100,1232,467.8,True,54,"3,4,5,5-Tetramethylhexan-3-ol"
qlogei_target,17,101,621,465.15,True,55,"4,7-Dimethyloctan-4-ol"
qlogei_target,17,102,853,484.15,False,55,"2,2-Dimethyl-1-octanol"
qlogei_target,17,103,765,483.82,False,55,2-Octyn-1-ol
qlogei_target,17,104,533,452.15,False,55,4-Ethyl-4-heptanol
qlogei_target,17,105,1217,477.15,False,55,4-Methyl-2-(2-methylpropyl)pentan-1-ol
qlogei_target,17,106,792,455.15,True,56,"2,4,6-Trimethyl-4-heptanol"
qlogei_target,17,107,8,467.85,True,57,1-Octanol
qlogei_target,17,108,906,444.86543,False,57,"2,4,4-Trimethyl-3-hexanol"
qlogei_target,17,109,1022,478.54,False,57,3-Octen-2-OL
qlogei_target,17,110,903,458.15,True,58,2-(Pentyloxy)ethanol
qlogei_target,17,111,1249,460.65,True,59,"2,2,4,4-Tetramethyl-3-hexanol"
qlogei_target,17,112,400,459.15,True,60,6-Methylhept-5-en-2-ol
qlogei_target,17,113,1222,457.75,True,61,"2,6-Dimethyl-4-propylheptane"
qlogei_target,17,114,1247,426.15,False,61,"5,5-Dimethyl-3-hexanol"
qlogei_target,17,115,690,433.15,False,61,3-Ethyl-2-methyl-3-pentanol
qlogei_target,17,116,1133,464.89743,True,62,"2,2,3,4-Tetramethylhexan-3-ol"
qlogei_target,17,117,1070,448.15,False,62,2-Octen-4-ol
qlogei_target,17,118,76,414.75,False,62,2-Isopropoxyethanol
qlogei_target,17,119,1021,466.15,True,63,(E)-4-Undecene
qlogei_target,17,120,1194,462.15,True,64,4-Isopropyl-4-heptanol
qlogei_target,17,121,699,465.45,True,65,5-Undecene
qlogei_target,17,122,353,505.95,False,65,1-Tridecene
qlogei_target,17,123,782,523.84,False,65,"4,5-Dipropyl-4-octene"
qlogei_target,17,124,47,480.15,False,65,Tributylamine
qlogei_target,17,125,240,399.35,False,65,1-Octyne
qlogei_target,17,126,298,467.15,True,66,Triisobutylamine
qlogei_target,17,127,537,418.15,False,66,"1,8-Octanediol"
qlogei_target,17,128,1141,458.15,True,67,4-Tert-butyl-2-methylheptane
qlogei_target,17,129,1243,467.15,True,68,"2,3-Dimethyl-4-propylheptane"
qlogei_target,17,130,307,403.15,False,68,2-Methoxy-1-propanol
qlogei_target,17,131,974,447.15,False,68,(S)-1-Octen-3-ol
qlogei_target,17,132,406,426.9,False,68,1-Hepten-3-OL
qlogei_target,17,133,668,514.75,False,68,"3,7-Dimethylocta-1,5,7-trien-3-ol"
qlogei_target,17,134,665,402.15,False,68,4-Methyl-4-penten-2-ol
qlogei_target,17,135,56,497.15,False,68,"3,7-Dimethyloctan-1-ol"
qlogei_target,17,136,1097,456.15,True,69,"2,8-Dimethylnonane"
qlogei_target,17,137,1109,471.15,True,70,"N,N-Diethylheptylamine"
qlogei_target,17,138,243,508.55,False,70,Tridecane
qlogei_target,17,139,411,441.15,False,70,3-Methylnonane
qlogei_target,17,140,331,471.15,True,71,Nonylamine
qlogei_target,17,141,933,460.94,True,72,2-Heptyn-1-ol
qlogei_target,17,142,230,424.15,False,72,4-Methyl-1-pentanol
qlogei_target,17,143,625,466.65,True,73,1-Nonen-3-ol
qlogei_target,17,144,661,478.65,False,73,"3,3-Dimethyl-1,2-butanediol"
qlogei_target,17,145,811,451.05,False,73,"3-Ethyl-2,4-dimethylpentan-3-ol"
qlogei_target,17,146,511,487.65,False,73,"2-Methyl-1,3-pentanediol"
qlogei_target,17,147,583,355.15,False,73,Neopentylamine
qlogei_target,17,148,220,442.15,False,73,"1,3-Dimethoxy-2-propanol"
qlogei_target,17,149,736,518.0,False,73,"2,3,4-Pentanetriol"
qlogei_target,17,150,507,413.19803,False,73,tert-Octylamine
random,18,1,1202,452.15,False,0,"4,6-Dimethylnonane"
random,18,2,1109,471.15,True,1,"N,N-Diethylheptylamine"
random,18,3,496,407.15,False,1,1-Methoxy-2-butanol
random,18,4,893,434.15,False,1,2-Methyl-3-nonene
random,18,5,265,680.15,False,1,Docosanol
random,18,6,1213,451.15,False,1,"4-Ethyl-2,2,4-trimethylhexane"
random,18,7,103,451.15,False,1,1-Heptanol
random,18,8,1082,385.45,False,1,"(2Z)-3,4,4-Trimethyl-2-pentene"
random,18,9,350,438.15,False,1,"1,8-Nonadiyne"
random,18,10,457,452.15,False,1,"2,5-Dimethylnonane"
random,18,11,266,332.15,False,1,4-Methyl-2-pentene
random,18,12,895,378.17949,False,1,"3,3,4-Trimethylpent-1-ene"
random,18,13,1113,454.15,True,2,"3,4,5-Trimethyloctane"
random,18,14,1084,360.6,False,2,"1,3-Heptadiene"
random,18,15,499,473.15,False,2,"2,2,3-Trimethylnonane"
random,18,16,864,479.15,False,2,6-Methyloctan-1-ol
random,18,17,1208,459.15,True,3,"3,3-Diethyl-2-methylhexane"
random,18,18,803,452.15,False,3,"2,2,3-Trimethyloctane"
random,18,19,702,356.15,False,3,"4,4-Dimethyl-2-pentyne"
random,18,20,707,380.35,False,3,"4,4-Dimethyl-1-hexene"
random,18,21,448,410.15,False,3,"2,3,3-Trimethylhexane"
random,18,22,151,560.05,False,3,Hexadecane
random,18,23,830,472.15,True,4,4-Ethyl-5-methylnonane
random,18,24,1003,387.15,False,4,4-Methyl-2-heptene
random,18,25,389,361.15,False,4,"2-Methyl-1,5-hexadiene"
random,18,26,31,402.15,False,4,3-Methyl-3-pentanol
random,18,27,928,730.15,False,4,1-Hentriacontene
random,18,28,1105,468.15,True,5,"2,3,4,5,6-Pentamethylheptane"
random,18,29,1182,453.15,True,6,4-Ethyl-5-methyloctane
random,18,30,599,427.15,False,6,"2,2-Dimethyloctane"
random,18,31,704,409.64,False,6,"2,4,6-Octatriyne"
random,18,32,791,449.15,False,6,"2,2,4,4,5-Pentamethylhexane"
random,18,33,775,528.92,False,6,7-Tetradecyne
random,18,34,279,440.15,False,6,2-Methylnonane
random,18,35,949,375.21134,False,6,"2,5-Dimethyl-3-hexene"
random,18,36,1063,434.35,False,6,"3,5,5-Trimethyl-2-hexene"
random,18,37,8,467.85,True,7,1-Octanol
random,18,38,84,394.15,False,7,"N,N,N',N'-Tetramethylethylenediamine"
random,18,39,978,447.15,False,7,"3-Ethyl-2,2-dimethyl-3-pentanol"
random,18,40,1150,463.0,True,8,"2,5,8-Trimethylnonane"
random,18,41,753,424.15,False,8,"3,4-Dimethyl-3-hexanol"
random,18,42,580,423.15,False,8,4-Pentyn-1-ol
random,18,43,680,507.15,False,8,1-Tridecyne
random,18,44,1025,501.2,False,8,cis-2-Tridecene
random,18,45,1030,429.46,False,8,"3,5-Hexadien-2-ol"
random,18,46,1095,570.5,False,8,(Z)-Dodec-5-enol
random,18,47,489,414.15,False,8,3-Heptanamine
random,18,48,841,474.15,False,8,"3,6-Dimethyldecane"
random,18,49,695,536.15,False,8,2-Tetradecyne
random,18,50,1090,412.15,False,8,2-Methyloct-4-ene
random,18,51,1055,387.4,False,8,"2,6-Dimethyl-3-heptene"
random,18,52,147,372.35,False,8,"2,2,4-Trimethylpentane"
random,18,53,916,472.15,True,9,"3,6-Dimethyl-3-ethyl-octane"
random,18,54,184,379.95,False,9,"2,2-Dimethylhexane"
random,18,55,974,447.15,False,9,(S)-1-Octen-3-ol
random,18,56,155,381.15,False,9,"2,3,3-Trimethyl-1-pentene"
random,18,57,21,266.75,False,9,Methylamine
random,18,58,235,424.15,False,9,5-Methyl-2-hexanol
random,18,59,1064,338.15,False,9,"1,4-Hexadiene"
random,18,60,1097,456.15,True,10,"2,8-Dimethylnonane"
random,18,61,451,407.15,False,10,"3-Ethyl-2,2-dimethylpentane"
random,18,62,438,451.15,False,10,"2,2,4,6,6-Pentamethylheptane"
random,18,63,264,664.15,False,10,Tetracosane
random,18,64,224,406.15,False,10,"2,4-Dimethyl-2-pentanol"
random,18,65,865,397.15,False,10,2-Methyl-n-propyl-1-propanamine
random,18,66,167,389.15,False,10,"2,3,4-Trimethyl-2-pentene"
random,18,67,28,385.15,False,10,Neopentyl alcohol
random,18,68,252,629.15,False,10,1-Eicosanol
random,18,69,934,455.15,True,11,"2,3,3-Trimethyloctane"
random,18,70,855,382.35,False,11,"2-Methylhexa-2,4-diene"
random,18,71,426,426.41115,False,11,"3,4,4-Trimethyl-3-pentanol"
random,18,72,301,484.18843,False,11,2-Decanol
random,18,73,41,368.70133,False,11,2-Methylbutylamine
random,18,74,1073,386.65,False,11,"1,3,5-Heptatriene"
random,18,75,1008,524.08,False,11,3-Tetradecene
random,18,76,805,446.65,False,11,"2,3-Dimethylbutan-2-amine"
random,18,77,581,515.65,False,11,"3,6,9,12,15,18-Hexaoxaicosane-1,20-diol"
random,18,78,807,456.65,True,12,"meso-2,3-Butanediol"
random,18,79,891,428.45,False,12,"3-Ethyl-2,2,4-trimethylpentane"
random,18,80,1163,443.15,False,12,"2,2,7-Trimethyloctane"
random,18,81,1198,448.15,False,12,"4-Ethyl-2,5-dimethylheptane"
random,18,82,861,385.15,False,12,"3,5-Dimethylhex-2-ene"
random,18,83,907,815.65,False,12,Tritetracontane
random,18,84,237,443.15,False,12,5-Methyl-1-hexanol
random,18,85,655,433.76714,False,12,"2,4-Dimethyl-3-hexanol"
random,18,86,759,479.15,False,12,"2,4-Hexanediol"
random,18,87,601,436.15,False,12,4-Ethyloctane
random,18,88,454,421.05,False,12,"2,2,4,5-Tetramethylhexane"
random,18,89,901,507.15,False,12,"2,4-Dimethyldodecane"
random,18,90,781,444.15,False,12,4-Methyl-2-heptanol
random,18,91,1159,478.0,False,12,"3,3-Diethyloctane"
random,18,92,563,351.65,False,12,n-Methyloctan-1-amine
random,18,93,1007,593.56,False,12,"(Z,Z)-Heptadeca-1,8,11-triene"
random,18,94,192,340.21,False,12,3-Hexene
random,18,95,313,554.75,False,12,2-Methylpentadecane
random,18,96,314,538.35,False,12,2-Methyltetradecane
random,18,97,818,453.65,True,13,"(2S,3S)-butane-2,3-diol"
random,18,98,727,492.55,False,13,3-Dodecyne
random,18,99,1155,553.15,False,13,2-Pentadecyne
random,18,100,726,501.2,False,13,(6E)-6-Tridecene
random,18,101,407,386.15,False,13,6-Methyl-1-heptene
random,18,102,369,433.15,False,13,"4,4-Dimethyl-1-pentanol"
random,18,103,1076,456.28,True,14,"1,3,5-Undecatriene"
random,18,104,1050,615.6,False,14,9-Octadecene
random,18,105,24,289.75,False,14,Ethylamine
random,18,106,632,392.6,False,14,"3,5,5-Trimethyl-1-hexene"
random,18,107,50,445.15,False,14,2-Ethylhexylamine
random,18,108,1083,440.64,False,14,"(E,Z)-2,6-Dimethylocta-2,4,6-triene"
random,18,109,322,437.15,False,14,"1,9-Decadiene"
random,18,110,101,394.45,False,14,1-Octene
random,18,111,398,409.15,False,14,Diethylbutylamine
random,18,112,414,365.15,False,14,2-Methyl-1-hexene
random,18,113,798,331.73,False,14,trans-4-Methyl-2-pentene
random,18,114,1188,455.15,True,15,3-Ethyl-6-methyloctane
random,18,115,1089,501.2,False,15,trans-4-Tridecene
random,18,116,1067,413.84,False,15,"2,4-Nonadiene"
random,18,117,918,472.15,True,16,"3,4,5,6-Tetramethyloctane"
random,18,118,973,431.4,False,16,(S)-(+)-2-Heptanol
random,18,119,276,447.15,False,16,1-Decyne
random,18,120,823,422.15,False,16,"2,2,6-Trimethylheptane"
random,18,121,614,738.15,False,16,1-Dotriacontene
random,18,122,903,458.15,True,17,2-(Pentyloxy)ethanol
random,18,123,516,274.03,False,17,2-Butene
random,18,124,642,613.15,False,17,3-Methylnonadecane
random,18,125,1246,444.15,False,17,"2,4,4-Trimethyloctane"
random,18,126,1243,467.15,True,18,"2,3-Dimethyl-4-propylheptane"
random,18,127,939,409.15,False,18,N-Ethylpentylamine
random,18,128,576,417.15,False,18,2-Methyl-1-octene
random,18,129,124,361.95,False,18,Triethylamine
random,18,130,158,293.25,False,18,3-Methyl-1-butene
random,18,131,661,478.65,False,18,"3,3-Dimethyl-1,2-butanediol"
random,18,132,412,465.65,True,19,4-Nonanol
random,18,133,204,313.95,False,19,"3-Methyl-1,2-butadiene"
random,18,134,633,483.65,False,19,"1,2-Pentanediol"
random,18,135,958,426.0,False,19,(S)-(+)-3-Methyl-1-pentanol
random,18,136,650,484.15,False,19,Tetrahydrolavandulol
random,18,137,659,502.15,False,19,5-Undecanol
random,18,138,109,481.15,False,19,2-(Hexyloxy)ethanol
random,18,139,799,404.15,False,19,"2-Butene-1,4-diol"
random,18,140,809,582.15,False,19,"3,9-Diethyl-6-tridecanol"
random,18,141,1092,524.74,False,19,Dec-4-en-1-ol
random,18,142,51,459.35,True,20,2-Ethylhexan-1-ol
random,18,143,1037,478.32,False,20,4-Dodecene
random,18,144,288,485.15,False,20,3-Methylundecane
random,18,145,182,352.35,False,20,"2,2-Dimethylpentane"
random,18,146,829,490.15,False,20,3-Decanol
random,18,147,1053,478.32,False,20,cis-6-Dodecene
random,18,148,83,506.15,False,20,"2,5-Dimethyl-2,5-hexanediol"
random,18,149,723,391.0,False,20,4-Methylhept-3-ene
random,18,150,982,440.15,False,20,"3,3-Dimethylpentan-1-ol"
mw_heuristic,18,1,1202,452.15,False,0,"4,6-Dimethylnonane"
mw_heuristic,18,2,1109,471.15,True,1,"N,N-Diethylheptylamine"
mw_heuristic,18,3,496,407.15,False,1,1-Methoxy-2-butanol
mw_heuristic,18,4,893,434.15,False,1,2-Methyl-3-nonene
mw_heuristic,18,5,265,680.15,False,1,Docosanol
mw_heuristic,18,6,1213,451.15,False,1,"4-Ethyl-2,2,4-trimethylhexane"
mw_heuristic,18,7,103,451.15,False,1,1-Heptanol
mw_heuristic,18,8,1082,385.45,False,1,"(2Z)-3,4,4-Trimethyl-2-pentene"
mw_heuristic,18,9,350,438.15,False,1,"1,8-Nonadiyne"
mw_heuristic,18,10,457,452.15,False,1,"2,5-Dimethylnonane"
mw_heuristic,18,11,997,460.44,True,2,"(E,E,Z)-Undeca-1,3,5,8-tetraene"
mw_heuristic,18,12,83,506.15,False,2,"2,5-Dimethyl-2,5-hexanediol"
mw_heuristic,18,13,109,481.15,False,2,2-(Hexyloxy)ethanol
mw_heuristic,18,14,133,503.25,False,2,"2,2,4-Trimethyl-1,3-pentanediol"
mw_heuristic,18,15,537,418.15,False,2,"1,8-Octanediol"
mw_heuristic,18,16,54,505.15,False,2,"N,N-Bis(3-aminopropyl)methylamine"
mw_heuristic,18,17,572,370.65,False,2,Tris(2-aminoethyl)amine
mw_heuristic,18,18,42,438.2,False,2,"N,N,N',N'-Tetramethyl-1,3-butanediamine"
mw_heuristic,18,19,123,394.15,False,2,"N,N-Diisopropylethylenediamine"
mw_heuristic,18,20,518,327.65,False,2,"N,N,N'-Triethylethylenediamine"
mw_heuristic,18,21,967,502.15,False,2,Nerol
mw_heuristic,18,22,278,465.85,True,3,1-Undecene
mw_heuristic,18,23,696,455.44,True,4,Undec-4-ene
mw_heuristic,18,24,699,465.45,True,5,5-Undecene
mw_heuristic,18,25,825,463.85,True,6,2-Methyl-1-decene
mw_heuristic,18,26,559,469.15,True,7,1-Undecyne
mw_heuristic,18,27,712,471.09534,True,8,5-Undecyne
mw_heuristic,18,28,734,462.0,True,9,"1,10-Undecadiene"
mw_heuristic,18,29,786,479.15,False,9,2-Undecyne
mw_heuristic,18,30,787,473.15,False,9,3-Undecyne
mw_heuristic,18,31,39,653.15,False,9,Xylitol
mw_heuristic,18,32,668,514.75,False,9,"3,7-Dimethylocta-1,5,7-trien-3-ol"
mw_heuristic,18,33,1072,514.75,False,9,Hotrienol
mw_heuristic,18,34,788,471.65,True,10,4-Undecyne
mw_heuristic,18,35,1216,457.05,True,11,"3,3-Dimethylnon-4-yne"
mw_heuristic,18,36,520,441.15,False,11,"N,N,N',N'-Tetramethyl-1,4-butanediamine"
mw_heuristic,18,37,221,467.9,True,12,3-Nonanol
mw_heuristic,18,38,239,466.65,True,13,2-Nonanol
mw_heuristic,18,39,319,446.15,False,13,"3,6-Dimethyl-3-heptanol"
mw_heuristic,18,40,351,479.15,False,13,Isononyl alcohol
mw_heuristic,18,41,379,466.15,True,14,"3,5,5-Trimethyl-1-hexanol"
mw_heuristic,18,42,409,462.15,True,15,3-Methyl-3-octanol
mw_heuristic,18,43,412,465.65,True,16,4-Nonanol
mw_heuristic,18,44,467,448.15,False,16,"2,6-Dimethyl-3-heptanol"
mw_heuristic,18,45,468,452.15,False,16,"3,5-Dimethyl-4-heptanol"
mw_heuristic,18,46,533,452.15,False,16,4-Ethyl-4-heptanol
mw_heuristic,18,47,594,443.15,False,16,"2,6-Dimethyl-2-heptanol"
mw_heuristic,18,48,646,443.15,False,16,"2,2,3-Trimethylhexan-3-ol"
mw_heuristic,18,49,658,454.65,True,17,2-Methyl-3-octanol
mw_heuristic,18,50,669,465.4,True,18,4-Methyl-2-propylpentan-1-ol
mw_heuristic,18,51,735,439.15,False,18,"2,2,4,4-Tetramethylpentan-3-ol"
mw_heuristic,18,52,769,453.22759,True,19,4-Methyl-4-octanol
mw_heuristic,18,53,811,451.05,False,19,"3-Ethyl-2,4-dimethylpentan-3-ol"
mw_heuristic,18,54,864,479.15,False,19,6-Methyloctan-1-ol
mw_heuristic,18,55,905,438.65,False,19,"3,4,4-Trimethylhexan-3-ol"
mw_heuristic,18,56,1076,456.28,True,20,"1,3,5-Undecatriene"
mw_heuristic,18,57,906,444.86543,False,20,"2,4,4-Trimethyl-3-hexanol"
mw_heuristic,18,58,978,447.15,False,20,"3-Ethyl-2,2-dimethyl-3-pentanol"
mw_heuristic,18,59,981,453.15,True,21,3-Methyl-4-octanol
mw_heuristic,18,60,1108,447.15,False,21,"2,2-Dimethyl-4-heptanol"
mw_heuristic,18,61,1178,452.15,False,21,"2,3,4-Trimethylhexan-3-ol"
mw_heuristic,18,62,1211,468.15,True,22,2-Ethyl-4-methylhexan-1-ol
mw_heuristic,18,63,45,426.15,False,22,Tripropylamine
mw_heuristic,18,64,331,471.15,True,23,Nonylamine
mw_heuristic,18,65,334,445.15,False,23,"N,N-Dimethylheptylamine"
mw_heuristic,18,66,376,432.15,False,23,N-Methyldibutylamine
mw_heuristic,18,67,563,351.65,False,23,n-Methyloctan-1-amine
mw_heuristic,18,68,279,440.15,False,23,2-Methylnonane
mw_heuristic,18,69,295,410.15,False,23,"2,2,5,5-Tetramethylhexane"
mw_heuristic,18,70,297,433.15,False,23,"2,7-Dimethyloctane"
mw_heuristic,18,71,1021,466.15,True,24,(E)-4-Undecene
mw_heuristic,18,72,57,497.15,False,24,(-)-Citronellol
mw_heuristic,18,73,1001,524.74,False,24,(E)-3-Decenol
mw_heuristic,18,74,1061,524.74,False,24,2-Decen-1-ol
mw_heuristic,18,75,1092,524.74,False,24,Dec-4-en-1-ol
mw_heuristic,18,76,306,426.15,False,24,"2,5,5-Trimethylheptane"
mw_heuristic,18,77,325,447.25,False,24,Decane
mw_heuristic,18,78,337,431.15,False,24,"2,6-Dimethyloctane"
mw_heuristic,18,79,387,413.06493,False,24,"2,3,6-Trimethylheptane"
mw_heuristic,18,80,411,441.15,False,24,3-Methylnonane
mw_heuristic,18,81,423,437.15,False,24,"2,3-Dimethyloctane"
mw_heuristic,18,82,424,430.15,False,24,"3,3,5-Trimethylheptane"
mw_heuristic,18,83,436,432.86,False,24,5-Ethyl-2-methylheptane
mw_heuristic,18,84,437,433.15,False,24,"2,2,3,3-Tetramethylhexane"
mw_heuristic,18,85,441,421.45,False,24,"2,2,4-Trimethylheptane"
mw_heuristic,18,86,302,469.05,True,25,Undecane
mw_heuristic,18,87,360,461.15,True,26,4-Methyldecane
mw_heuristic,18,88,419,462.35,True,27,2-Methyldecane
mw_heuristic,18,89,458,452.15,False,27,"2,6-Dimethylnonane"
mw_heuristic,18,90,459,457.15,True,28,"3,7-Dimethylnonane"
mw_heuristic,18,91,503,452.15,False,28,"2,3,7-Trimethyloctane"
mw_heuristic,18,92,606,455.15,True,29,"4,5-Dimethylnonane"
mw_heuristic,18,93,627,465.15,True,30,3-Methyldecane
mw_heuristic,18,94,635,459.15,True,31,5-Methyldecane
mw_heuristic,18,95,676,453.15,True,32,"2,3,6-Trimethyloctane"
mw_heuristic,18,96,777,436.15,False,32,"2,2,6,6-Tetramethylheptane"
mw_heuristic,18,97,791,449.15,False,32,"2,2,4,4,5-Pentamethylhexane"
mw_heuristic,18,98,793,439.15,False,32,"2,2,5,5-Tetramethylheptane"
mw_heuristic,18,99,794,453.15,True,33,"3,3,5,5-Tetramethylheptane"
mw_heuristic,18,100,803,452.15,False,33,"2,2,3-Trimethyloctane"
mw_heuristic,18,101,804,450.15,False,33,"2,3,5-Trimethyloctane"
mw_heuristic,18,102,845,443.15834,False,33,"2,2,4-Trimethyloctane"
mw_heuristic,18,103,856,448.0,False,33,"2,3-Dimethylnonane"
mw_heuristic,18,104,904,447.15,False,33,"2,2,6-Trimethyloctane"
mw_heuristic,18,105,913,451.15,False,33,"2,4-Dimethylnonane"
mw_heuristic,18,106,914,456.46543,True,34,"4,4-Diethylheptane"
mw_heuristic,18,107,922,457.15,True,35,4-Ethylnonane
mw_heuristic,18,108,930,455.15,True,36,"3,3-Dimethylnonane"
mw_heuristic,18,109,932,461.15,True,37,3-Ethylnonane
mw_heuristic,18,110,934,455.15,True,38,"2,3,3-Trimethyloctane"
mw_heuristic,18,111,936,451.15,False,38,"2,5,6-Trimethyloctane"
mw_heuristic,18,112,937,447.15,False,38,"2,4,6-Trimethyloctane"
mw_heuristic,18,113,938,447.15,False,38,"2,2,3,5-Tetramethylheptane"
mw_heuristic,18,114,979,452.15,False,38,"2,3,4,5-Tetramethylheptane"
mw_heuristic,18,115,983,450.15,False,38,"3-Ethyl-2,4,5-trimethylhexane"
mw_heuristic,18,116,1096,453.15,True,39,"2,7-Dimethylnonane"
mw_heuristic,18,117,1097,456.15,True,40,"2,8-Dimethylnonane"
mw_heuristic,18,118,1113,454.15,True,41,"3,4,5-Trimethyloctane"
mw_heuristic,18,119,1114,459.15,True,42,"3-Ethyl-2,2,3,4-tetramethylpentane"
mw_heuristic,18,120,1115,462.15,True,43,"3,3-Diethyl-2,2-dimethylpentane"
mw_heuristic,18,121,1116,467.15,True,44,"2,2,3,3,4,4-Hexamethylpentane"
mw_heuristic,18,122,1119,458.15,True,45,"3,4-Dimethylnonane"
mw_heuristic,18,123,1127,447.15,False,45,4-Tert-butylheptane
mw_heuristic,18,124,1129,453.15,True,46,"2,3,4-Trimethyloctane"
mw_heuristic,18,125,1130,453.15,True,47,4-Ethyl-4-methyloctane
mw_heuristic,18,126,1131,443.15,False,47,"2,4,7-Trimethyloctane"
mw_heuristic,18,127,1132,454.15,True,48,"4-Ethyl-3,5-dimethylheptane"
mw_heuristic,18,128,1139,451.15,False,48,4-Isopropyloctane
mw_heuristic,18,129,1140,443.15,False,48,"3-Ethyl-2,2,5-trimethylhexane"
mw_heuristic,18,130,1143,442.15,False,48,"2,2,4,5-Tetramethylheptane"
mw_heuristic,18,131,1144,447.15,False,48,"3,3,5-Trimethyloctane"
mw_heuristic,18,132,1145,443.15,False,48,"2,2,4,4-Tetramethylheptane"
mw_heuristic,18,133,1146,458.15,True,49,"3,4,4,5-Tetramethylheptane"
mw_heuristic,18,134,1147,448.15,False,49,"2,3,5,6-Tetramethylheptane"
mw_heuristic,18,135,1149,437.15,False,49,"2,4,4,6-Tetramethylheptane"
mw_heuristic,18,136,1151,451.15,False,49,4-Methyl-4-propylheptane
mw_heuristic,18,137,1152,452.15,False,49,"3,4,6-Trimethyloctane"
mw_heuristic,18,138,1153,438.275,False,49,"2,2,3,5,5-Pentamethylhexane"
mw_heuristic,18,139,1157,450.15,False,49,"5,5-Dimethylnonane"
mw_heuristic,18,140,1162,441.15,False,49,"4-Ethyl-2,2-dimethylheptane"
mw_heuristic,18,141,1163,443.15,False,49,"2,2,7-Trimethyloctane"
mw_heuristic,18,142,1165,449.15,False,49,"3-Ethyl-2,5-dimethylheptane"
mw_heuristic,18,143,1166,459.9,True,50,"3,3-Diethylheptane"
mw_heuristic,18,144,1167,455.15,True,51,"3,3,4-Trimethyloctane"
mw_heuristic,18,145,1170,455.15,True,52,"3,6-Dimethylnonane"
mw_heuristic,18,146,1171,452.8,False,52,"2,2,3,3-Tetramethylheptane"
mw_heuristic,18,147,1172,454.15,True,53,"3,3,4,5-Tetramethylheptane"
mw_heuristic,18,148,1175,443.15,False,53,"2,5-Dimethyl-3-isopropylhexane"
mw_heuristic,18,149,1176,449.15,False,53,"3-Ethyl-2,2-dimethylheptane"
mw_heuristic,18,150,1177,457.15,True,54,"2,2,3,3,4-Pentamethylhexane"
greedy_gp,18,1,1202,452.15,False,0,"4,6-Dimethylnonane"
greedy_gp,18,2,1109,471.15,True,1,"N,N-Diethylheptylamine"
greedy_gp,18,3,496,407.15,False,1,1-Methoxy-2-butanol
greedy_gp,18,4,893,434.15,False,1,2-Methyl-3-nonene
greedy_gp,18,5,265,680.15,False,1,Docosanol
greedy_gp,18,6,1213,451.15,False,1,"4-Ethyl-2,2,4-trimethylhexane"
greedy_gp,18,7,103,451.15,False,1,1-Heptanol
greedy_gp,18,8,1082,385.45,False,1,"(2Z)-3,4,4-Trimethyl-2-pentene"
greedy_gp,18,9,350,438.15,False,1,"1,8-Nonadiyne"
greedy_gp,18,10,457,452.15,False,1,"2,5-Dimethylnonane"
greedy_gp,18,11,302,469.05,True,2,Undecane
greedy_gp,18,12,1207,476.15,False,2,"3,3-Diethyl-2-methylheptane"
greedy_gp,18,13,1228,471.15,True,3,"3,4-Dimethyl-4-propylheptane"
greedy_gp,18,14,831,466.15,True,4,"4,5-Diethyloctane"
greedy_gp,18,15,8,467.85,True,5,1-Octanol
greedy_gp,18,16,529,465.15,True,6,"N,N,N',N'-Tetraethylethylenediamine"
greedy_gp,18,17,1114,459.15,True,7,"3-Ethyl-2,2,3,4-tetramethylpentane"
greedy_gp,18,18,651,484.65,False,7,"3-Methylpentane-2,4-diol"
greedy_gp,18,19,15,355.36,False,7,Isopropyl Alcohol
greedy_gp,18,20,669,465.4,True,8,4-Methyl-2-propylpentan-1-ol
greedy_gp,18,21,278,465.85,True,9,1-Undecene
greedy_gp,18,22,86,502.65,False,9,"1,4-Butanediol"
greedy_gp,18,23,533,452.15,False,9,4-Ethyl-4-heptanol
greedy_gp,18,24,20,169.35,False,9,Ethylene
greedy_gp,18,25,419,462.35,True,10,2-Methyldecane
greedy_gp,18,26,364,471.15,True,11,"1,1,4,7,7-Pentamethyldiethylenetriamine"
greedy_gp,18,27,467,448.15,False,11,"2,6-Dimethyl-3-heptanol"
greedy_gp,18,28,1116,467.15,True,12,"2,2,3,3,4,4-Hexamethylpentane"
greedy_gp,18,29,734,462.0,True,13,"1,10-Undecadiene"
greedy_gp,18,30,394,451.65,False,13,2-Octanol
greedy_gp,18,31,499,473.15,False,13,"2,2,3-Trimethylnonane"
greedy_gp,18,32,1241,457.15,True,14,"2,2,5,5-Tetramethyloctane"
greedy_gp,18,33,438,451.15,False,14,"2,2,4,6,6-Pentamethylheptane"
greedy_gp,18,34,1164,464.15,True,15,"2,2,4-Trimethylnonane"
greedy_gp,18,35,1240,459.15,True,16,"2,2,5,5,6-Pentamethylheptane"
greedy_gp,18,36,981,453.15,True,17,3-Methyl-4-octanol
greedy_gp,18,37,597,370.15,False,17,3-Octyn-1-ol
greedy_gp,18,38,658,454.65,True,18,2-Methyl-3-octanol
greedy_gp,18,39,1154,459.4,True,19,"2,4,5,7-Tetramethyloctane"
greedy_gp,18,40,1160,460.15,True,20,"4-Ethyl-2,2-dimethyloctane"
greedy_gp,18,41,621,465.15,True,21,"4,7-Dimethyloctan-4-ol"
greedy_gp,18,42,1141,458.15,True,22,4-Tert-butyl-2-methylheptane
greedy_gp,18,43,1105,468.15,True,23,"2,3,4,5,6-Pentamethylheptane"
greedy_gp,18,44,1236,466.15,True,24,"2,2,3,3,6-Pentamethylheptane"
greedy_gp,18,45,129,490.15,False,24,Decylamine
greedy_gp,18,46,587,357.15,False,24,Tris(2-methylallyl)amine
greedy_gp,18,47,500,506.02,False,24,"3,6-Nonadien-1-ol"
greedy_gp,18,48,1183,457.0,True,25,"2,4,4,7-Tetramethyloctane"
greedy_gp,18,49,627,465.15,True,26,3-Methyldecane
greedy_gp,18,50,1187,464.15,True,27,4-Tert-butyloctane
greedy_gp,18,51,1138,463.15,True,28,"4-Ethyl-2,6-dimethyloctane"
greedy_gp,18,52,1206,462.15,True,29,"3,3-Diethyl-2,4-dimethylpentane"
greedy_gp,18,53,1220,463.15,True,30,"2,5-Dimethyl-4-propylheptane"
greedy_gp,18,54,421,821.15,False,30,Tetratetracontane
greedy_gp,18,55,1218,462.15,True,31,"2,4-Dimethyl-4-propylheptane"
greedy_gp,18,56,903,458.15,True,32,2-(Pentyloxy)ethanol
greedy_gp,18,57,974,447.15,False,32,(S)-1-Octen-3-ol
greedy_gp,18,58,668,514.75,False,32,"3,7-Dimethylocta-1,5,7-trien-3-ol"
greedy_gp,18,59,1072,514.75,False,32,Hotrienol
greedy_gp,18,60,990,442.65,False,32,3-Hepten-1-ol
greedy_gp,18,61,789,528.15,False,32,3-Tetradecyne
greedy_gp,18,62,1223,463.15,True,33,"2,5,5-Trimethylnonane"
greedy_gp,18,63,1203,460.15,True,34,"2,3,3,4,4-Pentamethylhexane"
greedy_gp,18,64,932,461.15,True,35,3-Ethylnonane
greedy_gp,18,65,898,528.92,False,35,4-Tetradecyne
greedy_gp,18,66,336,477.15,False,35,Dipentylamine
greedy_gp,18,67,984,480.15,False,35,Methylnonylamine
greedy_gp,18,68,1110,475.15,False,35,N-Ethyloctylamine
greedy_gp,18,69,792,455.15,True,36,"2,4,6-Trimethyl-4-heptanol"
greedy_gp,18,70,1115,462.15,True,37,"3,3-Diethyl-2,2-dimethylpentane"
greedy_gp,18,71,149,460.15,True,38,Diisoamylamine
greedy_gp,18,72,106,451.75,False,38,Octylamine
greedy_gp,18,73,276,447.15,False,38,1-Decyne
greedy_gp,18,74,1199,468.15,True,39,"2,2,3,3,5,5-Hexamethylhexane"
greedy_gp,18,75,560,457.75,True,40,2-Decyne
greedy_gp,18,76,795,462.9,True,41,"3,3,6,6-Tetramethyloctane"
greedy_gp,18,77,696,455.44,True,42,Undec-4-ene
greedy_gp,18,78,1021,466.15,True,43,(E)-4-Undecene
greedy_gp,18,79,1221,463.15,True,44,"2,6,6-Trimethylnonane"
greedy_gp,18,80,699,465.45,True,45,5-Undecene
greedy_gp,18,81,1222,457.75,True,46,"2,6-Dimethyl-4-propylheptane"
greedy_gp,18,82,1136,464.15,True,47,"4-Ethyl-2,4-dimethyloctane"
greedy_gp,18,83,1194,462.15,True,48,4-Isopropyl-4-heptanol
greedy_gp,18,84,478,528.15,False,48,"2,4,7,9-Tetramethyl-5-decyne-4,7-diol"
greedy_gp,18,85,360,461.15,True,49,4-Methyldecane
greedy_gp,18,86,645,539.24,False,49,"2,4-Hexadiyne-1,6-diol"
greedy_gp,18,87,563,351.65,False,49,n-Methyloctan-1-amine
greedy_gp,18,88,1150,463.0,True,50,"2,5,8-Trimethylnonane"
greedy_gp,18,89,1177,457.15,True,51,"2,2,3,3,4-Pentamethylhexane"
greedy_gp,18,90,1174,455.9,True,52,"2,2,6,6-Tetramethyloctane"
greedy_gp,18,91,1076,456.28,True,53,"1,3,5-Undecatriene"
greedy_gp,18,92,1133,464.89743,True,54,"2,2,3,4-Tetramethylhexan-3-ol"
greedy_gp,18,93,539,508.15,False,54,Triisopentylamine
greedy_gp,18,94,1216,457.05,True,55,"3,3-Dimethylnon-4-yne"
greedy_gp,18,95,918,472.15,True,56,"3,4,5,6-Tetramethyloctane"
greedy_gp,18,96,615,484.75,False,56,2-Methyl-1-undecene
greedy_gp,18,97,647,448.15,False,56,"2-Methylbutane-2,3-diol"
greedy_gp,18,98,1038,478.32,False,56,5-Dodecene
greedy_gp,18,99,712,471.09534,True,57,5-Undecyne
greedy_gp,18,100,477,480.15,False,57,Neopentyl glycol
greedy_gp,18,101,28,385.15,False,57,Neopentyl alcohol
greedy_gp,18,102,29,375.55,False,57,2-Methyl-2-butanol
greedy_gp,18,103,121,517.15,False,57,"2,2-Diethyl-1,3-propanediol"
greedy_gp,18,104,526,507.15,False,57,"2-Methyl-2-propylpropane-1,3-diol"
greedy_gp,18,105,130,509.15,False,57,Dihexylamine
greedy_gp,18,106,701,330.02093,False,57,3-Methyl-1-pentyne
greedy_gp,18,107,729,334.15,False,57,4-Methyl-1-pentyne
greedy_gp,18,108,1161,513.15,False,57,"2,2-Dimethyldodecane"
greedy_gp,18,109,766,346.15,False,57,4-Methyl-2-pentyne
greedy_gp,18,110,281,311.15,False,57,"3,3-Dimethyl-1-Butyne"
greedy_gp,18,111,65,370.05,False,57,Allyl alcohol
greedy_gp,18,112,63,320.36,False,57,Propylamine
greedy_gp,18,113,59,272.65,False,57,Butane
greedy_gp,18,114,25,261.45,False,57,Isobutane
greedy_gp,18,115,330,451.15,False,57,5-Decyne
greedy_gp,18,116,123,394.15,False,57,"N,N-Diisopropylethylenediamine"
greedy_gp,18,117,39,653.15,False,57,Xylitol
greedy_gp,18,118,114,614.65,False,57,Tetraethylenepentamine
greedy_gp,18,119,16,704.0,False,57,Sorbitol
greedy_gp,18,120,392,653.15,False,57,Pentaethylenehexamine
greedy_gp,18,121,1074,460.26,True,58,"Hepta-2,4-dien-1-ol"
greedy_gp,18,122,677,460.65,True,59,"2,2,4,4,6-Pentamethylheptane"
greedy_gp,18,123,704,409.64,False,59,"2,4,6-Octatriyne"
greedy_gp,18,124,481,431.55,False,59,"4-Methylhepta-1,6-dien-4-ol"
greedy_gp,18,125,530,450.15,False,59,"2-Methylpropane-1,2-diol"
greedy_gp,18,126,9,460.45,True,60,Propylene Glycol
greedy_gp,18,127,814,461.15,True,61,"R-1,2-Propanediol"
greedy_gp,18,128,997,460.44,True,62,"(E,E,Z)-Undeca-1,3,5,8-tetraene"
greedy_gp,18,129,1,455.15,True,63,"2,3-Butanediol"
greedy_gp,18,130,807,456.65,True,64,"meso-2,3-Butanediol"
greedy_gp,18,131,810,350.5,False,64,"(R,R)-2,3-butanediol"
greedy_gp,18,132,818,453.65,True,65,"(2S,3S)-butane-2,3-diol"
greedy_gp,18,133,916,472.15,True,66,"3,6-Dimethyl-3-ethyl-octane"
greedy_gp,18,134,635,459.15,True,67,5-Methyldecane
greedy_gp,18,135,922,457.15,True,68,4-Ethylnonane
greedy_gp,18,136,940,488.15,False,68,"N,N-Dimethylnonylamine"
greedy_gp,18,137,813,481.15,False,68,"3-Methyl-1,3-butanediol"
greedy_gp,18,138,30,447.15,False,68,Pinacol
greedy_gp,18,139,460,474.15,False,68,"2,2-Dimethyldecane"
greedy_gp,18,140,1245,469.15,True,69,"2,4,4,5,5-Pentamethylheptane"
greedy_gp,18,141,0,470.65,True,70,Ethylene Glycol
greedy_gp,18,142,661,478.65,False,70,"3,3-Dimethyl-1,2-butanediol"
greedy_gp,18,143,650,484.15,False,70,Tetrahydrolavandulol
greedy_gp,18,144,678,575.34,False,70,9-Dodecyn-1-ol
greedy_gp,18,145,935,469.15,True,71,"3-Ethyl-2,7-dimethyloctane"
greedy_gp,18,146,331,471.15,True,72,Nonylamine
greedy_gp,18,147,788,471.65,True,73,4-Undecyne
greedy_gp,18,148,787,473.15,False,73,3-Undecyne
greedy_gp,18,149,1211,468.15,True,74,2-Ethyl-4-methylhexan-1-ol
greedy_gp,18,150,217,440.15,False,74,"2,2-Diethoxyethanol"
prob_in_spec,18,1,1202,452.15,False,0,"4,6-Dimethylnonane"
prob_in_spec,18,2,1109,471.15,True,1,"N,N-Diethylheptylamine"
prob_in_spec,18,3,496,407.15,False,1,1-Methoxy-2-butanol
prob_in_spec,18,4,893,434.15,False,1,2-Methyl-3-nonene
prob_in_spec,18,5,265,680.15,False,1,Docosanol
prob_in_spec,18,6,1213,451.15,False,1,"4-Ethyl-2,2,4-trimethylhexane"
prob_in_spec,18,7,103,451.15,False,1,1-Heptanol
prob_in_spec,18,8,1082,385.45,False,1,"(2Z)-3,4,4-Trimethyl-2-pentene"
prob_in_spec,18,9,350,438.15,False,1,"1,8-Nonadiyne"
prob_in_spec,18,10,457,452.15,False,1,"2,5-Dimethylnonane"
prob_in_spec,18,11,935,469.15,True,2,"3-Ethyl-2,7-dimethyloctane"
prob_in_spec,18,12,1138,463.15,True,3,"4-Ethyl-2,6-dimethyloctane"
prob_in_spec,18,13,1222,457.75,True,4,"2,6-Dimethyl-4-propylheptane"
prob_in_spec,18,14,1220,463.15,True,5,"2,5-Dimethyl-4-propylheptane"
prob_in_spec,18,15,1243,467.15,True,6,"2,3-Dimethyl-4-propylheptane"
prob_in_spec,18,16,1218,462.15,True,7,"2,4-Dimethyl-4-propylheptane"
prob_in_spec,18,17,1136,464.15,True,8,"4-Ethyl-2,4-dimethyloctane"
prob_in_spec,18,18,1226,462.0,True,9,2-Methyl-5-propyloctane
prob_in_spec,18,19,1187,464.15,True,10,4-Tert-butyloctane
prob_in_spec,18,20,1154,459.4,True,11,"2,4,5,7-Tetramethyloctane"
prob_in_spec,18,21,1221,463.15,True,12,"2,6,6-Trimethylnonane"
prob_in_spec,18,22,1112,470.15,True,13,"5,5-Dimethyldecane"
prob_in_spec,18,23,795,462.9,True,14,"3,3,6,6-Tetramethyloctane"
prob_in_spec,18,24,1240,459.15,True,15,"2,2,5,5,6-Pentamethylheptane"
prob_in_spec,18,25,1141,458.15,True,16,4-Tert-butyl-2-methylheptane
prob_in_spec,18,26,1223,463.15,True,17,"2,5,5-Trimethylnonane"
prob_in_spec,18,27,1150,463.0,True,18,"2,5,8-Trimethylnonane"
prob_in_spec,18,28,1164,464.15,True,19,"2,2,4-Trimethylnonane"
prob_in_spec,18,29,1174,455.9,True,20,"2,2,6,6-Tetramethyloctane"
prob_in_spec,18,30,932,461.15,True,21,3-Ethylnonane
prob_in_spec,18,31,627,465.15,True,22,3-Methyldecane
prob_in_spec,18,32,360,461.15,True,23,4-Methyldecane
prob_in_spec,18,33,419,462.35,True,24,2-Methyldecane
prob_in_spec,18,34,635,459.15,True,25,5-Methyldecane
prob_in_spec,18,35,1236,466.15,True,26,"2,2,3,3,6-Pentamethylheptane"
prob_in_spec,18,36,856,448.0,False,26,"2,3-Dimethylnonane"
prob_in_spec,18,37,1160,460.15,True,27,"4-Ethyl-2,2-dimethyloctane"
prob_in_spec,18,38,459,457.15,True,28,"3,7-Dimethylnonane"
prob_in_spec,18,39,1166,459.9,True,29,"3,3-Diethylheptane"
prob_in_spec,18,40,914,456.46543,True,30,"4,4-Diethylheptane"
prob_in_spec,18,41,1196,459.15,True,31,"3,4-Diethyl-3-methylhexane"
prob_in_spec,18,42,1208,459.15,True,32,"3,3-Diethyl-2-methylhexane"
prob_in_spec,18,43,1227,457.15,True,33,"3,3,4,4-Tetramethylheptane"
prob_in_spec,18,44,1146,458.15,True,34,"3,4,4,5-Tetramethylheptane"
prob_in_spec,18,45,1137,470.15,True,35,"3-Ethyl-2,6-dimethyloctane"
prob_in_spec,18,46,1206,462.15,True,36,"3,3-Diethyl-2,4-dimethylpentane"
prob_in_spec,18,47,1203,460.15,True,37,"2,3,3,4,4-Pentamethylhexane"
prob_in_spec,18,48,1115,462.15,True,38,"3,3-Diethyl-2,2-dimethylpentane"
prob_in_spec,18,49,1114,459.15,True,39,"3-Ethyl-2,2,3,4-tetramethylpentane"
prob_in_spec,18,50,1177,457.15,True,40,"2,2,3,3,4-Pentamethylhexane"
prob_in_spec,18,51,1199,468.15,True,41,"2,2,3,3,5,5-Hexamethylhexane"
prob_in_spec,18,52,1105,468.15,True,42,"2,3,4,5,6-Pentamethylheptane"
prob_in_spec,18,53,499,473.15,False,42,"2,2,3-Trimethylnonane"
prob_in_spec,18,54,1116,467.15,True,43,"2,2,3,3,4,4-Hexamethylpentane"
prob_in_spec,18,55,278,465.85,True,44,1-Undecene
prob_in_spec,18,56,825,463.85,True,45,2-Methyl-1-decene
prob_in_spec,18,57,734,462.0,True,46,"1,10-Undecadiene"
prob_in_spec,18,58,696,455.44,True,47,Undec-4-ene
prob_in_spec,18,59,1021,466.15,True,48,(E)-4-Undecene
prob_in_spec,18,60,699,465.45,True,49,5-Undecene
prob_in_spec,18,61,922,457.15,True,50,4-Ethylnonane
prob_in_spec,18,62,1241,457.15,True,51,"2,2,5,5-Tetramethyloctane"
prob_in_spec,18,63,1183,457.0,True,52,"2,4,4,7-Tetramethyloctane"
prob_in_spec,18,64,523,459.00627,True,53,"2,2,7,7-Tetramethyloctane"
prob_in_spec,18,65,1229,469.15,True,54,"3,5-Dimethyl-4-propylheptane"
prob_in_spec,18,66,1097,456.15,True,55,"2,8-Dimethylnonane"
prob_in_spec,18,67,1230,469.15,True,56,"3,3-Dimethyl-4-propylheptane"
prob_in_spec,18,68,1156,471.15,True,57,5-Ethyl-5-methylnonane
prob_in_spec,18,69,924,471.15,True,58,"4,6-Dimethyldecane"
prob_in_spec,18,70,1190,470.15,True,59,"3,5-Diethyloctane"
prob_in_spec,18,71,921,470.15,True,60,"3-Methyl, 3,5-diethyl, heptane"
prob_in_spec,18,72,918,472.15,True,61,"3,4,5,6-Tetramethyloctane"
prob_in_spec,18,73,1158,472.15,True,62,"4,4-Dimethyldecane"
prob_in_spec,18,74,916,472.15,True,63,"3,6-Dimethyl-3-ethyl-octane"
prob_in_spec,18,75,1096,453.15,True,64,"2,7-Dimethylnonane"
prob_in_spec,18,76,1119,458.15,True,65,"3,4-Dimethylnonane"
prob_in_spec,18,77,1179,454.15,True,66,"2,3,3,4,5-Pentamethylhexane"
prob_in_spec,18,78,1237,459.15,True,67,"2,2,3,4,4-Pentamethylhexane"
prob_in_spec,18,79,831,466.15,True,68,"4,5-Diethyloctane"
prob_in_spec,18,80,559,469.15,True,69,1-Undecyne
prob_in_spec,18,81,787,473.15,False,69,3-Undecyne
prob_in_spec,18,82,788,471.65,True,70,4-Undecyne
prob_in_spec,18,83,786,479.15,False,70,2-Undecyne
prob_in_spec,18,84,712,471.09534,True,71,5-Undecyne
prob_in_spec,18,85,754,482.28,False,71,"2,9-Dimethyl-5-decyne"
prob_in_spec,18,86,302,469.05,True,72,Undecane
prob_in_spec,18,87,1209,451.15,False,72,"3-Ethyl-2,4,4-trimethylhexane"
prob_in_spec,18,88,1172,454.15,True,73,"3,3,4,5-Tetramethylheptane"
prob_in_spec,18,89,1216,457.05,True,74,"3,3-Dimethylnon-4-yne"
prob_in_spec,18,90,1245,469.15,True,75,"2,4,4,5,5-Pentamethylheptane"
prob_in_spec,18,91,1228,471.15,True,76,"3,4-Dimethyl-4-propylheptane"
prob_in_spec,18,92,919,473.15,False,76,"3,4,7-Trimethylnonane"
prob_in_spec,18,93,830,472.15,True,77,4-Ethyl-5-methylnonane
prob_in_spec,18,94,298,467.15,True,78,Triisobutylamine
prob_in_spec,18,95,1188,455.15,True,79,3-Ethyl-6-methyloctane
prob_in_spec,18,96,840,471.15,True,80,"2,5-Dimethyldecane"
prob_in_spec,18,97,8,467.85,True,81,1-Octanol
prob_in_spec,18,98,394,451.65,False,81,2-Octanol
prob_in_spec,18,99,972,449.65,False,81,(S)-(+)-2-Octanol
prob_in_spec,18,100,594,443.15,False,81,"2,6-Dimethyl-2-heptanol"
prob_in_spec,18,101,864,479.15,False,81,6-Methyloctan-1-ol
prob_in_spec,18,102,221,467.9,True,82,3-Nonanol
prob_in_spec,18,103,412,465.65,True,83,4-Nonanol
prob_in_spec,18,104,351,479.15,False,83,Isononyl alcohol
prob_in_spec,18,105,239,466.65,True,84,2-Nonanol
prob_in_spec,18,106,625,466.65,True,85,1-Nonen-3-ol
prob_in_spec,18,107,658,454.65,True,86,2-Methyl-3-octanol
prob_in_spec,18,108,621,465.15,True,87,"4,7-Dimethyloctan-4-ol"
prob_in_spec,18,109,1217,477.15,False,87,4-Methyl-2-(2-methylpropyl)pentan-1-ol
prob_in_spec,18,110,650,484.15,False,87,Tetrahydrolavandulol
prob_in_spec,18,111,792,455.15,True,88,"2,4,6-Trimethyl-4-heptanol"
prob_in_spec,18,112,774,475.15,False,88,5-Methyl-5-nonanol
prob_in_spec,18,113,669,465.4,True,89,4-Methyl-2-propylpentan-1-ol
prob_in_spec,18,114,1211,468.15,True,90,2-Ethyl-4-methylhexan-1-ol
prob_in_spec,18,115,710,467.14283,True,91,4-Propyl-4-heptanol
prob_in_spec,18,116,981,453.15,True,92,3-Methyl-4-octanol
prob_in_spec,18,117,1194,462.15,True,93,4-Isopropyl-4-heptanol
prob_in_spec,18,118,1076,456.28,True,94,"1,3,5-Undecatriene"
prob_in_spec,18,119,1133,464.89743,True,95,"2,2,3,4-Tetramethylhexan-3-ol"
prob_in_spec,18,120,1232,467.8,True,96,"3,4,5,5-Tetramethylhexan-3-ol"
prob_in_spec,18,121,1249,460.65,True,97,"2,2,4,4-Tetramethyl-3-hexanol"
prob_in_spec,18,122,587,357.15,False,97,Tris(2-methylallyl)amine
prob_in_spec,18,123,460,474.15,False,97,"2,2-Dimethyldecane"
prob_in_spec,18,124,765,483.82,False,97,2-Octyn-1-ol
prob_in_spec,18,125,597,370.15,False,97,3-Octyn-1-ol
prob_in_spec,18,126,677,460.65,True,98,"2,2,4,4,6-Pentamethylheptane"
prob_in_spec,18,127,1168,473.15,False,98,"3-Ethyl-3,4-dimethyloctane"
prob_in_spec,18,128,903,458.15,True,99,2-(Pentyloxy)ethanol
prob_in_spec,18,129,683,376.4,False,99,Non-3-yn-1-ol
prob_in_spec,18,130,1169,473.15,False,99,"4,4-Diethyloctane"
prob_in_spec,18,131,1135,476.15,False,99,"3,3-Dimethyldecane"
prob_in_spec,18,132,438,451.15,False,99,"2,2,4,6,6-Pentamethylheptane"
prob_in_spec,18,133,1159,478.0,False,99,"3,3-Diethyloctane"
prob_in_spec,18,134,1207,476.15,False,99,"3,3-Diethyl-2-methylheptane"
prob_in_spec,18,135,1233,452.15,False,99,3-Methyl-4-propylheptane
prob_in_spec,18,136,1192,452.15,False,99,"3,5-Diethylheptane"
prob_in_spec,18,137,1182,453.15,True,100,4-Ethyl-5-methyloctane
prob_in_spec,18,138,458,452.15,False,100,"2,6-Dimethylnonane"
prob_in_spec,18,139,1170,455.15,True,101,"3,6-Dimethylnonane"
prob_in_spec,18,140,606,455.15,True,102,"4,5-Dimethylnonane"
prob_in_spec,18,141,1142,436.96,False,102,8-Methylnon-4-yne
prob_in_spec,18,142,944,434.17,False,102,"2,2-Dimethyl-3-octyne"
prob_in_spec,18,143,330,451.15,False,102,5-Decyne
prob_in_spec,18,144,348,437.4,False,102,4-Decyne
prob_in_spec,18,145,776,414.08,False,102,7-Methyl-3-octyne
prob_in_spec,18,146,556,472.15,True,103,3-Ethyloctan-3-ol
prob_in_spec,18,147,467,448.15,False,103,"2,6-Dimethyl-3-heptanol"
prob_in_spec,18,148,854,473.15,False,103,"2,4-Dimethyldecane"
prob_in_spec,18,149,732,471.15,True,104,"2,6-Dimethyldecane"
prob_in_spec,18,150,925,472.15,True,105,"4,7-Dimethyldecane"
qlogei_target,18,1,1202,452.15,False,0,"4,6-Dimethylnonane"
qlogei_target,18,2,1109,471.15,True,1,"N,N-Diethylheptylamine"
qlogei_target,18,3,496,407.15,False,1,1-Methoxy-2-butanol
qlogei_target,18,4,893,434.15,False,1,2-Methyl-3-nonene
qlogei_target,18,5,265,680.15,False,1,Docosanol
qlogei_target,18,6,1213,451.15,False,1,"4-Ethyl-2,2,4-trimethylhexane"
qlogei_target,18,7,103,451.15,False,1,1-Heptanol
qlogei_target,18,8,1082,385.45,False,1,"(2Z)-3,4,4-Trimethyl-2-pentene"
qlogei_target,18,9,350,438.15,False,1,"1,8-Nonadiyne"
qlogei_target,18,10,457,452.15,False,1,"2,5-Dimethylnonane"
qlogei_target,18,11,935,469.15,True,2,"3-Ethyl-2,7-dimethyloctane"
qlogei_target,18,12,8,467.85,True,3,1-Octanol
qlogei_target,18,13,677,460.65,True,4,"2,2,4,4,6-Pentamethylheptane"
qlogei_target,18,14,922,457.15,True,5,4-Ethylnonane
qlogei_target,18,15,795,462.9,True,6,"3,3,6,6-Tetramethyloctane"
qlogei_target,18,16,1240,459.15,True,7,"2,2,5,5,6-Pentamethylheptane"
qlogei_target,18,17,1241,457.15,True,8,"2,2,5,5-Tetramethyloctane"
qlogei_target,18,18,1105,468.15,True,9,"2,3,4,5,6-Pentamethylheptane"
qlogei_target,18,19,1174,455.9,True,10,"2,2,6,6-Tetramethyloctane"
qlogei_target,18,20,1204,479.15,False,10,"3,3-Diethyl-2,2,4-trimethylpentane"
qlogei_target,18,21,1183,457.0,True,11,"2,4,4,7-Tetramethyloctane"
qlogei_target,18,22,1150,463.0,True,12,"2,5,8-Trimethylnonane"
qlogei_target,18,23,1236,466.15,True,13,"2,2,3,3,6-Pentamethylheptane"
qlogei_target,18,24,541,387.13,False,13,2-Methylhept-3-ene
qlogei_target,18,25,1223,463.15,True,14,"2,5,5-Trimethylnonane"
qlogei_target,18,26,499,473.15,False,14,"2,2,3-Trimethylnonane"
qlogei_target,18,27,595,594.15,False,14,N-Methylhexadecylamine
qlogei_target,18,28,1219,521.0,False,14,"2,4-Dimethyltetradecane"
qlogei_target,18,29,1071,391.65,False,14,3-Penten-2-OL
qlogei_target,18,30,1066,424.2,False,14,"cis,cis-2,7-Nonadiene"
qlogei_target,18,31,1135,476.15,False,14,"3,3-Dimethyldecane"
qlogei_target,18,32,1175,443.15,False,14,"2,5-Dimethyl-3-isopropylhexane"
qlogei_target,18,33,518,327.65,False,14,"N,N,N'-Triethylethylenediamine"
qlogei_target,18,34,195,395.55,False,14,Oct-4-ene
qlogei_target,18,35,532,433.15,False,14,3-Ethyl-3-hexanol
qlogei_target,18,36,1164,464.15,True,15,"2,2,4-Trimethylnonane"
qlogei_target,18,37,789,528.15,False,15,3-Tetradecyne
qlogei_target,18,38,488,420.15,False,15,2-Nonene
qlogei_target,18,39,799,404.15,False,15,"2-Butene-1,4-diol"
qlogei_target,18,40,268,327.15,False,15,4-Methyl-1-pentene
qlogei_target,18,41,1166,459.9,True,16,"3,3-Diethylheptane"
qlogei_target,18,42,926,694.15,False,16,1-Heptacosene
qlogei_target,18,43,819,1167.92,False,16,Lycopene
qlogei_target,18,44,684,327.66,False,16,Ethynol
qlogei_target,18,45,1047,432.56,False,16,trans-4-Decene
qlogei_target,18,46,1115,462.15,True,17,"3,3-Diethyl-2,2-dimethylpentane"
qlogei_target,18,47,556,472.15,True,18,3-Ethyloctan-3-ol
qlogei_target,18,48,937,447.15,False,18,"2,4,6-Trimethyloctane"
qlogei_target,18,49,1154,459.4,True,19,"2,4,5,7-Tetramethyloctane"
qlogei_target,18,50,932,461.15,True,20,3-Ethylnonane
qlogei_target,18,51,1216,457.05,True,21,"3,3-Dimethylnon-4-yne"
qlogei_target,18,52,1224,445.15,False,21,"2,5,5-Trimethyloctane"
qlogei_target,18,53,801,652.15,False,21,1-Tricosene
qlogei_target,18,54,284,349.15,False,21,"4-Methyl-1,3-pentadiene"
qlogei_target,18,55,763,433.86,False,21,"2,3,5-Trimethylheptane"
qlogei_target,18,56,1208,459.15,True,22,"3,3-Diethyl-2-methylhexane"
qlogei_target,18,57,875,430.76,False,22,"2,2,3-Trimethylheptane"
qlogei_target,18,58,1124,790.15,False,22,1-Nonatriacontene
qlogei_target,18,59,21,266.75,False,22,Methylamine
qlogei_target,18,60,105,423.95,False,22,Nonane
qlogei_target,18,61,1196,459.15,True,23,"3,4-Diethyl-3-methylhexane"
qlogei_target,18,62,847,498.55,False,23,5-Ethyl-3-nonanol
qlogei_target,18,63,899,509.15,False,23,2-Methyl-3-undecanol
qlogei_target,18,64,983,450.15,False,23,"3-Ethyl-2,4,5-trimethylhexane"
qlogei_target,18,65,306,426.15,False,23,"2,5,5-Trimethylheptane"
qlogei_target,18,66,981,453.15,True,24,3-Methyl-4-octanol
qlogei_target,18,67,585,618.15,False,24,1-Nonadecanol
qlogei_target,18,68,781,444.15,False,24,4-Methyl-2-heptanol
qlogei_target,18,69,785,506.04,False,24,5-Tridecyne
qlogei_target,18,70,392,653.15,False,24,Pentaethylenehexamine
qlogei_target,18,71,792,455.15,True,25,"2,4,6-Trimethyl-4-heptanol"
qlogei_target,18,72,855,382.35,False,25,"2-Methylhexa-2,4-diene"
qlogei_target,18,73,939,409.15,False,25,N-Ethylpentylamine
qlogei_target,18,74,328,579.15,False,25,Pristane
qlogei_target,18,75,490,439.15,False,25,3-Methyl-2-heptanol
qlogei_target,18,76,914,456.46543,True,26,"4,4-Diethylheptane"
qlogei_target,18,77,694,499.15,False,26,2-Dodecyne
qlogei_target,18,78,61,268.55,False,26,"1,3-Butadiene"
qlogei_target,18,79,412,465.65,True,27,4-Nonanol
qlogei_target,18,80,667,422.15,False,27,3-Methylhexylamine
qlogei_target,18,81,650,484.15,False,27,Tetrahydrolavandulol
qlogei_target,18,82,497,445.15,False,27,5-Methyl-2-heptanol
qlogei_target,18,83,892,442.59,False,27,"3-Ethyl-2,3,4-trimethylpentane"
qlogei_target,18,84,791,449.15,False,27,"2,2,4,4,5-Pentamethylhexane"
qlogei_target,18,85,1113,454.15,True,28,"3,4,5-Trimethyloctane"
qlogei_target,18,86,645,539.24,False,28,"2,4-Hexadiyne-1,6-diol"
qlogei_target,18,87,766,346.15,False,28,4-Methyl-2-pentyne
qlogei_target,18,88,706,612.15,False,28,2-Methylnonadecane
qlogei_target,18,89,458,452.15,False,28,"2,6-Dimethylnonane"
qlogei_target,18,90,56,497.15,False,28,"3,7-Dimethyloctan-1-ol"
qlogei_target,18,91,1022,478.54,False,28,3-Octen-2-OL
qlogei_target,18,92,356,490.15,False,28,Hexaethylene glycol
qlogei_target,18,93,657,424.15,False,28,"3,5-Dimethyl-3-hexanol"
qlogei_target,18,94,639,418.15,False,28,4-Nonene
qlogei_target,18,95,341,408.15,False,28,"2,5-Dimethylheptane"
qlogei_target,18,96,1221,463.15,True,29,"2,6,6-Trimethylnonane"
qlogei_target,18,97,45,426.15,False,29,Tripropylamine
qlogei_target,18,98,582,383.15,False,29,"N,N-Diethylallylamine"
qlogei_target,18,99,898,528.92,False,29,4-Tetradecyne
qlogei_target,18,100,1100,716.1,False,29,Linolenyl alcohol
qlogei_target,18,101,1206,462.15,True,30,"3,3-Diethyl-2,4-dimethylpentane"
qlogei_target,18,102,978,447.15,False,30,"3-Ethyl-2,2-dimethyl-3-pentanol"
qlogei_target,18,103,576,417.15,False,30,2-Methyl-1-octene
qlogei_target,18,104,426,426.41115,False,30,"3,4,4-Trimethyl-3-pentanol"
qlogei_target,18,105,108,533.15,False,30,"N,N-Dimethyldodecylamine"
qlogei_target,18,106,397,443.15,False,30,"1,2,3-Butanetriol"
qlogei_target,18,107,64,327.15,False,30,Allylamine
qlogei_target,18,108,438,451.15,False,30,"2,2,4,6,6-Pentamethylheptane"
qlogei_target,18,109,428,442.75,False,30,5-Decene
qlogei_target,18,110,1193,443.15,False,30,"3,5,5-Trimethyloctane"
qlogei_target,18,111,980,419.15,False,30,2-Methyl-3-hexyn-2-ol
qlogei_target,18,112,809,582.15,False,30,"3,9-Diethyl-6-tridecanol"
qlogei_target,18,113,336,477.15,False,30,Dipentylamine
qlogei_target,18,114,1181,445.15,False,30,2-Methyl-4-isopropylheptane
qlogei_target,18,115,191,338.15,False,30,"Hexa-1,4-diene"
qlogei_target,18,116,1232,467.8,True,31,"3,4,5,5-Tetramethylhexan-3-ol"
qlogei_target,18,117,961,340.82,False,31,trans-3-Methyl-2-pentene
qlogei_target,18,118,693,368.08,False,31,"Hepta-2,4-diene"
qlogei_target,18,119,753,424.15,False,31,"3,4-Dimethyl-3-hexanol"
qlogei_target,18,120,323,504.15,False,31,2-Undecanol
qlogei_target,18,121,669,465.4,True,32,4-Methyl-2-propylpentan-1-ol
qlogei_target,18,122,468,452.15,False,32,"3,5-Dimethyl-4-heptanol"
qlogei_target,18,123,598,408.75,False,32,3-Octyne
qlogei_target,18,124,542,364.98821,False,32,"5-Methyl-1,4-hexadiene"
qlogei_target,18,125,387,413.06493,False,32,"2,3,6-Trimethylheptane"
qlogei_target,18,126,58,443.15,False,32,"1,2,6-Hexanetriol"
qlogei_target,18,127,208,385.15,False,32,3-Methyl-2-butanol
qlogei_target,18,128,1222,457.75,True,33,"2,6-Dimethyl-4-propylheptane"
qlogei_target,18,129,534,385.15,False,33,3-Buten-1-ol
qlogei_target,18,130,98,433.69704,False,33,3-Ethoxy-1-propanol
qlogei_target,18,131,572,370.65,False,33,Tris(2-aminoethyl)amine
qlogei_target,18,132,16,704.0,False,33,Sorbitol
qlogei_target,18,133,593,663.15,False,33,1-Tetracosene
qlogei_target,18,134,658,454.65,True,34,2-Methyl-3-octanol
qlogei_target,18,135,1045,418.15,False,34,Trans-4-NONENE
qlogei_target,18,136,493,574.0,False,34,"1,10-Decanediol"
qlogei_target,18,137,912,470.15,True,35,5-Propylnonane
qlogei_target,18,138,1114,459.15,True,36,"3-Ethyl-2,2,3,4-tetramethylpentane"
qlogei_target,18,139,126,479.15,False,36,"2,5-Dimethyl-3-hexyne-2,5-diol"
qlogei_target,18,140,647,448.15,False,36,"2-Methylbutane-2,3-diol"
qlogei_target,18,141,1199,468.15,True,37,"2,2,3,3,5,5-Hexamethylhexane"
qlogei_target,18,142,907,815.65,False,37,Tritetracontane
qlogei_target,18,143,704,409.64,False,37,"2,4,6-Octatriyne"
qlogei_target,18,144,1190,470.15,True,38,"3,5-Diethyloctane"
qlogei_target,18,145,700,431.4,False,38,"3,4-Diethyl-3-hexene"
qlogei_target,18,146,661,478.65,False,38,"3,3-Dimethyl-1,2-butanediol"
qlogei_target,18,147,731,353.7,False,38,"1,4-Hexadiyne"
qlogei_target,18,148,1031,392.15,False,38,"1,4-Octadiene"
qlogei_target,18,149,811,451.05,False,38,"3-Ethyl-2,4-dimethylpentan-3-ol"
qlogei_target,18,150,1138,463.15,True,39,"4-Ethyl-2,6-dimethyloctane"
random,19,1,551,388.65,False,0,"1,4-Pentadien-3-ol"
random,19,2,472,438.76616,False,0,"2,2,4-Trimethyl-1-pentanol"
random,19,3,388,357.15,False,0,3-Ethyl-1-pentene
random,19,4,1152,452.15,False,0,"3,4,6-Trimethyloctane"
random,19,5,443,437.15,False,0,5-Methylnonane
random,19,6,522,435.15,False,0,3-Hexyn-1-ol
random,19,7,341,408.15,False,0,"2,5-Dimethylheptane"
random,19,8,75,357.15,False,0,Diisopropylamine
random,19,9,1094,479.64,False,0,"Butene-1,4-diol"
random,19,10,731,353.7,False,0,"1,4-Hexadiyne"
random,19,11,475,420.05,False,0,1-Nonene
random,19,12,445,382.15,False,0,"4,5-Dimethyl-1-hexene"
random,19,13,736,518.0,False,0,"2,3,4-Pentanetriol"
random,19,14,1158,472.15,True,1,"4,4-Dimethyldecane"
random,19,15,526,507.15,False,1,"2-Methyl-2-propylpropane-1,3-diol"
random,19,16,977,395.15,False,1,(3-Methylpentyl)amine
random,19,17,384,521.15,False,1,2-Butyl-1-octanol
random,19,18,1245,469.15,True,2,"2,4,4,5,5-Pentamethylheptane"
random,19,19,898,528.92,False,2,4-Tetradecyne
random,19,20,36,380.99,False,2,Isobutanol
random,19,21,846,429.15,False,2,3-Ethyl-2-methyl-2-pentanol
random,19,22,532,433.15,False,2,3-Ethyl-3-hexanol
random,19,23,1142,436.96,False,2,8-Methylnon-4-yne
random,19,24,1160,460.15,True,3,"4-Ethyl-2,2-dimethyloctane"
random,19,25,242,535.15,False,3,"1,7-Heptanediol"
random,19,26,835,384.35,False,3,"2,4-Dimethyl-1-hexene"
random,19,27,765,483.82,False,3,2-Octyn-1-ol
random,19,28,890,442.66,False,3,"3-Ethyl-2,2,3-trimethylpentane"
random,19,29,1149,437.15,False,3,"2,4,4,6-Tetramethylheptane"
random,19,30,776,414.08,False,3,7-Methyl-3-octyne
random,19,31,1144,447.15,False,3,"3,3,5-Trimethyloctane"
random,19,32,804,450.15,False,3,"2,3,5-Trimethyloctane"
random,19,33,299,652.15,False,3,Trioctylamine
random,19,34,456,439.15,False,3,4-Methylnonane
random,19,35,751,401.65,False,3,"2,3-Butadien-1-ol"
random,19,36,715,440.15,False,3,2-Methyl-1-nonene
random,19,37,948,340.21,False,3,trans-3-Hexene
random,19,38,206,309.65,False,3,"N,N-Dimethylethylamine"
random,19,39,971,410.15,False,3,(3R)-3-methylhex-1-yn-3-ol
random,19,40,574,410.15,False,3,N-Methyldioctylamine
random,19,41,1039,409.68,False,3,trans-3-Nonene
random,19,42,37,372.55,False,3,2-Butanol
random,19,43,1191,448.15,False,3,"2,3,3,6-Tetramethylheptane"
random,19,44,451,407.15,False,3,"3-Ethyl-2,2-dimethylpentane"
random,19,45,455,488.15,False,3,"2,5-Dimethylundecane"
random,19,46,1020,378.55,False,3,"cis-2,2-Dimethyl-3-hexene"
random,19,47,631,427.15,False,3,"2,4-Dimethyloctane"
random,19,48,136,282.65,False,3,Neopentane
random,19,49,204,313.95,False,3,"3-Methyl-1,2-butadiene"
random,19,50,740,432.55,False,3,"3,5-Dimethyloctane"
random,19,51,248,591.15,False,3,1-Pentadecanol
random,19,52,218,407.0,False,3,3-Hexanol
random,19,53,1060,411.15,False,3,2-Penten-1-OL
random,19,54,565,539.15,False,3,Diheptylamine
random,19,55,71,393.15,False,3,1-Methoxy-2-propanol
random,19,56,158,293.25,False,3,3-Methyl-1-butene
random,19,57,970,421.15,False,3,"(3S)-3,5-dimethylhex-1-yn-3-ol"
random,19,58,962,339.55,False,3,cis-3-Hexene
random,19,59,1036,510.65,False,3,trans-2-Tridecene
random,19,60,623,429.66,False,3,"2,4,5-Trimethylheptane"
random,19,61,1071,391.65,False,3,3-Penten-2-OL
random,19,62,45,426.15,False,3,Tripropylamine
random,19,63,154,387.85,False,3,"2,3,3-Trimethylpentane"
random,19,64,640,393.65,False,3,2-Methyl-3-buten-1-ol
random,19,65,654,534.65,False,3,7-Ethyl-2-methyl-4-undecanol
random,19,66,901,507.15,False,3,"2,4-Dimethyldodecane"
random,19,67,176,434.15,False,3,4-Heptanol
random,19,68,583,355.15,False,3,Neopentylamine
random,19,69,711,364.15,False,3,5-Methyl-1-hexyne
random,19,70,1030,429.46,False,3,"3,5-Hexadien-2-ol"
random,19,71,208,385.15,False,3,3-Methyl-2-butanol
random,19,72,317,423.35,False,3,1-Propoxy-2-propanol
random,19,73,632,392.6,False,3,"3,5,5-Trimethyl-1-hexene"
random,19,74,697,430.65,False,3,4-Methyl-3-penten-1-ol
random,19,75,967,502.15,False,3,Nerol
random,19,76,590,359.45,False,3,2-Ethyl-3-methylbut-1-ene
random,19,77,56,497.15,False,3,"3,7-Dimethyloctan-1-ol"
random,19,78,125,401.15,False,3,2-Methyl-1-butanol
random,19,79,81,397.45,False,3,2-Methoxyethanol
random,19,80,66,386.15,False,3,Propargyl alcohol
random,19,81,1035,501.2,False,3,6-Tridecene
random,19,82,260,777.15,False,3,Hexatriacontane
random,19,83,18,410.75,False,3,1-Pentanol
random,19,84,675,375.65,False,3,n-Methylbutan-2-amine
random,19,85,1199,468.15,True,4,"2,2,3,3,5,5-Hexamethylhexane"
random,19,86,843,501.15,False,4,"2,3-Dimethylundecane"
random,19,87,857,483.0,False,4,4-Methylundecane
random,19,88,1017,387.13,False,4,(E)-2-Methylhept-3-ene
random,19,89,113,519.15,False,4,1-Undecanol
random,19,90,148,432.15,False,4,2-Heptanol
random,19,91,1187,464.15,True,5,4-Tert-butyloctane
random,19,92,673,600.15,False,5,3-Methyloctadecane
random,19,93,1106,491.65,False,5,"4-Methylpentane-1,4-diol"
random,19,94,756,498.15,False,5,6-Ethyl-3-decanol
random,19,95,927,674.15,False,5,1-Pentacosene
random,19,96,481,431.55,False,5,"4-Methylhepta-1,6-dien-4-ol"
random,19,97,1128,489.15,False,5,4-Methylnonan-1-ol
random,19,98,865,397.15,False,5,2-Methyl-n-propyl-1-propanamine
random,19,99,1089,501.2,False,5,trans-4-Tridecene
random,19,100,1042,444.45,False,5,cis-5-Decene
random,19,101,747,437.00143,False,5,3-Ethyl-3-methylheptane
random,19,102,553,507.15,False,5,"N,N-Dimethyldecylamine"
random,19,103,699,465.45,True,6,5-Undecene
random,19,104,312,570.15,False,6,2-Methylhexadecane
random,19,105,705,353.21985,False,6,"3-Methyl-1,5-hexadiene"
random,19,106,639,418.15,False,6,4-Nonene
random,19,107,1013,370.15,False,6,(Z)-3-Methyl-2-hexene
random,19,108,12,478.2,False,6,3-(Dibutylamino)propylamine
random,19,109,1147,448.15,False,6,"2,3,5,6-Tetramethylheptane"
random,19,110,598,408.75,False,6,3-Octyne
random,19,111,230,424.15,False,6,4-Methyl-1-pentanol
random,19,112,926,694.15,False,6,1-Heptacosene
random,19,113,638,479.15,False,6,5-Methylundecane
random,19,114,885,437.74,False,6,"2,3,3,4-Tetramethylhexane"
random,19,115,244,526.65,False,6,Tetradecane
random,19,116,231,409.15,False,6,2-Hexanol
random,19,117,54,505.15,False,6,"N,N-Bis(3-aminopropyl)methylamine"
random,19,118,986,426.15,False,6,trans-3-Hexen-1-ol
random,19,119,337,431.15,False,6,"2,6-Dimethyloctane"
random,19,120,47,480.15,False,6,Tributylamine
random,19,121,1024,501.2,False,6,cis-4-Tridecene
random,19,122,1002,361.15,False,6,(E)-2-Methyl-3-hexene
random,19,123,364,471.15,True,7,"1,1,4,7,7-Pentamethyldiethylenetriamine"
random,19,124,379,466.15,True,8,"3,5,5-Trimethyl-1-hexanol"
random,19,125,578,414.15,False,8,"1,8-Nonadiene"
random,19,126,170,469.1,True,9,"1,2-Butanediol"
random,19,127,72,353.55,False,9,"2,4-Dimethylpentane"
random,19,128,889,442.86,False,9,"3,3-Diethyl-2-methylpentane"
random,19,129,863,367.15,False,9,2-Methyl-3-hexyne
random,19,130,108,533.15,False,9,"N,N-Dimethyldodecylamine"
random,19,131,309,504.15,False,9,2-(2-Ethylhexyloxy)ethanol
random,19,132,672,521.85,False,9,3-Methyltridecane
random,19,133,924,471.15,True,10,"4,6-Dimethyldecane"
random,19,134,621,465.15,True,11,"4,7-Dimethyloctan-4-ol"
random,19,135,117,588.65,False,11,1-Octadecene
random,19,136,1029,730.0,False,11,11-Tricosene
random,19,137,259,748.15,False,11,Tritriacontane
random,19,138,468,452.15,False,11,"3,5-Dimethyl-4-heptanol"
random,19,139,1218,462.15,True,12,"2,4-Dimethyl-4-propylheptane"
random,19,140,279,440.15,False,12,2-Methylnonane
random,19,141,561,378.65,False,12,Butylallene
random,19,142,295,410.15,False,12,"2,2,5,5-Tetramethylhexane"
random,19,143,726,501.2,False,12,(6E)-6-Tridecene
random,19,144,998,367.15,False,12,(E)-3-Methyl-3-hexene
random,19,145,1086,385.15,False,12,5-Methyl-3-heptene
random,19,146,1156,471.15,True,13,5-Ethyl-5-methylnonane
random,19,147,474,385.15,False,13,Diallylamine
random,19,148,1168,473.15,False,13,"3-Ethyl-3,4-dimethyloctane"
random,19,149,635,459.15,True,14,5-Methyldecane
random,19,150,1010,524.08,False,14,trans-6-Tetradecene
mw_heuristic,19,1,551,388.65,False,0,"1,4-Pentadien-3-ol"
mw_heuristic,19,2,472,438.76616,False,0,"2,2,4-Trimethyl-1-pentanol"
mw_heuristic,19,3,388,357.15,False,0,3-Ethyl-1-pentene
mw_heuristic,19,4,1152,452.15,False,0,"3,4,6-Trimethyloctane"
mw_heuristic,19,5,443,437.15,False,0,5-Methylnonane
mw_heuristic,19,6,522,435.15,False,0,3-Hexyn-1-ol
mw_heuristic,19,7,341,408.15,False,0,"2,5-Dimethylheptane"
mw_heuristic,19,8,75,357.15,False,0,Diisopropylamine
mw_heuristic,19,9,1094,479.64,False,0,"Butene-1,4-diol"
mw_heuristic,19,10,731,353.7,False,0,"1,4-Hexadiyne"
mw_heuristic,19,11,244,526.65,False,0,Tetradecane
mw_heuristic,19,12,315,521.05,False,0,2-Methyltridecane
mw_heuristic,19,13,672,521.85,False,0,3-Methyltridecane
mw_heuristic,19,14,900,520.15,False,0,"2,3-Dimethyldodecane"
mw_heuristic,19,15,901,507.15,False,0,"2,4-Dimethyldodecane"
mw_heuristic,19,16,83,506.15,False,0,"2,5-Dimethyl-2,5-hexanediol"
mw_heuristic,19,17,109,481.15,False,0,2-(Hexyloxy)ethanol
mw_heuristic,19,18,133,503.25,False,0,"2,2,4-Trimethyl-1,3-pentanediol"
mw_heuristic,19,19,537,418.15,False,0,"1,8-Octanediol"
mw_heuristic,19,20,572,370.65,False,0,Tris(2-aminoethyl)amine
mw_heuristic,19,21,997,460.44,True,1,"(E,E,Z)-Undeca-1,3,5,8-tetraene"
mw_heuristic,19,22,1076,456.28,True,2,"1,3,5-Undecatriene"
mw_heuristic,19,23,54,505.15,False,2,"N,N-Bis(3-aminopropyl)methylamine"
mw_heuristic,19,24,39,653.15,False,2,Xylitol
mw_heuristic,19,25,668,514.75,False,2,"3,7-Dimethylocta-1,5,7-trien-3-ol"
mw_heuristic,19,26,276,447.15,False,2,1-Decyne
mw_heuristic,19,27,322,437.15,False,2,"1,9-Decadiene"
mw_heuristic,19,28,330,451.15,False,2,5-Decyne
mw_heuristic,19,29,348,437.4,False,2,4-Decyne
mw_heuristic,19,30,352,439.15,False,2,Dihydromyrcene
mw_heuristic,19,31,280,444.15,False,2,1-Decene
mw_heuristic,19,32,391,436.15,False,2,"2,6-Dimethyl-2-octene"
mw_heuristic,19,33,428,442.75,False,2,5-Decene
mw_heuristic,19,34,482,446.55,False,2,trans-2-Decene
mw_heuristic,19,35,700,431.4,False,2,"3,4-Diethyl-3-hexene"
mw_heuristic,19,36,221,467.9,True,3,3-Nonanol
mw_heuristic,19,37,239,466.65,True,4,2-Nonanol
mw_heuristic,19,38,319,446.15,False,4,"3,6-Dimethyl-3-heptanol"
mw_heuristic,19,39,351,479.15,False,4,Isononyl alcohol
mw_heuristic,19,40,379,466.15,True,5,"3,5,5-Trimethyl-1-hexanol"
mw_heuristic,19,41,45,426.15,False,5,Tripropylamine
mw_heuristic,19,42,331,471.15,True,6,Nonylamine
mw_heuristic,19,43,334,445.15,False,6,"N,N-Dimethylheptylamine"
mw_heuristic,19,44,376,432.15,False,6,N-Methyldibutylamine
mw_heuristic,19,45,563,351.65,False,6,n-Methyloctan-1-amine
mw_heuristic,19,46,42,438.2,False,6,"N,N,N',N'-Tetramethyl-1,3-butanediamine"
mw_heuristic,19,47,123,394.15,False,6,"N,N-Diisopropylethylenediamine"
mw_heuristic,19,48,518,327.65,False,6,"N,N,N'-Triethylethylenediamine"
mw_heuristic,19,49,520,441.15,False,6,"N,N,N',N'-Tetramethyl-1,4-butanediamine"
mw_heuristic,19,50,409,462.15,True,7,3-Methyl-3-octanol
mw_heuristic,19,51,1072,514.75,False,7,Hotrienol
mw_heuristic,19,52,559,469.15,True,8,1-Undecyne
mw_heuristic,19,53,712,471.09534,True,9,5-Undecyne
mw_heuristic,19,54,734,462.0,True,10,"1,10-Undecadiene"
mw_heuristic,19,55,786,479.15,False,10,2-Undecyne
mw_heuristic,19,56,787,473.15,False,10,3-Undecyne
mw_heuristic,19,57,788,471.65,True,11,4-Undecyne
mw_heuristic,19,58,1216,457.05,True,12,"3,3-Dimethylnon-4-yne"
mw_heuristic,19,59,967,502.15,False,12,Nerol
mw_heuristic,19,60,278,465.85,True,13,1-Undecene
mw_heuristic,19,61,696,455.44,True,14,Undec-4-ene
mw_heuristic,19,62,699,465.45,True,15,5-Undecene
mw_heuristic,19,63,825,463.85,True,16,2-Methyl-1-decene
mw_heuristic,19,64,1021,466.15,True,17,(E)-4-Undecene
mw_heuristic,19,65,412,465.65,True,18,4-Nonanol
mw_heuristic,19,66,467,448.15,False,18,"2,6-Dimethyl-3-heptanol"
mw_heuristic,19,67,468,452.15,False,18,"3,5-Dimethyl-4-heptanol"
mw_heuristic,19,68,533,452.15,False,18,4-Ethyl-4-heptanol
mw_heuristic,19,69,594,443.15,False,18,"2,6-Dimethyl-2-heptanol"
mw_heuristic,19,70,646,443.15,False,18,"2,2,3-Trimethylhexan-3-ol"
mw_heuristic,19,71,57,497.15,False,18,(-)-Citronellol
mw_heuristic,19,72,1001,524.74,False,18,(E)-3-Decenol
mw_heuristic,19,73,1061,524.74,False,18,2-Decen-1-ol
mw_heuristic,19,74,1092,524.74,False,18,Dec-4-en-1-ol
mw_heuristic,19,75,302,469.05,True,19,Undecane
mw_heuristic,19,76,658,454.65,True,20,2-Methyl-3-octanol
mw_heuristic,19,77,669,465.4,True,21,4-Methyl-2-propylpentan-1-ol
mw_heuristic,19,78,735,439.15,False,21,"2,2,4,4-Tetramethylpentan-3-ol"
mw_heuristic,19,79,769,453.22759,True,22,4-Methyl-4-octanol
mw_heuristic,19,80,811,451.05,False,22,"3-Ethyl-2,4-dimethylpentan-3-ol"
mw_heuristic,19,81,864,479.15,False,22,6-Methyloctan-1-ol
mw_heuristic,19,82,905,438.65,False,22,"3,4,4-Trimethylhexan-3-ol"
mw_heuristic,19,83,906,444.86543,False,22,"2,4,4-Trimethyl-3-hexanol"
mw_heuristic,19,84,978,447.15,False,22,"3-Ethyl-2,2-dimethyl-3-pentanol"
mw_heuristic,19,85,981,453.15,True,23,3-Methyl-4-octanol
mw_heuristic,19,86,1108,447.15,False,23,"2,2-Dimethyl-4-heptanol"
mw_heuristic,19,87,1178,452.15,False,23,"2,3,4-Trimethylhexan-3-ol"
mw_heuristic,19,88,1211,468.15,True,24,2-Ethyl-4-methylhexan-1-ol
mw_heuristic,19,89,279,440.15,False,24,2-Methylnonane
mw_heuristic,19,90,295,410.15,False,24,"2,2,5,5-Tetramethylhexane"
mw_heuristic,19,91,360,461.15,True,25,4-Methyldecane
mw_heuristic,19,92,419,462.35,True,26,2-Methyldecane
mw_heuristic,19,93,457,452.15,False,26,"2,5-Dimethylnonane"
mw_heuristic,19,94,458,452.15,False,26,"2,6-Dimethylnonane"
mw_heuristic,19,95,459,457.15,True,27,"3,7-Dimethylnonane"
mw_heuristic,19,96,503,452.15,False,27,"2,3,7-Trimethyloctane"
mw_heuristic,19,97,606,455.15,True,28,"4,5-Dimethylnonane"
mw_heuristic,19,98,627,465.15,True,29,3-Methyldecane
mw_heuristic,19,99,635,459.15,True,30,5-Methyldecane
mw_heuristic,19,100,676,453.15,True,31,"2,3,6-Trimethyloctane"
mw_heuristic,19,101,777,436.15,False,31,"2,2,6,6-Tetramethylheptane"
mw_heuristic,19,102,791,449.15,False,31,"2,2,4,4,5-Pentamethylhexane"
mw_heuristic,19,103,793,439.15,False,31,"2,2,5,5-Tetramethylheptane"
mw_heuristic,19,104,794,453.15,True,32,"3,3,5,5-Tetramethylheptane"
mw_heuristic,19,105,803,452.15,False,32,"2,2,3-Trimethyloctane"
mw_heuristic,19,106,804,450.15,False,32,"2,3,5-Trimethyloctane"
mw_heuristic,19,107,845,443.15834,False,32,"2,2,4-Trimethyloctane"
mw_heuristic,19,108,856,448.0,False,32,"2,3-Dimethylnonane"
mw_heuristic,19,109,904,447.15,False,32,"2,2,6-Trimethyloctane"
mw_heuristic,19,110,913,451.15,False,32,"2,4-Dimethylnonane"
mw_heuristic,19,111,914,456.46543,True,33,"4,4-Diethylheptane"
mw_heuristic,19,112,922,457.15,True,34,4-Ethylnonane
mw_heuristic,19,113,930,455.15,True,35,"3,3-Dimethylnonane"
mw_heuristic,19,114,932,461.15,True,36,3-Ethylnonane
mw_heuristic,19,115,934,455.15,True,37,"2,3,3-Trimethyloctane"
mw_heuristic,19,116,936,451.15,False,37,"2,5,6-Trimethyloctane"
mw_heuristic,19,117,937,447.15,False,37,"2,4,6-Trimethyloctane"
mw_heuristic,19,118,938,447.15,False,37,"2,2,3,5-Tetramethylheptane"
mw_heuristic,19,119,979,452.15,False,37,"2,3,4,5-Tetramethylheptane"
mw_heuristic,19,120,983,450.15,False,37,"3-Ethyl-2,4,5-trimethylhexane"
mw_heuristic,19,121,1096,453.15,True,38,"2,7-Dimethylnonane"
mw_heuristic,19,122,1097,456.15,True,39,"2,8-Dimethylnonane"
mw_heuristic,19,123,1113,454.15,True,40,"3,4,5-Trimethyloctane"
mw_heuristic,19,124,1114,459.15,True,41,"3-Ethyl-2,2,3,4-tetramethylpentane"
mw_heuristic,19,125,1115,462.15,True,42,"3,3-Diethyl-2,2-dimethylpentane"
mw_heuristic,19,126,1116,467.15,True,43,"2,2,3,3,4,4-Hexamethylpentane"
mw_heuristic,19,127,1119,458.15,True,44,"3,4-Dimethylnonane"
mw_heuristic,19,128,1127,447.15,False,44,4-Tert-butylheptane
mw_heuristic,19,129,1129,453.15,True,45,"2,3,4-Trimethyloctane"
mw_heuristic,19,130,1130,453.15,True,46,4-Ethyl-4-methyloctane
mw_heuristic,19,131,1131,443.15,False,46,"2,4,7-Trimethyloctane"
mw_heuristic,19,132,1132,454.15,True,47,"4-Ethyl-3,5-dimethylheptane"
mw_heuristic,19,133,1139,451.15,False,47,4-Isopropyloctane
mw_heuristic,19,134,1140,443.15,False,47,"3-Ethyl-2,2,5-trimethylhexane"
mw_heuristic,19,135,1143,442.15,False,47,"2,2,4,5-Tetramethylheptane"
mw_heuristic,19,136,1144,447.15,False,47,"3,3,5-Trimethyloctane"
mw_heuristic,19,137,1145,443.15,False,47,"2,2,4,4-Tetramethylheptane"
mw_heuristic,19,138,1146,458.15,True,48,"3,4,4,5-Tetramethylheptane"
mw_heuristic,19,139,1147,448.15,False,48,"2,3,5,6-Tetramethylheptane"
mw_heuristic,19,140,1149,437.15,False,48,"2,4,4,6-Tetramethylheptane"
mw_heuristic,19,141,1151,451.15,False,48,4-Methyl-4-propylheptane
mw_heuristic,19,142,1153,438.275,False,48,"2,2,3,5,5-Pentamethylhexane"
mw_heuristic,19,143,1157,450.15,False,48,"5,5-Dimethylnonane"
mw_heuristic,19,144,1162,441.15,False,48,"4-Ethyl-2,2-dimethylheptane"
mw_heuristic,19,145,1163,443.15,False,48,"2,2,7-Trimethyloctane"
mw_heuristic,19,146,129,490.15,False,48,Decylamine
mw_heuristic,19,147,149,460.15,True,49,Diisoamylamine
mw_heuristic,19,148,336,477.15,False,49,Dipentylamine
mw_heuristic,19,149,984,480.15,False,49,Methylnonylamine
mw_heuristic,19,150,1110,475.15,False,49,N-Ethyloctylamine
greedy_gp,19,1,551,388.65,False,0,"1,4-Pentadien-3-ol"
greedy_gp,19,2,472,438.76616,False,0,"2,2,4-Trimethyl-1-pentanol"
greedy_gp,19,3,388,357.15,False,0,3-Ethyl-1-pentene
greedy_gp,19,4,1152,452.15,False,0,"3,4,6-Trimethyloctane"
greedy_gp,19,5,443,437.15,False,0,5-Methylnonane
greedy_gp,19,6,522,435.15,False,0,3-Hexyn-1-ol
greedy_gp,19,7,341,408.15,False,0,"2,5-Dimethylheptane"
greedy_gp,19,8,75,357.15,False,0,Diisopropylamine
greedy_gp,19,9,1094,479.64,False,0,"Butene-1,4-diol"
greedy_gp,19,10,731,353.7,False,0,"1,4-Hexadiyne"
greedy_gp,19,11,499,473.15,False,0,"2,2,3-Trimethylnonane"
greedy_gp,19,12,1164,464.15,True,1,"2,2,4-Trimethylnonane"
greedy_gp,19,13,358,572.15,False,1,"1,12-Dodecanediamine"
greedy_gp,19,14,1141,458.15,True,2,4-Tert-butyl-2-methylheptane
greedy_gp,19,15,408,445.15,False,2,1-Butoxy-2-propanol
greedy_gp,19,16,530,450.15,False,2,"2-Methylpropane-1,2-diol"
greedy_gp,19,17,278,465.85,True,3,1-Undecene
greedy_gp,19,18,1183,457.0,True,4,"2,4,4,7-Tetramethyloctane"
greedy_gp,19,19,3,111.65,False,4,Methane
greedy_gp,19,20,712,471.09534,True,5,5-Undecyne
greedy_gp,19,21,468,452.15,False,5,"3,5-Dimethyl-4-heptanol"
greedy_gp,19,22,558,494.15,False,5,"2-Methyl-1,3-propanediol"
greedy_gp,19,23,467,448.15,False,5,"2,6-Dimethyl-3-heptanol"
greedy_gp,19,24,170,469.1,True,6,"1,2-Butanediol"
greedy_gp,19,25,533,452.15,False,6,4-Ethyl-4-heptanol
greedy_gp,19,26,109,481.15,False,6,2-(Hexyloxy)ethanol
greedy_gp,19,27,412,465.65,True,7,4-Nonanol
greedy_gp,19,28,351,479.15,False,7,Isononyl alcohol
greedy_gp,19,29,221,467.9,True,8,3-Nonanol
greedy_gp,19,30,239,466.65,True,9,2-Nonanol
greedy_gp,19,31,1098,746.15,False,9,1-Tritriacontene
greedy_gp,19,32,83,506.15,False,9,"2,5-Dimethyl-2,5-hexanediol"
greedy_gp,19,33,903,458.15,True,10,2-(Pentyloxy)ethanol
greedy_gp,19,34,597,370.15,False,10,3-Octyn-1-ol
greedy_gp,19,35,765,483.82,False,10,2-Octyn-1-ol
greedy_gp,19,36,792,455.15,True,11,"2,4,6-Trimethyl-4-heptanol"
greedy_gp,19,37,142,487.85,False,11,"1,3-Propanediol"
greedy_gp,19,38,1154,459.4,True,12,"2,4,5,7-Tetramethyloctane"
greedy_gp,19,39,918,472.15,True,13,"3,4,5,6-Tetramethyloctane"
greedy_gp,19,40,754,482.28,False,13,"2,9-Dimethyl-5-decyne"
greedy_gp,19,41,1205,473.15,False,13,"3,3-Diethyl-2,4-dimethylhexane"
greedy_gp,19,42,500,506.02,False,13,"3,6-Nonadien-1-ol"
greedy_gp,19,43,683,376.4,False,13,Non-3-yn-1-ol
greedy_gp,19,44,1076,456.28,True,14,"1,3,5-Undecatriene"
greedy_gp,19,45,967,502.15,False,14,Nerol
greedy_gp,19,46,149,460.15,True,15,Diisoamylamine
greedy_gp,19,47,126,479.15,False,15,"2,5-Dimethyl-3-hexyne-2,5-diol"
greedy_gp,19,48,997,460.44,True,16,"(E,E,Z)-Undeca-1,3,5,8-tetraene"
greedy_gp,19,49,788,471.65,True,17,4-Undecyne
greedy_gp,19,50,669,465.4,True,18,4-Methyl-2-propylpentan-1-ol
greedy_gp,19,51,787,473.15,False,18,3-Undecyne
greedy_gp,19,52,39,653.15,False,18,Xylitol
greedy_gp,19,53,0,470.65,True,19,Ethylene Glycol
greedy_gp,19,54,1225,447.15,False,19,2-Methyl-4-propylheptane
greedy_gp,19,55,920,483.15,False,19,"3,4-Dimethyl-3,4-diethyl-hexane"
greedy_gp,19,56,795,462.9,True,20,"3,3,6,6-Tetramethyloctane"
greedy_gp,19,57,645,539.24,False,20,"2,4-Hexadiyne-1,6-diol"
greedy_gp,19,58,1233,452.15,False,20,3-Methyl-4-propylheptane
greedy_gp,19,59,1182,453.15,True,21,4-Ethyl-5-methyloctane
greedy_gp,19,60,1105,468.15,True,22,"2,3,4,5,6-Pentamethylheptane"
greedy_gp,19,61,1241,457.15,True,23,"2,2,5,5-Tetramethyloctane"
greedy_gp,19,62,1174,455.9,True,24,"2,2,6,6-Tetramethyloctane"
greedy_gp,19,63,825,463.85,True,25,2-Methyl-1-decene
greedy_gp,19,64,123,394.15,False,25,"N,N-Diisopropylethylenediamine"
greedy_gp,19,65,981,453.15,True,26,3-Methyl-4-octanol
greedy_gp,19,66,678,575.34,False,26,9-Dodecyn-1-ol
greedy_gp,19,67,8,467.85,True,27,1-Octanol
greedy_gp,19,68,331,471.15,True,28,Nonylamine
greedy_gp,19,69,1194,462.15,True,29,4-Isopropyl-4-heptanol
greedy_gp,19,70,658,454.65,True,30,2-Methyl-3-octanol
greedy_gp,19,71,9,460.45,True,31,Propylene Glycol
greedy_gp,19,72,814,461.15,True,32,"R-1,2-Propanediol"
greedy_gp,19,73,1192,452.15,False,32,"3,5-Diethylheptane"
greedy_gp,19,74,1139,451.15,False,32,4-Isopropyloctane
greedy_gp,19,75,1184,453.15,True,33,3-Ethyl-5-methyloctane
greedy_gp,19,76,217,440.15,False,33,"2,2-Diethoxyethanol"
greedy_gp,19,77,54,505.15,False,33,"N,N-Bis(3-aminopropyl)methylamine"
greedy_gp,19,78,786,479.15,False,33,2-Undecyne
greedy_gp,19,79,1202,452.15,False,33,"4,6-Dimethylnonane"
greedy_gp,19,80,606,455.15,True,34,"4,5-Dimethylnonane"
greedy_gp,19,81,940,488.15,False,34,"N,N-Dimethylnonylamine"
greedy_gp,19,82,1109,471.15,True,35,"N,N-Diethylheptylamine"
greedy_gp,19,83,913,451.15,False,35,"2,4-Dimethylnonane"
greedy_gp,19,84,457,452.15,False,35,"2,5-Dimethylnonane"
greedy_gp,19,85,1188,455.15,True,36,3-Ethyl-6-methyloctane
greedy_gp,19,86,1160,460.15,True,37,"4-Ethyl-2,2-dimethyloctane"
greedy_gp,19,87,1187,464.15,True,38,4-Tert-butyloctane
greedy_gp,19,88,458,452.15,False,38,"2,6-Dimethylnonane"
greedy_gp,19,89,1097,456.15,True,39,"2,8-Dimethylnonane"
greedy_gp,19,90,1170,455.15,True,40,"3,6-Dimethylnonane"
greedy_gp,19,91,1211,468.15,True,41,2-Ethyl-4-methylhexan-1-ol
greedy_gp,19,92,627,465.15,True,42,3-Methyldecane
greedy_gp,19,93,419,462.35,True,43,2-Methyldecane
greedy_gp,19,94,932,461.15,True,44,3-Ethylnonane
greedy_gp,19,95,360,461.15,True,45,4-Methyldecane
greedy_gp,19,96,635,459.15,True,46,5-Methyldecane
greedy_gp,19,97,922,457.15,True,47,4-Ethylnonane
greedy_gp,19,98,769,453.22759,True,48,4-Methyl-4-octanol
greedy_gp,19,99,914,456.46543,True,49,"4,4-Diethylheptane"
greedy_gp,19,100,864,479.15,False,49,6-Methyloctan-1-ol
greedy_gp,19,101,409,462.15,True,50,3-Methyl-3-octanol
greedy_gp,19,102,1221,463.15,True,51,"2,6,6-Trimethylnonane"
greedy_gp,19,103,1,455.15,True,52,"2,3-Butanediol"
greedy_gp,19,104,807,456.65,True,53,"meso-2,3-Butanediol"
greedy_gp,19,105,810,350.5,False,53,"(R,R)-2,3-butanediol"
greedy_gp,19,106,30,447.15,False,53,Pinacol
greedy_gp,19,107,477,480.15,False,53,Neopentyl glycol
greedy_gp,19,108,647,448.15,False,53,"2-Methylbutane-2,3-diol"
greedy_gp,19,109,298,467.15,True,54,Triisobutylamine
greedy_gp,19,110,621,465.15,True,55,"4,7-Dimethyloctan-4-ol"
greedy_gp,19,111,813,481.15,False,55,"3-Methyl-1,3-butanediol"
greedy_gp,19,112,916,472.15,True,56,"3,6-Dimethyl-3-ethyl-octane"
greedy_gp,19,113,587,357.15,False,56,Tris(2-methylallyl)amine
greedy_gp,19,114,1168,473.15,False,56,"3-Ethyl-3,4-dimethyloctane"
greedy_gp,19,115,1223,463.15,True,57,"2,5,5-Trimethylnonane"
greedy_gp,19,116,734,462.0,True,58,"1,10-Undecadiene"
greedy_gp,19,117,651,484.65,False,58,"3-Methylpentane-2,4-diol"
greedy_gp,19,118,267,473.15,False,58,"2-Methyl-1,3-butanediol"
greedy_gp,19,119,84,394.15,False,58,"N,N,N',N'-Tetramethylethylenediamine"
greedy_gp,19,120,1150,463.0,True,59,"2,5,8-Trimethylnonane"
greedy_gp,19,121,325,447.25,False,59,Decane
greedy_gp,19,122,650,484.15,False,59,Tetrahydrolavandulol
greedy_gp,19,123,1119,458.15,True,60,"3,4-Dimethylnonane"
greedy_gp,19,124,459,457.15,True,61,"3,7-Dimethylnonane"
greedy_gp,19,125,1096,453.15,True,62,"2,7-Dimethylnonane"
greedy_gp,19,126,1204,479.15,False,62,"3,3-Diethyl-2,2,4-trimethylpentane"
greedy_gp,19,127,696,455.44,True,63,Undec-4-ene
greedy_gp,19,128,1021,466.15,True,64,(E)-4-Undecene
greedy_gp,19,129,699,465.45,True,65,5-Undecene
greedy_gp,19,130,935,469.15,True,66,"3-Ethyl-2,7-dimethyloctane"
greedy_gp,19,131,1138,463.15,True,67,"4-Ethyl-2,6-dimethyloctane"
greedy_gp,19,132,919,473.15,False,67,"3,4,7-Trimethylnonane"
greedy_gp,19,133,1137,470.15,True,68,"3-Ethyl-2,6-dimethyloctane"
greedy_gp,19,134,1115,462.15,True,69,"3,3-Diethyl-2,2-dimethylpentane"
greedy_gp,19,135,1222,457.75,True,70,"2,6-Dimethyl-4-propylheptane"
greedy_gp,19,136,677,460.65,True,71,"2,2,4,4,6-Pentamethylheptane"
greedy_gp,19,137,276,447.15,False,71,1-Decyne
greedy_gp,19,138,1116,467.15,True,72,"2,2,3,3,4,4-Hexamethylpentane"
greedy_gp,19,139,1220,463.15,True,73,"2,5-Dimethyl-4-propylheptane"
greedy_gp,19,140,523,459.00627,True,74,"2,2,7,7-Tetramethyloctane"
greedy_gp,19,141,438,451.15,False,74,"2,2,4,6,6-Pentamethylheptane"
greedy_gp,19,142,563,351.65,False,74,n-Methyloctan-1-amine
greedy_gp,19,143,1240,459.15,True,75,"2,2,5,5,6-Pentamethylheptane"
greedy_gp,19,144,460,474.15,False,75,"2,2-Dimethyldecane"
greedy_gp,19,145,1166,459.9,True,76,"3,3-Diethylheptane"
greedy_gp,19,146,594,443.15,False,76,"2,6-Dimethyl-2-heptanol"
greedy_gp,19,147,139,469.65,True,77,"3-Butene-1,2-diol"
greedy_gp,19,148,140,373.65,False,77,Octamylamine
greedy_gp,19,149,1022,478.54,False,77,3-Octen-2-OL
greedy_gp,19,150,1236,466.15,True,78,"2,2,3,3,6-Pentamethylheptane"
prob_in_spec,19,1,551,388.65,False,0,"1,4-Pentadien-3-ol"
prob_in_spec,19,2,472,438.76616,False,0,"2,2,4-Trimethyl-1-pentanol"
prob_in_spec,19,3,388,357.15,False,0,3-Ethyl-1-pentene
prob_in_spec,19,4,1152,452.15,False,0,"3,4,6-Trimethyloctane"
prob_in_spec,19,5,443,437.15,False,0,5-Methylnonane
prob_in_spec,19,6,522,435.15,False,0,3-Hexyn-1-ol
prob_in_spec,19,7,341,408.15,False,0,"2,5-Dimethylheptane"
prob_in_spec,19,8,75,357.15,False,0,Diisopropylamine
prob_in_spec,19,9,1094,479.64,False,0,"Butene-1,4-diol"
prob_in_spec,19,10,731,353.7,False,0,"1,4-Hexadiyne"
prob_in_spec,19,11,1154,459.4,True,1,"2,4,5,7-Tetramethyloctane"
prob_in_spec,19,12,1160,460.15,True,2,"4-Ethyl-2,2-dimethyloctane"
prob_in_spec,19,13,1223,463.15,True,3,"2,5,5-Trimethylnonane"
prob_in_spec,19,14,1221,463.15,True,4,"2,6,6-Trimethylnonane"
prob_in_spec,19,15,1164,464.15,True,5,"2,2,4-Trimethylnonane"
prob_in_spec,19,16,935,469.15,True,6,"3-Ethyl-2,7-dimethyloctane"
prob_in_spec,19,17,919,473.15,False,6,"3,4,7-Trimethylnonane"
prob_in_spec,19,18,1137,470.15,True,7,"3-Ethyl-2,6-dimethyloctane"
prob_in_spec,19,19,499,473.15,False,7,"2,2,3-Trimethylnonane"
prob_in_spec,19,20,1112,470.15,True,8,"5,5-Dimethyldecane"
prob_in_spec,19,21,1138,463.15,True,9,"4-Ethyl-2,6-dimethyloctane"
prob_in_spec,19,22,1174,455.9,True,10,"2,2,6,6-Tetramethyloctane"
prob_in_spec,19,23,1220,463.15,True,11,"2,5-Dimethyl-4-propylheptane"
prob_in_spec,19,24,1243,467.15,True,12,"2,3-Dimethyl-4-propylheptane"
prob_in_spec,19,25,1187,464.15,True,13,4-Tert-butyloctane
prob_in_spec,19,26,1136,464.15,True,14,"4-Ethyl-2,4-dimethyloctane"
prob_in_spec,19,27,1218,462.15,True,15,"2,4-Dimethyl-4-propylheptane"
prob_in_spec,19,28,1150,463.0,True,16,"2,5,8-Trimethylnonane"
prob_in_spec,19,29,1230,469.15,True,17,"3,3-Dimethyl-4-propylheptane"
prob_in_spec,19,30,1222,457.75,True,18,"2,6-Dimethyl-4-propylheptane"
prob_in_spec,19,31,1226,462.0,True,19,2-Methyl-5-propyloctane
prob_in_spec,19,32,1166,459.9,True,20,"3,3-Diethylheptane"
prob_in_spec,19,33,914,456.46543,True,21,"4,4-Diethylheptane"
prob_in_spec,19,34,924,471.15,True,22,"4,6-Dimethyldecane"
prob_in_spec,19,35,912,470.15,True,23,5-Propylnonane
prob_in_spec,19,36,795,462.9,True,24,"3,3,6,6-Tetramethyloctane"
prob_in_spec,19,37,1236,466.15,True,25,"2,2,3,3,6-Pentamethylheptane"
prob_in_spec,19,38,932,461.15,True,26,3-Ethylnonane
prob_in_spec,19,39,1240,459.15,True,27,"2,2,5,5,6-Pentamethylheptane"
prob_in_spec,19,40,1105,468.15,True,28,"2,3,4,5,6-Pentamethylheptane"
prob_in_spec,19,41,627,465.15,True,29,3-Methyldecane
prob_in_spec,19,42,360,461.15,True,30,4-Methyldecane
prob_in_spec,19,43,302,469.05,True,31,Undecane
prob_in_spec,19,44,419,462.35,True,32,2-Methyldecane
prob_in_spec,19,45,635,459.15,True,33,5-Methyldecane
prob_in_spec,19,46,1141,458.15,True,34,4-Tert-butyl-2-methylheptane
prob_in_spec,19,47,856,448.0,False,34,"2,3-Dimethylnonane"
prob_in_spec,19,48,922,457.15,True,35,4-Ethylnonane
prob_in_spec,19,49,1196,459.15,True,36,"3,4-Diethyl-3-methylhexane"
prob_in_spec,19,50,1208,459.15,True,37,"3,3-Diethyl-2-methylhexane"
prob_in_spec,19,51,278,465.85,True,38,1-Undecene
prob_in_spec,19,52,1206,462.15,True,39,"3,3-Diethyl-2,4-dimethylpentane"
prob_in_spec,19,53,1115,462.15,True,40,"3,3-Diethyl-2,2-dimethylpentane"
prob_in_spec,19,54,1203,460.15,True,41,"2,3,3,4,4-Pentamethylhexane"
prob_in_spec,19,55,1245,469.15,True,42,"2,4,4,5,5-Pentamethylheptane"
prob_in_spec,19,56,696,455.44,True,43,Undec-4-ene
prob_in_spec,19,57,1021,466.15,True,44,(E)-4-Undecene
prob_in_spec,19,58,699,465.45,True,45,5-Undecene
prob_in_spec,19,59,825,463.85,True,46,2-Methyl-1-decene
prob_in_spec,19,60,1114,459.15,True,47,"3-Ethyl-2,2,3,4-tetramethylpentane"
prob_in_spec,19,61,734,462.0,True,48,"1,10-Undecadiene"
prob_in_spec,19,62,1227,457.15,True,49,"3,3,4,4-Tetramethylheptane"
prob_in_spec,19,63,1177,457.15,True,50,"2,2,3,3,4-Pentamethylhexane"
prob_in_spec,19,64,1146,458.15,True,51,"3,4,4,5-Tetramethylheptane"
prob_in_spec,19,65,1199,468.15,True,52,"2,2,3,3,5,5-Hexamethylhexane"
prob_in_spec,19,66,1116,467.15,True,53,"2,2,3,3,4,4-Hexamethylpentane"
prob_in_spec,19,67,1097,456.15,True,54,"2,8-Dimethylnonane"
prob_in_spec,19,68,523,459.00627,True,55,"2,2,7,7-Tetramethyloctane"
prob_in_spec,19,69,1229,469.15,True,56,"3,5-Dimethyl-4-propylheptane"
prob_in_spec,19,70,728,486.15,False,56,6-Dodecyne
prob_in_spec,19,71,712,471.09534,True,57,5-Undecyne
prob_in_spec,19,72,788,471.65,True,58,4-Undecyne
prob_in_spec,19,73,1156,471.15,True,59,5-Ethyl-5-methylnonane
prob_in_spec,19,74,787,473.15,False,59,3-Undecyne
prob_in_spec,19,75,921,470.15,True,60,"3-Methyl, 3,5-diethyl, heptane"
prob_in_spec,19,76,1158,472.15,True,61,"4,4-Dimethyldecane"
prob_in_spec,19,77,1096,453.15,True,62,"2,7-Dimethylnonane"
prob_in_spec,19,78,1183,457.0,True,63,"2,4,4,7-Tetramethyloctane"
prob_in_spec,19,79,1190,470.15,True,64,"3,5-Diethyloctane"
prob_in_spec,19,80,1179,454.15,True,65,"2,3,3,4,5-Pentamethylhexane"
prob_in_spec,19,81,1241,457.15,True,66,"2,2,5,5-Tetramethyloctane"
prob_in_spec,19,82,918,472.15,True,67,"3,4,5,6-Tetramethyloctane"
prob_in_spec,19,83,831,466.15,True,68,"4,5-Diethyloctane"
prob_in_spec,19,84,840,471.15,True,69,"2,5-Dimethyldecane"
prob_in_spec,19,85,1119,458.15,True,70,"3,4-Dimethylnonane"
prob_in_spec,19,86,459,457.15,True,71,"3,7-Dimethylnonane"
prob_in_spec,19,87,1228,471.15,True,72,"3,4-Dimethyl-4-propylheptane"
prob_in_spec,19,88,916,472.15,True,73,"3,6-Dimethyl-3-ethyl-octane"
prob_in_spec,19,89,830,472.15,True,74,4-Ethyl-5-methylnonane
prob_in_spec,19,90,1172,454.15,True,75,"3,3,4,5-Tetramethylheptane"
prob_in_spec,19,91,854,473.15,False,75,"2,4-Dimethyldecane"
prob_in_spec,19,92,732,471.15,True,76,"2,6-Dimethyldecane"
prob_in_spec,19,93,1188,455.15,True,77,3-Ethyl-6-methyloctane
prob_in_spec,19,94,925,472.15,True,78,"4,7-Dimethyldecane"
prob_in_spec,19,95,1237,459.15,True,79,"2,2,3,4,4-Pentamethylhexane"
prob_in_spec,19,96,1209,451.15,False,79,"3-Ethyl-2,4,4-trimethylhexane"
prob_in_spec,19,97,1132,454.15,True,80,"4-Ethyl-3,5-dimethylheptane"
prob_in_spec,19,98,1186,472.15,True,81,"3,4-Diethyloctane"
prob_in_spec,19,99,930,455.15,True,82,"3,3-Dimethylnonane"
prob_in_spec,19,100,1192,452.15,False,82,"3,5-Diethylheptane"
prob_in_spec,19,101,923,473.15,False,82,"3,5-Dimethyldecane"
prob_in_spec,19,102,47,480.15,False,82,Tributylamine
prob_in_spec,19,103,1109,471.15,True,83,"N,N-Diethylheptylamine"
prob_in_spec,19,104,940,488.15,False,83,"N,N-Dimethylnonylamine"
prob_in_spec,19,105,553,507.15,False,83,"N,N-Dimethyldecylamine"
prob_in_spec,19,106,298,467.15,True,84,Triisobutylamine
prob_in_spec,19,107,1171,452.8,False,84,"2,2,3,3-Tetramethylheptane"
prob_in_spec,19,108,1167,455.15,True,85,"3,3,4-Trimethyloctane"
prob_in_spec,19,109,556,472.15,True,86,3-Ethyloctan-3-ol
prob_in_spec,19,110,847,498.55,False,86,5-Ethyl-3-nonanol
prob_in_spec,19,111,769,453.22759,True,87,4-Methyl-4-octanol
prob_in_spec,19,112,409,462.15,True,88,3-Methyl-3-octanol
prob_in_spec,19,113,669,465.4,True,89,4-Methyl-2-propylpentan-1-ol
prob_in_spec,19,114,467,448.15,False,89,"2,6-Dimethyl-3-heptanol"
prob_in_spec,19,115,658,454.65,True,90,2-Methyl-3-octanol
prob_in_spec,19,116,625,466.65,True,91,1-Nonen-3-ol
prob_in_spec,19,117,864,479.15,False,91,6-Methyloctan-1-ol
prob_in_spec,19,118,221,467.9,True,92,3-Nonanol
prob_in_spec,19,119,412,465.65,True,93,4-Nonanol
prob_in_spec,19,120,8,467.85,True,94,1-Octanol
prob_in_spec,19,121,394,451.65,False,94,2-Octanol
prob_in_spec,19,122,972,449.65,False,94,(S)-(+)-2-Octanol
prob_in_spec,19,123,1022,478.54,False,94,3-Octen-2-OL
prob_in_spec,19,124,594,443.15,False,94,"2,6-Dimethyl-2-heptanol"
prob_in_spec,19,125,1108,447.15,False,94,"2,2-Dimethyl-4-heptanol"
prob_in_spec,19,126,1211,468.15,True,95,2-Ethyl-4-methylhexan-1-ol
prob_in_spec,19,127,981,453.15,True,96,3-Methyl-4-octanol
prob_in_spec,19,128,621,465.15,True,97,"4,7-Dimethyloctan-4-ol"
prob_in_spec,19,129,792,455.15,True,98,"2,4,6-Trimethyl-4-heptanol"
prob_in_spec,19,130,1070,448.15,False,98,2-Octen-4-ol
prob_in_spec,19,131,400,459.15,True,99,6-Methylhept-5-en-2-ol
prob_in_spec,19,132,410,481.65,False,99,"1,11-Dodecadiene"
prob_in_spec,19,133,533,452.15,False,99,4-Ethyl-4-heptanol
prob_in_spec,19,134,765,483.82,False,99,2-Octyn-1-ol
prob_in_spec,19,135,597,370.15,False,99,3-Octyn-1-ol
prob_in_spec,19,136,1168,473.15,False,99,"3-Ethyl-3,4-dimethyloctane"
prob_in_spec,19,137,1194,462.15,True,100,4-Isopropyl-4-heptanol
prob_in_spec,19,138,1169,473.15,False,100,"4,4-Diethyloctane"
prob_in_spec,19,139,1207,476.15,False,100,"3,3-Diethyl-2-methylheptane"
prob_in_spec,19,140,1159,478.0,False,100,"3,3-Diethyloctane"
prob_in_spec,19,141,710,467.14283,True,101,4-Propyl-4-heptanol
prob_in_spec,19,142,903,458.15,True,102,2-(Pentyloxy)ethanol
prob_in_spec,19,143,1217,477.15,False,102,4-Methyl-2-(2-methylpropyl)pentan-1-ol
prob_in_spec,19,144,460,474.15,False,102,"2,2-Dimethyldecane"
prob_in_spec,19,145,1135,476.15,False,102,"3,3-Dimethyldecane"
prob_in_spec,19,146,351,479.15,False,102,Isononyl alcohol
prob_in_spec,19,147,239,466.65,True,103,2-Nonanol
prob_in_spec,19,148,149,460.15,True,104,Diisoamylamine
prob_in_spec,19,149,458,452.15,False,104,"2,6-Dimethylnonane"
prob_in_spec,19,150,786,479.15,False,104,2-Undecyne
qlogei_target,19,1,551,388.65,False,0,"1,4-Pentadien-3-ol"
qlogei_target,19,2,472,438.76616,False,0,"2,2,4-Trimethyl-1-pentanol"
qlogei_target,19,3,388,357.15,False,0,3-Ethyl-1-pentene
qlogei_target,19,4,1152,452.15,False,0,"3,4,6-Trimethyloctane"
qlogei_target,19,5,443,437.15,False,0,5-Methylnonane
qlogei_target,19,6,522,435.15,False,0,3-Hexyn-1-ol
qlogei_target,19,7,341,408.15,False,0,"2,5-Dimethylheptane"
qlogei_target,19,8,75,357.15,False,0,Diisopropylamine
qlogei_target,19,9,1094,479.64,False,0,"Butene-1,4-diol"
qlogei_target,19,10,731,353.7,False,0,"1,4-Hexadiyne"
qlogei_target,19,11,1154,459.4,True,1,"2,4,5,7-Tetramethyloctane"
qlogei_target,19,12,468,452.15,False,1,"3,5-Dimethyl-4-heptanol"
qlogei_target,19,13,795,462.9,True,2,"3,3,6,6-Tetramethyloctane"
qlogei_target,19,14,915,476.0,False,2,"3,6-Diethyl-octane"
qlogei_target,19,15,379,466.15,True,3,"3,5,5-Trimethyl-1-hexanol"
qlogei_target,19,16,1141,458.15,True,4,4-Tert-butyl-2-methylheptane
qlogei_target,19,17,409,462.15,True,5,3-Methyl-3-octanol
qlogei_target,19,18,1183,457.0,True,6,"2,4,4,7-Tetramethyloctane"
qlogei_target,19,19,974,447.15,False,6,(S)-1-Octen-3-ol
qlogei_target,19,20,1058,386.36,False,6,5-Methyl-2-heptene
qlogei_target,19,21,1223,463.15,True,7,"2,5,5-Trimethylnonane"
qlogei_target,19,22,499,473.15,False,7,"2,2,3-Trimethylnonane"
qlogei_target,19,23,467,448.15,False,7,"2,6-Dimethyl-3-heptanol"
qlogei_target,19,24,769,453.22759,True,8,4-Methyl-4-octanol
qlogei_target,19,25,854,473.15,False,8,"2,4-Dimethyldecane"
qlogei_target,19,26,1187,464.15,True,9,4-Tert-butyloctane
qlogei_target,19,27,1243,467.15,True,10,"2,3-Dimethyl-4-propylheptane"
qlogei_target,19,28,1218,462.15,True,11,"2,4-Dimethyl-4-propylheptane"
qlogei_target,19,29,635,459.15,True,12,5-Methyldecane
qlogei_target,19,30,1241,457.15,True,13,"2,2,5,5-Tetramethyloctane"
qlogei_target,19,31,1160,460.15,True,14,"4-Ethyl-2,2-dimethyloctane"
qlogei_target,19,32,1136,464.15,True,15,"4-Ethyl-2,4-dimethyloctane"
qlogei_target,19,33,918,472.15,True,16,"3,4,5,6-Tetramethyloctane"
qlogei_target,19,34,523,459.00627,True,17,"2,2,7,7-Tetramethyloctane"
qlogei_target,19,35,1221,463.15,True,18,"2,6,6-Trimethylnonane"
qlogei_target,19,36,1164,464.15,True,19,"2,2,4-Trimethylnonane"
qlogei_target,19,37,302,469.05,True,20,Undecane
qlogei_target,19,38,589,502.15,False,20,Undecylamine
qlogei_target,19,39,1222,457.75,True,21,"2,6-Dimethyl-4-propylheptane"
qlogei_target,19,40,696,455.44,True,22,Undec-4-ene
qlogei_target,19,41,1138,463.15,True,23,"4-Ethyl-2,6-dimethyloctane"
qlogei_target,19,42,1220,463.15,True,24,"2,5-Dimethyl-4-propylheptane"
qlogei_target,19,43,627,465.15,True,25,3-Methyldecane
qlogei_target,19,44,278,465.85,True,26,1-Undecene
qlogei_target,19,45,1170,455.15,True,27,"3,6-Dimethylnonane"
qlogei_target,19,46,419,462.35,True,28,2-Methyldecane
qlogei_target,19,47,1174,455.9,True,29,"2,2,6,6-Tetramethyloctane"
qlogei_target,19,48,1199,468.15,True,30,"2,2,3,3,5,5-Hexamethylhexane"
qlogei_target,19,49,458,452.15,False,30,"2,6-Dimethylnonane"
qlogei_target,19,50,652,446.15,False,30,6-Methyl-2-heptanol
qlogei_target,19,51,1240,459.15,True,31,"2,2,5,5,6-Pentamethylheptane"
qlogei_target,19,52,594,443.15,False,31,"2,6-Dimethyl-2-heptanol"
qlogei_target,19,53,1108,447.15,False,31,"2,2-Dimethyl-4-heptanol"
qlogei_target,19,54,1208,459.15,True,32,"3,3-Diethyl-2-methylhexane"
qlogei_target,19,55,794,453.15,True,33,"3,3,5,5-Tetramethylheptane"
qlogei_target,19,56,932,461.15,True,34,3-Ethylnonane
qlogei_target,19,57,1236,466.15,True,35,"2,2,3,3,6-Pentamethylheptane"
qlogei_target,19,58,853,484.15,False,35,"2,2-Dimethyl-1-octanol"
qlogei_target,19,59,1205,473.15,False,35,"3,3-Diethyl-2,4-dimethylhexane"
qlogei_target,19,60,1179,454.15,True,36,"2,3,3,4,5-Pentamethylhexane"
qlogei_target,19,61,1206,462.15,True,37,"3,3-Diethyl-2,4-dimethylpentane"
qlogei_target,19,62,1115,462.15,True,38,"3,3-Diethyl-2,2-dimethylpentane"
qlogei_target,19,63,1114,459.15,True,39,"3-Ethyl-2,2,3,4-tetramethylpentane"
qlogei_target,19,64,1227,457.15,True,40,"3,3,4,4-Tetramethylheptane"
qlogei_target,19,65,658,454.65,True,41,2-Methyl-3-octanol
qlogei_target,19,66,1203,460.15,True,42,"2,3,3,4,4-Pentamethylhexane"
qlogei_target,19,67,1116,467.15,True,43,"2,2,3,3,4,4-Hexamethylpentane"
qlogei_target,19,68,754,482.28,False,43,"2,9-Dimethyl-5-decyne"
qlogei_target,19,69,1133,464.89743,True,44,"2,2,3,4-Tetramethylhexan-3-ol"
qlogei_target,19,70,983,450.15,False,44,"3-Ethyl-2,4,5-trimethylhexane"
qlogei_target,19,71,864,479.15,False,44,6-Methyloctan-1-ol
qlogei_target,19,72,625,466.65,True,45,1-Nonen-3-ol
qlogei_target,19,73,412,465.65,True,46,4-Nonanol
qlogei_target,19,74,51,459.35,True,47,2-Ethylhexan-1-ol
qlogei_target,19,75,500,506.02,False,47,"3,6-Nonadien-1-ol"
qlogei_target,19,76,1211,468.15,True,48,2-Ethyl-4-methylhexan-1-ol
qlogei_target,19,77,533,452.15,False,48,4-Ethyl-4-heptanol
qlogei_target,19,78,669,465.4,True,49,4-Methyl-2-propylpentan-1-ol
qlogei_target,19,79,981,453.15,True,50,3-Methyl-4-octanol
qlogei_target,19,80,8,467.85,True,51,1-Octanol
qlogei_target,19,81,699,465.45,True,52,5-Undecene
qlogei_target,19,82,1021,466.15,True,53,(E)-4-Undecene
qlogei_target,19,83,360,461.15,True,54,4-Methyldecane
qlogei_target,19,84,1087,422.0,False,54,"7-Methyl-2,4-octadiene"
qlogei_target,19,85,1150,463.0,True,55,"2,5,8-Trimethylnonane"
qlogei_target,19,86,396,519.15,False,55,"2,2,4,4,6,8,8-Heptamethylnonane"
qlogei_target,19,87,672,521.85,False,55,3-Methyltridecane
qlogei_target,19,88,581,515.65,False,55,"3,6,9,12,15,18-Hexaoxaicosane-1,20-diol"
qlogei_target,19,89,361,539.5,False,55,3-Methylpentadecane
qlogei_target,19,90,584,438.15,False,55,3-Ethyloctane
qlogei_target,19,91,121,517.15,False,55,"2,2-Diethyl-1,3-propanediol"
qlogei_target,19,92,1091,398.25,False,55,"(E)-2,2,5,5-Tetramethylhex-3-ene"
qlogei_target,19,93,12,478.2,False,55,3-(Dibutylamino)propylamine
qlogei_target,19,94,1247,426.15,False,55,"5,5-Dimethyl-3-hexanol"
qlogei_target,19,95,337,431.15,False,55,"2,6-Dimethyloctane"
qlogei_target,19,96,395,795.15,False,55,Tetracontane
qlogei_target,19,97,1093,638.04,False,55,cis-2-Methyl-7-octadecene
qlogei_target,19,98,926,694.15,False,55,1-Heptacosene
qlogei_target,19,99,907,815.65,False,55,Tritetracontane
qlogei_target,19,100,333,603.15,False,55,Hexadecyldimethylamine
qlogei_target,19,101,298,467.15,True,56,Triisobutylamine
qlogei_target,19,102,431,522.15,False,56,2-Dodecanol
qlogei_target,19,103,16,704.0,False,56,Sorbitol
qlogei_target,19,104,856,448.0,False,56,"2,3-Dimethylnonane"
qlogei_target,19,105,185,363.15,False,56,2-Methylhexane
qlogei_target,19,106,331,471.15,True,57,Nonylamine
qlogei_target,19,107,1244,555.15,False,57,"2,3-Dimethyltetradecane"
qlogei_target,19,108,188,390.75,False,57,2-Methylheptane
qlogei_target,19,109,712,471.09534,True,58,5-Undecyne
qlogei_target,19,110,639,418.15,False,58,4-Nonene
qlogei_target,19,111,749,386.65,False,58,"Hepta-1,3,5-triene"
qlogei_target,19,112,792,455.15,True,59,"2,4,6-Trimethyl-4-heptanol"
qlogei_target,19,113,1121,620.44,False,59,Octadec-7-yne
qlogei_target,19,114,809,582.15,False,59,"3,9-Diethyl-6-tridecanol"
qlogei_target,19,115,502,441.65,False,59,2-Methylhexan-1-ol
qlogei_target,19,116,23,249.95,False,59,Propyne
qlogei_target,19,117,694,499.15,False,59,2-Dodecyne
qlogei_target,19,118,621,465.15,True,60,"4,7-Dimethyloctan-4-ol"
qlogei_target,19,119,528,387.15,False,60,3-Methyl-3-buten-2-ol
qlogei_target,19,120,929,364.15,False,60,4-Methyl-1-hexyne
qlogei_target,19,121,322,437.15,False,60,"1,9-Decadiene"
qlogei_target,19,122,110,502.15,False,60,1-Decanol
qlogei_target,19,123,1047,432.56,False,60,trans-4-Decene
qlogei_target,19,124,366,407.15,False,60,4-Ethyl-2-methylhexane
qlogei_target,19,125,590,359.45,False,60,2-Ethyl-3-methylbut-1-ene
qlogei_target,19,126,1105,468.15,True,61,"2,3,4,5,6-Pentamethylheptane"
qlogei_target,19,127,25,261.45,False,61,Isobutane
qlogei_target,19,128,319,446.15,False,61,"3,6-Dimethyl-3-heptanol"
qlogei_target,19,129,674,438.0,False,61,"3,4-Dimethyl-1-pentanol"
qlogei_target,19,130,19,184.55,False,61,Ethane
qlogei_target,19,131,1177,457.15,True,62,"2,2,3,3,4-Pentamethylhexane"
qlogei_target,19,132,0,470.65,True,63,Ethylene Glycol
qlogei_target,19,133,1167,455.15,True,64,"3,3,4-Trimethyloctane"
qlogei_target,19,134,940,488.15,False,64,"N,N-Dimethylnonylamine"
qlogei_target,19,135,1234,453.15,True,65,"4,4,5-Trimethyloctane"
qlogei_target,19,136,1232,467.8,True,66,"3,4,5,5-Tetramethylhexan-3-ol"
qlogei_target,19,137,211,422.65,False,66,4-Methylhexan-3-ol
qlogei_target,19,138,684,327.66,False,66,Ethynol
qlogei_target,19,139,263,724.15,False,66,Triacontane
qlogei_target,19,140,571,399.15,False,66,"2,4-Dimethylpentan-3-amine"
qlogei_target,19,141,933,460.94,True,67,2-Heptyn-1-ol
qlogei_target,19,142,27,322.85,False,67,"2,2-Dimethylbutane"
qlogei_target,19,143,293,395.35,False,67,"2,2,4,4-Tetramethylpentane"
qlogei_target,19,144,200,379.47,False,67,"2,2,3,3-Tetramethylbutane"
qlogei_target,19,145,599,427.15,False,67,"2,2-Dimethyloctane"
qlogei_target,19,146,1194,462.15,True,68,4-Isopropyl-4-heptanol
qlogei_target,19,147,713,419.6563,False,68,"2,4,6-Trimethylheptane"
qlogei_target,19,148,667,422.15,False,68,3-Methylhexylamine
qlogei_target,19,149,1070,448.15,False,68,2-Octen-4-ol
qlogei_target,19,150,1207,476.15,False,68,"3,3-Diethyl-2-methylheptane"
