row,cmpdname,isosmiles,family,hard_region,boiling_point_kelvin
0,Ethylene Glycol,C(CO)O,alcohol/phenol,True,470.65
1,"2,3-Butanediol",CC(C(C)O)O,alcohol/phenol,True,455.15
2,1-Butanol,CCCCO,alcohol/phenol,False,390.75
3,Methane,C,alkane,False,111.65
4,Octane,CCCCCCCC,alkane,False,398.77
5,Dimethylamine,CNC,amine,False,280.45
6,Ethanol,CCO,alcohol/phenol,False,351.39
7,Methanol,CO,alcohol/phenol,False,337.65
8,1-Octanol,CCCCCCCCO,alcohol/phenol,False,467.85
9,Propylene Glycol,CC(CO)O,alcohol/phenol,True,460.45
10,1-Propanol,CCCO,alcohol/phenol,False,370.19
11,Trimethylamine,CN(C)C,amine,False,275.95
12,3-(Dibutylamino)propylamine,CCCCN(CCCC)CCCN,amine,False,478.2
13,Dioctylamine,CCCCCCCCNCCCCCCCC,amine,True,580.85
14,Ethylenediamine,C(CN)N,amine,True,390.05
15,Batyl alcohol,CCCCCCCCCCCCCCCCCCOCC(CO)O,alcohol/phenol,True,886.42
16,Isopropyl Alcohol,CC(C)O,alcohol/phenol,False,355.36
17,Sorbitol,C([C@H]([C@H]([C@@H]([C@H](CO)O)O)O)O)O,alcohol/phenol,True,704.0
18,"N,N,N',N'-Tetramethylmethanediamine",CN(C)CN(C)C,amine,False,356.65
19,Mannitol,C([C@H]([C@H]([C@@H]([C@@H](CO)O)O)O)O)O,alcohol/phenol,True,888.2
20,1-Pentanol,CCCCCO,alcohol/phenol,False,410.75
21,Ethane,CC,alkane,False,184.55
22,Ethylene,C=C,alkene/alkyne,False,169.35
23,Methylamine,CN,amine,False,266.75
24,Propane,CCC,alkane,False,231.04
25,Propyne,CC#C,alkene/alkyne,False,249.95
26,Ethylamine,CCN,amine,False,289.75
27,Isobutane,CC(C)C,alkane,False,261.45
28,Isopropylamine,CC(C)N,amine,False,304.95
29,"2,2-Dimethylbutane",CCC(C)(C)C,alkane,False,322.85
30,Neopentyl alcohol,CC(C)(C)CO,alcohol/phenol,False,385.15
31,2-Methyl-2-butanol,CCC(C)(C)O,alcohol/phenol,False,375.55
32,Pinacol,CC(C)(C(C)(C)O)O,alcohol/phenol,True,447.15
33,3-Methyl-3-pentanol,CCC(C)(CC)O,alcohol/phenol,False,402.15
34,3-Methyl-1-pentyn-3-ol,CCC(C)(C#C)O,alcohol/phenol,False,393.15
35,Isopentane,CCC(C)C,alkane,False,300.98
36,Isoprene,CC(=C)C=C,alkene/alkyne,False,307.15
37,Isobutylamine,CC(C)CN,amine,False,341.95
38,Isobutanol,CC(C)CO,alcohol/phenol,False,380.99
39,2-Butanol,CCC(C)O,alcohol/phenol,False,372.55
40,"2,3-Dimethylbutane",CC(C)C(C)C,alkane,False,331.15
41,Xylitol,C([C@H](C([C@H](CO)O)O)O)O,alcohol/phenol,True,653.15
42,3-Methylpentane,CCC(C)CC,alkane,False,336.45
43,2-Methylbutylamine,CCC(C)CN,amine,False,368.70133
44,"N,N,N',N'-Tetramethyl-1,3-butanediamine",CC(CCN(C)C)N(C)C,amine,False,438.2
45,Triethylborane,B(CC)(CC)CC,other,False,368.15
46,2-Ethyl-1-butanol,CCC(CC)CO,alcohol/phenol,False,428.15
47,Tripropylamine,CCCN(CCC)CCC,amine,False,426.15
48,Triallylamine,C=CCN(CC=C)CC=C,amine,False,423.15
49,Tributylamine,CCCCN(CCCC)CCCC,amine,False,480.15
50,Tridodecylamine,CCCCCCCCCCCCN(CCCCCCCCCCCC)CCCCCCCCCCCC,amine,True,721.15
51,5-Ethyl-2-nonanol,CCCCC(CC)CCC(C)O,alcohol/phenol,False,498.15
52,2-Ethylhexylamine,CCCCC(CC)CN,amine,False,445.15
53,2-Ethylhexan-1-ol,CCCCC(CC)CO,alcohol/phenol,False,459.35
54,2-Methyl-1-pentanol,CCCC(C)CO,alcohol/phenol,False,430.15
55,"1,3-Dimethylpentylamine",CCC(C)CC(C)N,amine,False,405.65
56,"N,N-Bis(3-aminopropyl)methylamine",CN(CCCN)CCCN,amine,True,505.15
57,Bis(2-ethylhexyl)amine,CCCCC(CC)CNCC(CC)CCCC,amine,False,554.25
58,"3,7-Dimethyloctan-1-ol",CC(C)CCCC(C)CCO,alcohol/phenol,False,497.15
59,(-)-Citronellol,C[C@@H](CCC=C(C)C)CCO,alcohol/phenol,False,497.15
60,"1,2,6-Hexanetriol",C(CCO)CC(CO)O,alcohol/phenol,True,443.15
61,Butane,CCCC,alkane,False,272.65
62,1-Butene,CCC=C,alkene/alkyne,False,266.85
63,"1,3-Butadiene",C=CC=C,alkene/alkyne,False,268.55
64,1-Butyne,CCC#C,alkene/alkyne,False,281.25
65,Propylamine,CCCN,amine,False,320.36
66,Allylamine,C=CCN,amine,False,327.15
67,Allyl alcohol,C=CCO,alcohol/phenol,False,370.05
68,Propargyl alcohol,C#CCO,alcohol/phenol,False,386.15
69,"2,4,4-Trimethyl-1-pentene",CC(=C)CC(C)(C)C,alkene/alkyne,False,374.45
70,"2,4,4-Trimethyl-2-pentene",CC(=CC(C)(C)C)C,alkene/alkyne,False,378.05
71,2-Methylpentane,CCCC(C)C,alkane,False,333.36
72,Isoamylamine,CC(C)CCN,amine,False,369.15
73,1-Methoxy-2-propanol,CC(COC)O,alcohol/phenol,False,393.15
74,"2,4-Dimethylpentane",CC(C)CC(C)C,alkane,False,353.55
75,"1,3-Dimethylbutylamine",CC(C)CC(C)N,amine,False,381.95884
76,4-Methyl-2-pentanol,CC(C)CC(C)O,alcohol/phenol,False,405.15
77,Diisopropylamine,CC(C)NC(C)C,amine,False,357.15
78,2-Isopropoxyethanol,CC(C)OCCO,alcohol/phenol,False,414.75
79,Pentane,CCCCC,alkane,False,309.21
80,1-Pentene,CCCC=C,alkene/alkyne,False,303.15
81,Butylamine,CCCCN,amine,False,350.15
82,N-Methylethylenediamine,CNCCN,amine,False,388.65
83,2-Methoxyethanol,COCCO,alcohol/phenol,False,397.45
84,Diethylamine,CCNCC,amine,False,328.55
85,"2,5-Dimethyl-2,5-hexanediol",CC(C)(CCC(C)(C)O)O,alcohol/phenol,True,506.15
86,"N,N,N',N'-Tetramethylethylenediamine",CN(C)CCN(C)C,amine,False,394.15
87,n-HEXANE,CCCCCC,alkane,False,341.87
88,"1,4-Butanediol",C(CCO)CO,alcohol/phenol,True,502.65
89,"2-Butyne-1,4-diol",C(C#CCO)O,alcohol/phenol,True,511.15
90,N-Methylbutylamine,CCCCNC,amine,False,364.15
91,"N,N'-Dimethylethylenediamine",CNCCNC,amine,False,393.15
92,2-Ethoxyethanol,CCOCCO,alcohol/phenol,False,407.85
93,"N,N,N',N'-Tetramethyl-1,3-propanediamine",CN(C)CCCN(C)C,amine,False,417.15
94,Diisobutylamine,CC(C)CNCC(C)C,amine,False,412.75
95,"1,1'-Oxydi-2-propanol",CC(COCC(C)O)O,alcohol/phenol,True,506.15
96,Squalane,CC(C)CCCC(C)CCCC(C)CCCCC(C)CCCC(C)CCCC(C)C,alkane,True,693.15
97,Hexylamine,CCCCCCN,amine,False,405.15
98,1-Hexanol,CCCCCCO,alcohol/phenol,False,430.05
99,"1,5-Pentanediol",C(CCO)CCO,alcohol/phenol,True,514.15
100,4-Methoxybutan-1-ol,COCCCCO,alcohol/phenol,False,428.6
101,3-Ethoxy-1-propanol,CCOCCCO,alcohol/phenol,False,433.69704
102,Diethylenetriamine,C(CNCCN)N,amine,True,479.65
103,2-Allyloxyethanol,C=CCOCCO,alcohol/phenol,False,431.65
104,1-Octene,CCCCCCC=C,alkene/alkyne,False,394.45
105,Heptylamine,CCCCCCCN,amine,False,426.15
106,1-Heptanol,CCCCCCCO,alcohol/phenol,False,451.15
107,2-Butoxyethanol,CCCCOCCO,alcohol/phenol,False,444.15
108,Nonane,CCCCCCCCC,alkane,False,423.95
109,Octylamine,CCCCCCCCN,amine,False,451.75
110,Dibutylamine,CCCCNCCCC,amine,False,435.15
111,"N,N-Dimethyldodecylamine",CCCCCCCCCCCCN(C)C,amine,False,533.15
112,2-(Hexyloxy)ethanol,CCCCCCOCCO,alcohol/phenol,False,481.15
113,1-Decanol,CCCCCCCCCCO,alcohol/phenol,False,502.15
114,Dodecane,CCCCCCCCCCCC,alkane,False,489.45
115,1-Dodecene,CCCCCCCCCCC=C,alkene/alkyne,False,486.55
116,1-Undecanol,CCCCCCCCCCCO,alcohol/phenol,False,519.15
117,Tetraethylenepentamine,C(CNCCNCCNCCN)N,amine,True,614.65
118,1-Tridecanol,CCCCCCCCCCCCCO,alcohol/phenol,False,560.15
119,1-Tetradecanol,CCCCCCCCCCCCCCO,alcohol/phenol,False,568.95
120,1-Octadecene,CCCCCCCCCCCCCCCCC=C,alkene/alkyne,True,588.65
121,Eicosane,CCCCCCCCCCCCCCCCCCCC,alkane,True,617.25
122,Propylene,CC=C,alkene/alkyne,False,225.55
123,Isobutylene,CC(=C)C,alkene/alkyne,False,266.15
124,"2,2-Diethyl-1,3-propanediol",CCC(CC)(CO)CO,alcohol/phenol,True,517.15
125,Pentaerythritol,C(C(CO)(CO)CO)O,alcohol/phenol,True,631.0
126,"N,N-Diisopropylethylenediamine",CC(C)N(CCN)C(C)C,amine,False,394.15
127,Triethylamine,CCN(CC)CC,amine,False,361.95
128,2-Methyl-1-butanol,CCC(C)CO,alcohol/phenol,False,401.15
129,"2,5-Dimethyl-3-hexyne-2,5-diol",CC(C)(C#CC(C)(C)O)O,alcohol/phenol,True,479.15
130,Heptane,CCCCCCC,alkane,False,371.53
131,Dipropylamine,CCCNCCC,amine,False,380.65
132,Decylamine,CCCCCCCCCCN,amine,False,490.15
133,Dihexylamine,CCCCCCNCCCCCC,amine,False,509.15
134,Bis(hexamethylene)triamine,C(CCCNCCCCCCN)CCN,amine,True,493.15
135,Hexadecylamine,CCCCCCCCCCCCCCCCN,amine,True,594.15
136,"2,2,4-Trimethyl-1,3-pentanediol",CC(C)C(C(C)(C)CO)O,alcohol/phenol,True,503.25
137,"1,3-Butadiyne",C#CC#C,alkene/alkyne,False,283.15
138,Allene,C=C=C,alkane,False,238.35
139,Neopentane,CC(C)(C)C,alkane,False,282.65
140,"2,2,3-Trimethylbutane",CC(C)C(C)(C)C,alkane,False,353.95
141,"3,3-Dimethyl-2-butanol",CC(C(C)(C)C)O,alcohol/phenol,False,393.15
142,"3-Butene-1,2-diol",C=CC(CO)O,alcohol/phenol,True,469.65
143,Octamylamine,CC(C)CCCC(C)NCCC(C)C,amine,False,373.65
144,2-Butyne,CC#CC,alkene/alkyne,False,300.25
145,"1,3-Propanediol",C(CO)CO,alcohol/phenol,True,487.85
146,Isophytol,CC(C)CCCC(C)CCCC(C)CCCC(C)(C=C)O,alcohol/phenol,False,741.51
147,1-Tetracosanol,CCCCCCCCCCCCCCCCCCCCCCCCO,alcohol/phenol,True,675.0
148,2-Methyl-2-butene,CC=C(C)C,alkene/alkyne,False,311.65
149,Methallyl alcohol,CC(=C)CO,alcohol/phenol,False,387.65
150,"2,3-Dimethyl-1,3-butadiene",CC(=C)C(=C)C,alkene/alkyne,False,342.15
151,"2,2,4-Trimethylpentane",CC(C)CC(C)(C)C,alkane,False,372.35
152,Myrcenol,CC(C)(CCCC(=C)C=C)O,alcohol/phenol,False,510.59
153,2-Heptanol,CCCCCC(C)O,alcohol/phenol,False,432.15
154,Diisoamylamine,CC(C)CCNCCC(C)C,amine,False,460.15
155,3-Hexen-1-ol,CCC=CCCO,alcohol/phenol,False,426.15
156,Hexadecane,CCCCCCCCCCCCCCCC,alkane,False,560.05
157,Dotriacontane,CCCCCCCCCCCCCCCCCCCCCCCCCCCCCCCC,alkane,True,743.15
158,"3,3-Dimethyl-1-butene",CC(C)(C)C=C,alkene/alkyne,False,314.39
159,"2,3,3-Trimethylpentane",CCC(C)(C)C(C)C,alkane,False,387.85
160,"2,3,3-Trimethyl-1-pentene",CCC(C)(C)C(=C)C,alkene/alkyne,False,381.15
161,"3,3-Dimethylpentane",CCC(C)(C)CC,alkane,False,359.15
162,"3,3-Dimethylhexane",CCCC(C)(C)CC,alkane,False,385.05
163,3-Methyl-1-butene,CC(C)C=C,alkene/alkyne,False,293.25
164,2-Methyl-1-butene,CCC(=C)C,alkene/alkyne,False,304.25
165,"2,3-Dimethyl-1-butene",CC(C)C(=C)C,alkene/alkyne,False,328.74
166,"2,3-Dimethyl-2-butene",CC(=C(C)C)C,alkene/alkyne,False,346.34
167,"2,2,3-Trimethylpentane",CCC(C)C(C)(C)C,alkane,False,382.95
168,"2,3-Dimethylpentane",CCC(C)C(C)C,alkane,False,362.95
169,3-Methyl-2-pentanol,CCC(C)C(C)O,alcohol/phenol,False,415.15
170,2-Methyl-3-pentanol,CCC(C(C)C)O,alcohol/phenol,False,401.05
171,"2,3,4-Trimethylpentane",CC(C)C(C)C(C)C,alkane,False,386.55
172,"2,3,4-Trimethyl-2-pentene",CC(C)C(=C(C)C)C,alkene/alkyne,False,389.15
173,"3,4-Dimethylhexane",CCC(C)C(C)CC,alkane,False,390.85
174,3-Pentanol,CCC(CC)O,alcohol/phenol,False,396.15
175,"1,2-Butanediol",CCC(CO)O,alcohol/phenol,True,469.1
176,"2,3-Dimethylhexane",CCCC(C)C(C)C,alkane,False,388.75
177,3-Methylhexane,CCCC(C)CC,alkane,False,364.15
178,3-Methyl-1-pentanol,CCC(C)CCO,alcohol/phenol,False,426.0
179,"2,4-Dimethylhexane",CCC(C)CC(C)C,alkane,False,382.55
180,4-Methylheptane,CCCC(C)CCC,alkane,False,390.85
181,4-Heptanol,CCCC(CCC)O,alcohol/phenol,False,434.15
182,4-Octanol,CCCCC(CCC)O,alcohol/phenol,False,448.15
183,3-Methylheptane,CCCCC(C)CC,alkane,False,392.05
184,3-Heptanol,CCCCC(CC)O,alcohol/phenol,False,427.15972
185,3-Octanol,CCCCCC(CC)O,alcohol/phenol,False,457.15
186,"1,2-Butadiene",CC=C=C,alkane,False,284.15
187,"2,2-Dimethylpentane",CCCC(C)(C)C,alkane,False,352.35
188,2-Methylpentan-2-ol,CCCC(C)(C)O,alcohol/phenol,False,394.15
189,"2,2-Dimethylhexane",CCCCC(C)(C)C,alkane,False,379.95
190,2-Methylhexane,CCCCC(C)C,alkane,False,363.15
191,"1,4-Pentadiene",C=CCC=C,alkene/alkyne,False,299.05
192,"2,5-Dimethylhexane",CC(C)CCC(C)C,alkane,False,382.25
193,2-Methylheptane,CCCCCC(C)C,alkane,False,390.75
194,1-Hexene,CCCCC=C,alkene/alkyne,False,336.55
195,"1,5-Hexadiene",C=CCCC=C,alkene/alkyne,False,332.35
196,"Hexa-1,4-diene",CC=CCC=C,alkene/alkyne,False,338.15
197,3-Hexene,CCC=CCC,alkene/alkyne,False,340.21
198,"Hexa-1,3-diene",CCC=CC=C,alkene/alkyne,False,337.72
199,1-Heptene,CCCCCC=C,alkene/alkyne,False,367.15
200,Oct-4-ene,CCCC=CCCC,alkene/alkyne,False,395.55
201,Octadecane,CCCCCCCCCCCCCCCCCC,alkane,True,589.15
202,Heptacosane,CCCCCCCCCCCCCCCCCCCCCCCCCCC,alkane,True,715.15
203,Vinylamine,C=CN,amine,False,314.57
204,"2,3,3-Trimethyl-1-butene",CC(=C)C(C)(C)C,alkene/alkyne,False,350.95
205,"2,3-Dimethyl-2-butanol",CC(C)C(C)(C)O,alcohol/phenol,False,391.85
206,"2,2,3,3-Tetramethylbutane",CC(C)(C)C(C)(C)C,alkane,False,379.47
207,"2,3,3-Trimethyl-2-butanol",CC(C)(C)C(C)(C)O,alcohol/phenol,False,401.45
208,3-Ethyl-3-pentanol,CCC(CC)(CC)O,alcohol/phenol,False,415.15
209,3-Methyl-3-heptanol,CCCCC(C)(CC)O,alcohol/phenol,False,439.15
210,"3-Methyl-1,2-butadiene",CC(=C=C)C,alkane,False,313.95
211,3-Buten-2-OL,CC(C=C)O,alcohol/phenol,False,370.15
212,"N,N-Dimethylethylamine",CCN(C)C,amine,False,309.65
213,"1,2-Dimethylpropylamine",CC(C)C(C)N,amine,False,354.15
214,3-Methyl-2-butanol,CC(C)C(C)O,alcohol/phenol,False,385.15
215,"2,4-Dimethyl-3-pentanol",CC(C)C(C(C)C)O,alcohol/phenol,False,415.15
216,Galactitol,C([C@H]([C@@H]([C@@H]([C@H](CO)O)O)O)O)O,alcohol/phenol,True,888.2
217,3-Ethyl-2-methylpentane,CCC(CC)C(C)C,alkane,False,388.75
218,4-Methylhexan-3-ol,CCC(C)C(CC)O,alcohol/phenol,False,422.65
219,"N,N-Diethylmethylamine",CCN(C)CC,amine,False,339.05
220,2-Methyl-3-hexanol,CCCC(C(C)C)O,alcohol/phenol,False,414.15
221,3-Ethylpentane,CCC(CC)CC,alkane,False,366.55
222,2-Ethylbutylamine,CCC(CC)CN,amine,False,398.15
223,3-Ethylhexane,CCCC(CC)CC,alkane,False,391.65
224,"2,2-Diethoxyethanol",CCOC(CO)OCC,alcohol/phenol,False,440.15
225,3-Hexanol,CCCC(CC)O,alcohol/phenol,False,407.0
226,5-Methyl-3-hexanol,CCC(CC(C)C)O,alcohol/phenol,False,420.15
227,"1,3-Dimethoxy-2-propanol",COCC(COC)O,alcohol/phenol,False,442.15
228,3-Nonanol,CCCCCCC(CC)O,alcohol/phenol,False,467.9
229,beta-Butene,CC=CC,alkene/alkyne,False,274.03
230,"3,3-Dimethyl-1-butanol",CC(C)(C)CCO,alcohol/phenol,False,416.15
231,"2,4-Dimethyl-2-pentanol",CC(C)CC(C)(C)O,alcohol/phenol,False,406.15
232,2-Methyl-2-hexanol,CCCCC(C)(C)O,alcohol/phenol,False,415.15
233,2-Methyl-2-heptanol,CCCCCC(C)(C)O,alcohol/phenol,False,446.15
234,2-Methyl-2-pentene,CCC=C(C)C,alkene/alkyne,False,340.45
235,N-Methylisobutylamine,CC(C)CNC,amine,False,341.65
236,"2,4-Pentanediol",CC(CC(C)O)O,alcohol/phenol,True,491.15
237,4-Methyl-1-pentanol,CC(C)CCCO,alcohol/phenol,False,424.15
238,2-Hexanol,CCCCC(C)O,alcohol/phenol,False,409.15
239,1-Pentyne,CCCC#C,alkene/alkyne,False,313.05
240,2-Pentyne,CCC#CC,alkene/alkyne,False,329.15
241,"2,5-Dimethyl-1,5-hexadiene",CC(=C)CCC(=C)C,alkene/alkyne,False,387.15
242,5-Methyl-2-hexanol,CC(C)CCC(C)O,alcohol/phenol,False,424.15
243,2-Methyl-2-heptene,CCCCC=C(C)C,alkene/alkyne,False,395.15
244,5-Methyl-1-hexanol,CC(C)CCCCO,alcohol/phenol,False,443.15
245,1-Heptyne,CCCCCC#C,alkene/alkyne,False,372.95
246,2-Nonanol,CCCCCCCC(C)O,alcohol/phenol,False,466.65
247,1-Octyne,CCCCCCC#C,alkene/alkyne,False,399.35
248,"Hexane-1,6-diol",C(CCCO)CCO,alcohol/phenol,True,481.15
249,"1,7-Heptanediol",C(CCCO)CCCO,alcohol/phenol,True,535.15
250,Tridecane,CCCCCCCCCCCCC,alkane,False,508.55
251,Tetradecane,CCCCCCCCCCCCCC,alkane,False,526.65
252,Pentadecane,CCCCCCCCCCCCCCC,alkane,False,543.75
253,1-Hexadecene,CCCCCCCCCCCCCCC=C,alkene/alkyne,False,558.15
254,1-Hexadecyne,CCCCCCCCCCCCCCC#C,alkene/alkyne,False,557.15
255,1-Pentadecanol,CCCCCCCCCCCCCCCO,alcohol/phenol,False,591.15
256,Heptadecane,CCCCCCCCCCCCCCCCC,alkane,True,576.15
257,Nonadecane,CCCCCCCCCCCCCCCCCCC,alkane,True,603.15
258,Heneicosane,CCCCCCCCCCCCCCCCCCCCC,alkane,True,632.15
259,1-Eicosanol,CCCCCCCCCCCCCCCCCCCCO,alcohol/phenol,True,629.15
260,Docosane,CCCCCCCCCCCCCCCCCCCCCC,alkane,True,642.15
261,Pentacosane,CCCCCCCCCCCCCCCCCCCCCCCCC,alkane,True,675.05
262,Hexacosane,CCCCCCCCCCCCCCCCCCCCCCCCCC,alkane,True,688.15
263,Octacosane,CCCCCCCCCCCCCCCCCCCCCCCCCCCC,alkane,True,705.15
264,Nonacosane,CCCCCCCCCCCCCCCCCCCCCCCCCCCCC,alkane,True,716.15
265,Hentriacontane,CCCCCCCCCCCCCCCCCCCCCCCCCCCCCCC,alkane,True,731.15
266,Tritriacontane,CCCCCCCCCCCCCCCCCCCCCCCCCCCCCCCCC,alkane,True,748.15
267,Hexatriacontane,CCCCCCCCCCCCCCCCCCCCCCCCCCCCCCCCCCCC,alkane,True,777.15
268,Pentatriacontane,CCCCCCCCCCCCCCCCCCCCCCCCCCCCCCCCCCC,alkane,True,762.15
269,Phytane,CCC(C)CCCC(C)CCCC(C)CCCC(C)C,alkane,False,442.65
270,Tricosane,CCCCCCCCCCCCCCCCCCCCCCC,alkane,True,654.15
271,Triacontane,CCCCCCCCCCCCCCCCCCCCCCCCCCCCCC,alkane,True,724.15
272,Tetracosane,CCCCCCCCCCCCCCCCCCCCCCCC,alkane,True,664.15
273,Docosanol,CCCCCCCCCCCCCCCCCCCCCCO,alcohol/phenol,True,680.15
274,4-Methyl-2-pentene,CC=CC(C)C,alkene/alkyne,False,332.15
275,"2-Methyl-1,3-butanediol",CC(CO)C(C)O,alcohol/phenol,True,473.15
276,4-Methyl-1-pentene,CC(C)CC=C,alkene/alkyne,False,327.15
277,1-Hexyne,CCCCC#C,alkene/alkyne,False,344.35
278,3-Methyl-1-pentene,CCC(C)C=C,alkene/alkyne,False,327.15
279,"4,4-Dimethyl-1-pentene",CC(C)(C)CC=C,alkene/alkyne,False,345.65
280,2-Methyl-1-pentene,CCCC(=C)C,alkene/alkyne,False,335.25
281,"2-Methyl-1,4-pentadiene",CC(=C)CC=C,alkene/alkyne,False,329.15
282,"2,5-Dimethyl-2,4-hexadiene",CC(=CC=C(C)C)C,alkene/alkyne,False,408.35
283,2-(Vinyloxy)ethanol,C=COCCO,alcohol/phenol,False,412.15
284,1-Decyne,CCCCCCCCC#C,alkene/alkyne,False,447.15
285,3-Ethyl-2-pentene,CCC(=CC)CC,alkene/alkyne,False,368.15
286,1-Octyn-3-OL,CCCCCC(C#C)O,alcohol/phenol,False,464.5
287,1-Undecene,CCCCCCCCCC=C,alkene/alkyne,False,465.85
288,2-Methylnonane,CCCCCCCC(C)C,alkane,False,440.15
289,1-Decene,CCCCCCCCC=C,alkene/alkyne,False,444.15
290,"3,3-Dimethyl-1-Butyne",CC(C)(C)C#C,alkene/alkyne,False,311.15
291,"2,3,4-Trimethylhexane",CCC(C)C(C)C(C)C,alkane,False,412.15
292,"3,4-Dimethylheptane",CCCC(C)C(C)CC,alkane,False,413.15
293,"4-Methyl-1,3-pentadiene",CC(=CC=C)C,alkene/alkyne,False,349.15
294,"3,5-Dimethylheptane",CCC(C)CC(C)CC,alkane,False,408.15
295,"N,N-Dimethylbutylamine",CCCCN(C)C,amine,False,365.35
296,Dodecylamine,CCCCCCCCCCCCN,amine,False,528.15
297,3-Methylundecane,CCCCCCCCC(C)CC,alkane,False,485.15
298,3-Ethyl-3-methylpentane,CCC(C)(CC)CC,alkane,False,391.35
299,"3,3-Diethylpentane",CCC(CC)(CC)CC,alkane,False,419.35
300,"3-Ethyl-2,4-dimethylpentane",CCC(C(C)C)C(C)C,alkane,False,396.15
301,"2,3,5-Trimethylhexane",CC(C)CC(C)C(C)C,alkane,False,404.15
302,"2,2,4,4-Tetramethylpentane",CC(C)(C)CC(C)(C)C,alkane,False,395.35
303,"2,2-Dimethylheptane",CCCCCC(C)(C)C,alkane,False,406.15
304,"2,2,5,5-Tetramethylhexane",CC(C)(C)CCC(C)(C)C,alkane,False,410.15
305,"2,6-Dimethylheptane",CC(C)CCCC(C)C,alkane,False,408.15
306,"2,7-Dimethyloctane",CC(C)CCCCC(C)C,alkane,False,433.15
307,Triisobutylamine,CC(C)CN(CC(C)C)CC(C)C,amine,False,467.15
308,Trioctylamine,CCCCCCCCN(CCCCCCCC)CCCCCCCC,amine,True,652.15
309,"1,2-Octanediol",CCCCCCC(CO)O,alcohol/phenol,True,566.56
310,2-Heptyne,CCCCC#CC,alkene/alkyne,False,386.75
311,2-Decanol,CCCCCCCCC(C)O,alcohol/phenol,False,484.18843
312,Undecane,CCCCCCCCCCC,alkane,False,469.05
313,1-Tetradecene,CCCCCCCCCCCCC=C,alkene/alkyne,False,524.25
314,Didecylamine,CCCCCCCCCCNCCCCCCCCCC,amine,True,632.15
315,"2,2,3,4-Tetramethylpentane",CC(C)C(C)C(C)(C)C,alkane,False,406.15
316,"2,5,5-Trimethylheptane",CCC(C)(C)CCC(C)C,alkane,False,426.15
317,2-Methoxy-1-propanol,CC(CO)OC,alcohol/phenol,False,403.15
318,1-Heptadecanol,CCCCCCCCCCCCCCCCCO,alcohol/phenol,True,597.15
319,2-(2-Ethylhexyloxy)ethanol,CCCCC(CC)COCCO,alcohol/phenol,False,504.15
320,2-Methyloctadecane,CCCCCCCCCCCCCCCCC(C)C,alkane,True,599.15
321,2-Methylheptadecane,CCCCCCCCCCCCCCCC(C)C,alkane,True,584.2
322,2-Methylhexadecane,CCCCCCCCCCCCCCC(C)C,alkane,False,570.15
323,2-Methylpentadecane,CCCCCCCCCCCCCC(C)C,alkane,False,554.75
324,2-Methyltetradecane,CCCCCCCCCCCCC(C)C,alkane,False,538.35
325,2-Methyltridecane,CCCCCCCCCCCC(C)C,alkane,False,521.05
326,2-Methyldodecane,CCCCCCCCCCC(C)C,alkane,False,502.65
327,1-Propoxy-2-propanol,CCCOCC(C)O,alcohol/phenol,False,423.35
328,1-Ethoxy-2-propanol,CCOCC(C)O,alcohol/phenol,False,404.15
329,"3,6-Dimethyl-3-heptanol",CCC(C)(CCC(C)C)O,alcohol/phenol,False,446.15
330,Pent-2-en-1-ol,CCC=CCO,alcohol/phenol,False,411.15
331,2-Ethyl-1-hexene,CCCCC(=C)CC,alkene/alkyne,False,393.15
332,"1,9-Decadiene",C=CCCCCCCC=C,alkene/alkyne,False,437.15
333,2-Undecanol,CCCCCCCCCC(C)O,alcohol/phenol,False,504.15
334,2-Tridecanol,CCCCCCCCCCCC(C)O,alcohol/phenol,False,538.15
335,Decane,CCCCCCCCCC,alkane,False,447.25
336,Heptadecylamine,CCCCCCCCCCCCCCCCCN,amine,True,609.15
337,Octadecylamine,CCCCCCCCCCCCCCCCCCN,amine,True,623.15
338,Pristane,CC(C)CCCC(C)CCCC(C)CCCC(C)C,alkane,False,579.15
339,4-Octyne,CCCC#CCCC,alkene/alkyne,False,406.65
340,5-Decyne,CCCCC#CCCCC,alkene/alkyne,False,451.15
341,Nonylamine,CCCCCCCCCN,amine,False,471.15
342,Tetradecylamine,CCCCCCCCCCCCCCN,amine,False,562.15
343,Hexadecyldimethylamine,CCCCCCCCCCCCCCCCN(C)C,amine,True,603.15
344,"N,N-Dimethylheptylamine",CCCCCCCN(C)C,amine,False,445.15
345,3-Butyn-2-ol,CC(C#C)O,alcohol/phenol,False,379.65
346,Dipentylamine,CCCCCNCCCCC,amine,False,477.15
347,"2,6-Dimethyloctane",CCC(C)CCCC(C)C,alkane,False,431.15
348,4-Decanol,CCCCCCC(CCC)O,alcohol/phenol,False,487.15
349,2-(Tetradecyloxy)ethanol,CCCCCCCCCCCCCCOCCO,alcohol/phenol,True,680.28
350,"2,4-Dimethylheptane",CCCC(C)CC(C)C,alkane,False,405.15
351,"2,4-Dimethyl-1-pentene",CC(C)CC(=C)C,alkene/alkyne,False,354.75
352,"2,5-Dimethylheptane",CCC(C)CCC(C)C,alkane,False,408.15
353,4-Ethylheptane,CCCC(CC)CCC,alkane,False,414.15
354,3-Methyloctane,CCCCCC(C)CC,alkane,False,417.15
355,4-Methyloctane,CCCCC(C)CCC,alkane,False,415.15
356,"Hexa-1,3,5-triene",C=CC=CC=C,alkene/alkyne,False,355.35
357,3-Methyl-2-hexanol,CCCC(C)C(C)O,alcohol/phenol,False,426.15
358,"2,2-Dimethyl-1-hexanol",CCCCC(C)(C)CO,alcohol/phenol,False,445.56825
359,4-Decyne,CCCCCC#CCCC,alkene/alkyne,False,437.4
360,"1,6-Heptadiene",C=CCCCC=C,alkene/alkyne,False,362.15
361,"1,8-Nonadiyne",C#CCCCCCC#C,alkene/alkyne,False,438.15
362,Isononyl alcohol,CC(C)CCCCCCO,alcohol/phenol,False,479.15
363,Dihydromyrcene,CC(CCC=C(C)C)C=C,alkene/alkyne,False,439.15
364,1-Tridecene,CCCCCCCCCCCC=C,alkene/alkyne,False,505.95
365,2-Methyl-1-hexadecanol,CCCCCCCCCCCCCCC(C)CO,alcohol/phenol,True,680.3
366,3-Methoxy-1-butanol,CC(CCO)OC,alcohol/phenol,False,432.15
367,Pentadecylamine,CCCCCCCCCCCCCCCN,amine,False,585.15
368,Hexaethylene glycol,C(COCCOCCOCCOCCOCCO)O,alcohol/phenol,True,490.15
369,2-Methyl-2-hexene,CCCC=C(C)C,alkene/alkyne,False,368.15
370,"1,12-Dodecanediamine",C(CCCCCCN)CCCCCN,amine,True,572.15
371,4-Methylpentadecane,CCCCCCCCCCCC(C)CCC,alkane,False,565.24
372,2-Octyne,CCCCCC#CC,alkene/alkyne,False,411.15
373,4-Methyldecane,CCCCCCC(C)CCC,alkane,False,461.15
374,3-Methylpentadecane,CCCCCCCCCCCCC(C)CC,alkane,False,539.5
375,"2,5-Hexanediol",CC(CCC(C)O)O,alcohol/phenol,True,502.15
376,Didodecylamine,CCCCCCCCCCCCNCCCCCCCCCCCC,amine,True,453.15
377,"1,1,4,7,7-Pentamethyldiethylenetriamine",CN(C)CCN(C)CCN(C)C,amine,False,471.15
378,"3-Hexyne-2,5-diol",CC(C#CC(C)O)O,alcohol/phenol,True,529.36
379,"1,2,4-Butanetriol",C(CO)C(CO)O,alcohol/phenol,True,567.22
380,4-Ethyl-2-methylhexane,CCC(CC)CC(C)C,alkane,False,407.15
381,3-Ethyl-3-methylhexane,CCCC(C)(CC)CC,alkane,False,413.15
382,3-Ethyl-4-methylhexane,CCC(C)C(CC)CC,alkane,False,413.15
383,"4,4-Dimethyl-1-pentanol",CC(C)(C)CCCO,alcohol/phenol,False,433.15
384,1-Tricosanol,CCCCCCCCCCCCCCCCCCCCCCCO,alcohol/phenol,True,664.0
385,2-Methyloctane,CCCCCCC(C)C,alkane,False,416.15
386,3-Methyl-1-hexene,CCCC(C)C=C,alkene/alkyne,False,357.15
387,"2-Ethyl-1,3-butadiene",CCC(=C)C=C,alkene/alkyne,False,346.15
388,"2,3-Dimethyl-1-pentene",CCC(C)C(=C)C,alkene/alkyne,False,357.15
389,"3,3-Dimethyl-1-pentene",CCC(C)(C)C=C,alkene/alkyne,False,350.15
390,N-Methyldibutylamine,CCCCN(C)CCCC,amine,False,432.15
391,1-Eicosene,CCCCCCCCCCCCCCCCCCC=C,alkene/alkyne,True,614.15
392,1-Nonyne,CCCCCCCC#C,alkene/alkyne,False,423.95
393,"3,5,5-Trimethyl-1-hexanol",CC(CCO)CC(C)(C)C,alcohol/phenol,False,466.15
394,"2,2,5-Trimethylhexane",CC(C)CCC(C)(C)C,alkane,False,397.15
395,"1,7-Octadiene",C=CCCCCC=C,alkene/alkyne,False,390.25
396,"2,5-Dimethyl-2-hexanol",CC(C)CCC(C)(C)O,alcohol/phenol,False,427.65
397,4-Methyl-1-hexene,CCC(C)CC=C,alkene/alkyne,False,360.15
398,"2,6,10-Trimethylpentadecane",CCCCCC(C)CCCC(C)CCCC(C)C,alkane,False,610.12
399,2-Butyl-1-octanol,CCCCCCC(CCCC)CO,alcohol/phenol,False,521.15
400,"1,9-Nonanediol",C(CCCCO)CCCCO,alcohol/phenol,True,589.88
401,1-Isopropoxy-2-propanol,CC(C)OCC(C)O,alcohol/phenol,False,410.65
402,"2,2-Dimethyl-3-pentanol",CCC(C(C)(C)C)O,alcohol/phenol,False,409.15
403,"2,3,6-Trimethylheptane",CC(C)CCC(C)C(C)C,alkane,False,413.06493
404,3-Ethyl-1-pentene,CCC(CC)C=C,alkene/alkyne,False,357.15
405,"2-Methyl-1,5-hexadiene",CC(=C)CCC=C,alkene/alkyne,False,361.15
406,2-Hexene,CCCC=CC,alkene/alkyne,False,341.0
407,"2,6-Dimethyl-2-octene",CCC(C)CCC=C(C)C,alkene/alkyne,False,436.15
408,Pentaethylenehexamine,C(CNCCNCCNCCNCCN)N,amine,True,653.15
409,But-2-en-1-ol,CC=CCO,alcohol/phenol,False,392.65
410,2-Octanol,CCCCCCC(C)O,alcohol/phenol,False,451.65
411,Tetracontane,CCCCCCCCCCCCCCCCCCCCCCCCCCCCCCCCCCCCCCCC,alkane,True,795.15
412,"2,2,4,4,6,8,8-Heptamethylnonane",CC(CC(C)(C)C)CC(C)(C)CC(C)(C)C,alkane,False,519.15
413,"1,2,3-Butanetriol",CC(C(CO)O)O,alcohol/phenol,True,443.15
414,Diethylbutylamine,CCCCN(CC)CC,amine,False,409.15
415,"3-Methyl-1,5-pentanediol",CC(CCO)CCO,alcohol/phenol,True,521.55
416,2-(2-Ethylbutoxy)ethanol,CCC(CC)COCCO,alcohol/phenol,False,496.8
417,6-Methylhept-5-en-2-ol,CC(CCC=C(C)C)O,alcohol/phenol,False,459.15
418,2-Methylbut-2-en-1-ol,CC=C(C)CO,alcohol/phenol,False,410.15
419,2-Tetradecanol,CCCCCCCCCCCCC(C)O,alcohol/phenol,False,557.15
420,4-Methyl-1-penten-3-OL,CC(C)C(C=C)O,alcohol/phenol,False,398.15
421,3-Methyl-1-heptene,CCCCC(C)C=C,alkene/alkyne,False,384.15
422,"2,3-Dimethyl-2-pentanol",CCC(C)C(C)(C)O,alcohol/phenol,False,402.9
423,1-Hepten-3-OL,CCCCC(C=C)O,alcohol/phenol,False,426.9
424,6-Methyl-1-heptene,CC(C)CCCC=C,alkene/alkyne,False,386.15
425,1-Butoxy-2-propanol,CCCCOCC(C)O,alcohol/phenol,False,445.15
426,3-Methyl-3-octanol,CCCCCC(C)(CC)O,alcohol/phenol,False,462.15
427,"1,11-Dodecadiene",C=CCCCCCCCCC=C,alkene/alkyne,False,481.65
428,Ditridecylamine,CCCCCCCCCCCCCNCCCCCCCCCCCCC,amine,True,844.65
429,3-Methylnonane,CCCCCCC(C)CC,alkane,False,441.15
430,4-Nonanol,CCCCCC(CCC)O,alcohol/phenol,False,465.65
431,2-Pentanol,CCCC(C)O,alcohol/phenol,False,392.25
432,2-Methyl-1-hexene,CCCCC(=C)C,alkene/alkyne,False,365.15
433,7-Methylpentadecane,CCCCCCCCC(C)CCCCCC,alkane,False,565.24
434,3-Ethyl-1-pentyn-3-ol,CCC(CC)(C#C)O,alcohol/phenol,False,411.15
435,"2,4-Dimethyl-1-pentanol",CC(C)CC(C)CO,alcohol/phenol,False,431.0
436,1-Heptadecene,CCCCCCCCCCCCCCCC=C,alkene/alkyne,True,574.15
437,6-Dodecanol,CCCCCCC(CCCCC)O,alcohol/phenol,False,565.9
438,"3,4-Diethyl-3,4-hexanediol",CCC(CC)(C(CC)(CC)O)O,alcohol/phenol,True,503.15
439,2-Methyldecane,CCCCCCCCC(C)C,alkane,False,462.35
440,2-Methylundecane,CCCCCCCCCC(C)C,alkane,False,484.15
441,Tetratetracontane,CCCCCCCCCCCCCCCCCCCCCCCCCCCCCCCCCCCCCCCCCCCC,alkane,True,821.15
442,"2,3-Dimethyl-2-hexene",CCCC(=C(C)C)C,alkene/alkyne,False,395.15
443,"2,3-Dimethyloctane",CCCCCC(C)C(C)C,alkane,False,437.15
444,"3,3,5-Trimethylheptane",CCC(C)CC(C)(C)CC,alkane,False,430.15
445,Heptatriacontane,CCCCCCCCCCCCCCCCCCCCCCCCCCCCCCCCCCCCC,alkane,True,778.15
446,"3,7,11-Trimethyldodecan-3-ol",CCC(C)(CCCC(C)CCCC(C)C)O,alcohol/phenol,False,630.87
447,"3,4,4-Trimethyl-3-pentanol",CCC(C)(C(C)(C)C)O,alcohol/phenol,False,426.41115
448,"3,4-Dimethyl-1-pentene",CC(C)C(C)C=C,alkene/alkyne,False,355.15
449,5-Decene,CCCCC=CCCCC,alkene/alkyne,False,442.75
450,2-(Dodecyloxy)ethanol,CCCCCCCCCCCCOCCO,alcohol/phenol,False,634.52
451,1-(2-Butoxy-1-methylethoxy)propan-2-ol,CCCCOCC(C)OCC(C)O,alcohol/phenol,False,564.54
452,Sec-butylamine,CCC(C)N,amine,False,336.15
453,"2,3-Dimethyl-1-pentanol",CCC(C)C(C)CO,alcohol/phenol,False,437.15
454,2-Dodecanol,CCCCCCCCCCC(C)O,alcohol/phenol,False,522.15
455,5-Dodecanol,CCCCCCCC(CCCC)O,alcohol/phenol,False,565.9
456,Tetradec-7-ene,CCCCCCC=CCCCCCC,alkene/alkyne,False,524.08
457,"N,N'-Bis(3-aminopropyl)ethylenediamine",C(CN)CNCCNCCCN,amine,True,628.04
458,"2,3-Dimethyl-2-pentene",CCC(=C(C)C)C,alkene/alkyne,False,369.15
459,"4,8,12-Trioxatridecan-1-ol",COCCCOCCCOCCCO,alcohol/phenol,True,587.84
460,3-Methyl-1-hexanol,CCCC(C)CCO,alcohol/phenol,False,445.35
461,6-Methyltridecane,CCCCCCCC(C)CCCCC,alkane,False,519.48
462,1-Pentadecene,CCCCCCCCCCCCCC=C,alkene/alkyne,False,541.55
463,1-(2-Methoxypropoxy)-2-propanol,CC(COCC(C)OC)O,alcohol/phenol,False,495.9
464,5-Ethyl-2-methylheptane,CCC(CC)CCC(C)C,alkane,False,432.86
465,"2,2,3,3-Tetramethylhexane",CCCC(C)(C)C(C)(C)C,alkane,False,433.15
466,"2,2,4,6,6-Pentamethylheptane",CC(CC(C)(C)C)CC(C)(C)C,alkane,False,451.15
467,"2,3-Dimethylheptane",CCCCC(C)C(C)C,alkane,False,413.75
468,Tetratriacontane,CCCCCCCCCCCCCCCCCCCCCCCCCCCCCCCCCC,alkane,True,756.15
469,"2,2,4-Trimethylheptane",CCCC(C)CC(C)(C)C,alkane,False,421.45
470,4-Methyl-3-heptanol,CCCC(C)C(CC)O,alcohol/phenol,False,430.15
471,"2,7-Dimethyl-1-octanol",CC(C)CCCCC(C)CO,alcohol/phenol,False,519.7
472,5-Methylnonane,CCCCC(C)CCCC,alkane,False,437.15
473,2-Methyl-1-heptene,CCCCCC(=C)C,alkene/alkyne,False,392.15
474,"4,5-Dimethyl-1-hexene",CC(C)C(C)CC=C,alkene/alkyne,False,382.15
475,"2,2,3-Trimethylhexane",CCCC(C)C(C)(C)C,alkane,False,407.15
476,"2,2,4-Trimethylhexane",CCC(C)CC(C)(C)C,alkane,False,400.15
477,"2,3,3-Trimethylhexane",CCCC(C)(C)C(C)C,alkane,False,410.15
478,"2,4,4-Trimethylhexane",CCC(C)(C)CC(C)C,alkane,False,403.75
479,"3,3,4-Trimethylhexane",CCC(C)C(C)(C)CC,alkane,False,412.15
480,"3-Ethyl-2,2-dimethylpentane",CCC(CC)C(C)(C)C,alkane,False,407.15
481,"3-Ethyl-2,3-dimethylpentane",CCC(C)(CC)C(C)C,alkane,False,415.15
482,"2,3,3,4-Tetramethylpentane",CC(C)C(C)(C)C(C)C,alkane,False,414.65
483,"2,2,4,5-Tetramethylhexane",CC(C)C(C)CC(C)(C)C,alkane,False,421.05
484,"2,5-Dimethylundecane",CCCCCCC(C)CCC(C)C,alkane,False,488.15
485,"2,6-Dimethylundecane",CCCCCC(C)CCCC(C)C,alkane,False,496.16
486,"4,8-Dimethylundecane",CCCC(C)CCCC(C)CCC,alkane,False,496.16
487,4-Methylnonane,CCCCCC(C)CCC,alkane,False,439.15
488,"2,5-Dimethylnonane",CCCCC(C)CCC(C)C,alkane,False,452.15
489,"2,6-Dimethylnonane",CCCC(C)CCCC(C)C,alkane,False,452.15
490,"3,7-Dimethylnonane",CCC(C)CCCC(C)CC,alkane,False,457.15
491,"2,2-Dimethyldecane",CCCCCCCCC(C)(C)C,alkane,False,474.15
492,"3,7-Dimethyldecane",CCCC(C)CCCC(C)CC,alkane,False,475.15
493,3-Methyldodecane,CCCCCCCCCC(C)CC,alkane,False,503.45
494,"3,3-Dimethylundecane",CCCCCCCCC(C)(C)CC,alkane,False,493.81
495,"4,4-Dimethylundecane",CCCCCCCC(C)(C)CCC,alkane,False,493.81
496,"5,5-Dimethylundecane",CCCCCCC(C)(C)CCCC,alkane,False,493.81
497,"6,6-Dimethylundecane",CCCCCC(C)(C)CCCCC,alkane,False,493.81
498,"4,5-Dimethylundecane",CCCCCCC(C)C(C)CCC,alkane,False,496.16
499,"2,4-Dimethylundecane",CCCCCCCC(C)CC(C)C,alkane,False,489.15
500,"4,6-Dimethylundecane",CCCCCC(C)CC(C)CCC,alkane,False,496.16
501,"2,6,10,14-Tetramethylheptadecane",CCCC(C)CCCC(C)CCCC(C)CCCC(C)C,alkane,True,678.32
502,1-Nonadecene,CCCCCCCCCCCCCCCCCC=C,alkene/alkyne,True,604.15
503,Dihydromyrcenol,CC(CCCC(C)(C)O)C=C,alcohol/phenol,False,513.59
504,1-Hexacosene,CCCCCCCCCCCCCCCCCCCCCCCCC=C,alkene/alkyne,True,684.15
505,2-Ethoxy-1-propanol,CCOC(C)CO,alcohol/phenol,False,413.65
506,"2,6-Dimethyl-3-heptanol",CC(C)CCC(C(C)C)O,alcohol/phenol,False,448.15
507,"3,5-Dimethyl-4-heptanol",CCC(C)C(C(C)CC)O,alcohol/phenol,False,452.15
508,"2,3-Dimethylbutan-1-ol",CC(C)C(C)CO,alcohol/phenol,False,415.0
509,7-Methylheptadecane,CCCCCCCCCCC(C)CCCCCC,alkane,True,611.0
510,"1,12-Tridecadiene",C=CCCCCCCCCCC=C,alkene/alkyne,False,490.4
511,Di-tert-butylamine,CC(C)(C)NC(C)(C)C,amine,False,366.65
512,8-Methylpentadecane,CCCCCCCC(C)CCCCCCC,alkane,False,565.24
513,Myrcene,CC(=CCCC(=C)C=C)C,alkene/alkyne,False,444.15
514,"2,2,4-Trimethyl-1-pentanol",CC(C)CC(C)(C)CO,alcohol/phenol,False,438.76616
515,Isoamyl alcohol,CC(C)CCO,alcohol/phenol,False,403.95
516,Diallylamine,C=CCNCC=C,amine,False,385.15
517,1-Nonene,CCCCCCCC=C,alkene/alkyne,False,420.05
518,1-(2-Butoxyethoxy)-2-propanol,CCCCOCCOCC(C)O,alcohol/phenol,False,507.15
519,Neopentyl glycol,CC(C)(CO)CO,alcohol/phenol,True,480.15
520,Dipentaerythritol,C(C(CO)(CO)COCC(CO)(CO)CO)O,alcohol/phenol,True,997.44
521,"2,4,7,9-Tetramethyl-5-decyne-4,7-diol",CC(C)CC(C)(C#CC(C)(CC(C)C)O)O,alcohol/phenol,True,528.15
522,"5,5-Dimethyl-3-heptyne",CCC#CC(C)(C)CC,alkene/alkyne,False,411.29
523,6-Undecanol,CCCCCC(CCCCC)O,alcohol/phenol,False,501.15
524,5-Methylpentadecane,CCCCCCCCCCC(C)CCCC,alkane,False,565.24
525,"4-Methylhepta-1,6-dien-4-ol",CC(CC=C)(CC=C)O,alcohol/phenol,False,431.55
526,2-(2-Hydroxypropoxy)propan-1-ol,CC(CO)OCC(C)O,alcohol/phenol,True,542.78
527,Isodecanol,CC(C)CCCCCCCO,alcohol/phenol,False,520.14
528,trans-2-Decene,CCCCCCCC=CC,alkene/alkyne,False,446.55
529,2-Tridecene,CCCCCCCCCCC=CC,alkene/alkyne,False,501.2
530,Oct-3-ene,CCCCC=CCC,alkene/alkyne,False,396.15
531,"2,5-Dimethyl-1-hexene",CC(C)CCC(=C)C,alkene/alkyne,False,384.75
532,7-Methyltridecane,CCCCCCC(C)CCCCCC,alkane,False,519.48
533,2-Hexyne,CCCC#CC,alkene/alkyne,False,357.45
534,2-Tetradecene,CCCCCCCCCCCC=CC,alkene/alkyne,False,513.15
535,4-Tetradecanol,CCCCCCCCCCC(CCC)O,alcohol/phenol,False,611.66
536,2-Nonene,CCCCCCC=CC,alkene/alkyne,False,420.15
537,Isotridecanol,CC(C)CCCCCCCCCCO,alcohol/phenol,False,588.78
538,3-Heptanamine,CCCCC(CC)N,amine,False,414.15
539,"2,6,11-Trimethyldodecane",CC(C)CCCCC(C)CCCC(C)C,alkane,False,541.48
540,3-Methyl-2-heptanol,CCCCC(C)C(C)O,alcohol/phenol,False,439.15
541,Hept-2-en-1-ol,CCCCC=CCO,alcohol/phenol,False,456.1
542,N-Methylhexylamine,CCCCCCNC,amine,False,400.15
543,"1,10-Decanediol",C(CCCCCO)CCCCO,alcohol/phenol,True,574.0
544,2-(Tridecyloxy)ethanol,CCCCCCCCCCCCCOCCO,alcohol/phenol,True,657.4
545,"1,3-Hexadiene",CC/C=C/C=C,alkene/alkyne,False,337.72
546,Tridecylamine,CCCCCCCCCCCCCN,amine,False,546.15
547,1-Methoxy-2-butanol,CCC(COC)O,alcohol/phenol,False,407.15
548,7-Octen-4-OL,CCCC(CCC=C)O,alcohol/phenol,False,471.06
549,5-Methyl-2-heptanol,CCC(C)CCC(C)O,alcohol/phenol,False,445.15
550,5-Hexen-2-OL,CC(CCC=C)O,alcohol/phenol,False,412.15
551,10-Methylicosane,CCCCCCCCCCC(C)CCCCCCCCC,alkane,True,679.64
552,"2,6,10,15-Tetramethylheptadecane",CCC(C)CCCCC(C)CCCC(C)CCCC(C)C,alkane,True,678.32
553,"2,6,10-Trimethylhexadecane",CCCCCCC(C)CCCC(C)CCCC(C)C,alkane,False,633.0
554,"4,8-Dimethyltridecane",CCCCCC(C)CCCC(C)CCC,alkane,False,541.92
555,5-Propyltridecane,CCCCCCCCC(CCC)CCCC,alkane,False,565.24
556,4-Ethyltetradecane,CCCCCCCCCCC(CC)CCC,alkane,False,565.24
557,"2,6,10,14-Tetramethylnonadecane",CCCCCC(C)CCCC(C)CCCC(C)CCCC(C)C,alkane,True,724.08
558,"2,2,3-Trimethylnonane",CCCCCCC(C)C(C)(C)C,alkane,False,473.15
559,"3,6-Nonadien-1-ol",CCC=CCC=CCCO,alcohol/phenol,False,506.02
560,2-Heptadecanol,CCCCCCCCCCCCCCCC(C)O,alcohol/phenol,True,601.15
561,Diglycerol,C(C(COCC(CO)O)O)O,alcohol/phenol,True,727.14
562,2-Methylhexan-1-ol,CCCCC(C)CO,alcohol/phenol,False,441.65
563,"2,3,7-Trimethyloctane",CC(C)CCCC(C)C(C)C,alkane,False,452.15
564,"2-Ethyl-1,3-butanediol",CCC(CO)C(C)O,alcohol/phenol,True,520.36
565,3-Ethylheptane,CCCCC(CC)CC,alkane,False,416.25
566,"N,N-Diethylethylenediamine",CCN(CC)CCN,amine,False,417.15
567,3-(Diethylamino)propylamine,CCN(CC)CCCN,amine,False,438.15
568,tert-Octylamine,CC(C)(C)CC(C)(C)N,amine,False,413.19803
569,"3,5-Dimethyl-1-hexyn-3-ol",CC(C)CC(C)(C#C)O,alcohol/phenol,False,421.15
570,"2-Butyl-2-ethyl-1,3-propanediol",CCCCC(CC)(CO)CO,alcohol/phenol,True,542.15
571,"2,6,8-Trimethyl-4-nonanol",CC(C)CC(C)CC(CC(C)C)O,alcohol/phenol,False,498.55
572,"2-Methyl-1,3-pentanediol",CCC(C(C)CO)O,alcohol/phenol,True,487.65
573,"2,3,4-Trimethylpent-1-ene",CC(C)C(C)C(=C)C,alkene/alkyne,False,380.65
574,"1,3-Butanediamine",CC(CCN)N,amine,True,413.15
575,3-Methoxy-3-methylbutan-1-ol,CC(C)(CCO)OC,alcohol/phenol,False,448.15
576,"1,3-Pentadiene",C/C=C/C=C,alkene/alkyne,False,315.0
577,Pentaethylene glycol,C(COCCOCCOCCOCCO)O,alcohol/phenol,True,702.44
578,2-Butene,C/C=C/C,alkene/alkyne,False,274.03
579,2-(Decyloxy)ethanol,CCCCCCCCCCOCCO,alcohol/phenol,False,588.76
580,16-Methylheptadecan-1-ol,CC(C)CCCCCCCCCCCCCCCO,alcohol/phenol,True,703.18
581,"3,7-Dimethyloct-6-en-1-yn-3-ol",CC(=CCCC(C)(C#C)O)C,alcohol/phenol,False,511.51
582,Trihexylamine,CCCCCCN(CCCCCC)CCCCCC,amine,True,534.85
583,"N,N,N'-Triethylethylenediamine",CCNCCN(CC)CC,amine,False,327.65
584,"N,N-Dimethylethylenediamine",CN(C)CCN,amine,False,377.15
585,"N,N,N',N'-Tetramethyl-1,4-butanediamine",CN(C)CCCCN(C)C,amine,False,441.15
586,Tetramethylallene,CC(=C=C(C)C)C,alkane,False,356.15
587,3-Hexyn-1-ol,CCC#CCCO,alcohol/phenol,False,435.15
588,"2,2,7,7-Tetramethyloctane",CC(C)(C)CCCCC(C)(C)C,alkane,False,459.00627
589,"2-Ethyl-2-methyl-1,3-propanediol",CCC(C)(CO)CO,alcohol/phenol,True,498.95
590,"3-Methyl-1,4-pentadiene",CC(C=C)C=C,alkene/alkyne,False,325.15
591,Tripentaerythritol,C(C(CO)(CO)COCC(CO)(CO)COCC(CO)(CO)CO)O,alcohol/phenol,True,1315.39
592,"2-Methyl-2-propylpropane-1,3-diol",CCCC(C)(CO)CO,alcohol/phenol,True,507.15
593,3-Pentyn-1-ol,CC#CCCO,alcohol/phenol,False,427.15
594,3-Tridecanol,CCCCCCCCCCC(CC)O,alcohol/phenol,False,588.78
595,3-Methyl-3-buten-2-ol,CC(C(=C)C)O,alcohol/phenol,False,387.15
596,2-Methyl-1-undecanol,CCCCCCCCCC(C)CO,alcohol/phenol,False,565.9
597,"1,4,7-Trimethyldiethylenetriamine",CNCCN(C)CCNC,amine,False,472.54
598,"N,N,N',N'-Tetraethylethylenediamine",CCN(CC)CCN(CC)CC,amine,False,465.15
599,1-Hexacosanol,CCCCCCCCCCCCCCCCCCCCCCCCCCO,alcohol/phenol,True,886.66
600,1-Octacosanol,CCCCCCCCCCCCCCCCCCCCCCCCCCCCO,alcohol/phenol,True,932.42
601,"2-Methylpropane-1,2-diol",CC(C)(CO)O,alcohol/phenol,True,450.15
602,1-Triacontanol,CCCCCCCCCCCCCCCCCCCCCCCCCCCCCCO,alcohol/phenol,True,978.18
603,Trimethylborane,B(C)(C)C,other,False,252.95
604,3-Ethyl-3-hexanol,CCCC(CC)(CC)O,alcohol/phenol,False,433.15
605,4-Ethyl-4-heptanol,CCCC(CC)(CCC)O,alcohol/phenol,False,452.15
606,"3,7-Dimethyl-1,7-octadien-3-ol",CC(=C)CCCC(C)(C=C)O,alcohol/phenol,False,510.59
607,3-Buten-1-ol,C=CCCO,alcohol/phenol,False,385.15
608,N-Allylmethylamine,CNCC=C,amine,False,337.15
609,"1,5-Hexadiyne",C#CCCC#C,alkene/alkyne,False,361.15
610,"1,8-Octanediol",C(CCCCO)CCCO,alcohol/phenol,True,418.15
611,1-Octadecyne,CCCCCCCCCCCCCCCCC#C,alkene/alkyne,True,586.15
612,Triisopentylamine,CC(C)CCN(CCC(C)C)CCC(C)C,amine,False,508.15
613,"2,2-Dimethylhex-3-ene",CCC=CC(C)(C)C,alkene/alkyne,False,374.05
614,2-Methylhept-3-ene,CCCC=CC(C)C,alkene/alkyne,False,387.13
615,"5-Methyl-1,4-hexadiene",CC(=CCC=C)C,alkene/alkyne,False,364.98821
616,Cis-3-Penten-1-ol,CC=CCCO,alcohol/phenol,False,413.65
617,Hex-2-yn-1-ol,CCCC#CCO,alcohol/phenol,False,438.06
618,1-Dodecyne,CCCCCCCCCCC#C,alkene/alkyne,False,488.15
619,1-Tetradecyne,CCCCCCCCCCCCC#C,alkene/alkyne,False,525.15
620,1-Pentadecyne,CCCCCCCCCCCCCC#C,alkene/alkyne,False,553.15
621,5-Hexen-1-ol,C=CCCCCO,alcohol/phenol,False,428.9
622,"1,7-Octadiyne",C#CCCCCC#C,alkene/alkyne,False,408.65
623,"N,N-Dimethyl-2-butanamine",CCC(C)N(C)C,amine,False,366.4
624,"1,4-Pentadien-3-ol",C=CC(C=C)O,alcohol/phenol,False,388.65
625,5-Hexyn-1-ol,C#CCCCCO,alcohol/phenol,False,419.18
626,"N,N-Dimethylisopropylamine",CC(C)N(C)C,amine,False,339.15
627,"N,N-Dimethyldecylamine",CCCCCCCCCCN(C)C,amine,False,507.15
628,Chimyl alcohol,CCCCCCCCCCCCCCCCOCC(CO)O,alcohol/phenol,True,840.66
629,3-Methoxy-1-propanol,COCCCO,alcohol/phenol,False,339.15
630,1-Docosene,CCCCCCCCCCCCCCCCCCCCC=C,alkene/alkyne,True,640.15
631,2-Methyldotriacontane,CCCCCCCCCCCCCCCCCCCCCCCCCCCCCCC(C)C,alkane,True,954.2
632,"3,6,9,12,15-Pentaoxanonadecan-1-ol",CCCCOCCOCCOCCOCCOCCO,alcohol/phenol,True,724.2
633,3-Ethyloctan-3-ol,CCCCCC(CC)(CC)O,alcohol/phenol,False,472.15
634,2-(Octadecyloxy)ethanol,CCCCCCCCCCCCCCCCCCOCCO,alcohol/phenol,True,771.8
635,"N,N-Dimethylallylamine",CN(C)CC=C,amine,False,335.15
636,"2-Methyl-1,3-propanediol",CC(CO)CO,alcohol/phenol,True,494.15
637,1-Undecyne,CCCCCCCCCC#C,alkene/alkyne,False,469.15
638,2-Decyne,CCCCCCCC#CC,alkene/alkyne,False,457.75
639,3-Decyne,CCCCCCC#CCC,alkene/alkyne,False,320.33719
640,Butylallene,CCCCC=C=C,alkane,False,378.65
641,Triheptylamine,CCCCCCCN(CCCCCCC)CCCCCCC,amine,True,603.15
642,n-Methyloctan-1-amine,CCCCCCCCNC,amine,False,351.65
643,N-Methyloctadecylamine,CCCCCCCCCCCCCCCCCCNC,amine,True,620.15
644,Diheptylamine,CCCCCCCNCCCCCCC,amine,False,539.15
645,Triisooctylamine,CC(C)CCCCCN(CCCCCC(C)C)CCCCCC(C)C,amine,True,759.84
646,2-Butylhexanol,CCCCC(CCCC)CO,alcohol/phenol,False,491.65
647,10-Undecyn-1-ol,C#CCCCCCCCCCO,alcohol/phenol,False,533.58
648,"2,6-Dimethyl-1-heptene",CC(C)CCCC(=C)C,alkene/alkyne,False,415.0
649,10-Nonadecanamine,CCCCCCCCCC(CCCCCCCCC)N,amine,True,706.41
650,5-Methyl-1-hexene,CC(C)CCC=C,alkene/alkyne,False,358.15
651,"1,2-Heptanediol",CCCCCC(CO)O,alcohol/phenol,True,363.15
652,"2,4,4-Trimethylheptane",CCCC(C)(C)CC(C)C,alkane,False,422.7
653,"2,4-Dimethylpentan-3-amine",CC(C)C(C(C)C)N,amine,False,399.15
654,N-Methyldioctadecylamine,CCCCCCCCCCCCCCCCCCN(C)CCCCCCCCCCCCCCCCCC,amine,True,1058.6
655,Tris(2-aminoethyl)amine,C(CN(CCN)CCN)N,amine,True,370.65
656,"1,10-Undecadiyne",C#CCCCCCCCC#C,alkene/alkyne,False,431.52
657,Diethyl(1-propynyl)amine,CCN(CC)C#CC,amine,False,381.2
658,"3,6,9,12,15-Pentaoxaheptadecan-1-ol",CCOCCOCCOCCOCCOCCO,alcohol/phenol,True,678.44
659,N-Methyldioctylamine,CCCCCCCCN(C)CCCCCCCC,amine,True,410.15
660,Diethyl(propyl)amine,CCCN(CC)CC,amine,False,385.2
661,2-Methyl-1-octene,CCCCCCC(=C)C,alkene/alkyne,False,417.15
662,"N,N'-Bis(2-aminoethyl)-1,3-propanediamine",C(CNCCN)CNCCN,amine,True,605.16
663,N-Methylisopropylamine,CC(C)NC,amine,False,326.45
664,"1,8-Nonadiene",C=CCCCCCC=C,alkene/alkyne,False,414.15
665,Methanediol,C(O)O,alcohol/phenol,True,406.84
666,"1,2-Decanediol",CCCCCCCCC(CO)O,alcohol/phenol,True,528.2
667,4-Pentyn-1-ol,C#CCCCO,alcohol/phenol,False,423.15
668,"3,6,9,12,15,18-Hexaoxaicosane-1,20-diol",C(COCCOCCOCCOCCOCCOCCO)O,alcohol/phenol,True,515.65
669,"N,N-Diethylallylamine",CCN(CC)CC=C,amine,False,383.15
670,"1,12-Dodecanediol",C(CCCCCCO)CCCCCO,alcohol/phenol,True,658.52
671,Neopentylamine,CC(C)(C)CN,amine,False,355.15
672,3-Ethyloctane,CCCCCC(CC)CC,alkane,False,438.15
673,1-Nonadecanol,CCCCCCCCCCCCCCCCCCCO,alcohol/phenol,True,618.15
674,2-Pentyn-1-ol,CCC#CCO,alcohol/phenol,False,423.15
675,Tris(2-methylallyl)amine,CC(=C)CN(CC(=C)C)CC(=C)C,amine,False,357.15
676,Rhodinol,C[C@@H](CCCC(=C)C)CCO,alcohol/phenol,False,516.7
677,"N,N-Dimethylisobutylamine",CC(C)CN(C)C,amine,False,353.15
678,Undecylamine,CCCCCCCCCCCN,amine,False,502.15
679,2-Ethyl-3-methylbut-1-ene,CCC(=C)C(C)C,alkene/alkyne,False,359.45
680,"3-Methylpenta-1,2-diene",CCC(=C=C)C,alkane,False,343.15
681,N-tert-Butylisopropylamine,CC(C)NC(C)(C)C,amine,False,371.15
682,"1,16-Hexadecanediol",C(CCCCCCCCO)CCCCCCCO,alcohol/phenol,True,750.04
683,2-(Octyloxy)ethanol,CCCCCCCCOCCO,alcohol/phenol,False,543.0
684,1-Tetracosene,CCCCCCCCCCCCCCCCCCCCCCC=C,alkene/alkyne,True,663.15
685,"2,6-Dimethyl-2-heptanol",CC(C)CCCC(C)(C)O,alcohol/phenol,False,443.15
686,N-Methylhexadecylamine,CCCCCCCCCCCCCCCCNC,amine,True,594.15
687,(R)-(-)-2-Butanol,CC[C@@H](C)O,alcohol/phenol,False,372.4
688,3-Octyn-1-ol,CCCCC#CCCO,alcohol/phenol,False,370.15
689,3-Octyne,CCCCC#CCC,alkene/alkyne,False,408.75
690,"2,2-Dimethyloctane",CCCCCCC(C)(C)C,alkane,False,427.15
691,3-Methylnonacosane,CCCCCCCCCCCCCCCCCCCCCCCCCCC(C)CC,alkane,True,885.56
692,2-Methyl-6-methyleneoct-7-en-4-ol,CC(C)CC(CC(=C)C=C)O,alcohol/phenol,False,512.94
693,"2-Methyl-6-methyleneocta-2,7-dien-4-ol",CC(=CC(CC(=C)C=C)O)C,alcohol/phenol,False,517.42
694,2-Hexadecanol,CCCCCCCCCCCCCCC(C)O,alcohol/phenol,False,587.15
695,"2,6,10-Trimethyltetradecane",CCCCC(C)CCCC(C)CCCC(C)C,alkane,False,587.24
696,4-Ethyloctane,CCCCC(CC)CCC,alkane,False,436.15
697,"3,4-Dimethyloctane",CCCCC(C)C(C)CC,alkane,False,435.15
698,"3,6-Dimethyloctane",CCC(C)CCC(C)CC,alkane,False,433.95
699,"2,3-Dimethylhex-1-ene",CCCC(C)C(=C)C,alkene/alkyne,False,384.15
700,3-Ethyl-2-methylhexane,CCCC(CC)C(C)C,alkane,False,411.15
701,"3,6-Dimethylundecane",CCCCCC(C)CCC(C)CC,alkane,False,496.16
702,"3,8-Dimethylundecane",CCCC(C)CCCCC(C)CC,alkane,False,496.16
703,"4,5-Dimethylnonane",CCCCC(C)C(C)CCC,alkane,False,455.15
704,"2,3-Dimethyldecane",CCCCCCCC(C)C(C)C,alkane,False,479.15
705,9-Methylnonadecane,CCCCCCCCCCC(C)CCCCCCCC,alkane,True,656.76
706,3-Methyltetradecane,CCCCCCCCCCCC(C)CC,alkane,False,539.45
707,"3,7-Dimethyl-1-octen-3-ol",CC(C)CCCC(C)(C=C)O,alcohol/phenol,False,513.59
708,"2,6-Dimethyloctan-2-ol",CCC(C)CCCC(C)(C)O,alcohol/phenol,False,516.91
709,2-Methylheptan-3-ol,CCCCC(C(C)C)O,alcohol/phenol,False,426.65
710,5-Methyl-3-heptanol,CCC(C)CC(CC)O,alcohol/phenol,False,427.15
711,6-Methylheptan-3-ol,CCC(CCC(C)C)O,alcohol/phenol,False,438.65
712,2-Ethyl-2-methylbutan-1-ol,CCC(C)(CC)CO,alcohol/phenol,False,429.23605
713,1-Triacontene,CCCCCCCCCCCCCCCCCCCCCCCCCCCCC=C,alkene/alkyne,True,721.15
714,1-Dotriacontene,CCCCCCCCCCCCCCCCCCCCCCCCCCCCCCC=C,alkene/alkyne,True,738.15
715,2-Methyl-1-undecene,CCCCCCCCCC(=C)C,alkene/alkyne,False,484.75
716,1-Octacosene,CCCCCCCCCCCCCCCCCCCCCCCCCCC=C,alkene/alkyne,True,703.15
717,"1,14-Tetradecanediol",C(CCCCCCCO)CCCCCCO,alcohol/phenol,True,704.28
718,N-Ethylisopropylamine,CCNC(C)C,amine,False,341.15
719,3-Nonene,CCCCCC=CCC,alkene/alkyne,False,420.65
720,N-Ethylpropylamine,CCCNCC,amine,False,358.15
721,N-Isopropylpropylamine,CCCNC(C)C,amine,False,369.35
722,"4,7-Dimethyloctan-4-ol",CCCC(C)(CCC(C)C)O,alcohol/phenol,False,465.15
723,4-Heptyn-2-ol,CCC#CCC(C)O,alcohol/phenol,False,460.5
724,"2,4,5-Trimethylheptane",CCC(C)C(C)CC(C)C,alkane,False,429.66
725,"3,4,5-Trimethylheptane",CCC(C)C(C)C(C)CC,alkane,False,435.65
726,5-Tetradecanol,CCCCCCCCCC(CCCC)O,alcohol/phenol,False,611.66
727,"1,2-Tetradecanediol",CCCCCCCCCCCCC(CO)O,alcohol/phenol,True,703.84
728,1-Nonen-3-ol,CCCCCCC(C=C)O,alcohol/phenol,False,466.65
729,2-(2-{2-[2-(2-Methoxy-ethoxy)-ethoxy]-ethoxy}-ethoxy)-ethanol,COCCOCCOCCOCCOCCO,alcohol/phenol,True,655.56
730,"2,5,8,11-Tetraoxatridecan-13-ol",COCCOCCOCCOCCO,alcohol/phenol,True,557.0
731,4-Methyl-4-nonanol,CCCCCC(C)(CCC)O,alcohol/phenol,False,517.35
732,"1,3-Octanediol",CCCCCC(CCO)O,alcohol/phenol,True,566.56
733,3-Methyldecane,CCCCCCCC(C)CC,alkane,False,465.15
734,1-Tert-butoxy-2-propanol,CC(COC(C)(C)C)O,alcohol/phenol,False,417.15
735,"2,2,3,3-Tetramethylpentane",CCC(C)(C)C(C)(C)C,alkane,False,413.35
736,"3-Methoxy-1,2-propanediol",COCC(CO)O,alcohol/phenol,True,493.15
737,"1,2-Dodecanediol",CCCCCCCCCCC(CO)O,alcohol/phenol,True,658.08
738,"2,4-Dimethyloctane",CCCCC(C)CC(C)C,alkane,False,427.15
739,"3,5,5-Trimethyl-1-hexene",CC(CC(C)(C)C)C=C,alkene/alkyne,False,392.6
740,"1,2-Pentanediol",CCCC(CO)O,alcohol/phenol,True,483.65
741,3-Methylhexadecane,CCCCCCCCCCCCCC(C)CC,alkane,False,571.15
742,5-Methyldecane,CCCCCC(C)CCCC,alkane,False,459.15
743,N-Heptylmethylamine,CCCCCCCNC,amine,False,441.15
744,"2,3,4-Trimethylheptane",CCCC(C)C(C)C(C)C,alkane,False,429.0
745,D-Arabinitol,C([C@H](C([C@@H](CO)O)O)O)O,alcohol/phenol,True,773.58
746,5-Methylundecane,CCCCCCC(C)CCCC,alkane,False,479.15
747,4-Nonene,CCCCC=CCCC,alkene/alkyne,False,418.15
748,2-Methyl-3-buten-1-ol,CC(CO)C=C,alcohol/phenol,False,393.65
749,3-Methylheptadecane,CCCCCCCCCCCCCCC(C)CC,alkane,True,586.15
750,3-Methylnonadecane,CCCCCCCCCCCCCCCCC(C)CC,alkane,True,613.15
751,"1,2-Hexanediol",CCCCC(CO)O,alcohol/phenol,True,507.15
752,"2,4,4-Trimethyl-2-pentanol",CC(C)(C)CC(C)(C)O,alcohol/phenol,False,419.15
753,"2,4-Hexadiyne-1,6-diol",C(C#CC#CCO)O,alcohol/phenol,True,539.24
754,N-Propyldibutylamine,CCCCN(CCC)CCCC,amine,False,463.72
755,"2,2,3-Trimethylhexan-3-ol",CCCC(C)(C(C)(C)C)O,alcohol/phenol,False,443.15
756,2-Hexyl-1-decanol,CCCCCCCCC(CCCCCC)CO,alcohol/phenol,False,657.42
757,"2-Methylbutane-2,3-diol",CC(C(C)(C)O)O,alcohol/phenol,True,448.15
758,"3,4-Dimethyl-1-pentyn-3-ol",CC(C)C(C)(C#C)O,alcohol/phenol,False,406.15
759,N-Methylpropargylamine,CNCC#C,amine,False,356.15
760,Tetrahydrolavandulol,CC(C)CCC(CO)C(C)C,alcohol/phenol,False,484.15
761,"3-Methylpentane-2,4-diol",CC(C(C)O)C(C)O,alcohol/phenol,True,484.65
762,6-Methyl-2-heptanol,CC(C)CCCC(C)O,alcohol/phenol,False,446.15
763,2-Pentadecanol,CCCCCCCCCCCCCC(C)O,alcohol/phenol,False,572.15
764,"3-Dodecyloxypropane-1,2-diol",CCCCCCCCCCCCOCC(CO)O,alcohol/phenol,True,749.14
765,7-Ethyl-2-methyl-4-undecanol,CCCCC(CC)CCC(CC(C)C)O,alcohol/phenol,False,534.65
766,"1,2-Hexadecanediol",CCCCCCCCCCCCCCC(CO)O,alcohol/phenol,True,749.6
767,"2,4-Dimethyl-3-hexanol",CCC(C)C(C(C)C)O,alcohol/phenol,False,433.76714
768,"2,2-Dimethyl-3-hexanol",CCCC(C(C)(C)C)O,alcohol/phenol,False,429.15
769,"3,5-Dimethyl-3-hexanol",CCC(C)(CC(C)C)O,alcohol/phenol,False,424.15
770,3-Methyleicosane,CCCCCCCCCCCCCCCCCC(C)CC,alkane,True,679.64
771,2-Methyl-3-octanol,CCCCCC(C(C)C)O,alcohol/phenol,False,454.65
772,5-Undecanol,CCCCCCC(CCCC)O,alcohol/phenol,False,502.15
773,4-Undecanol,CCCCCCCC(CCC)O,alcohol/phenol,False,543.02
774,4-Tridecanol,CCCCCCCCCC(CCC)O,alcohol/phenol,False,588.78
775,6-Tridecanol,CCCCCCCC(CCCCC)O,alcohol/phenol,False,588.78
776,5-Methyltetradecane,CCCCCCCCCC(C)CCCC,alkane,False,542.36
777,5-Decanol,CCCCCC(CCCC)O,alcohol/phenol,False,489.15
778,"3,3,6-Trimethylhepta-1,5-dien-4-ol",CC(=CC(C(C)(C)C=C)O)C,alcohol/phenol,False,517.63
779,"3,3-Dimethyl-1,2-butanediol",CC(C)(C)C(CO)O,alcohol/phenol,True,478.65
780,"Octa-1,3,7-triene",C=CCCC=CC=C,alkene/alkyne,False,393.15
781,2-Methyloctan-1-ol,CCCCCCC(C)CO,alcohol/phenol,False,497.26
782,"3,4-Hexanediol",CCC(C(CC)O)O,alcohol/phenol,True,506.65
783,"3,7,11-Trimethyl-1-dodecyn-3-ol",CC(C)CCCC(C)CCCC(C)(C#C)O,alcohol/phenol,False,620.99
784,3-Methyl-4-heptanol,CCCC(C(C)CC)O,alcohol/phenol,False,438.15
785,Tris(2-ethylhexyl)amine,CCCCC(CC)CN(CC(CC)CCCC)CC(CC)CCCC,amine,True,759.84
786,4-Methyl-4-penten-2-ol,CC(CC(=C)C)O,alcohol/phenol,False,402.15
787,3-Ethylhex-1-ene,CCCC(CC)C=C,alkene/alkyne,False,383.45
788,3-Methylhexylamine,CCCC(C)CCN,amine,False,422.15
789,"3,7-Dimethylocta-1,5,7-trien-3-ol",CC(=C)C=CCC(C)(C=C)O,alcohol/phenol,False,514.75
790,4-Methyl-2-propylpentan-1-ol,CCCC(CC(C)C)CO,alcohol/phenol,False,465.4
791,9-Methyldecan-1-ol,CC(C)CCCCCCCCO,alcohol/phenol,False,543.02
792,4-Methyl-1-heptanol,CCCC(C)CCCO,alcohol/phenol,False,457.15
793,"4,4-Dimethyl-2-pentanol",CC(CC(C)(C)C)O,alcohol/phenol,False,410.4
794,3-Methyltridecane,CCCCCCCCCCC(C)CC,alkane,False,521.85
795,3-Methyloctadecane,CCCCCCCCCCCCCCCC(C)CC,alkane,True,600.15
796,"3,4-Dimethyl-1-pentanol",CC(C)C(C)CCO,alcohol/phenol,False,438.0
797,n-Methylbutan-2-amine,CCC(C)NC,amine,False,375.65
798,"2,3,6-Trimethyloctane",CCC(C)CCC(C)C(C)C,alkane,False,453.15
799,"2,2,3-Trimethyldecane",CCCCCCCC(C)C(C)(C)C,alkane,False,493.37
800,"2,2,4,4,6-Pentamethylheptane",CC(C)CC(C)(C)CC(C)(C)C,alkane,False,460.65
801,2-Undecanamine,CCCCCCCCCC(C)N,amine,False,523.37
802,9-Dodecyn-1-ol,CCC#CCCCCCCCCO,alcohol/phenol,False,575.34
803,4-Methyltridecane,CCCCCCCCCC(C)CCC,alkane,False,519.48
804,N-Methylpentylamine,CCCCCNC,amine,False,390.15
805,1-Tridecyne,CCCCCCCCCCCC#C,alkene/alkyne,False,507.15
806,"3,7,11,15-Tetramethylhexadec-1-yn-3-ol",CC(C)CCCC(C)CCCC(C)CCCC(C)(C#C)O,alcohol/phenol,False,734.95
807,13-Tetradecen-1-ol,C=CCCCCCCCCCCCCO,alcohol/phenol,False,608.78
808,"2,6-Dimethyloct-7-ene-2,6-diol",CC(C)(CCCC(C)(C=C)O)O,alcohol/phenol,True,602.98
809,(2H4)Methane,[2H]C([2H])([2H])[2H],other,False,112.15
810,Dotetracontane,CCCCCCCCCCCCCCCCCCCCCCCCCCCCCCCCCCCCCCCCCC,alkane,True,810.15
811,"2,4-Dimethyl-1-heptene",CCCC(C)CC(=C)C,alkene/alkyne,False,401.64
812,Non-3-yn-1-ol,CCCCCC#CCCO,alcohol/phenol,False,376.4
813,Ethynol,C#CO,alcohol/phenol,False,327.66
814,Butylisopropylamine,CCCCNC(C)C,amine,False,397.65
815,"7,11-Dimethyloctadecane",CCCCCCCC(C)CCCC(C)CCCCCC,alkane,True,656.32
816,2-Methyl-3-pentyn-2-ol,CC#CC(C)(C)O,alcohol/phenol,False,434.83
817,"2,3-Pentadiene",CC=C=CC,alkane,False,321.35
818,"1,2-Hexadiene",CCCC=C=C,alkane,False,349.15
819,"2,3-Hexadiene",CCC=C=CC,alkane,False,341.15
820,3-Ethyl-2-methyl-3-pentanol,CCC(CC)(C(C)C)O,alcohol/phenol,False,433.15
821,Tributylcarbinol,CCCCC(CCCC)(CCCC)O,alcohol/phenol,False,585.99
822,4-Methyl-4-heptanol,CCCC(C)(CCC)O,alcohol/phenol,False,439.15
823,9-Heptadecanol,CCCCCCCCC(CCCCCCCC)O,alcohol/phenol,True,680.3
824,2-Methyl-4-penten-2-ol,CC(C)(CC=C)O,alcohol/phenol,False,392.7
825,"Hepta-2,4-diene",CCC=CC=CC,alkene/alkyne,False,368.08
826,2-Dodecyne,CCCCCCCCCC#CC,alkene/alkyne,False,499.15
827,2-Tetradecyne,CCCCCCCCCCCC#CC,alkene/alkyne,False,536.15
828,Undec-4-ene,CCCCCCC=CCCC,alkene/alkyne,False,455.44
829,"2,3,3-Trimethyl-1,4-pentadiene",CC(=C)C(C)(C)C=C,alkene/alkyne,False,372.65
830,"2,3-Dimethyl-1,4-pentadiene",CC(C=C)C(=C)C,alkene/alkyne,False,352.56
831,4-Methyl-3-penten-1-ol,CC(=CCCO)C,alcohol/phenol,False,430.65
832,"2,6-Octadiyne",CC#CCCC#CC,alkene/alkyne,False,400.64
833,5-Undecene,CCCCCC=CCCCC,alkene/alkyne,False,465.45
834,"3,4-Diethyl-3-hexene",CCC(=C(CC)CC)CC,alkene/alkyne,False,431.4
835,3-Methyl-1-pentyne,CCC(C)C#C,alkene/alkyne,False,330.02093
836,7-Tridecanol,CCCCCCC(CCCCCC)O,alcohol/phenol,False,588.78
837,"4,4-Dimethyl-2-pentyne",CC#CC(C)(C)C,alkene/alkyne,False,356.15
838,"4,4-Dimethylheptane",CCCC(C)(C)CCC,alkane,False,407.15
839,"2,4,6-Octatriyne",CC#CC#CC#CC,alkene/alkyne,False,409.64
840,"3-Methyl-1,5-hexadiene",CC(CC=C)C=C,alkene/alkyne,False,353.21985
841,2-Methylnonadecane,CCCCCCCCCCCCCCCCCC(C)C,alkane,True,612.15
842,"4,4-Dimethyl-1-hexene",CCC(C)(C)CC=C,alkene/alkyne,False,380.35
843,3-Tetradecanol,CCCCCCCCCCCC(CC)O,alcohol/phenol,False,611.66
844,"2,3-Dimethyl-2-hexanol",CCCC(C)C(C)(C)O,alcohol/phenol,False,424.15
845,Trinonylamine,CCCCCCCCCN(CCCCCCCCC)CCCCCCCCC,amine,True,671.15
846,4-Propyl-4-heptanol,CCCC(CCC)(CCC)O,alcohol/phenol,False,467.14283
847,5-Methyl-1-hexyne,CC(C)CCC#C,alkene/alkyne,False,364.15
848,5-Undecyne,CCCCCC#CCCCC,alkene/alkyne,False,471.09534
849,"2,6-Dimethylocta-2,6-diene",CC=C(C)CCC=C(C)C,alkene/alkyne,False,436.48
850,"2,4,6-Trimethylheptane",CC(C)CC(C)CC(C)C,alkane,False,419.6563
851,"2,4-Hexadiyne",CC#CC#CC,alkene/alkyne,False,402.65
852,"1,2,3-Butatriene",C=C=C=C,alkane,False,286.86
853,2-Methyl-1-nonene,CCCCCCCC(=C)C,alkene/alkyne,False,440.15
854,"2,2,4,10,12,12-Hexamethyl-7-(3,5,5-trimethylhexyl)tridecane",CC(CCC(CCC(C)CC(C)(C)C)CCC(C)CC(C)(C)C)CC(C)(C)C,alkane,True,828.79
855,"1,3,5-Hexatriyne",C#CC#CC#C,alkene/alkyne,False,353.39
856,4-Propylheptane,CCCC(CCC)CCC,alkane,False,440.15
857,2-Methyl-2-decanol,CCCCCCCCC(C)(C)O,alcohol/phenol,False,540.23
858,"3,3-Dimethyl-1-hexene",CCCC(C)(C)C=C,alkene/alkyne,False,377.15
859,"2,3-Divinylbutadiene",C=CC(=C)C(=C)C=C,alkene/alkyne,False,369.12
860,6-Tetradecyne,CCCCCCCC#CCCCCC,alkene/alkyne,False,528.92
861,"3,3-Dimethyloctane",CCCCCC(C)(C)CC,alkane,False,433.23942
862,"2,4-Dimethyl-1,4-pentadiene",CC(=C)CC(=C)C,alkene/alkyne,False,352.88
863,"1,3-Hexadiyne",CCC#CC#C,alkene/alkyne,False,336.0
864,4-Propyl-3-heptene,CCCC(=CCC)CCC,alkene/alkyne,False,433.65
865,4-Methylhept-3-ene,CCCC(=CCC)C,alkene/alkyne,False,391.0
866,"1,3-Pentadiyne",CC#CC#C,alkene/alkyne,False,328.15
867,3-Ethyl-3-methyl-1-pentene,CCC(C)(CC)C=C,alkene/alkyne,False,383.7
868,"N,N-Dipropyl-2-propyn-1-amine",CCCN(CCC)CC#C,amine,False,408.08
869,(6E)-6-Tridecene,CCCCCCC=CCCCCC,alkene/alkyne,False,501.2
870,"3,7,11-Trimethyl-1-dodecanol",CC(C)CCCC(C)CCCC(C)CCO,alcohol/phenol,False,633.66
871,3-Dodecyne,CCCCCCCCC#CCC,alkene/alkyne,False,492.55
872,6-Tetradecanol,CCCCCCCCC(CCCCC)O,alcohol/phenol,False,611.66
873,6-Dodecyne,CCCCCC#CCCCCC,alkene/alkyne,False,486.15
874,4-Methyl-1-pentyne,CC(C)CC#C,alkene/alkyne,False,334.15
875,"6-Methyl-1,5-heptadiene",CC(=CCCC=C)C,alkene/alkyne,False,392.3
876,"4-Allyl-1,6-heptadien-4-ol",C=CCC(CC=C)(CC=C)O,alcohol/phenol,False,507.39
877,3-Dodecanol,CCCCCCCCCC(CC)O,alcohol/phenol,False,565.9
878,"1,4-Hexadiyne",CC#CCC#C,alkene/alkyne,False,353.7
879,"1,2,4-Pentatriene",C=CC=C=C,alkene/alkyne,False,310.63
880,"2,6-Dimethyldecane",CCCCC(C)CCCC(C)C,alkane,False,471.15
881,"4-Methyl-1,2-pentadiene",CC(C)C=C=C,alkane,False,343.0
882,"1,10-Undecadiene",C=CCCCCCCCC=C,alkene/alkyne,False,462.0
883,"2,2,4,4-Tetramethylpentan-3-ol",CC(C)(C)C(C(C)(C)C)O,alcohol/phenol,False,439.15
884,"2,3,4-Pentanetriol",CC(C(C(C)O)O)O,alcohol/phenol,True,518.0
885,3-Ethyl-2-methylheptane,CCCCC(CC)C(C)C,alkane,False,434.36
886,"Octa-2,4,6-triene",CC=CC=CC=CC,alkene/alkyne,False,420.65
887,"2,5-Dimethyloctane",CCCC(C)CCC(C)C,alkane,False,430.15
888,"3,5-Dimethyloctane",CCCC(C)CC(C)CC,alkane,False,432.55
889,"4,5-Dimethyloctane",CCCC(C)C(C)CCC,alkane,False,435.76386
890,"2,3-Diethyl-1,3-butadiene",CCC(=C)C(=C)CC,alkene/alkyne,False,392.86269
891,"3,5-Octadiyne",CCC#CC#CCC,alkene/alkyne,False,437.0
892,"3,4-Dimethyl-1-hexene",CCC(C)C(C)C=C,alkene/alkyne,False,385.15
893,"3,3-Diethoxy-1-propanol",CCOC(CCO)OCC,alcohol/phenol,False,496.34
894,3-Ethyl-3-hexene,CCC=C(CC)CC,alkene/alkyne,False,389.15
895,2-Methyl-2-octene,CCCCCC=C(C)C,alkene/alkyne,False,418.0
896,3-Ethyl-3-methylheptane,CCCCC(C)(CC)CC,alkane,False,437.00143
897,Di-t-butylacetylene,CC(C)(C)C#CC(C)(C)C,alkene/alkyne,False,430.94
898,"Hepta-1,3,5-triene",CC=CC=CC=C,alkene/alkyne,False,386.65
899,2-Methyl-1-tridecene,CCCCCCCCCCCC(=C)C,alkene/alkyne,False,523.15
900,"2,3-Butadien-1-ol",C=C=CCO,alcohol/phenol,False,401.65
901,2-Nonyne,CCCCCCC#CC,alkene/alkyne,False,432.32942
902,"2,2-Dimethyl-3-heptanol",CCCCC(C(C)(C)C)O,alcohol/phenol,False,494.03
903,"2,4-Dimethyl-3-heptanol",CCCC(C)C(C(C)C)O,alcohol/phenol,False,496.38
904,"3,5-Dimethyl-3-heptanol",CCC(C)CC(C)(CC)O,alcohol/phenol,False,494.03
905,"3,4-Dimethyl-3-hexanol",CCC(C)C(C)(CC)O,alcohol/phenol,False,424.15
906,"2,9-Dimethyl-5-decyne",CC(C)CCC#CCCC(C)C,alkene/alkyne,False,482.28
907,5-Dodecyne,CCCCCCC#CCCCC,alkene/alkyne,False,483.16
908,6-Ethyl-3-decanol,CCCCC(CC)CCC(CC)O,alcohol/phenol,False,498.15
909,3-Ethyl-2-methyl-1-heptene,CCCCC(CC)C(=C)C,alkene/alkyne,False,424.52
910,2-Methyl-3-ethyl-2-heptene,CCCCC(=C(C)C)CC,alkene/alkyne,False,432.32
911,2-Methyl-3-ethyl-2-pentene,CCC(=C(C)C)CC,alkene/alkyne,False,387.9
912,"2,4-Hexanediol",CCC(CC(C)O)O,alcohol/phenol,True,479.15
913,"2,7-Dimethyl-2,7-octanediol",CC(C)(CCCCC(C)(C)O)O,alcohol/phenol,True,606.3
914,6-Ethyl-3-octanol,CCC(CC)CCC(CC)O,alcohol/phenol,False,519.7
915,"2,4-Dimethyl-4-penten-2-ol",CC(=C)CC(C)(C)O,alcohol/phenol,False,405.15
916,3-Nonyne,CCCCCC#CCC,alkene/alkyne,False,429.79928
917,4-Nonyne,CCCCC#CCCC,alkene/alkyne,False,337.76475
918,4-Methyl-2-hexyne,CCC(C)C#CC,alkene/alkyne,False,372.69
919,"2,3,5-Trimethylheptane",CCC(C)CC(C)C(C)C,alkane,False,433.86
920,"3,3,4-Trimethylheptane",CCCC(C)C(C)(C)CC,alkane,False,435.06
921,Tetravinylmethane,C=CC(C=C)(C=C)C=C,alkene/alkyne,False,389.01
922,2-Octyn-1-ol,CCCCCC#CCO,alcohol/phenol,False,483.82
923,"2,4-Heptanediol",CCCC(CC(C)O)O,alcohol/phenol,True,543.24
924,4-Methyl-2-pentyne,CC#CC(C)C,alkene/alkyne,False,346.15
925,4-Dodecyne,CCCCCCCC#CCCC,alkene/alkyne,False,483.16
926,"2,11-Dimethyl-2,11-dodecanediol",CC(C)(CCCCCCCCC(C)(C)O)O,alcohol/phenol,True,697.82
927,"2,3,3-Trimethyl-2-pentanol",CCC(C)(C)C(C)(C)O,alcohol/phenol,False,433.15
928,4-Methyl-4-octanol,CCCCC(C)(CCC)O,alcohol/phenol,False,453.22759
929,"Penta-1,4-diyne",C#CCC#C,alkene/alkyne,False,294.24
930,"2,4-Dimethyl-2,4-pentanediol",CC(C)(CC(C)(C)O)O,alcohol/phenol,True,537.66
931,1-Heptadecyne,CCCCCCCCCCCCCCCC#C,alkene/alkyne,False,572.16
932,2-Tridecyne,CCCCCCCCCCC#CC,alkene/alkyne,False,518.15
933,Propen-2-ol,CC(=C)O,alcohol/phenol,False,356.98
934,"1,2,4,5-Hexatetraene",C=C=CC=C=C,alkane,False,336.78
935,"1,3,4-Hexatriene",CC=C=CC=C,alkene/alkyne,False,387.0
936,5-Methyl-5-nonanol,CCCCC(C)(CCCC)O,alcohol/phenol,False,475.15
937,1-Nonen-4-ol,CCCCCC(CC=C)O,alcohol/phenol,False,493.94
938,7-Tetradecyne,CCCCCCC#CCCCCCC,alkene/alkyne,False,528.92
939,9-Octadecyne,CCCCCCCCC#CCCCCCCCC,alkene/alkyne,False,415.0
940,Tri-t-butylmethane,CC(C)(C)C(C(C)(C)C)C(C)(C)C,alkane,False,486.91
941,7-Methyl-3-octyne,CCC#CCCC(C)C,alkene/alkyne,False,414.08
942,"2,2,6,6-Tetramethylheptane",CC(C)(C)CCCC(C)(C)C,alkane,False,436.15
943,3-Methyl-1-hexyne,CCCC(C)C#C,alkene/alkyne,False,358.15
944,6-Tridecyne,CCCCCCC#CCCCCC,alkene/alkyne,False,506.04
945,3-Methyl-6-hepten-1-yn-3-ol,CC(CCC=C)(C#C)O,alcohol/phenol,False,458.39
946,6-Methyl-3-heptyne,CCC#CCC(C)C,alkene/alkyne,False,391.2
947,4-Methyl-2-heptanol,CCCC(C)CC(C)O,alcohol/phenol,False,444.15
948,"4,5-Dipropyl-4-octene",CCCC(=C(CCC)CCC)CCC,alkene/alkyne,False,523.84
949,5-Tridecanol,CCCCCCCCC(CCCC)O,alcohol/phenol,False,588.78
950,5-Methyl-4-octanol,CCCC(C)C(CCC)O,alcohol/phenol,False,496.82
951,3-Tridecyne,CCCCCCCCCC#CCC,alkene/alkyne,False,511.15
952,4-Tridecyne,CCCCCCCCC#CCCC,alkene/alkyne,False,506.04
953,5-Tridecyne,CCCCCCCC#CCCCC,alkene/alkyne,False,506.04
954,2-Undecyne,CCCCCCCCC#CC,alkene/alkyne,False,479.15
955,3-Undecyne,CCCCCCCC#CCC,alkene/alkyne,False,473.15
956,4-Undecyne,CCCCCCC#CCCC,alkene/alkyne,False,471.65
957,3-Tetradecyne,CCCCCCCCCCC#CCC,alkene/alkyne,False,528.15
958,5-Tetradecyne,CCCCCCCCC#CCCCC,alkene/alkyne,False,528.92
959,"2,2,4,4,5-Pentamethylhexane",CC(C)C(C)(C)CC(C)(C)C,alkane,False,449.15
960,"2,4,6-Trimethyl-4-heptanol",CC(C)CC(C)(CC(C)C)O,alcohol/phenol,False,455.15
961,"2,2,7,7-Tetramethyl-3,4-octadiene",CC(C)(C)CC=C=CC(C)(C)C,alkane,False,475.13
962,"2,2,5,5-Tetramethylheptane",CCC(C)(C)CCC(C)(C)C,alkane,False,439.15
963,"3,3,5,5-Tetramethylheptane",CCC(C)(C)CC(C)(C)CC,alkane,False,453.15
964,"3,3,6,6-Tetramethyloctane",CCC(C)(C)CCC(C)(C)CC,alkane,False,462.9
965,"1,1,2,2-Tetra-t-butylethane",CC(C)(C)C(C(C(C)(C)C)C(C)(C)C)C(C)(C)C,alkane,False,597.64
966,"4,4,6,6-Tetramethylnonane",CCCC(C)(C)CC(C)(C)CCC,alkane,False,490.58
967,"3,5-Dimethyl-3,5-diethylheptane",CCC(C)(CC)CC(C)(CC)CC,alkane,False,490.58
968,"5,5,7,7-Tetramethylundecane",CCCCC(C)(C)CC(C)(C)CCCC,alkane,False,536.34
969,"4,6-Diethyl-4,6-dimethylnonane",CCCC(C)(CC)CC(C)(CC)CCC,alkane,False,536.34
970,6-Methyl-6-hepten-4-yn-3-ol,CCC(C#CC(=C)C)O,alcohol/phenol,False,479.94
971,"2,2,5,5,8,8-Hexamethylnona-3,6-diyne",CC(C)(C)C#CC(C)(C)C#CC(C)(C)C,alkene/alkyne,False,551.11
972,"1,3-Pentanediol",CCC(CCO)O,alcohol/phenol,True,497.92
973,1-Nonacosene,CCCCCCCCCCCCCCCCCCCCCCCCCCCC=C,alkene/alkyne,True,859.8
974,trans-4-Methyl-2-pentene,C/C=C/C(C)C,alkene/alkyne,False,331.73
975,"2-Butene-1,4-diol",C(/C=C/CO)O,alcohol/phenol,True,404.15
976,"2,2-Dimethylundecane",CCCCCCCCCC(C)(C)C,alkane,False,494.15
977,4-Methylhexadecane,CCCCCCCCCCCCC(C)CCC,alkane,False,588.12
978,1-Tricosene,CCCCCCCCCCCCCCCCCCCCCC=C,alkene/alkyne,True,652.15
979,"3,4-Dimethylpentan-2-ol",CC(C)C(C)C(C)O,alcohol/phenol,False,426.15
980,"2,2,3-Trimethyloctane",CCCCCC(C)C(C)(C)C,alkane,False,452.15
981,"2,3,5-Trimethyloctane",CCCC(C)CC(C)C(C)C,alkane,False,450.15
982,"2-Isopropylpropane-1,3-diol",CC(C)C(CO)CO,alcohol/phenol,True,520.36
983,"2,3-Dimethylbutan-2-amine",CC(C)C(C)(C)N,amine,False,446.65
984,"1,3-Hexanediol",CCCC(CCO)O,alcohol/phenol,True,520.8
985,Isohexylamine,CC(C)CCCN,amine,False,396.75
986,"meso-2,3-Butanediol",C[C@H]([C@H](C)O)O,alcohol/phenol,True,456.65
987,2-Methyl-1-heptanol,CCCCCC(C)CO,alcohol/phenol,False,453.15
988,"3,9-Diethyl-6-tridecanol",CCCCC(CC)CCC(CCC(CC)CC)O,alcohol/phenol,False,582.15
989,"(R,R)-2,3-butanediol",C[C@H]([C@@H](C)O)O,alcohol/phenol,True,350.5
990,"1,4,7-Heptanetriol",C(CC(CCCO)O)CO,alcohol/phenol,True,635.86
991,"3-Ethyl-2,4-dimethylpentan-3-ol",CCC(C(C)C)(C(C)C)O,alcohol/phenol,False,451.05
992,Propargylamine,C#CCN,amine,False,357.15
993,"2,6-Dimethyl-5-hepten-1-ol",CC(CCC=C(C)C)CO,alcohol/phenol,False,501.3
994,7-n-Propyltridecane,CCCCCCC(CCC)CCCCCC,alkane,False,565.24
995,"3-Methyl-1,3-butanediol",CC(C)(CCO)O,alcohol/phenol,True,481.15
996,"R-1,2-Propanediol",C[C@H](CO)O,alcohol/phenol,True,461.15
997,17-n-Hexadecyltetratriacontane,CCCCCCCCCCCCCCCCCC(CCCCCCCCCCCCCCCC)CCCCCCCCCCCCCCCC,alkane,True,1343.16
998,2-Methyltricosane,CCCCCCCCCCCCCCCCCCCCCC(C)C,alkane,True,480.9
999,8-Methylheptadecane,CCCCCCCCCC(C)CCCCCCC,alkane,True,611.0
1000,7-Methylhexadecane,CCCCCCCCCC(C)CCCCCC,alkane,False,588.12
1001,3-Ethyltetracosane,CCCCCCCCCCCCCCCCCCCCCC(CC)CC,alkane,True,794.04
1002,7-Hexyltridecane,CCCCCCC(CCCCCC)CCCCCC,alkane,True,633.88
1003,5-Butylnonane,CCCCC(CCCC)CCCC,alkane,False,492.15
1004,"3,3-Dimethyl-1-pentyne",CCC(C)(C)C#C,alkene/alkyne,False,343.15
1005,"1,6-Heptadiyne",C#CCCCC#C,alkene/alkyne,False,384.15
1006,"N,N-Dimethyl neopentylamine",CC(C)(C)CN(C)C,amine,False,368.97
1007,"N,N-diethylhexadecylamine",CCCCCCCCCCCCCCCCN(CC)CC,amine,True,472.65
1008,"(2S,3S)-butane-2,3-diol",C[C@@H]([C@H](C)O)O,alcohol/phenol,True,453.65
1009,Lycopene,CC(=CCC/C(=C/C=C/C(=C/C=C/C(=C/C=C/C=C(/C=C/C=C(/C=C/C=C(/CCC=C(C)C)\C)\C)\C)/C)/C)/C)C,alkene/alkyne,True,1167.92
1010,"(S)-butane-1,3-diol",C[C@@H](CCO)O,alcohol/phenol,True,475.04
1011,"3,3-Diethylhexane",CCCC(CC)(CC)CC,alkane,False,439.45
1012,"2,9-Dimethyldecane",CC(C)CCCCCCC(C)C,alkane,False,477.15
1013,4-Methyloctadecane,CCCCCCCCCCCCCCC(C)CCC,alkane,True,633.88
1014,3-Methyl-1-heptanol,CCCCC(C)CCO,alcohol/phenol,False,459.15
1015,"2,2,6-Trimethylheptane",CC(C)CCCC(C)(C)C,alkane,False,422.15
1016,2-Methyl-1-hepten-3-ol,CCCCC(C(=C)C)O,alcohol/phenol,False,470.94
1017,7-Methyl-3-methylene-6-octen-1-ol,CC(=CCCC(=C)CCO)C,alcohol/phenol,False,521.18
1018,7-Methyl-1-octene,CC(C)CCCCC=C,alkene/alkyne,False,412.15
1019,4-Methyl-1-octene,CCCCC(C)CC=C,alkene/alkyne,False,401.76
1020,2-Methyl-1-decene,CCCCCCCCC(=C)C,alkene/alkyne,False,463.85
1021,4-Methyl-1-decene,CCCCCCC(C)CC=C,alkene/alkyne,False,447.52
1022,Ethyl isobutyl amine,CCNCC(C)C,amine,False,361.70537
1023,3-Ethyltridecane,CCCCCCCCCCC(CC)CC,alkane,False,542.36
1024,"2,4-Dimethyl-3-isopropylpentane",CC(C)C(C(C)C)C(C)C,alkane,False,430.15
1025,3-Methyltritriacontane,CCCCCCCCCCCCCCCCCCCCCCCCCCCCCCC(C)CC,alkane,True,977.08
1026,"2,4-Dimethyl-2-hexene",CCC(C)C=C(C)C,alkene/alkyne,False,384.0
1027,"1,19-Eicosadiene",C=CCCCCCCCCCCCCCCCCC=C,alkene/alkyne,True,650.56
1028,2-Methyldocosane,CCCCCCCCCCCCCCCCCCCCC(C)C,alkane,True,725.4
1029,2-Methyleicosane,CCCCCCCCCCCCCCCCCCC(C)C,alkane,True,679.64
1030,2-Methyloctacosane,CCCCCCCCCCCCCCCCCCCCCCCCCCC(C)C,alkane,True,862.68
1031,3-Decanol,CCCCCCCC(CC)O,alcohol/phenol,False,490.15
1032,11-Methylheptacosane,CCCCCCCCCCCCCCCCC(C)CCCCCCCCCC,alkane,True,839.8
1033,13-Methylheptacosane,CCCCCCCCCCCCCCC(C)CCCCCCCCCCCC,alkane,True,839.8
1034,4-Ethyl-5-methylnonane,CCCCC(C)C(CC)CCC,alkane,False,472.15
1035,"4,5-Diethyloctane",CCCC(CC)C(CC)CCC,alkane,False,466.15
1036,"5,6-Dimethyldecane",CCCCC(C)C(C)CCCC,alkane,False,474.15
1037,2-Methyl-1-dodecene,CCCCCCCCCCC(=C)C,alkene/alkyne,False,504.45
1038,"2,7-Dimethyl-2,6-octadiene",CC(=CCCC=C(C)C)C,alkene/alkyne,False,439.88857
1039,"2,4-Dimethyl-1-hexene",CCC(C)CC(=C)C,alkene/alkyne,False,384.35
1040,"2,2,3,3,4-Pentamethylpentane",CC(C)C(C)(C)C(C)(C)C,alkane,False,439.15
1041,"2,2,3,4,4-Pentamethylpentane",CC(C(C)(C)C)C(C)(C)C,alkane,False,432.15
1042,"2,7-Dimethylundecane",CCCCC(C)CCCCC(C)C,alkane,False,496.16
1043,"2,8-Dimethylundecane",CCCC(C)CCCCCC(C)C,alkane,False,496.16
1044,"2,9-Dimethylundecane",CCC(C)CCCCCCC(C)C,alkane,False,496.16
1045,"3,7-Dimethylundecane",CCCCC(C)CCCC(C)CC,alkane,False,496.16
1046,"3,9-Dimethylundecane",CCC(C)CCCCCC(C)CC,alkane,False,496.16
1047,"4,7-Dimethylundecane",CCCCC(C)CCC(C)CCC,alkane,False,496.16
1048,4-Ethyl-4-methylheptane,CCCC(C)(CC)CCC,alkane,False,433.96
1049,6-Methylundecane,CCCCCC(C)CCCCC,alkane,False,479.15
1050,"2,5-Dimethyldecane",CCCCCC(C)CCC(C)C,alkane,False,471.15
1051,"3,6-Dimethyldecane",CCCCC(C)CCC(C)CC,alkane,False,474.15
1052,"3,8-Dimethyldecane",CCC(C)CCCCC(C)CC,alkane,False,478.15
1053,3-Ethylundecane,CCCCCCCCC(CC)CC,alkane,False,496.6
1054,"4,4-Dipropylheptane",CCCC(CCC)(CCC)CCC,alkane,False,493.81
1055,"2,3-Dimethylundecane",CCCCCCCCC(C)C(C)C,alkane,False,501.15
1056,"3,4-Dimethylundecane",CCCCCCCC(C)C(C)CC,alkane,False,496.16
1057,"3,5-Dimethylundecane",CCCCCCC(C)CC(C)CC,alkane,False,496.16
1058,"5,7-Dimethylundecane",CCCCC(C)CC(C)CCCC,alkane,False,496.16
1059,5-Methyldodecane,CCCCCCCC(C)CCCC,alkane,False,496.6
1060,"5,6-Dimethylundecane",CCCCCC(C)C(C)CCCC,alkane,False,496.16
1061,"2-Ethyl-3,3-dimethylbut-1-ene",CCC(=C)C(C)(C)C,alkene/alkyne,False,390.03498
1062,"2,2,4-Trimethyloctane",CCCCC(C)CC(C)(C)C,alkane,False,443.15834
1063,3-Ethyl-2-methyl-2-pentanol,CCC(CC)C(C)(C)O,alcohol/phenol,False,429.15
1064,5-Ethyl-3-nonanol,CCCCC(CC)CC(CC)O,alcohol/phenol,False,498.55
1065,"3,4,4-Trimethylheptane",CCCC(C)(C)C(C)CC,alkane,False,434.26
1066,"3-Ethyl-2,2-dimethylhexane",CCCC(CC)C(C)(C)C,alkane,False,429.26
1067,Dodec-4-ene,CCCCCCCC=CCCC,alkene/alkyne,False,478.32
1068,Santolina alcohol,CC(=CC(C=C)C(C)(C)O)C,alcohol/phenol,False,517.63
1069,2-Methyl-2-nonene,CCCCCCC=C(C)C,alkene/alkyne,False,444.15
1070,"1,15-Hexadecadiene",C=CCCCCCCCCCCCCC=C,alkene/alkyne,False,559.04
1071,1-Undecyn-4-ol,CCCCCCCC(CC#C)O,alcohol/phenol,False,533.14
1072,10-Methyl-1-undecene,CC(C)CCCCCCCC=C,alkene/alkyne,False,470.4
1073,"1,2-Nonadiene",CCCCCCC=C=C,alkane,False,405.47
1074,"2,3-Hexanediol",CCCC(C(C)O)O,alcohol/phenol,True,478.15
1075,"2,2-Dimethyl-1-octanol",CCCCCCC(C)(C)CO,alcohol/phenol,False,484.15
1076,4-Methyltetradecane,CCCCCCCCCCC(C)CCC,alkane,False,542.36
1077,4-Methylnonadecane,CCCCCCCCCCCCCCCC(C)CCC,alkane,True,656.76
1078,4-Methylheptadecane,CCCCCCCCCCCCCC(C)CCC,alkane,True,611.0
1079,"2,4-Dimethyldecane",CCCCCCC(C)CC(C)C,alkane,False,473.15
1080,"2-Methylhexa-2,4-diene",CC=CC=C(C)C,alkene/alkyne,False,382.35
1081,"2,3-Dimethylnonane",CCCCCCC(C)C(C)C,alkane,False,448.0
1082,4-Methylundecane,CCCCCCCC(C)CCC,alkane,False,483.0
1083,2-Methyl-1-pentadecene,CCCCCCCCCCCCCC(=C)C,alkene/alkyne,False,557.15
1084,"2,3,4-Trimethyl-3-pentanol",CC(C)C(C)(C(C)C)O,alcohol/phenol,False,429.65
1085,"2,6-Dimethyl-6-hepten-2-ol",CC(=C)CCCC(C)(C)O,alcohol/phenol,False,491.03
1086,2-Ethyl-1-pentene,CCCC(=C)CC,alkene/alkyne,False,367.15
1087,"3,5-Dimethylhex-2-ene",CC=C(C)CC(C)C,alkene/alkyne,False,385.15
1088,2-Ethyl-4-methyl-1-pentene,CCC(=C)CC(C)C,alkene/alkyne,False,383.45
1089,11-Dodecen-1-ol,C=CCCCCCCCCCCO,alcohol/phenol,False,563.02
1090,11-Methylhentriacontane,CCCCCCCCCCCCCCCCCCCCC(C)CCCCCCCCCC,alkane,True,931.32
1091,2-Methyl-3-hexyne,CCC#CC(C)C,alkene/alkyne,False,367.15
1092,6-Methyloctan-1-ol,CCC(C)CCCCCO,alcohol/phenol,False,479.15
1093,2-Methyl-n-propyl-1-propanamine,CCCNCC(C)C,amine,False,397.15
1094,"3,3-Dimethylheptane",CCCCC(C)(C)CC,alkane,False,410.15
1095,N-Methylisoamylamine,CC(C)CCNC,amine,False,377.15
1096,N-tert-Butylethylamine,CCNC(C)(C)C,amine,False,359.15
1097,"N,N-Dipropyl-1-butanamine",CCCCN(CCC)CCC,amine,False,440.84
1098,"3,4-Dimethyl-1,5-hexadiene",CC(C=C)C(C)C=C,alkene/alkyne,False,374.95
1099,"2,2,4,4-Tetramethylhexane",CCC(C)(C)CC(C)(C)C,alkane,False,426.96
1100,2-Methyl-1-tetradecene,CCCCCCCCCCCCC(=C)C,alkene/alkyne,False,540.15
1101,4-Ethyl-2-methylheptane,CCCC(CC)CC(C)C,alkane,False,429.36
1102,4-Ethyl-3-methylheptane,CCCC(CC)C(C)CC,alkane,False,435.36
1103,3-Ethyl-4-methylheptane,CCCC(C)C(CC)CC,alkane,False,436.16
1104,"2,2,3-Trimethylheptane",CCCCC(C)C(C)(C)C,alkane,False,430.76
1105,"2,3,3-Trimethylheptane",CCCCC(C)(C)C(C)C,alkane,False,433.2
1106,"3-Ethyl-2,3-dimethylhexane",CCCC(C)(CC)C(C)C,alkane,False,436.86
1107,"4-Ethyl-2,3-dimethylhexane",CCC(CC)C(C)C(C)C,alkane,False,434.06
1108,"4-Ethyl-2,4-dimethylhexane",CCC(C)(CC)CC(C)C,alkane,False,434.26
1109,"3-Ethyl-2,5-dimethylhexane",CCC(CC(C)C)C(C)C,alkane,False,427.26
1110,"4-Ethyl-3,3-dimethylhexane",CCC(CC)C(C)(C)CC,alkane,False,436.06
1111,"3-Ethyl-3,4-dimethylhexane",CCC(C)C(C)(CC)CC,alkane,False,435.26
1112,"2,2,3,4-Tetramethylhexane",CCC(C)C(C)C(C)(C)C,alkane,False,429.88033
1113,"2,2,3,5-Tetramethylhexane",CC(C)CC(C)C(C)(C)C,alkane,False,421.81711
1114,"2,3,3,4-Tetramethylhexane",CCC(C)C(C)(C)C(C)C,alkane,False,437.74
1115,"2,3,3,5-Tetramethylhexane",CC(C)CC(C)(C)C(C)C,alkane,False,426.0
1116,"2,3,4,4-Tetramethylhexane",CCC(C)(C)C(C)C(C)C,alkane,False,435.31525
1117,"2,3,4,5-Tetramethylhexane",CC(C)C(C)C(C)C(C)C,alkane,False,428.93767
1118,"3,3-Diethyl-2-methylpentane",CCC(CC)(CC)C(C)C,alkane,False,442.86
1119,"3-Ethyl-2,2,3-trimethylpentane",CCC(C)(CC)C(C)(C)C,alkane,False,442.66
1120,"3-Ethyl-2,2,4-trimethylpentane",CCC(C(C)C)C(C)(C)C,alkane,False,428.45
1121,"3-Ethyl-2,3,4-trimethylpentane",CCC(C)(C(C)C)C(C)C,alkane,False,442.59
1122,2-Methyl-3-nonene,CCCCCC=CC(C)C,alkene/alkyne,False,434.15
1123,"2,6,10,14-Tetramethyloctadecane",CCCCC(C)CCCC(C)CCCC(C)CCCC(C)C,alkane,True,701.2
1124,"2,6-Dimethyl-2-heptene",CC(C)CCC=C(C)C,alkene/alkyne,False,409.0
1125,"3,3,4-Trimethylpent-1-ene",CC(C)C(C)(C)C=C,alkene/alkyne,False,378.17949
1126,"3,4,4-Trimethylpent-1-ene",CC(C=C)C(C)(C)C,alkene/alkyne,False,377.0
1127,"2,6,10,14-Tetramethyl-2-hexadecene",CCC(C)CCCC(C)CCCC(C)CCC=C(C)C,alkene/alkyne,False,659.92
1128,"11,15-Dimethylhentriacontane",CCCCCCCCCCCCCCCCC(C)CCCC(C)CCCCCCCCCC,alkane,True,953.76
1129,"13,17-Dimethylhentriacontane",CCCCCCCCCCCCCCC(C)CCCC(C)CCCCCCCCCCCC,alkane,True,953.76
1130,13-Methyltritriacontane,CCCCCCCCCCCCCCCCCCCCC(C)CCCCCCCCCCCC,alkane,True,977.08
1131,"11,15-Dimethyltritriacontane",CCCCCCCCCCCCCCCCCCC(C)CCCC(C)CCCCCCCCCC,alkane,True,999.52
1132,"15,19-Dimethyltritriacontane",CCCCCCCCCCCCCCC(C)CCCC(C)CCCCCCCCCCCCCC,alkane,True,999.52
1133,"11,15-Dimethylpentatriacontane",CCCCCCCCCCCCCCCCCCCCC(C)CCCC(C)CCCCCCCCCC,alkane,True,1045.28
1134,"15,19-Dimethylpentatriacontane",CCCCCCCCCCCCCCCCC(C)CCCC(C)CCCCCCCCCCCCCC,alkane,True,1045.28
1135,"15,19-Dimethylheptatriacontane",CCCCCCCCCCCCCCCCCCC(C)CCCC(C)CCCCCCCCCCCCCC,alkane,True,1091.04
1136,12-Methyldotriacontane,CCCCCCCCCCCCCCCCCCCCC(C)CCCCCCCCCCC,alkane,True,954.2
1137,14-Methyldotriacontane,CCCCCCCCCCCCCCCCCCC(C)CCCCCCCCCCCCC,alkane,True,954.2
1138,9-Methyltritriacontane,CCCCCCCCCCCCCCCCCCCCCCCCC(C)CCCCCCCC,alkane,True,977.08
1139,17-Methyltritriacontane,CCCCCCCCCCCCCCCCC(C)CCCCCCCCCCCCCCCC,alkane,True,977.08
1140,Diethylisopropylamine,CCN(CC)C(C)C,amine,False,381.65
1141,"5,5-Dibutylnonane",CCCCC(CCCC)(CCCC)CCCC,alkane,False,585.33
1142,4-Tetradecyne,CCCCCCCCCC#CCCC,alkene/alkyne,False,528.92
1143,2-Methyl-3-undecanol,CCCCCCCCC(C(C)C)O,alcohol/phenol,False,509.15
1144,"2,6-Dimethyl-2,5-heptadiene",CC(=CCC=C(C)C)C,alkene/alkyne,False,413.6
1145,8-Methyl-1-decene,CCC(C)CCCCCC=C,alkene/alkyne,False,447.52
1146,"2,3-Dimethyldodecane",CCCCCCCCCC(C)C(C)C,alkane,False,520.15
1147,"2,4-Dimethyldodecane",CCCCCCCCC(C)CC(C)C,alkane,False,507.15
1148,5-Methyl-3-heptyne,CCC#CC(C)CC,alkene/alkyne,False,391.2
1149,2-(Pentyloxy)ethanol,CCCCCOCCO,alcohol/phenol,False,458.15
1150,"2,2,6-Trimethyloctane",CCC(C)CCCC(C)(C)C,alkane,False,447.15
1151,"2,2,8-Trimethyldecane",CCC(C)CCCCCC(C)(C)C,alkane,False,493.37
1152,3-Methylheneicosane,CCCCCCCCCCCCCCCCCCC(C)CC,alkane,True,702.52
1153,"3,4,4-Trimethylhexan-3-ol",CCC(C)(C)C(C)(CC)O,alcohol/phenol,False,438.65
1154,"2,4,4-Trimethyl-3-hexanol",CCC(C)(C)C(C(C)C)O,alcohol/phenol,False,444.86543
1155,"2,6-Dimethyl 1,7-octadiene",CC(CCCC(=C)C)C=C,alkene/alkyne,False,421.2
1156,Tritetracontane,CCCCCCCCCCCCCCCCCCCCCCCCCCCCCCCCCCCCCCCCCCC,alkane,True,815.65
1157,5-Octadecyne,CCCCCCCCCCCCC#CCCCC,alkene/alkyne,False,620.44
1158,"3-Ethyl-2,4-dimethylhexane",CCC(C)C(CC)C(C)C,alkane,False,433.26
1159,13-Methylnonacosane,CCCCCCCCCCCCCCCCC(C)CCCCCCCCCCCC,alkane,True,885.56
1160,11-Methylnonacosane,CCCCCCCCCCCCCCCCCCC(C)CCCCCCCCCC,alkane,True,885.56
1161,"3,5-Dimethyl-1-hexene",CC(C)CC(C)C=C,alkene/alkyne,False,377.15
1162,8-Methyl-1-undecene,CCCC(C)CCCCCC=C,alkene/alkyne,False,470.4
1163,7-Methyl-1-undecene,CCCCC(C)CCCCC=C,alkene/alkyne,False,470.4
1164,"2,5-Dimethyl-1,4-hexadiene",CC(=CCC(=C)C)C,alkene/alkyne,False,389.7
1165,5-Propylnonane,CCCCC(CCC)CCCC,alkane,False,470.15
1166,"2,8-Dimethyl-1,8-nonadiene",CC(=C)CCCCCC(=C)C,alkene/alkyne,False,444.4
1167,"2,4-Dimethylnonane",CCCCCC(C)CC(C)C,alkane,False,451.15
1168,"4,4-Diethylheptane",CCCC(CC)(CC)CCC,alkane,False,456.46543
1169,"3,6-Diethyl-octane",CCC(CC)CCC(CC)CC,alkane,False,476.0
1170,"3,6-Dimethyl-3-ethyl-octane",CCC(C)CCC(C)(CC)CC,alkane,False,472.15
1171,3-Methyl-7-ethyl-nonane,CCC(C)CCCC(CC)CC,alkane,False,473.15
1172,"3,4,5,6-Tetramethyloctane",CCC(C)C(C)C(C)C(C)CC,alkane,False,472.15
1173,"3,4,7-Trimethylnonane",CCC(C)CCC(C)C(C)CC,alkane,False,473.15
1174,"3,4-Dimethyl-3,4-diethyl-hexane",CCC(C)(CC)C(C)(CC)CC,alkane,False,483.15
1175,"3-Methyl, 3,5-diethyl, heptane",CCC(CC)CC(C)(CC)CC,alkane,False,470.15
1176,Allyldipropylamine,CCCN(CCC)CC=C,amine,False,414.64
1177,2-Methyl-1-nonadecene,CCCCCCCCCCCCCCCCCC(=C)C,alkene/alkyne,True,653.76
1178,8-Methyl-1-nonene,CC(C)CCCCCC=C,alkene/alkyne,False,424.64
1179,4-Ethylnonane,CCCCCC(CC)CCC,alkane,False,457.15
1180,"3,5-Dimethyldecane",CCCCCC(C)CC(C)CC,alkane,False,473.15
1181,"4,6-Dimethyldecane",CCCCC(C)CC(C)CCC,alkane,False,471.15
1182,"4,7-Dimethyldecane",CCCC(C)CCC(C)CCC,alkane,False,472.15
1183,2-Methylhenicosane,CCCCCCCCCCCCCCCCCCCC(C)C,alkane,True,702.52
1184,1-Heptacosene,CCCCCCCCCCCCCCCCCCCCCCCCCC=C,alkene/alkyne,True,694.15
1185,1-Pentacosene,CCCCCCCCCCCCCCCCCCCCCCCC=C,alkene/alkyne,True,674.15
1186,1-Hentriacontene,CCCCCCCCCCCCCCCCCCCCCCCCCCCCCC=C,alkene/alkyne,True,730.15
1187,4-Methyl-1-hexyne,CCC(C)CC#C,alkene/alkyne,False,364.15
1188,"3-Isopropenyl-2,5-dimethyl-3,4-hexadien-2-ol",CC(=C=C(C(=C)C)C(C)(C)O)C,alcohol/phenol,False,543.98
1189,"3,3-Dimethylnonane",CCCCCCC(C)(C)CC,alkane,False,455.15
1190,3-Ethyldecane,CCCCCCCC(CC)CC,alkane,False,480.22385
1191,3-Ethylnonane,CCCCCCC(CC)CC,alkane,False,461.15
1192,7-Methyltetradecane,CCCCCCCC(C)CCCCCC,alkane,False,542.36
1193,10-Methylnonadecane,CCCCCCCCCC(C)CCCCCCCCC,alkane,True,656.76
1194,2-Heptyn-1-ol,CCCCC#CCO,alcohol/phenol,False,460.94
1195,"2,3,3-Trimethyloctane",CCCCCC(C)(C)C(C)C,alkane,False,455.15
1196,"3-Ethyl-2,7-dimethyloctane",CCC(CCCC(C)C)C(C)C,alkane,False,469.15
1197,3-Ethyl-3-methyl-2-pentanol,CCC(C)(CC)C(C)O,alcohol/phenol,False,471.15
1198,3-Methyl-2-octanol,CCCCCC(C)C(C)O,alcohol/phenol,False,496.82
1199,"3,7-Dimethyloct-7-en-1-ol",CC(CCCC(=C)C)CCO,alcohol/phenol,False,516.7
1200,2-Methyl-5-undecanol,CCCCCCC(CCC(C)C)O,alcohol/phenol,False,565.46
1201,"2,5,6-Trimethyloctane",CCC(C)C(C)CCC(C)C,alkane,False,451.15
1202,"2,4,6-Trimethyloctane",CCC(C)CC(C)CC(C)C,alkane,False,447.15
1203,"2,2,3,5-Tetramethylheptane",CCC(C)CC(C)C(C)(C)C,alkane,False,447.15
1204,"13,17,21-Trimethylheptatriacontane",CCCCCCCCCCCCCCCCC(C)CCCC(C)CCCC(C)CCCCCCCCCCCC,alkane,True,1113.48
1205,3-Methyl-5-propylnonane,CCCCC(CCC)CC(C)CC,alkane,False,496.16
1206,N-Ethylpentylamine,CCCCCNCC,amine,False,409.15
1207,"N,N-Dimethylnonylamine",CCCCCCCCCN(C)C,amine,False,488.15
1208,"N,N-Diisopropylmethylamine",CC(C)N(C)C(C)C,amine,False,383.65
1209,3-Hexadecyne,CCCCCCCCCCCCC#CCC,alkene/alkyne,False,559.15
1210,"2,6-Dimethylocta-1,7-diene-3,6-diol",CC(=C)C(CCC(C)(C=C)O)O,alcohol/phenol,True,602.33
1211,"2,3,4-Trimethyl-1-pentanol",CC(C)C(C)C(C)CO,alcohol/phenol,False,456.15
1212,"2,2-Dimethyl-3-octyne",CCCCC#CC(C)(C)C,alkene/alkyne,False,434.17
1213,"7-Methyl-1,6-octadiene",CC(=CCCCC=C)C,alkene/alkyne,False,416.85
1214,N-Methyldipropylamine,CCCN(C)CCC,amine,False,388.4
1215,"2,4-Dimethyl-4-octanol",CCCCC(C)(CC(C)C)O,alcohol/phenol,False,516.91
1216,"(R)-butane-1,3-diol",C[C@H](CCO)O,alcohol/phenol,True,475.04
1217,trans-5-Decene,CCCC/C=C/CCCC,alkene/alkyne,False,444.45
1218,trans-3-Hexene,CC/C=C/CC,alkene/alkyne,False,340.21
1219,"2,5-Dimethyl-3-hexene",CC(C)/C=C/C(C)C,alkene/alkyne,False,375.21134
1220,"trans-3,4-Dimethyl-2-pentene",C/C=C(\C)/C(C)C,alkene/alkyne,False,364.15
1221,"3-Methyl-1,3-pentadiene",C/C=C(\C)/C=C,alkene/alkyne,False,350.15
1222,"2,4-Hexadiene",C/C=C/C=C/C,alkene/alkyne,False,353.15
1223,Squalene,CC(=CCC/C(=C/CC/C(=C/CC/C=C(/CC/C=C(/CCC=C(C)C)\C)\C)/C)/C)C,alkene/alkyne,True,694.45
1224,(R)-(+)-3-Butyn-2-ol,C[C@H](C#C)O,alcohol/phenol,False,382.65
1225,trans-3-Octene,CCCC/C=C/CC,alkene/alkyne,False,396.35
1226,trans-2-Hexene,CCC/C=C/C,alkene/alkyne,False,341.15
1227,trans-2-Heptene,CCCC/C=C/C,alkene/alkyne,False,371.15
1228,(S)-(+)-3-Methyl-1-pentanol,CC[C@H](C)CCO,alcohol/phenol,False,426.0
1229,4-Hexen-1-OL,C/C=C/CCCO,alcohol/phenol,False,432.15
1230,"2,4-Hexadien-1-OL",C/C=C/C=C/CO,alcohol/phenol,False,437.38
1231,trans-3-Methyl-2-pentene,CC/C(=C/C)/C,alkene/alkyne,False,340.82
1232,cis-3-Hexene,CC/C=C\CC,alkene/alkyne,False,339.55
1233,"cis-3,4-Dimethyl-2-pentene",C/C=C(/C)\C(C)C,alkene/alkyne,False,365.15
1234,"cis,trans-Hexa-2,4-diene",C/C=C/C=C\C,alkene/alkyne,False,356.15
1235,2-Buten-1-ol,C/C=C\CO,alcohol/phenol,False,396.15
1236,"cis-2-Butene-1,4-Diol",C(/C=C\CO)O,alcohol/phenol,True,508.15
1237,Nerol,CC(=CCC/C(=C\CO)/C)C,alcohol/phenol,False,502.15
1238,cis-2-Hexene,CCC/C=C\C,alkene/alkyne,False,342.05
1239,cis-2-Heptene,CCCC/C=C\C,alkene/alkyne,False,370.15
1240,"(3S)-3,5-dimethylhex-1-yn-3-ol",CC(C)C[C@@](C)(C#C)O,alcohol/phenol,False,421.15
1241,(3R)-3-methylhex-1-yn-3-ol,CCC[C@](C)(C#C)O,alcohol/phenol,False,410.15
1242,"(2Z,6E)-Farnesol",CC(=CCC/C(=C/CC/C(=C\CO)/C)/C)C,alcohol/phenol,False,647.1
1243,2-(2-Octoxyethoxy)ethanol,CCCCCCCCOCCOCCO,alcohol/phenol,False,611.18
1244,(S)-(+)-2-Octanol,CCCCCC[C@H](C)O,alcohol/phenol,False,449.65
1245,(S)-(+)-2-Heptanol,CCCCC[C@H](C)O,alcohol/phenol,False,431.4
1246,(S)-1-Octen-3-ol,CCCCC[C@@H](C=C)O,alcohol/phenol,False,447.15
1247,1-Heneicosene,CCCCCCCCCCCCCCCCCCCC=C,alkene/alkyne,True,676.76
1248,Undec-1-en-3-ol,CCCCCCCCC(C=C)O,alcohol/phenol,False,539.7
1249,"3-Methylpentane-2,3-diol",CCC(C)(C(C)O)O,alcohol/phenol,True,517.57
1250,4-Methyl-2-propylhexan-1-ol,CCCC(CC(C)CC)CO,alcohol/phenol,False,481.65
1251,"3,7,11,15-Tetramethylhexadecan-3-ol",CCC(C)(CCCC(C)CCCC(C)CCCC(C)C)O,alcohol/phenol,False,744.83
1252,"(E)-3,4-Dimethylhex-3-ene",CC/C(=C(\C)/CC)/C,alkene/alkyne,False,392.4
1253,(3-Methylpentyl)amine,CCC(C)CCN,amine,False,395.15
1254,(2S)-2-butoxybutan-1-ol,CCCCO[C@@H](CC)CO,alcohol/phenol,False,496.8
1255,"3-Ethyl-2,2-dimethyl-3-pentanol",CCC(CC)(C(C)(C)C)O,alcohol/phenol,False,447.15
1256,"2,4-Octanediol",CCCCC(CC(C)O)O,alcohol/phenol,True,566.12
1257,"2,3,4,5-Tetramethylheptane",CCC(C)C(C)C(C)C(C)C,alkane,False,452.15
1258,2-Methyl-3-hexyn-2-ol,CCC#CC(C)(C)O,alcohol/phenol,False,419.15
1259,"1,20-Eicosanediol",C(CCCCCCCCCCO)CCCCCCCCCO,alcohol/phenol,True,841.56
1260,3-Methyl-4-octanol,CCCCC(C(C)CC)O,alcohol/phenol,False,453.15
1261,"3,3-Dimethylpentan-1-ol",CCC(C)(C)CCO,alcohol/phenol,False,440.15
1262,"3-Ethyl-2,4,5-trimethylhexane",CCC(C(C)C)C(C)C(C)C,alkane,False,450.15
1263,Methylnonylamine,CCCCCCCCCNC,amine,False,480.15
1264,"3-Tert-butoxy-1,2-propanediol",CC(C)(C)OCC(CO)O,alcohol/phenol,True,562.87
1265,Dihydrofarnesol,CC(CC/C=C(\C)/CCC=C(C)C)CCO,alcohol/phenol,False,642.62
1266,Phytol,C[C@@H](CCC[C@@H](C)CCC/C(=C/CO)/C)CCCC(C)C,alcohol/phenol,False,752.1
1267,cis-3-Hexen-1-ol,CC/C=C\CCO,alcohol/phenol,False,430.15
1268,beta-Farnesene,CC(=CCC/C(=C/CCC(=C)C=C)/C)C,alkene/alkyne,False,544.12
1269,beta-Ocimene,CC(=CCC=C(C)C=C)C,alkene/alkyne,False,346.15
1270,trans-3-Hexen-1-ol,CC/C=C/CCO,alcohol/phenol,False,426.15
1271,Nerolidol,CC(=CCCC(=CCCC(C)(C=C)O)C)C,alcohol/phenol,False,395.15
1272,cis-2-Butene,C/C=C\C,alkene/alkyne,False,276.87
1273,"(4R)-2-Methylpentane-2,4-diol",C[C@H](CC(C)(C)O)O,alcohol/phenol,True,470.15
1274,3-Hepten-1-ol,CCC/C=C/CCO,alcohol/phenol,False,442.65
1275,"3,7-Dimethylocta-1,3,7-triene",CC(=C)CC/C=C(\C)/C=C,alkene/alkyne,False,354.15
1276,"(2Z,4Z)-2,4-Hexadiene",C/C=C\C=C/C,alkene/alkyne,False,355.55
1277,"cis-4,4-Dimethyl-2-pentene",C/C=C\C(C)(C)C,alkene/alkyne,False,349.89151
1278,cis-4-Methyl-2-pentene,C/C=C\C(C)C,alkene/alkyne,False,329.55
1279,cis-2-PENTENE,CC/C=C\C,alkene/alkyne,False,310.05
1280,trans-2-Pentene,CC/C=C/C,alkene/alkyne,False,309.45
1281,(2E)-2-Pentadecene,CCCCCCCCCCCC/C=C/C,alkene/alkyne,False,546.96
1282,"(E,E,Z)-Undeca-1,3,5,8-tetraene",CC/C=C\C/C=C/C=C/C=C,alkene/alkyne,False,460.44
1283,(E)-3-Methyl-3-hexene,CC/C=C(\C)/CC,alkene/alkyne,False,367.15
1284,"2,6-Dimethyl-3,7-octadiene-2,6-diol",CC(C)(/C=C/CC(C)(C=C)O)O,alcohol/phenol,True,607.14
1285,"cis-2,6-Dimethyl-2,6-octadiene",C/C=C(/C)\CCC=C(C)C,alkene/alkyne,False,441.15
1286,(E)-3-Decenol,CCCCCC/C=C/CCO,alcohol/phenol,False,524.74
1287,(E)-2-Methyl-3-hexene,CC/C=C/C(C)C,alkene/alkyne,False,361.15
1288,4-Methyl-2-heptene,CCCC(C)/C=C/C,alkene/alkyne,False,387.15
1289,"trans-2,2-Dimethyl-3-heptene",CCC/C=C/C(C)(C)C,alkene/alkyne,False,406.45
1290,3-Methyl-2-hexene,CCC/C(=C/C)/C,alkene/alkyne,False,367.65
1291,"3,4-Dimethyl-2-hexene",CCC(C)/C(=C/C)/C,alkene/alkyne,False,389.15
1292,"(Z,Z)-Heptadeca-1,8,11-triene",CCCCC/C=C\C/C=C\CCCCCC=C,alkene/alkyne,False,593.56
1293,3-Tetradecene,CCCCCCCCCC/C=C/CC,alkene/alkyne,False,524.08
1294,7-Pentadecene,CCCCCCC/C=C/CCCCCC,alkene/alkyne,False,546.96
1295,trans-6-Tetradecene,CCCCCCC/C=C/CCCCC,alkene/alkyne,False,524.08
1296,Oleylamine,CCCCCCCC/C=C\CCCCCCCCN,amine,True,612.15
1297,cis-2-Octene,CCCCC/C=C\C,alkene/alkyne,False,398.75
1298,(Z)-3-Methyl-2-hexene,CCC/C(=C\C)/C,alkene/alkyne,False,370.15
1299,4-Methyl-2-hexene,CCC(C)/C=C/C,alkene/alkyne,False,360.5
1300,5-Methyl-2-hexene,C/C=C/CC(C)C,alkene/alkyne,False,360.15
1301,trans-4-Octene,CCC/C=C/CCC,alkene/alkyne,False,395.55
1302,(E)-2-Methylhept-3-ene,CCC/C=C/C(C)C,alkene/alkyne,False,387.13
1303,cis-3-Heptene,CCC/C=C\CC,alkene/alkyne,False,369.15
1304,trans-3-Heptene,CCC/C=C/CC,alkene/alkyne,False,369.15
1305,"cis-2,2-Dimethyl-3-hexene",CC/C=C\C(C)(C)C,alkene/alkyne,False,378.55
1306,"2,3-Dimethyl-3-hexene",CC/C=C(\C)/C(C)C,alkene/alkyne,False,386.24
1307,(E)-4-Undecene,CCCCCC/C=C/CCC,alkene/alkyne,False,466.15
1308,3-Octen-2-OL,CCCC/C=C/C(C)O,alcohol/phenol,False,478.54
1309,2-Ethylhex-2-enol,CCC/C=C(\CC)/CO,alcohol/phenol,False,478.86
1310,cis-3-Tridecene,CCCCCCCCC/C=C\CC,alkene/alkyne,False,501.2
1311,cis-4-Tridecene,CCCCCCCC/C=C\CCC,alkene/alkyne,False,501.2
1312,cis-2-Tridecene,CCCCCCCCCC/C=C\C,alkene/alkyne,False,501.2
1313,cis-3-Decene,CCCCCC/C=C\CC,alkene/alkyne,False,432.56
1314,cis-7-Dodecen-1-ol,CCCC/C=C\CCCCCCO,alcohol/phenol,False,570.5
1315,"1,6-Octadiene",C/C=C/CCCC=C,alkene/alkyne,False,383.48
1316,"(Z,E)-alpha-Farnesene",CC(=CCC/C(=C/C/C=C(/C)\C=C)/C)C,alkene/alkyne,False,551.6
1317,11-Tricosene,CCCCCCCCCCC/C=C/CCCCCCCCCC,alkene/alkyne,True,730.0
1318,"3,5-Hexadien-2-ol",CC(/C=C/C=C)O,alcohol/phenol,False,429.46
1319,"1,4-Octadiene",CCC/C=C/CC=C,alkene/alkyne,False,392.15
1320,"2,6-Octadiene",CC=CCCC=CC,alkene/alkyne,False,397.65
1321,"1,5-Heptadiene",C/C=C/CCC=C,alkene/alkyne,False,367.15337
1322,"3-Methyl-1,5-heptadiene",C/C=C/CC(C)C=C,alkene/alkyne,False,384.12498
1323,6-Tridecene,CCCCCC/C=C\CCCCC,alkene/alkyne,False,501.2
1324,trans-2-Tridecene,CCCCCCCCCC/C=C/C,alkene/alkyne,False,510.65
1325,4-Dodecene,CCCCCCC/C=C/CCC,alkene/alkyne,False,478.32
1326,5-Dodecene,CCCCCC/C=C/CCCC,alkene/alkyne,False,478.32
1327,trans-3-Nonene,CCCCC/C=C/CC,alkene/alkyne,False,409.68
1328,cis-4-Octene,CCC/C=C\CCC,alkene/alkyne,False,395.75
1329,2-Octene,CCCCCC=CC,alkene/alkyne,False,397.15
1330,cis-5-Decene,CCCC/C=C\CCCC,alkene/alkyne,False,444.45
1331,cis-2-Decene,CCCCCCC/C=C\C,alkene/alkyne,False,447.35
1332,cis-3-Nonene,CCCCC/C=C\CC,alkene/alkyne,False,409.68
1333,Trans-4-NONENE,CCCC/C=C/CCC,alkene/alkyne,False,418.15
1334,cis-4-Nonene,CCCC/C=C\CCC,alkene/alkyne,False,418.15
1335,trans-4-Decene,CCCCC/C=C/CCC,alkene/alkyne,False,432.56
1336,cis-2-Dodecene,CCCCCCCCC/C=C\C,alkene/alkyne,False,478.32
1337,trans-2-Nonene,CCCCCC/C=C/C,alkene/alkyne,False,420.15
1338,9-Octadecene,CCCCCCCC/C=C/CCCCCCCC,alkene/alkyne,True,615.6
1339,(Z)-Pent-3-en-1-ol,C/C=C\CCO,alcohol/phenol,False,413.65
1340,trans-6-Dodecene,CCCCC/C=C/CCCCC,alkene/alkyne,False,478.32
1341,cis-6-Dodecene,CCCCC/C=C\CCCCC,alkene/alkyne,False,478.32
1342,7-Tetradecene,CCCCCC/C=C/CCCCCC,alkene/alkyne,False,524.08
1343,"2,6-Dimethyl-3-heptene",CC(C)C/C=C/C(C)C,alkene/alkyne,False,387.4
1344,(Z)-9-Tetradecen-1-ol,CCCC/C=C\CCCCCCCCO,alcohol/phenol,False,616.26
1345,3-Methyl-3-heptene,CCC/C=C(\C)/CC,alkene/alkyne,False,394.15
1346,"3,5-Dimethyl-3-heptene",CCC(C)/C=C(\C)/CC,alkene/alkyne,False,409.12
1347,5-Methyl-2-heptene,CCC(C)C/C=C/C,alkene/alkyne,False,386.36
1348,cis-2-Penten-1-ol,CC/C=C\CO,alcohol/phenol,False,411.15
1349,2-Penten-1-OL,CC/C=C/CO,alcohol/phenol,False,411.15
1350,2-Decen-1-ol,CCCCCCC/C=C/CO,alcohol/phenol,False,524.74
1351,trans-2-Undecen-1-ol,CCCCCCCC/C=C/CO,alcohol/phenol,False,547.62
1352,"3,5,5-Trimethyl-2-hexene",C/C=C(\C)/CC(C)(C)C,alkene/alkyne,False,434.35
1353,"1,4-Hexadiene",C/C=C/CC=C,alkene/alkyne,False,338.15
1354,"cis-3-Methyl-1,3-Pentadiene",C/C=C(/C)\C=C,alkene/alkyne,False,350.15
1355,"cis,cis-2,7-Nonadiene",C/C=C\CCC/C=C\C,alkene/alkyne,False,424.2
1356,"2,4-Nonadiene",CCCC/C=C/C=C/C,alkene/alkyne,False,413.84
1357,"4-Methyl-1,5-Heptadiene",C/C=C/C(C)CC=C,alkene/alkyne,False,388.97729
1358,"3,7,11-Trimethyldodeca-6,10-dien-1-yn-3-ol",CC(=CCC/C(=C/CCC(C)(C#C)O)/C)C,alcohol/phenol,False,629.95
1359,trans-2-Methyl-3-octene,CCCC/C=C/C(C)C,alkene/alkyne,False,409.24
1360,2-Octen-4-ol,CCCCC(/C=C/C)O,alcohol/phenol,False,448.15
1361,3-Penten-2-OL,CC=CC(C)O,alcohol/phenol,False,391.65
1362,"3,7,11,15-Tetramethyl-2-hexadecen-1-OL",CC(C)CCCC(C)CCCC(C)CCC/C(=C/CO)/C,alcohol/phenol,False,752.1
1363,Hotrienol,CC(=C)/C=C/CC(C)(C=C)O,alcohol/phenol,False,514.75
1364,"1,3,5-Heptatriene",C/C=C/C=C/C=C,alkene/alkyne,False,386.65
1365,"Hepta-2,4-dien-1-ol",CC/C=C/C=C/CO,alcohol/phenol,False,460.26
1366,"2-Methyl-1,3,5-hexatriene",CC(=C)/C=C/C=C,alkene/alkyne,False,357.16
1367,"1,3,5-Undecatriene",CCCCC/C=C/C=C/C=C,alkene/alkyne,False,456.28
1368,"3-Methyl-1,4-heptadiene",CC/C=C/C(C)C=C,alkene/alkyne,False,378.25
1369,"3-Methyl-2,4-hexadiene",C/C=C/C(=C/C)/C,alkene/alkyne,False,381.0
1370,Elaidyl alcohol,CCCCCCCC/C=C/CCCCCCCCO,alcohol/phenol,True,606.15
1371,"(E,E,E)-2,4,6-Octatriene",C/C=C/C=C/C=C/C,alkene/alkyne,False,420.65
1372,"2,6-Dimethyl-2,4,6-octatriene",C/C=C(\C)/C=C/C=C(C)C,alkene/alkyne,False,461.15
1373,"(2Z)-3,4,4-Trimethyl-2-pentene",C/C=C(/C)\C(C)(C)C,alkene/alkyne,False,385.45
1374,"(E,Z)-2,6-Dimethylocta-2,4,6-triene",C/C=C(/C)\C=C\C=C(C)C,alkene/alkyne,False,440.64
1375,L-Iditol,C([C@@H]([C@H]([C@@H]([C@H](CO)O)O)O)O)O,alcohol/phenol,True,888.2
1376,"1,3-Heptadiene",CCC/C=C/C=C,alkene/alkyne,False,360.6
1377,"cis-2,5-Dimethyl-3-hexene",CC(C)/C=C\C(C)C,alkene/alkyne,False,371.8
1378,5-Methyl-3-heptene,CC/C=C/C(C)CC,alkene/alkyne,False,385.15
1379,"7-Methyl-2,4-octadiene",C/C=C/C=C/CC(C)C,alkene/alkyne,False,422.0
1380,"5,5-Dimethyl-2-hexene",C/C=C/CC(C)(C)C,alkene/alkyne,False,383.57
1381,trans-4-Tridecene,CCCCCCCC/C=C/CCC,alkene/alkyne,False,501.2
1382,2-Methyloct-4-ene,CCC/C=C/CC(C)C,alkene/alkyne,False,412.15
1383,"(E)-2,2,5,5-Tetramethylhex-3-ene",CC(C)(C)/C=C/C(C)(C)C,alkene/alkyne,False,398.25
1384,Dec-4-en-1-ol,CCCCC/C=C/CCCO,alcohol/phenol,False,524.74
1385,cis-2-Methyl-7-octadecene,CCCCCCCCCC/C=C\CCCCC(C)C,alkene/alkyne,True,638.04
1386,"Butene-1,4-diol",C(CO)C=CO,alcohol/phenol,True,479.64
1387,"(E)-2,6,10-Trimethylundeca-5,9-dienol",CC(CC/C=C(\C)/CCC=C(C)C)CO,alcohol/phenol,False,619.74
1388,(Z)-Dodec-5-enol,CCCCCC/C=C\CCCCO,alcohol/phenol,False,570.5
1389,7-Methyl-2-octanol,CC(C)CCCCC(C)O,alcohol/phenol,False,496.82
1390,"2,7-Dimethylnonane",CCC(C)CCCCC(C)C,alkane,False,453.15
1391,"2,8-Dimethylnonane",CC(C)CCCCCC(C)C,alkane,False,456.15
1392,1-Tritriacontene,CCCCCCCCCCCCCCCCCCCCCCCCCCCCCCCC=C,alkene/alkyne,True,746.15
1393,2-Methyl-2-buten-1-OL,C/C=C(\C)/CO,alcohol/phenol,False,410.15
1394,Ethyl linalool,CC/C(=C/CCC(C)(C=C)O)/C,alcohol/phenol,False,540.95
1395,Linolenyl alcohol,CC/C=C\C/C=C\C/C=C\CCCCCCCCO,alcohol/phenol,False,716.1
1396,"N,N-Dimethylicosylamine",CCCCCCCCCCCCCCCCCCCCN(C)C,amine,True,652.15
1397,"(R*,S*)-Pentane-2,4-diol",C[C@H](C[C@H](C)O)O,alcohol/phenol,True,491.15
1398,(3R)-oct-1-en-3-ol,CCCCC[C@H](C=C)O,alcohol/phenol,False,471.06
1399,"(r)-Butane-1,2,4-triol",C(CO)[C@H](CO)O,alcohol/phenol,True,567.22
1400,"(S)-3,3-dimethyl-2-butanol",C[C@@H](C(C)(C)C)O,alcohol/phenol,False,393.15
1401,4-Methyl-hept-1-en-4-ol,CCC[C@](C)(CC=C)O,alcohol/phenol,False,468.27
1402,(R)-(-)-2-Pentanol,CCC[C@@H](C)O,alcohol/phenol,False,393.42017
1403,"2-Propylpropane-1,3-diol",CCCC(CO)CO,alcohol/phenol,True,520.8
1404,1-O-Hexadecyl-sn-glycerol,CCCCCCCCCCCCCCCCOC[C@H](CO)O,alcohol/phenol,True,840.66
1405,1-O-Octadecyl-sn-glycerol,CCCCCCCCCCCCCCCCCCOC[C@H](CO)O,alcohol/phenol,True,886.42
1406,12-Methyltridecan-1-ol,CC(C)CCCCCCCCCCCO,alcohol/phenol,False,611.66
1407,"2,2-Dimethylbutane-1,4-diol",CC(C)(CCO)CO,alcohol/phenol,True,518.01
1408,"2,3,4,5,6-Pentamethylheptane",CC(C)C(C)C(C)C(C)C(C)C,alkane,False,468.15
1409,"4-Methylpentane-1,4-diol",CC(C)(CCCO)O,alcohol/phenol,True,491.65
1410,"2,6-Dimethyl-1-octanol",CCC(C)CCCC(C)CO,alcohol/phenol,False,519.7
1411,7-Methylnonan-1-ol,CCC(C)CCCCCCO,alcohol/phenol,False,520.14
1412,"2,4-Dimethyltridecane",CCCCCCCCCC(C)CC(C)C,alkane,False,524.15
1413,"5-Methylhexane-1,5-diol",CC(C)(CCCCO)O,alcohol/phenol,True,540.89
1414,"3-(Hexyloxy)propane-1,2-diol",CCCCCCOCC(CO)O,alcohol/phenol,True,611.86
1415,"2,2-Dimethyl-4-heptanol",CCC[C@@H](CC(C)(C)C)O,alcohol/phenol,False,447.15
1416,"3,5-Dimethyl-3-octanol",CCCC(C)CC(C)(CC)O,alcohol/phenol,False,516.91
1417,"4,6-Dimethyl-4-octanol",CCCC(C)(CC(C)CC)O,alcohol/phenol,False,516.91
1418,"N,N-Diethylheptylamine",CCCCCCCN(CC)CC,amine,False,471.15
1419,N-Ethyloctylamine,CCCCCCCCNCC,amine,False,475.15
1420,"1,3-Nonadiene",CCCCC/C=C\C=C,alkene/alkyne,False,406.36
1421,"5,5-Dimethyldecane",CCCCCC(C)(C)CCCC,alkane,False,470.15
1422,"3,4,5-Trimethyloctane",CCCC(C)C(C)C(C)CC,alkane,False,454.15
1423,6-Methyl-4-octanol,CCCC(CC(C)CC)O,alcohol/phenol,False,496.82
1424,"3-Ethyl-2,2,3,4-tetramethylpentane",CCC(C)(C(C)C)C(C)(C)C,alkane,False,459.15
1425,"3,3-Diethyl-2,2-dimethylpentane",CCC(CC)(CC)C(C)(C)C,alkane,False,462.15
1426,"2,2,3,3,4,4-Hexamethylpentane",CC(C)(C)C(C)(C)C(C)(C)C,alkane,False,467.15
1427,"Trideca-1,12-diyne",C#CCCCCCCCCCC#C,alkene/alkyne,False,477.28
1428,(S)-(+)-5-Methyl-1-heptanol,CC[C@H](C)CCCCO,alcohol/phenol,False,456.27755
1429,"2,7-Dimethyloctan-2-ol",CC(C)CCCCC(C)(C)O,alcohol/phenol,False,516.91
1430,(R)-3-Methyl-1-hexanol,CCC[C@@H](C)CCO,alcohol/phenol,False,445.35
1431,5-Methyloctan-2-OL,CCCC(C)CCC(C)O,alcohol/phenol,False,496.82
1432,"3,4-Dimethylnonane",CCCCCC(C)C(C)CC,alkane,False,458.15
1433,(S)-(+)-4-Methyl-1-hexanol,CC[C@H](C)CCCO,alcohol/phenol,False,445.15
1434,"1,2,3-Pentatriene",CC=C=C=C,alkane,False,317.22
1435,Octadec-7-yne,CCCCCCCCCCC#CCCCCCC,alkene/alkyne,False,620.44
1436,"2,7-Nonadiene",C/C=C/CCC/C=C/C,alkene/alkyne,False,424.65
1437,1-Tetratriacontene,CCCCCCCCCCCCCCCCCCCCCCCCCCCCCCCCC=C,alkene/alkyne,True,974.2
1438,1-Pentatriacontene,CCCCCCCCCCCCCCCCCCCCCCCCCCCCCCCCCC=C,alkene/alkyne,True,762.15
1439,1-Nonatriacontene,CCCCCCCCCCCCCCCCCCCCCCCCCCCCCCCCCCCCCC=C,alkene/alkyne,True,790.15
1440,2-Hexadecyne,CCCCCCCCCCCCCC#CC,alkene/alkyne,False,569.15
1441,"4-Methylhepta-1,6-diene",CC(CC=C)CC=C,alkene/alkyne,False,382.4
1442,4-Tert-butylheptane,CCCC(CCC)C(C)(C)C,alkane,False,447.15
1443,6-Methyloctan-3-ol,CCC(C)CCC(CC)O,alcohol/phenol,False,496.82
1444,4-Methylnonan-1-ol,CCCCCC(C)CCCO,alcohol/phenol,False,489.15
1445,"2,3,4-Trimethyloctane",CCCCC(C)C(C)C(C)C,alkane,False,453.15
1446,4-Ethyl-4-methyloctane,CCCCC(C)(CC)CCC,alkane,False,453.15
1447,"2,4,7-Trimethyloctane",CC(C)CCC(C)CC(C)C,alkane,False,443.15
1448,4-Methyl-3-octanol,CCCCC(C)C(CC)O,alcohol/phenol,False,496.82
1449,3-Methyloctan-1-OL,CCCCCC(C)CCO,alcohol/phenol,False,497.26
1450,"4-Ethyl-3,5-dimethylheptane",CCC(C)C(CC)C(C)CC,alkane,False,454.15
1451,2-Methyltritriacontane,CCCCCCCCCCCCCCCCCCCCCCCCCCCCCCCC(C)C,alkane,True,977.08
1452,"2,2,3,4-Tetramethylhexan-3-ol",CCC(C)C(C)(C(C)(C)C)O,alcohol/phenol,False,464.89743
1453,"2,4-Dimethylpentan-2-amine",CC(C)CC(C)(C)N,amine,False,394.75
1454,"2,3-Dihydrofarnesol",CC(CC/C=C(/C)\CCC=C(C)C)CCO,alcohol/phenol,False,642.62
1455,"6,6-Dimethylheptan-1-ol",CC(C)(C)CCCCCO,alcohol/phenol,False,494.47
1456,"3,3-Dimethyldecane",CCCCCCCC(C)(C)CC,alkane,False,476.15
1457,"4-Ethyl-2,4-dimethyloctane",CCCCC(C)(CC)CC(C)C,alkane,False,464.15
1458,"2,11-Dimethyldodecane",CC(C)CCCCCCCCC(C)C,alkane,False,519.04
1459,"3-Ethyl-2,6-dimethyloctane",CCC(C)CCC(CC)C(C)C,alkane,False,470.15
1460,"4-Ethyl-2,6-dimethyloctane",CCC(C)CC(CC)CC(C)C,alkane,False,463.15
1461,4-Isopropyloctane,CCCCC(CCC)C(C)C,alkane,False,451.15
1462,"3-Ethyl-2,2,5-trimethylhexane",CCC(CC(C)C)C(C)(C)C,alkane,False,443.15
1463,4-Tert-butyl-2-methylheptane,CCCC(CC(C)C)C(C)(C)C,alkane,False,458.15
1464,8-Methylnon-4-yne,CCCC#CCCC(C)C,alkene/alkyne,False,436.96
1465,"2,2,4,5-Tetramethylheptane",CCC(C)C(C)CC(C)(C)C,alkane,False,442.15
1466,"3,3,5-Trimethyloctane",CCCC(C)CC(C)(C)CC,alkane,False,447.15
1467,"2,2,4,4-Tetramethylheptane",CCCC(C)(C)CC(C)(C)C,alkane,False,443.15
1468,"3,4,4,5-Tetramethylheptane",CCC(C)C(C)(C)C(C)CC,alkane,False,458.15
1469,"2,3,5,6-Tetramethylheptane",CC(C)C(C)CC(C)C(C)C,alkane,False,448.15
1470,"2,2,3-Trimethylbutan-1-ol",CC(C)C(C)(C)CO,alcohol/phenol,False,429.73095
1471,"2,4,4,6-Tetramethylheptane",CC(C)CC(C)(C)CC(C)C,alkane,False,437.15
1472,"2,5,8-Trimethylnonane",CC(C)CCC(C)CCC(C)C,alkane,False,463.0
1473,4-Methyl-4-propylheptane,CCCC(C)(CCC)CCC,alkane,False,451.15
1474,"3,4,6-Trimethyloctane",CCC(C)CC(C)C(C)CC,alkane,False,452.15
1475,"2,2,3,5,5-Pentamethylhexane",CC(CC(C)(C)C)C(C)(C)C,alkane,False,438.275
1476,"2,4,5,7-Tetramethyloctane",CC(C)CC(C)C(C)CC(C)C,alkane,False,459.4
1477,2-Pentadecyne,CCCCCCCCCCCCC#CC,alkene/alkyne,False,553.15
1478,5-Ethyl-5-methylnonane,CCCCC(C)(CC)CCCC,alkane,False,471.15
1479,"5,5-Dimethylnonane",CCCCC(C)(C)CCCC,alkane,False,450.15
1480,6-Methyl-2-nonanol,CCCC(C)CCCC(C)O,alcohol/phenol,False,519.7
1481,"4,4-Dimethyldecane",CCCCCCC(C)(C)CCC,alkane,False,472.15
1482,"3,3-Diethyloctane",CCCCCC(CC)(CC)CC,alkane,False,478.0
1483,"4-Ethyl-2,2-dimethyloctane",CCCCC(CC)CC(C)(C)C,alkane,False,460.15
1484,"2,2-Dimethyldodecane",CCCCCCCCCCC(C)(C)C,alkane,False,513.15
1485,"4-Ethyl-2,2-dimethylheptane",CCCC(CC)CC(C)(C)C,alkane,False,441.15
1486,"2,2,7-Trimethyloctane",CC(C)CCCCC(C)(C)C,alkane,False,443.15
1487,"2,2,4-Trimethylnonane",CCCCCC(C)CC(C)(C)C,alkane,False,464.15
1488,"3-Ethyl-2,5-dimethylheptane",CCC(C)CC(CC)C(C)C,alkane,False,449.15
1489,"3,3-Diethylheptane",CCCCC(CC)(CC)CC,alkane,False,459.9
1490,"3,3,4-Trimethyloctane",CCCCC(C)C(C)(C)CC,alkane,False,455.15
1491,"3-Ethyl-3,4-dimethyloctane",CCCCC(C)C(C)(CC)CC,alkane,False,473.15
1492,"4,4-Diethyloctane",CCCCC(CC)(CC)CCC,alkane,False,473.15
1493,"3,6-Dimethylnonane",CCCC(C)CCC(C)CC,alkane,False,455.15
1494,"2,2,3,3-Tetramethylheptane",CCCCC(C)(C)C(C)(C)C,alkane,False,452.8
1495,"3,3,4,5-Tetramethylheptane",CCC(C)C(C)C(C)(C)CC,alkane,False,454.15
1496,4-Methyl-octane,CCCC[C@@H](C)CCC,alkane,False,415.15
1497,"2,2,6,6-Tetramethyloctane",CCC(C)(C)CCCC(C)(C)C,alkane,False,455.9
1498,"2,5-Dimethyl-3-isopropylhexane",CC(C)CC(C(C)C)C(C)C,alkane,False,443.15
1499,"3-Ethyl-2,2-dimethylheptane",CCCCC(CC)C(C)(C)C,alkane,False,449.15
1500,"2,2,3,3,4-Pentamethylhexane",CCC(C)C(C)(C)C(C)(C)C,alkane,False,457.15
1501,"2,3,4-Trimethylhexan-3-ol",CCC(C)C(C)(C(C)C)O,alcohol/phenol,False,452.15
1502,"2,3,3,4,5-Pentamethylhexane",CC(C)C(C)C(C)(C)C(C)C,alkane,False,454.15
1503,"2,2,5-Trimethyloctane",CCCC(C)CCC(C)(C)C,alkane,False,444.15
1504,2-Methyl-4-isopropylheptane,CCCC(CC(C)C)C(C)C,alkane,False,445.15
1505,4-Ethyl-5-methyloctane,CCCC(C)C(CC)CCC,alkane,False,453.15
1506,"2,4,4,7-Tetramethyloctane",CC(C)CCC(C)(C)CC(C)C,alkane,False,457.0
1507,3-Ethyl-5-methyloctane,CCCC(C)CC(CC)CC,alkane,False,453.15
1508,"2,3-Dimethyltridecane",CCCCCCCCCCC(C)C(C)C,alkane,False,538.15
1509,"3,4-Diethyloctane",CCCCC(CC)C(CC)CC,alkane,False,472.15
1510,"2,3,5-Trimethylhexan-3-ol",CC(C)CC(C)(C(C)C)O,alcohol/phenol,False,493.59
1511,"3,3-Dimethyl-1-hexanol",CCCC(C)(C)CCO,alcohol/phenol,False,471.59
1512,4-Tert-butyloctane,CCCCC(CCC)C(C)(C)C,alkane,False,464.15
1513,3-Ethyl-6-methyloctane,CCC(C)CCC(CC)CC,alkane,False,455.15
1514,"2,3,4,6-Tetramethylheptane",CC(C)CC(C)C(C)C(C)C,alkane,False,446.7
1515,"3,5-Diethyloctane",CCCC(CC)CC(CC)CC,alkane,False,470.15
1516,"2,3,3,6-Tetramethylheptane",CC(C)CCC(C)(C)C(C)C,alkane,False,448.15
1517,"3,5-Diethylheptane",CCC(CC)CC(CC)CC,alkane,False,452.15
1518,"3,5,5-Trimethyloctane",CCCC(C)(C)CC(C)CC,alkane,False,443.15
1519,4-Isopropyl-4-heptanol,CCCC(CCC)(C(C)C)O,alcohol/phenol,False,462.15
1520,3-Pentadecyne,CCCCCCCCCCCC#CCC,alkene/alkyne,False,544.15
1521,"3,4-Diethyl-3-methylhexane",CCC(CC)C(C)(CC)CC,alkane,False,459.15
1522,5-Ethyl-1-heptanol,CCC(CC)CCCCO,alcohol/phenol,False,497.26
1523,"N,N-dimethylpentan-3-amine",CCC(CC)N(C)C,amine,False,389.65
1524,"4-Ethyl-2,5-dimethylheptane",CCC(C)C(CC)CC(C)C,alkane,False,448.15
1525,"2,2,3,3,5,5-Hexamethylhexane",CC(C)(C)CC(C)(C)C(C)(C)C,alkane,False,468.15
1526,"2,5,5-Trimethylhexan-3-ol",CC(C)C(CC(C)(C)C)O,alcohol/phenol,False,493.59
1527,"3,4,4-Trimethylpentan-2-ol",CC(C(C)O)C(C)(C)C,alcohol/phenol,False,432.40963
1528,"N,N,2-Trimethylbutan-2-amine",CCC(C)(C)N(C)C,amine,False,391.15
1529,"3,5,5-Trimethylhexan-3-ol",CCC(C)(CC(C)(C)C)O,alcohol/phenol,False,491.24
1530,"2,3,4-Trimethylhexan-2-ol",CCC(C)C(C)C(C)(C)O,alcohol/phenol,False,493.59
1531,"4,6-Dimethylnonane",CCCC(C)CC(C)CCC,alkane,False,452.15
1532,"2,3,3,4,4-Pentamethylhexane",CCC(C)(C)C(C)(C)C(C)C,alkane,False,460.15
1533,"3,3-Diethyl-2,2,4-trimethylpentane",CCC(CC)(C(C)C)C(C)(C)C,alkane,False,479.15
1534,"3,3-Diethyl-2,4-dimethylhexane",CCC(C)C(CC)(CC)C(C)C,alkane,False,473.15
1535,"3,3-Diethyl-2,4-dimethylpentane",CCC(CC)(C(C)C)C(C)C,alkane,False,462.15
1536,"3,3-Diethyl-2-methylheptane",CCCCC(CC)(CC)C(C)C,alkane,False,476.15
1537,"3,3-Diethyl-2-methylhexane",CCCC(CC)(CC)C(C)C,alkane,False,459.15
1538,"3-Ethyl-2,4,4-trimethylhexane",CCC(C(C)C)C(C)(C)CC,alkane,False,451.15
1539,3-Methyl-4-isopropylheptane,CCCC(C(C)C)C(C)CC,alkane,False,450.15
1540,2-Ethyl-4-methylhexan-1-ol,CCC(C)CC(CC)CO,alcohol/phenol,False,468.15
1541,"2,2,3,3,5-Pentamethylhexane",CC(C)CC(C)(C)C(C)(C)C,alkane,False,446.17573
1542,"4-Ethyl-2,2,4-trimethylhexane",CCC(C)(CC)CC(C)(C)C,alkane,False,451.15
1543,"3,3,6-Trimethyloctane",CCC(C)CCC(C)(C)CC,alkane,False,450.15
1544,"2,4,5-Trimethyloctane",CCCC(C)C(C)CC(C)C,alkane,False,449.15
1545,"3,3-Dimethylnon-4-yne",CCCCC#CC(C)(C)CC,alkene/alkyne,False,457.05
1546,4-Methyl-2-(2-methylpropyl)pentan-1-ol,CC(C)CC(CC(C)C)CO,alcohol/phenol,False,477.15
1547,"2,4-Dimethyl-4-propylheptane",CCCC(C)(CCC)CC(C)C,alkane,False,462.15
1548,"2,4-Dimethyltetradecane",CCCCCCCCCCC(C)CC(C)C,alkane,False,521.0
1549,"2,5-Dimethyl-4-octanol",CCCC(C)C(CC(C)C)O,alcohol/phenol,False,519.26
1550,"2,5-Dimethyl-4-propylheptane",CCCC(CC(C)C)C(C)CC,alkane,False,463.15
1551,"2,6,6-Trimethylnonane",CCCC(C)(C)CCCC(C)C,alkane,False,463.15
1552,"2,6-Dimethyl-4-propylheptane",CCCC(CC(C)C)CC(C)C,alkane,False,457.75
1553,"2,5,5-Trimethylnonane",CCCCC(C)(C)CCC(C)C,alkane,False,463.15
1554,"2,5,5-Trimethyloctane",CCCC(C)(C)CCC(C)C,alkane,False,445.15
1555,2-Methyl-4-propylheptane,CCCC(CCC)CC(C)C,alkane,False,447.15
1556,2-Methyl-5-propyloctane,CCCC(CCC)CCC(C)C,alkane,False,462.0
1557,"3,3,4,4-Tetramethylheptane",CCCC(C)(C)C(C)(C)CC,alkane,False,457.15
1558,"3,4-Dimethyl-4-propylheptane",CCCC(C)(CCC)C(C)CC,alkane,False,471.15
1559,"3,5-Dimethyl-4-propylheptane",CCCC(C(C)CC)C(C)CC,alkane,False,469.15
1560,"3,3-Dimethyl-4-propylheptane",CCCC(CCC)C(C)(C)CC,alkane,False,469.15
1561,"3,4,4-Trimethyloctane",CCCCC(C)(C)C(C)CC,alkane,False,454.15
1562,"3,4,5,5-Tetramethylhexan-3-ol",CCC(C)(C(C)C(C)(C)C)O,alcohol/phenol,False,467.8
1563,3-Methyl-4-propylheptane,CCCC(CCC)C(C)CC,alkane,False,452.15
1564,"4,4,5-Trimethyloctane",CCCC(C)C(C)(C)CCC,alkane,False,453.15
1565,"4,4-Dimethylnonane",CCCCCC(C)(C)CCC,alkane,False,451.15
1566,"2,2,3,3,6-Pentamethylheptane",CC(C)CCC(C)(C)C(C)(C)C,alkane,False,466.15
1567,"2,2,3,4,4-Pentamethylhexane",CCC(C)(C)C(C)C(C)(C)C,alkane,False,459.15
1568,"2,2,3,4,5-Pentamethylhexane",CC(C)C(C)C(C)C(C)(C)C,alkane,False,447.15
1569,"2,2,3,4-Tetramethylheptane",CCCC(C)C(C)C(C)(C)C,alkane,False,449.15
1570,"2,2,5,5,6-Pentamethylheptane",CC(C)C(C)(C)CCC(C)(C)C,alkane,False,459.15
1571,"2,2,5,5-Tetramethyloctane",CCCC(C)(C)CCC(C)(C)C,alkane,False,457.15
1572,"2,2,5,6-Tetramethylheptane",CC(C)C(C)CCC(C)(C)C,alkane,False,442.15
1573,"2,2,5-Trimethylheptan-4-ol",CCC(C)C(CC(C)(C)C)O,alcohol/phenol,False,516.47
1574,"2,3-Dimethyl-4-propylheptane",CCCC(CCC)C(C)C(C)C,alkane,False,467.15
1575,"2,3-Dimethyltetradecane",CCCCCCCCCCCC(C)C(C)C,alkane,False,555.15
1576,"2,4,4,5,5-Pentamethylheptane",CCC(C)(C)C(C)(C)CC(C)C,alkane,False,469.15
1577,"2,4,4-Trimethylhexan-2-ol",CCC(C)(C)CC(C)(C)O,alcohol/phenol,False,491.24
1578,"2,4,4-Trimethyloctane",CCCCC(C)(C)CC(C)C,alkane,False,444.15
1579,5-Methyl-4-nonanol,CCCCC(C)C(CCC)O,alcohol/phenol,False,519.7
1580,"5,5-Dimethyl-3-hexanol",CC[C@@H](CC(C)(C)C)O,alcohol/phenol,False,426.15
1581,"3,5-Dimethyl-2,4-heptadiene",CC/C(=C/C(=C/C)/C)/C,alkene/alkyne,False,413.15
1582,"2,2,4,4-Tetramethyl-3-hexanol",CCC(C)(C)[C@@H](C(C)(C)C)O,alcohol/phenol,False,460.65
1583,"3,3-Dimethyl-2-ethyl-1-butanol",CC[C@@H](CO)C(C)(C)C,alcohol/phenol,False,471.15
1584,"3,3,4-Trimethyl-2-pentanol",C[C@@H](C(C)(C)C(C)C)O,alcohol/phenol,False,437.9
1585,(2R)-2-methylpentadecan-1-ol,CCCCCCCCCCCCC[C@@H](C)CO,alcohol/phenol,False,657.42
